,return,true_state,price,viterbi,prob_1,smooth_1,prob_2,smooth_2,signal,ret_strategy,equity_strat,equity_bh
2018-01-02,0.003780284918067396,1,2710.2067692787823,1,1.0,1.0,1.768425432780672e-26,5.539778155700911e-26,0,,100.0,100.37802849180675
2018-01-03,-2.958580702710795e-05,1,2710.126585624303,1,0.9935091954697554,0.9994842924041317,0.006490804530244637,0.0005157075958683247,0,-0.0,100.0,100.37505872682604
2018-01-04,-0.0006049202483400159,1,2708.4871751770943,1,0.9916198066042822,0.9992517075221009,0.008380193395717807,0.0007482924778989905,0,-0.0,100.0,100.31433982137385
2018-01-05,-0.0006048217416950832,1,2706.849023246445,1,0.9910923027430244,0.9988952461173176,0.008907697256975579,0.0011047538826822756,0,-0.0,100.0,100.2536675276461
2018-01-08,0.01027527689304435,1,2734.662646467969,1,0.9735806432881596,0.9977542324860043,0.02641935671184031,0.0022457675139958316,0,0.0,100.0,101.28380172103589
2018-01-09,0.005404608374917453,1,2749.4424271096436,1,0.9820669795391412,0.9985412401184491,0.017933020460858807,0.001458759881550773,0,0.0,100.0,101.83120100406087
2018-01-10,-0.002016846315609713,1,2743.8972242805467,1,0.987615966170386,0.9989186001169318,0.01238403382961395,0.0010813998830681271,0,-0.0,100.0,101.62582312150172
2018-01-11,0.004055360261515788,1,2755.0247160455774,1,0.9887156853722893,0.998837091300459,0.01128431462771077,0.0011629086995410467,0,0.0,100.0,102.0379524461325
2018-01-12,0.0022517736293962047,1,2761.2284080495033,1,0.9901693672670017,0.9983243180084747,0.009830632732998322,0.0016756819915253042,0,0.0,100.0,102.26771881664827
2018-01-15,-0.010679681467946787,1,2731.7393681912886,1,0.9587784224811787,0.9961483483643987,0.04122157751882126,0.003851651635601301,0,-0.0,100.0,101.17553215523291
2018-01-16,-0.005276986722006542,1,2717.324015817361,1,0.972877434847304,0.99762422122122,0.027122565152695954,0.0023757787787800477,0,-0.0,100.0,100.64163021545782
2018-01-17,0.002685483995571643,1,2724.621345972621,1,0.9853577198572809,0.9983926571825198,0.014642280142719073,0.0016073428174801585,0,0.0,100.0,100.91190170268966
2018-01-18,0.009593892613529324,1,2750.7610705784123,1,0.9732197381475014,0.9979167580550382,0.02678026185249861,0.0020832419449617547,0,0.0,100.0,101.8800396510523
2018-01-19,-0.0005546578029192139,1,2749.235339486649,1,0.9859047258499365,0.9988917165447458,0.014095274150063486,0.0011082834552541391,0,-0.0,100.0,101.82353109209812
2018-01-22,-0.0024662963471510963,1,2742.4549104114144,1,0.9884209606513504,0.9991114914830753,0.01157903934864958,0.0008885085169245728,0,-0.0,100.0,101.57240408931165
2018-01-23,0.0014655355382591966,1,2746.4740755446956,1,0.9903051648254722,0.999231646311269,0.009694835174527832,0.0007683536887309053,0,0.0,100.0,101.72126205721095
2018-01-24,-0.00280383213951283,1,2738.7734232613448,1,0.9895083943948377,0.999185462940479,0.010491605605162253,0.0008145370595210385,0,-0.0,100.0,101.43605271338313
2018-01-25,-0.0009501624987596607,1,2736.1711434619624,1,0.9903888266675681,0.9992225146066287,0.009611173332431812,0.0007774853933712304,0,-0.0,100.0,101.33967198007268
2018-01-26,0.0007190166515723966,1,2738.1384960756636,1,0.9909209519539571,0.9991331268790988,0.00907904804604283,0.0008668731209010813,0,0.0,100.0,101.41253689169125
2018-01-29,-0.005546265573735402,1,2722.9520527987597,1,0.985910259032294,0.9986713766819186,0.014089740967706082,0.0013286233180813047,0,-0.0,100.0,100.85007602958369
2018-01-30,0.005735269472619134,1,2738.568916582582,1,0.9860095411731233,0.99852490954535,0.013990458826876688,0.0014750904546500113,0,0.0,100.0,101.42847839194748
2018-01-31,-0.006525061899826133,1,2720.699584884941,1,0.9810862096863878,0.9981125973776402,0.018913790313612153,0.001887402622359718,0,-0.0,100.0,100.76665129203487
2018-02-01,-0.007169116293390582,1,2701.1945731615215,1,0.976036134340927,0.9981176238892255,0.02396386565907298,0.001882376110774543,0,-0.0,100.0,100.04424345042673
2018-02-02,0.0019811674152147413,1,2706.546091832024,1,0.9866652494607105,0.9989101256580496,0.013334750539289513,0.001089874341950408,0,0.0,100.0,100.24244784563052
2018-02-05,0.005230799479972463,1,2720.703491721701,1,0.9870577690356903,0.9990137857747958,0.012942230964309633,0.000986214225204251,0,0.0,100.0,100.76679598969262
2018-02-06,0.0018282096871398228,1,2725.677508201102,1,0.9898402952407815,0.9992242579625731,0.010159704759218385,0.000775742037426859,0,0.0,100.0,100.95101882226302
2018-02-07,0.00010611030567055687,1,2725.9667306746564,1,0.990737113745782,0.9992724652683238,0.009262886254218016,0.0007275347316762365,0,0.0,100.0,100.961730765728
2018-02-08,-0.0010066221735357326,1,2723.2227121192386,1,0.9907167222190963,0.9992183904651493,0.00928327778090359,0.000781609534850703,0,-0.0,100.0,100.86010044886069
2018-02-09,-0.001963832625758725,1,2717.874758509972,1,0.9902476589299211,0.999032933019611,0.009752341070078885,0.0009670669803889761,0,-0.0,100.0,100.66202809296192
2018-02-12,0.007142733357313495,1,2737.287813208581,1,0.9850041227156237,0.9985233829891887,0.014995877284376392,0.0014766170108112989,0,0.0,100.0,101.38103011883635
2018-02-13,0.00274450381636877,1,2744.800310058432,1,0.9888771620744312,0.9983318797131423,0.011122837925568767,0.0016681202868576613,0,0.0,100.0,101.65927074290488
2018-02-14,-0.0015104936824978992,1,2740.6543065303704,1,0.9899609434276958,0.9967114120130043,0.010039056572304245,0.0032885879869956752,0,-0.0,100.0,101.50571505668037
2018-02-15,-0.013684596005507256,2,2703.1495595547485,1,0.9017050483386422,0.9908657390205464,0.09829495166135796,0.009134260979453492,0,-0.0,100.0,100.11665035387958
2018-02-16,0.004470057733045207,1,2715.232794147014,1,0.9586139463975604,0.9960006299813668,0.04138605360243961,0.0039993700186330885,0,0.0,100.0,100.5641775610005
2018-02-19,0.006985997134975706,1,2734.201402667717,1,0.971239147366685,0.9974132978981481,0.02876085263331489,0.0025867021018517755,0,0.0,100.0,101.26671861732287
2018-02-20,0.006387680714697192,1,2751.666608237636,1,0.9787969853905535,0.9982242504648289,0.02120301460944655,0.0017757495351711124,0,0.0,100.0,101.9135780828754
2018-02-21,-0.004235305139335831,1,2740.012460510028,1,0.9836957465043191,0.9987352780979891,0.016304253495680952,0.0012647219020108923,0,-0.0,100.0,101.4819429818529
2018-02-22,-0.0010552742551072874,1,2737.1209959017788,1,0.9886870286748083,0.9991066079264874,0.011312971325191762,0.0008933920735126708,0,-0.0,100.0,101.37485170006588
2018-02-23,-0.0020750454270717397,1,2731.4413454958913,1,0.9895690313662425,0.9991592364842722,0.010430968633757504,0.0008407635157277913,0,-0.0,100.0,101.1644942776256
2018-02-26,-0.00031395385998290277,1,2730.5837989421557,1,0.990591036284414,0.9991233597889885,0.009408963715585996,0.000876640211011606,0,-0.0,100.0,101.13273329415391
2018-02-27,0.0056751549343651885,1,2746.0802850624195,1,0.987841544495418,0.998734623112209,0.012158455504582092,0.0012653768877910548,0,0.0,100.0,101.70667722453406
2018-02-28,0.008937440171424938,1,2770.6232133160943,1,0.9780494523720002,0.9982483603147906,0.021950547627999816,0.0017516396852093055,0,0.0,100.0,102.61567456726274
2018-03-01,0.0029698161502858048,1,2778.851454881357,1,0.986686747469969,0.9988946193066206,0.01331325253003102,0.001105380693379297,0,0.0,100.0,102.92042425486507
2018-03-02,-0.0030707185276307456,1,2770.318384233319,1,0.9880935989154065,0.9989667698314795,0.011906401084593411,0.0010332301685205213,0,-0.0,100.0,102.60438460123405
2018-03-05,0.0005850437653402909,1,2771.9391417320226,1,0.9902889767017715,0.998870587985101,0.00971102329822841,0.0011294120148989473,0,0.0,100.0,102.66441265674158
2018-03-06,0.010187861934884038,1,2800.1792749998895,1,0.9734591452623708,0.9979569229335445,0.02654085473762922,0.0020430770664555662,0,0.0,100.0,103.71034351851442
2018-03-07,0.0013222824094290273,1,2803.881902798469,1,0.9861427789062942,0.9989366223685953,0.013857221093705838,0.0010633776314047997,0,0.0,100.0,103.8474778814248
2018-03-08,-0.0009940441027952046,1,2801.094720528058,1,0.989414123525709,0.99918690613244,0.01058587647429094,0.0008130938675601076,0,-0.0,100.0,103.74424890844661
2018-03-09,-0.0005180313270250716,1,2799.64366571286,1,0.9904986547362681,0.9992487133174525,0.009501345263732018,0.0007512866825476359,0,-0.0,100.0,103.69050613751334
2018-03-12,0.0029426754290704784,1,2807.882108338106,1,0.9903736121594148,0.9991957978455336,0.009626387840585258,0.0008042021544664885,0,0.0,100.0,103.99563364215207
2018-03-13,-0.004050961617359125,1,2796.507485691159,1,0.9881872362946729,0.9990452224213136,0.011812763705327082,0.0009547775786864598,0,-0.0,100.0,103.57435132189478
2018-03-14,-0.0022105422615072193,1,2790.3256877094177,1,0.9893231122662072,0.99908297971516,0.010676887733792842,0.0009170202848400623,0,-0.0,100.0,103.34539584108956
2018-03-15,0.006292412706212445,1,2807.8835685212316,1,0.9863531257362154,0.9989373306511016,0.013646874263784612,0.0010626693488983488,0,0.0,100.0,103.99568772300857
2018-03-16,0.002772506657958107,1,2815.6684444097273,1,0.9892548373333332,0.9991491576371218,0.01074516266666676,0.0008508423628781728,0,0.0,100.0,104.28401645961954
2018-03-19,0.0013824652960882423,1,2819.5610083194147,1,0.9905508501255305,0.9991644366581773,0.009449149874469643,0.0008355633418227147,0,0.0,100.0,104.42818549331166
2018-03-20,0.006611869943197336,1,2838.2035790033333,1,0.9862545322084076,0.9988892130269776,0.013745467791592329,0.0011107869730222681,0,0.0,100.0,105.11865107419753
2018-03-21,-0.0034123185632641147,1,2828.518724244378,1,0.9875673786374631,0.9990379656296254,0.012432621362536877,0.0009620343703746735,0,-0.0,100.0,104.75995274979178
2018-03-22,-0.0011659728795866092,1,2825.220748122506,1,0.9897479445443421,0.9991917526026314,0.01025205545565783,0.0008082473973687057,0,-0.0,100.0,104.63780548601873
2018-03-23,0.002576721662387456,1,2832.50055562522,1,0.9903321269823779,0.999187038184218,0.009667873017622064,0.0008129618157819786,0,0.0,100.0,104.90742798611925
2018-03-26,0.002366331633079336,1,2839.20319129071,1,0.9905854422754742,0.9990259884989126,0.009414557724525801,0.0009740115010874303,0,0.0,100.0,105.15567375150778
2018-03-27,-0.007692224452302485,1,2817.3634030776084,1,0.9794421030454047,0.9983963890092598,0.02055789695459534,0.0016036109907402961,0,-0.0,100.0,104.3467927065781
2018-03-28,-0.0017238719365921542,1,2812.506629371861,1,0.9870501203002034,0.999003375979548,0.01294987969979658,0.0009966240204519765,0,-0.0,100.0,104.16691219895782
2018-03-29,-0.00016771426999605482,1,2812.034931875657,1,0.989920552334228,0.9991965320875492,0.010079447665771922,0.0008034679124508874,0,-0.0,100.0,104.14944192132063
2018-03-30,0.0032243051408872305,1,2821.1017905628582,1,0.9900447020920311,0.9991614634832391,0.009955297907968917,0.0008385365167608335,0,0.0,100.0,104.48525150232808
2018-04-02,0.0023453023443365862,1,2827.7181272058774,1,0.9905117131009232,0.9990134892434057,0.009488286899076718,0.0009865107565942158,0,0.0,100.0,104.73030100762509
2018-04-03,0.00035332450540299676,1,2828.7172293145913,1,0.9909451394760261,0.9983760815506416,0.009054860523973838,0.0016239184493584953,0,0.0,100.0,104.7673047894293
2018-04-04,-0.010712627291794249,1,2798.4142359230673,1,0.9593615622570505,0.9959461506547074,0.04063843774294951,0.004053849345292687,0,-0.0,100.0,103.64497170085434
2018-04-05,0.0006409167473046988,1,2800.2077864727657,1,0.9822113477434901,0.9972422531326591,0.01778865225650988,0.002757746867340948,0,0.0,100.0,103.71139949899133
2018-04-06,0.0011613812596461587,1,2803.459895319091,1,0.9886274541919257,0.9958957209778945,0.011372545808074286,0.004104279022105551,0,0.0,100.0,103.83184797478116
2018-04-09,0.015579452674911717,1,2847.1362660842283,1,0.8780491203887448,0.9893528107794923,0.12195087961125506,0.010647189220507577,0,0.0,100.0,105.4494913364529
2018-04-10,-0.0003541657886867352,1,2846.127907823052,1,0.9570038831694807,0.9962469652752245,0.04299611683051923,0.0037530347247756073,0,-0.0,100.0,105.4121447341871
2018-04-11,0.002609284054001675,1,2853.5542639885834,1,0.9806896250130364,0.9979708780136162,0.01931037498696364,0.0020291219863838306,0,0.0,100.0,105.68719496254013
2018-04-12,0.007656936887090124,1,2875.403748891831,1,0.9790512809539023,0.9978759960681112,0.020948719046097696,0.0021240039318887313,0,0.0,100.0,106.49643514414188
2018-04-13,0.005311598196120646,1,2890.676738257563,1,0.9842214456297529,0.997962592510262,0.015778554370247087,0.002037407489737987,0,0.0,100.0,107.06210141694679
2018-04-16,0.009216765865616596,1,2917.319428947267,1,0.9744692746112892,0.9971014187548899,0.025530725388710925,0.002898581245110025,0,0.0,100.0,108.04886773878768
2018-04-17,-0.007611106376753685,1,2895.1154004385794,1,0.9698957170934661,0.9971761641211484,0.03010428290653392,0.0028238358788515326,0,-0.0,100.0,107.22649631253998
2018-04-18,-0.00514321795078413,1,2880.2251909414517,1,0.9780305444759442,0.9979775564963709,0.021969455524055815,0.0020224435036290934,0,-0.0,100.0,106.67500707190563
2018-04-19,-0.0025977863776166315,1,2872.7429811759557,1,0.9858278873412378,0.9983404361357403,0.014172112658762155,0.0016595638642597477,0,-0.0,100.0,106.39788819170207
2018-04-20,-0.008503980586396795,1,2848.3132306343277,1,0.9722534989081234,0.9976661868039401,0.027746501091876652,0.0023338131960598933,0,-0.0,100.0,105.49308261608621
2018-04-23,0.001211377848836164,1,2851.7636141884645,1,0.9858242958555851,0.9985518253630551,0.014175704144414929,0.0014481746369448872,0,0.0,100.0,105.62087459957277
2018-04-24,-0.004716545405402819,1,2838.313141616669,1,0.9854529573670939,0.9982267069400501,0.014547042632906066,0.0017732930599498502,0,-0.0,100.0,105.12270894876552
2018-04-25,0.010099606430105237,1,2866.978987272393,1,0.9702349483868021,0.9974622045598848,0.0297650516131979,0.0025377954401152977,0,0.0,100.0,106.18440693601457
2018-04-26,-0.0038995197540174224,1,2855.7991460771714,1,0.9812340232310932,0.9984404832619205,0.01876597676890683,0.0015595167380796117,0,-0.0,100.0,105.77033874359894
2018-04-27,-0.0011323690972340535,1,2852.565327376246,1,0.9879407984012828,0.998825078921643,0.012059201598717175,0.0011749210783571068,0,-0.0,100.0,105.65056768060171
2018-04-30,0.005681103304218019,1,2868.771045683101,1,0.9868527080460957,0.9984884988373468,0.01314729195390425,0.0015115011626531116,0,0.0,100.0,106.25077946974449
2018-05-01,-0.006585185898603731,1,2849.879655046746,1,0.9813215096226118,0.9978046836282819,0.018678490377388304,0.0021953163717179933,0,-0.0,100.0,105.55109833506467
2018-05-02,-0.008844899407367365,1,2824.672756174755,1,0.9665888020915934,0.9973832391248767,0.033411197908406694,0.0026167608751233515,0,-0.0,100.0,104.61750948795387
2018-05-03,0.0019078031511938253,1,2830.0616757600765,1,0.9839813766018566,0.9987374105897082,0.016018623398143392,0.0012625894102917315,0,0.0,100.0,104.81709910222506
2018-05-04,0.002359296765490541,1,2836.738631117836,1,0.9887745934245729,0.9990631589373618,0.011225406575427144,0.0009368410626382367,0,0.0,100.0,105.06439374510504
2018-05-07,0.0054909372306638626,1,2852.314984881103,1,0.9874427838267935,0.9990057663898394,0.012557216173206568,0.0009942336101604924,0,0.0,100.0,105.64129573633716
2018-05-08,0.003931649393701386,1,2863.5292873620565,1,0.9887712339802397,0.9991246752903468,0.011228766019760245,0.0008753247096531337,0,0.0,100.0,106.05664027266877
2018-05-09,0.0025819080393991163,1,2870.922656650152,1,0.9900490681948084,0.9991963260526835,0.009950931805191528,0.0008036739473165697,0,0.0,100.0,106.33046876482044
2018-05-10,-0.003280148329470945,1,2861.5056044939006,1,0.9889765574041036,0.9991293423019583,0.011023442595896368,0.0008706576980417261,0,-0.0,100.0,105.98168905532965
2018-05-11,0.0021935221829660215,1,2867.7823805140397,1,0.9902644497255298,0.999165194073215,0.009735550274470166,0.0008348059267850024,0,0.0,100.0,106.21416224126072
2018-05-14,0.0025584348397920875,1,2875.1194148692884,1,0.9904883057043402,0.9989691099589897,0.009511694295659859,0.001030890041010234,0,0.0,100.0,106.48590425441809
2018-05-15,-0.003486108508158207,1,2865.0964366151416,1,0.9889047862695991,0.998229660764156,0.011095213730400878,0.0017703392358440883,0,-0.0,100.0,106.11468283759784
2018-05-16,0.011994647066868539,1,2899.462257184883,1,0.957277126084774,0.9963831278642671,0.042722873915226015,0.0036168721357328747,0,0.0,100.0,107.38749100684753
2018-05-17,0.0036429975254707253,1,2910.0249910130033,1,0.9795850008194734,0.998150586331143,0.020414999180526503,0.00184941366885707,0,0.0,100.0,107.77870337085199
2018-05-18,-0.005048090021363929,1,2895.3349228939505,1,0.9822768304082266,0.9984568909793747,0.017723169591773447,0.0015431090206252619,0,-0.0,100.0,107.23462677385002
2018-05-21,0.005522507622454713,1,2911.3244320751924,1,0.9850270957611468,0.9986888611819651,0.014972904238853202,0.0013111388180348249,0,0.0,100.0,107.82683081759971
2018-05-22,0.0065802567754659315,1,2930.481694394935,1,0.9840203747185249,0.9987503920101799,0.015979625281475097,0.0012496079898200783,0,0.0,100.0,108.53635905166425
2018-05-23,0.0032766855616189897,1,2940.083961451548,1,0.9882471979057322,0.9990883888432625,0.011752802094267791,0.0009116111567374967,0,0.0,100.0,108.89199857227956
2018-05-24,-0.000672328696017223,1,2938.1072586355644,1,0.9901268422585184,0.9991990206141551,0.009873157741481526,0.0008009793858448454,0,-0.0,100.0,108.81878735687276
2018-05-25,-0.003722416986144938,1,2927.1703982689037,1,0.988512528605287,0.999119087157634,0.011487471394712906,0.0008809128423661198,0,-0.0,100.0,108.41371845440383
2018-05-28,0.0003373897435153748,1,2928.1579955388015,1,0.9903933320412105,0.9992351849257599,0.009606667958789545,0.0007648150742399781,0,0.0,100.0,108.45029613106672
2018-05-29,0.0028469118488998633,1,2936.4942032317513,1,0.9903917756999747,0.9991755698570977,0.009608224300025297,0.000824430142902346,0,0.0,100.0,108.75904456413895
2018-05-30,0.0008780113512674422,1,2939.0724784751196,1,0.9909169538998048,0.9989709056902739,0.009083046100195169,0.00102909430972616,0,0.0,100.0,108.85453623981924
2018-05-31,0.009521204462943902,1,2967.055988474092,1,0.9774299839026284,0.9980915183291057,0.022570016097371547,0.0019084816708942315,0,0.0,100.0,109.89096253607748
2018-06-01,0.004554004086590038,1,2980.567973570745,1,0.9848411629610634,0.9986634773025809,0.015158837038936614,0.0013365226974191824,0,0.0,100.0,110.3914064285461
2018-06-04,-0.004342945338497695,1,2967.6235297838502,1,0.9857392494977432,0.9987217226302263,0.01426075050225685,0.0012782773697736453,0,-0.0,100.0,109.91198258458705
2018-06-05,-0.005625354988366674,1,2950.929593956986,1,0.9834802736102366,0.9986939515501311,0.01651972638976335,0.0013060484498688201,0,-0.0,100.0,109.29368866507356
2018-06-06,0.003694834491459112,1,2961.8327904026064,1,0.9877468823406579,0.999042969247632,0.012253117659342153,0.0009570307523679348,0,0.0,100.0,109.69751075565209
2018-06-07,-0.0005407767119551054,1,2960.231100204852,1,0.9900254280586898,0.9991695369657076,0.009974571941310293,0.0008304630342923874,0,-0.0,100.0,109.63818889647598
2018-06-08,0.005084002964552552,1,2975.2809238940536,1,0.9884231502019565,0.9990454361920513,0.011576849798043522,0.0009545638079486536,0,0.0,100.0,110.19558977385384
2018-06-11,0.003639425747441269,1,2986.1092378943445,1,0.9893116836404354,0.9990316142900707,0.01068831635956459,0.0009683857099292496,0,0.0,100.0,110.59663844053127
2018-06-12,0.00036302652405876336,1,2987.193274751437,1,0.9906154205824076,0.9987762315156146,0.009384579417592446,0.0012237684843854819,0,0.0,100.0,110.63678795375694
2018-06-13,-0.00428076230841043,1,2974.405810372944,1,0.98796170477814,0.9975131706356228,0.012038295221859906,0.0024868293643772322,0,-0.0,100.0,110.16317816196089
2018-06-14,-0.008289083348115187,1,2949.7507126996443,1,0.9749716288831893,0.9946220548032783,0.025028371116810753,0.005377945196721688,0,-0.0,100.0,109.25002639628312
2018-06-15,0.002084562464781224,1,2955.8996523157994,1,0.9863146877250836,0.9923213142605419,0.013685312274916483,0.00767868573945807,0,0.0,100.0,109.47776490058516
2018-06-18,-0.0066744326722719275,1,2936.1706991004253,1,0.9807559866835656,0.9812466330441139,0.019244013316434418,0.018753366955886225,0,-0.0,100.0,108.74706292964538
2018-06-19,-0.0045031446172067975,1,2922.948697821571,1,0.9839150632415091,0.9609299139850275,0.016084936758490796,0.03907008601497238,0,-0.0,100.0,108.2573591785767
2018-06-20,0.0017223506356731674,1,2927.983040369304,1,0.9889876726220144,0.9064657926294756,0.01101232737798556,0.0935342073705244,0,0.0,100.0,108.44381630997421
2018-06-21,0.0016552179611499975,3,2932.829490487665,1,0.9904236695261716,0.7094814008150174,0.009576330473828413,0.2905185991849826,0,0.0,100.0,108.62331446250613
2018-06-22,-0.02837425744576558,3,2849.612631480035,2,0.004498083897386131,0.00010674912643118017,0.9955019161026138,0.9998932508735687,1,-0.0,100.0,105.54120857333461
2018-06-25,0.027276281079381924,3,2927.3394665836413,2,4.406286009289781e-05,1.0431069031763222e-06,0.9999559371399072,0.9999989568930968,1,0.027276281079381924,102.72762810793819,108.41998024383857
2018-06-26,0.026545051300872573,3,3005.0458428991724,2,6.44660905532784e-05,3.1833289867853736e-06,0.9999355339094467,0.9999968166710131,1,0.026545051300872573,105.45453826608036,111.29799418145083
2018-06-27,0.013075881680216495,3,3044.3394667845487,2,0.03015615144806407,0.001398770889691669,0.969843848551936,0.9986012291103084,1,0.013075881680216495,106.8334493310895,112.75331358461291
2018-06-28,0.013044648772805222,3,3084.0518058739426,2,0.04698939052304592,0.0018271929948371186,0.953010609476954,0.998172807005163,1,0.013044648772805222,108.22705415480085,114.22414095829416
2018-06-29,0.0130761921576512,3,3124.3794599117014,2,0.055940980342179696,0.0013972924000303605,0.9440590196578204,0.9986027075999696,1,0.0130761921576512,109.64225191158555,115.71775777450746
2018-07-02,0.09651828726636805,3,3425.939214152599,2,6.688074728759887e-49,1.5969642499614532e-50,1.0,1.0,1,0.09651828726636805,120.22473427811946,126.88663756120737
2018-07-03,0.02405004408733006,3,3508.3332032934823,2,0.0002807391529831589,1.4041971218743244e-05,0.9997192608470168,0.9999859580287813,1,0.02405004408733006,123.11614443789578,129.9382667886475
2018-07-04,0.01648478128264495,3,3566.1673088164166,2,0.009759272728730943,0.0014385547509588863,0.9902407272712691,0.9985614452490411,1,0.01648478128264495,125.14568715131702,132.0802706969043
2018-07-05,-0.0191206303634393,3,3497.9799418903567,2,0.002143772995750352,0.007844615186083807,0.9978562270042497,0.9921553848139161,1,-0.0191206303634393,122.75282272571808,129.5548126626058
2018-07-06,-0.0057204651685002226,3,3477.9698694726603,2,0.11167018113276521,0.20454181143506814,0.8883298188672347,0.795458188564932,1,-0.0057204651685002226,122.05061947898052,128.81369886935778
2018-07-09,0.014687951400041052,1,3529.054121886282,2,0.05813070298744394,0.28965757421263605,0.9418692970125561,0.710342425787364,1,0.014687951400041052,123.84329304623269,130.70570821801044
2018-07-10,-0.010403591155550488,1,3492.3392856363666,2,0.08854295850014067,0.5425891790111097,0.9114570414998593,0.4574108209888903,1,-0.010403591155550488,122.55487805802268,129.34589946801358
2018-07-11,-0.002031591194736601,1,3485.244279894635,1,0.3346998490749933,0.8445323205951835,0.6653001509250067,0.1554676794048164,0,-0.002031591194736601,122.30589664688797,129.08312147757908
2018-07-12,0.007333703581804197,1,3510.804028353561,1,0.5399612761889142,0.9345990421214366,0.46003872381108585,0.06540095787856333,0,0.0,122.30589664688797,130.02977882790967
2018-07-13,-0.0034918222555598093,1,3498.544924712447,1,0.7793889564292156,0.9770767664342624,0.2206110435707844,0.02292323356573749,0,-0.0,122.30589664688797,129.57573795231286
2018-07-16,0.004877586493608055,1,3515.609380184506,1,0.906734633320772,0.9913813319031727,0.09326536667922794,0.008618668096827419,0,0.0,122.30589664688797,130.20775482164836
2018-07-17,0.0010734310394228826,1,3519.3831444156826,1,0.9664840615614553,0.9961883479677959,0.03351593843854476,0.0038116520322040246,0,0.0,122.30589664688797,130.3475238672475
2018-07-18,-0.0031096020856349028,1,3508.4392632496592,1,0.9813784503788604,0.9967337695603367,0.018621549621139617,0.00326623043966332,0,-0.0,122.30589664688797,129.94219493517255
2018-07-19,-0.011350855519945642,1,3468.615476072008,1,0.9382384160838919,0.9949620513215954,0.06176158391610815,0.005037948678404556,0,-0.0,122.30589664688797,128.4672398545188
2018-07-20,0.0019187258886165658,1,3475.270798383603,1,0.9756160833203121,0.9979726120488086,0.024383916679687832,0.0020273879511913243,0,0.0,122.30589664688797,128.71373327346677
2018-07-23,-0.003955124430596204,1,3461.5256699459783,1,0.9830596009978053,0.9986831174560888,0.016940399002194764,0.001316882543911225,0,-0.0,122.30589664688797,128.20465444244365
2018-07-24,0.00011158135119860592,1,3461.9119116574398,1,0.9888577303064991,0.9990871396680171,0.011142269693500854,0.0009128603319828862,0,0.0,122.30589664688797,128.2189596910163
2018-07-25,0.003829923673882743,1,3475.1707700447937,1,0.9892969522316326,0.9990607768719153,0.010703047768367415,0.0009392231280847491,0,0.0,122.30589664688797,128.71002852017753
2018-07-26,0.00599453116502073,1,3496.002789529596,1,0.9868599289500591,0.9988729541763027,0.013140071049940834,0.0011270458236972527,0,0.0,122.30589664688797,129.48158479739246
2018-07-27,-0.0020496718669657374,1,3488.8371309650634,1,0.9890369161263608,0.9988710687728806,0.01096308387363927,0.001128931227119448,0,-0.0,122.30589664688797,129.2161900357431
2018-07-30,-0.003119975395442272,1,3477.952044957747,1,0.9888075021541817,0.9983416779333858,0.011192497845818368,0.0016583220666142727,0,-0.0,122.30589664688797,128.81303870213878
2018-07-31,-0.006765303726010271,1,3454.4226430291096,1,0.9817568528838857,0.9967676070709094,0.018243147116114376,0.0032323929290907056,0,-0.0,122.30589664688797,127.9415793714485
2018-08-01,0.0063071716823286566,1,3476.210279702018,1,0.9832885468753564,0.9949323709221773,0.016711453124643602,0.005067629077822556,0,0.0,122.30589664688797,128.74852887785252
2018-08-02,0.0135329371820758,1,3523.2536150489113,1,0.9248568455578379,0.9900684133043167,0.07514315444216214,0.00993158669568327,0,0.0,122.30589664688797,130.49087463144116
2018-08-03,0.006994791563306881,1,3547.8980397108458,1,0.9556002833597358,0.9927970452500586,0.0443997166402643,0.007202954749941287,0,0.0,122.30589664688797,131.4036311004017
2018-08-06,0.008401466895119737,1,3577.7055876387367,1,0.9620625984629327,0.9928963539666075,0.03793740153706733,0.007103646033392529,0,0.0,122.30589664688797,132.50761435699025
2018-08-07,-0.003446016793712684,1,3565.376754100774,1,0.979260511373107,0.9920238758272403,0.020739488626892916,0.007976124172759728,0,-0.0,122.30589664688797,132.05099089262126
2018-08-08,0.0034629165688773705,1,3577.7233563368395,1,0.9866546810069436,0.9855206214233114,0.013345318993056347,0.01447937857668848,0,0.0,122.30589664688797,132.50827245692
2018-08-09,0.005447804320576021,1,3597.214093095318,1,0.9867394475136517,0.9621810422282476,0.013260552486348314,0.03781895777175224,0,0.0,122.30589664688797,133.23015159612288
2018-08-10,-0.018647604040414437,1,3530.1346690386777,1,0.5308328379343703,0.8975409052678394,0.46916716206562964,0.10245909473216076,0,-0.0,122.30589664688797,130.745728482914
2018-08-13,-0.005346325848005738,1,3511.261418810655,1,0.7315547653194078,0.9388444948406611,0.2684452346805922,0.06115550515933889,0,-0.0,122.30589664688797,130.04671921520946
2018-08-14,0.010594467823589812,1,3548.4613649324574,1,0.7442086297647164,0.9547137879232118,0.25579137023528364,0.045286212076788235,0,0.0,122.30589664688797,131.4244949974984
2018-08-15,-0.0077808482677637954,1,3520.8513254678955,1,0.8111561123439827,0.970560981927795,0.18884388765601726,0.029439018072204934,0,-0.0,122.30589664688797,130.40190094325538
2018-08-16,0.009447639734396693,1,3554.1150603492893,1,0.8505281795352884,0.9810315177872566,0.14947182046471158,0.01896848221274326,0,0.0,122.30589664688797,131.63389112404775
2018-08-17,-0.007815172907076636,1,3526.339036621014,1,0.8862291670036597,0.9890623832419583,0.11377083299634032,0.010937616758041691,0,-0.0,122.30589664688797,130.605149504482
2018-08-20,-0.005089051906287705,1,3508.3933142244814,1,0.9419007453723267,0.9951870530094115,0.05809925462767319,0.004812946990588528,0,-0.0,122.30589664688797,129.94049311942524
2018-08-21,0.0035726208455796244,1,3520.9274733133716,1,0.9747580086778106,0.9979398943399894,0.025241991322189326,0.002060105660010629,0,0.0,122.30589664688797,130.40472123382858
2018-08-22,0.0012188125099401135,1,3525.2188237644377,1,0.986529796582713,0.9987360219765684,0.013470203417287045,0.0012639780234316104,0,0.0,122.30589664688797,130.56366013942363
2018-08-23,-0.0015118815811705614,1,3519.8891103551928,1,0.9892759886283964,0.9985645633103089,0.010724011371603602,0.0014354366896912223,0,-0.0,122.30589664688797,130.3662633464886
2018-08-24,0.010316100896872113,1,3556.2006415634187,1,0.9718672793557733,0.9972982515845897,0.02813272064422675,0.002701748415410275,0,0.0,122.30589664688797,131.7111348727192
2018-08-27,-0.006626892992961094,1,3532.6340804502784,1,0.9734624078059815,0.9979313606132225,0.026537592194018442,0.0020686393867775693,0,-0.0,122.30589664688797,130.83829927593624
2018-08-28,-0.00011071057021349987,1,3532.2429805168763,1,0.9861191113135737,0.998888331338491,0.01388088868642636,0.001111668661509133,0,-0.0,122.30589664688797,130.82381409321763
2018-08-29,0.004329903238907459,1,3547.5372508388245,1,0.9879693857579919,0.9990617437962724,0.012030614242008205,0.0009382562037276478,0,0.0,122.30589664688797,131.3902685495861
2018-08-30,0.002485951206410196,1,3556.356255347332,1,0.9898616410600671,0.9991783173846399,0.010138358939932849,0.0008216826153600994,0,0.0,122.30589664688797,131.7168983461975
2018-08-31,-0.002936197118923563,1,3545.914092356515,1,0.9892497347415701,0.9991153687992126,0.010750265258429979,0.0008846312007874238,0,-0.0,122.30589664688797,131.33015156875982
2018-09-03,-0.002736188541665269,1,3536.21180284728,1,0.989233563671205,0.9990582020212018,0.010766436328795051,0.0009417979787981598,0,-0.0,122.30589664688797,130.97080751286222
2018-09-04,0.0058976125821261485,1,3557.0670100688153,1,0.9869940833599292,0.9988805030618698,0.013005916640070725,0.0011194969381301187,0,0.0,122.30589664688797,131.7432225951413
2018-09-05,0.0061975992525995045,1,3579.1122859118645,1,0.9856036871195923,0.9988638084696986,0.01439631288040772,0.0011361915303014336,0,0.0,122.30589664688797,132.55971429303202
2018-09-06,0.002643797125259656,1,3588.57473268434,1,0.9891048027417899,0.9990939984965459,0.010895197258210037,0.0009060015034540133,0,0.0,122.30589664688797,132.91017528460517
2018-09-07,-0.004173970065532434,1,3573.5961291721896,1,0.9875631965823842,0.9990248150341702,0.012436803417615801,0.0009751849658297965,0,-0.0,122.30589664688797,132.35541219156258
2018-09-10,-0.0025610862411818178,1,3564.4438412942263,1,0.9888554483544443,0.9991547195224191,0.011144551645555825,0.0008452804775809035,0,-0.0,122.30589664688797,132.01643856645282
2018-09-11,0.0006745904362151112,1,3566.848381019989,1,0.990499478155208,0.9992708774897463,0.009500521844792017,0.0007291225102537538,0,0.0,122.30589664688797,132.10549559333293
2018-09-12,0.0015039642998526922,1,3572.21279364803,1,0.9908746252559243,0.9992724484567157,0.009125374744075675,0.0007275515432842338,0,0.0,122.30589664688797,132.30417754251965
2018-09-13,0.004082584287020228,1,3586.796653469271,1,0.9897200897536541,0.9991827615848315,0.010279910246345883,0.0008172384151683441,0,0.0,122.30589664688797,132.8443204988619
2018-09-14,-0.0004131559146033644,1,3585.31474721741,1,0.9906105042410767,0.999164160649196,0.009389495758923382,0.0008358393508041031,0,-0.0,122.30589664688797,132.78943508212632
2018-09-17,0.0057524980939281795,1,3605.9392634669107,1,0.9877358024157111,0.9988716710746732,0.012264197584288858,0.0011283289253266782,0,0.0,122.30589664688797,133.55330605433002
2018-09-18,0.005681057816003832,1,3626.4248129036646,1,0.9867768316617682,0.9986738569055879,0.013223168338231816,0.0013261430944121523,0,0.0,122.30589664688797,134.31203010754314
2018-09-19,0.008632872842925975,1,3657.7312771878933,1,0.9786714649401308,0.9983374637295833,0.021328535059869192,0.0016625362704166097,0,0.0,122.30589664688797,135.4715287847368
2018-09-20,0.0009260230497965544,1,3661.118420660531,1,0.9876649589612537,0.9989905075248442,0.012335041038746332,0.0010094924751557328,0,0.0,122.30589664688797,135.59697854298264
2018-09-21,0.002744998114930653,1,3671.1681838237814,1,0.9896506922237992,0.9990344252704733,0.010349307776200821,0.0009655747295267519,0,0.0,122.30589664688797,135.9691919934734
2018-09-24,1.9141673793892505e-05,1,3671.2384561275985,1,0.9906733199079721,0.998696481044977,0.009326680092027912,0.0013035189550230925,0,0.0,122.30589664688797,135.97179467139253
2018-09-25,-0.004109324099400835,1,3656.1521474651863,1,0.9882171764007727,0.9972105904018261,0.011782823599227336,0.0027894095981737766,0,-0.0,122.30589664688797,135.4130424987106
2018-09-26,0.013354323654112762,1,3704.9775865711154,1,0.9369143749448141,0.993598565361499,0.06308562505518579,0.006401434638501031,0,0.0,122.30589664688797,137.2213920952265
2018-09-27,0.007748665241000407,1,3733.6862176148647,1,0.9564583106154425,0.9962440882945719,0.04354168938455739,0.003755911705428149,0,0.0,122.30589664688797,138.28467472647648
2018-09-28,0.0055499761637776155,1,3754.4080871256524,1,0.9753499769658525,0.9980245880235378,0.02465002303414749,0.00197541197646215,0,0.0,122.30589664688797,139.05215137502415
2018-10-01,0.0007265193629185123,1,3757.1357372972466,1,0.986745107831928,0.9988204332552539,0.013254892168071901,0.0011795667447461646,0,0.0,122.30589664688797,139.15317545545358
2018-10-02,-0.004583526228914989,1,3739.9148070997508,1,0.9860442153334423,0.9987498788232398,0.013955784666557676,0.001250121176760257,0,-0.0,122.30589664688797,138.5153632259167
2018-10-03,0.006650718400506507,1,3764.7879273236554,1,0.9842892741379621,0.9987059220535264,0.0157107258620379,0.0012940779464735333,0,0.0,122.30589664688797,139.43658990087613
2018-10-04,-8.234428901283193e-05,1,3764.4779185384955,1,0.9891679806395272,0.9989312225927138,0.010832019360472843,0.0010687774072862502,0,-0.0,122.30589664688797,139.42510809401836
2018-10-05,0.003277588725653746,1,3776.81632892227,1,0.9897876058493954,0.9984951641531457,0.010212394150604697,0.0015048358468544528,0,0.0,122.30589664688797,139.88208625638038
2018-10-08,-0.0025823473168238484,1,3767.0632774091414,1,0.9895303734744703,0.9968828795203755,0.01046962652552978,0.0031171204796244262,0,-0.0,122.30589664688797,139.5208621262645
2018-10-09,0.0022697994266523366,1,3775.6137554763673,1,0.9903938553934893,0.9917630712354364,0.009606144606510637,0.008236928764563558,0,0.0,122.30589664688797,139.83754649912473
2018-10-10,-0.002241659052226779,1,3767.150116723692,1,0.9899707199532334,0.9734691160493627,0.010029280046766547,0.026530883950637265,0,-0.0,122.30589664688797,139.52407839717378
2018-10-11,-0.0020262298337099366,1,3759.5170047691227,1,0.9899861525277077,0.9133095701541746,0.01001384747229227,0.08669042984582545,0,-0.0,122.30589664688797,139.24137054700455
2018-10-12,0.002192299624145818,1,3767.758992485648,1,0.990550470309516,0.7122710310054056,0.009449529690483958,0.2877289689945943,0,0.0,122.30589664688797,139.5466293513203
2018-10-15,-0.027565518146951833,2,3663.8987636049437,2,0.007835585661849857,0.00019074597257081512,0.9921644143381502,0.9998092540274292,1,-0.0,122.30589664688797,135.6999542075905
2018-10-16,-0.026834347938777994,2,3565.58042936991,2,2.644192830100029e-05,3.400659726212676e-05,0.999973558071699,0.9999659934027378,1,-0.026834347938777994,119.02389766130116,132.05853442110777
2018-10-17,-0.014431995982543846,2,3514.1219869378065,2,0.012720194734309378,0.06849290436052172,0.9872798052656907,0.9315070956394783,1,-0.014431995982543846,117.30614524842655,130.15266618288172
2018-10-18,-0.0053420487308132505,2,3495.3493760375623,1,0.13664416377800404,0.3553864167517333,0.863355836221996,0.6446135832482666,0,-0.0053420487308132505,116.6794901040856,129.4573842976875
2018-10-19,0.013937873217636348,2,3544.067112492118,1,0.08515744381332363,0.47437045824038093,0.9148425561866764,0.5256295417596192,0,0.0,116.6794901040856,131.26174490711549
2018-10-22,-0.004378893539341688,2,3528.548019910233,1,0.2826611585936872,0.7495043902891108,0.7173388414063129,0.25049560971088913,0,-0.0,116.6794901040856,130.686963700379
2018-10-23,-0.0018332364478630188,2,3522.0793570720984,1,0.599715569827994,0.850956839272166,0.400284430172006,0.14904316072783402,0,-0.0,116.6794901040856,130.44738359526292
2018-10-24,-0.00669585550056249,2,3498.4960226356297,1,0.740350837089907,0.8773760115049015,0.25964916291009293,0.1226239884950985,0,-0.0,116.6794901040856,129.5739267642826
2018-10-25,0.0043089340860856095,2,3513.570811397599,1,0.8939976197009576,0.8867613161021187,0.10600238029904242,0.11323868389788118,0,0.0,116.6794901040856,130.13225227398516
2018-10-26,-0.016390156983941813,2,3455.9828342245964,1,0.4420151410448273,0.8708723991485738,0.5579848589551726,0.12912760085142633,0,-0.0,116.6794901040856,127.9993642305406
2018-10-29,-0.0034576826722234368,2,3444.0331422631966,1,0.7113893603601033,0.929019873246572,0.2886106396398968,0.07098012675342798,0,-0.0,116.6794901040856,127.55678304678506
2018-10-30,0.005730810997780946,2,3463.7702452716007,1,0.8640758002187294,0.946420435146627,0.13592419978127052,0.05357956485337303,0,0.0,116.6794901040856,128.28778686191114
2018-10-31,0.0025336646725875015,2,3472.5462775760047,1,0.9510363426042123,0.9475836029057374,0.048963657395787605,0.052416397094262566,0,0.0,116.6794901040856,128.6128250954076
2018-11-01,-0.0012733367859276926,2,3468.1245566599314,1,0.9789074133476035,0.9273035935778402,0.021092586652396578,0.0726964064221599,0,-0.0,116.6794901040856,128.44905765407154
2018-11-02,-0.001058816863339031,2,3464.4524478951794,1,0.98730639361511,0.849714846495319,0.012693606384890059,0.15028515350468102,0,-0.0,116.6794901040856,128.3130536257474
2018-11-05,0.007463969242418095,2,3490.3110144080892,1,0.9828389936694955,0.5748594333291659,0.017161006330504592,0.4251405666708342,0,0.0,116.6794901040856,129.2707783114107
2018-11-06,0.03725728423520801,2,3620.350523941169,2,9.574459938438645e-06,2.6473731712141676e-07,0.9999904255400616,0.9999997352626828,1,0.0,116.6794901040856,134.08705644226552
2018-11-07,-0.01531225613198489,2,3564.914789431016,2,0.00919842234682812,0.00021918087237479482,0.9908015776531718,0.9997808191276252,1,-0.01531225613198489,114.89286386626245,132.03388109003762
2018-11-08,0.037916452797918096,2,3700.083712773077,2,1.3910243292723984e-08,3.7060857572253207e-10,0.9999999860897567,0.9999999996293913,1,0.037916452797918096,119.24919371586522,137.04013751011396
2018-11-09,-0.016049369136392724,2,3640.6997034312276,2,0.0069082916749224794,0.00016424101537728202,0.9930917083250775,0.9998357589846226,1,-0.016049369136392724,117.3353193867021,134.84072975671214
2018-11-12,-0.039730123037576524,2,3496.0542562710366,2,7.297869989244412e-10,6.654101460937734e-11,0.999999999270213,0.999999999933459,1,-0.039730123037576524,112.67357271081508,129.48349097300135
2018-11-13,-0.010963590390253698,2,3457.7249494231783,2,0.0375861803037381,0.003663606543123893,0.9624138196962619,0.9963363934568761,1,-0.010963590390253698,111.43826581180724,128.06388701567326
2018-11-14,0.00465160756398887,2,3473.808928952108,2,0.2185117313185211,0.006559527131431536,0.7814882686814789,0.9934404728685685,1,0.00465160756398887,111.95663289197526,128.65958996118917
2018-11-15,0.03227107510588595,2,3585.912477801818,2,7.649586697432179e-06,2.1721655587858517e-07,0.9999923504133026,0.9999997827834441,1,0.03227107510588595,115.5695938006343,132.81157325191919
2018-11-16,-0.017671464084270443,2,3522.5441542410063,2,0.0035103150967195594,0.00025932447564973863,0.9964896849032804,0.9997406755243503,1,-0.017671464084270443,113.52730987455266,130.46459830522247
2018-11-19,0.007354545087117102,2,3548.4508640447325,2,0.10914936270073101,0.002888199755163427,0.890850637299269,0.9971118002448366,1,0.007354545087117102,114.36225159364417,131.42410607573083
2018-11-20,-0.02526419772637156,2,3458.802099793192,2,0.0002049326307348308,4.84060884160511e-06,0.9997950673692652,0.9999951593911585,1,-0.02526419772637156,111.4729810569493,128.10378147382193
2018-11-21,0.031466257785378364,2,3567.6376582938924,2,2.288950762838001e-06,5.8110487824322606e-08,0.9999977110492372,0.9999999418895121,1,0.031466257785378364,114.98061861499187,132.134728084959
2018-11-22,0.019729922172983163,2,3638.026871633435,2,0.0025199246824629076,9.617849081152808e-05,0.9974800753175371,0.9999038215091884,1,0.019729922172983163,117.24917727166712,134.74173598642352
2018-11-23,-0.01152939130261762,3,3596.082636260935,2,0.03361482116433317,0.0008207157352005957,0.9663851788356669,0.9991792842647994,1,-0.01152939130261762,115.89736562699208,133.18824578744204
2018-11-26,-0.04262836322727194,3,3442.7875194471185,2,5.816645033082648e-11,1.3736853907255144e-12,0.9999999999418335,0.9999999999986262,1,-0.04262836322727194,110.95685062796072,127.51064886841179
2018-11-27,0.03404680935413532,3,3560.003449768531,2,3.136547238716245e-07,3.0914017483054264e-08,0.9999996863452761,0.9999999690859824,1,0.03404680935413532,114.73457736782618,131.8519796210567
2018-11-28,-0.0026634961313154472,3,3550.521394352603,2,0.14709858305033727,0.004064281474979469,0.8529014169496627,0.9959357185250205,1,-0.0026634961313154472,114.42898226487885,131.50079238342974
2018-11-29,0.031145407799336545,3,3661.103831079983,2,1.2026518199904172e-05,1.0806848380125851e-05,0.9999879734818,0.9999891931516198,1,0.031145407799336545,117.99291958158156,135.59643818814752
2018-11-30,0.00033109249295457913,3,3662.3159950743807,2,0.16431288912459052,0.04745813745553426,0.8356871108754095,0.9525418625444657,1,0.00033109249295457913,118.03198615147681,135.641333150903
2018-12-03,0.0013745148441185516,3,3667.3499027734633,2,0.4741301512202892,0.05496018416065381,0.5258698487797109,0.9450398158393462,1,0.0013745148441185516,118.19422286852281,135.82777417679495
2018-12-04,-0.011051636786981092,3,3626.819683677241,2,0.39701868434547466,0.036979923515773845,0.6029813156545254,0.963020076484226,1,-0.011051636786981092,116.8879832470604,134.32665495100892
2018-12-05,0.01577124830868747,3,3684.01915747935,2,0.14197181752127208,0.02384729329726333,0.8580281824787279,0.9761527067027367,1,0.01577124830868747,118.73145265515149,136.44515398071667
2018-12-06,0.003207390792797472,3,3695.8352466055385,2,0.42380386641056655,0.026624378587667738,0.5761961335894334,0.9733756214123322,1,0.003207390792797472,119.11227082321307,136.88278691131623
2018-12-07,0.013060970851468727,3,3744.106443033284,2,0.3089481480751442,0.010446950186734524,0.6910518519248557,0.9895530498132655,1,0.013060970851468727,120.66799272048729,138.67060900123275
2018-12-10,-0.03815285426839056,3,3601.258095546893,2,2.6438432759885705e-08,6.243889413896085e-10,0.9999999735615672,0.9999999993756111,1,-0.03815285426839056,116.06416437936333,133.37992946469973
2018-12-11,0.032141920547462725,3,3717.009447124868,2,1.3775719607888641e-06,3.252983967400593e-08,0.9999986224280393,0.9999999674701604,1,0.032141920547462725,119.79468952925248,137.6670165601803
2018-12-12,0.038978799388063076,3,3861.8940126878833,2,4.541186828609335e-09,4.682430956505905e-10,0.999999995458813,0.9999999995317569,1,0.038978799388063076,124.4641427001685,143.0331115810327
2018-12-13,0.003091865857321467,3,3873.8344709303074,2,0.15494290999316737,0.004310939170816821,0.8450570900068326,0.9956890608291832,1,0.003091865857321467,124.84896913344394,143.47535077519657
2018-12-14,0.051718698122049676,3,4074.1841465071416,2,2.3731500762438355e-14,5.604159156980614e-16,0.9999999999999762,0.9999999999999993,1,0.051718698122049676,131.30599527890564,150.89570912989413
2018-12-17,0.044083521061080114,3,4253.788529136408,2,3.068999266476388e-11,8.633675492528364e-13,0.99999999996931,0.9999999999991366,1,0.044083521061080114,137.09442588722936,157.54772330134844
2018-12-18,0.016334398739628688,3,4323.271607125382,2,0.010270411974954862,0.00024497882484818484,0.9897295880250452,0.9997550211751518,1,0.016334398739628688,139.33378090465183,160.12117063427337
2018-12-19,0.03441578893830872,3,4472.060410279191,2,2.7773258424908247e-07,6.565617239996762e-09,0.9999997222674157,0.9999999934343827,1,0.03441578893830872,144.12906290024287,165.63186704737745
2018-12-20,0.026660612171239696,3,4591.288278483999,2,5.995121878696144e-05,1.415754056462881e-06,0.9999400487812129,0.9999985842459435,1,0.026660612171239696,147.97163194883046,170.0477140179259
2018-12-21,-0.04376848716057786,3,4390.33453641666,2,1.0714983190470183e-11,7.920206860702288e-13,0.999999999989285,0.9999999999992081,1,-0.04376848716057786,141.49513747574832,162.60498283024668
2018-12-24,-0.006535170861113945,3,4361.642950083728,2,0.09577722806439369,0.0027275617699068417,0.9042227719356063,0.9972724382300932,1,-0.006535170861113945,140.57044257632748,161.5423314845825
2018-12-25,0.018138556394899058,3,4440.756856708235,2,0.014726727382781163,0.00035282817176129455,0.9852732726172189,0.9996471718282387,1,0.018138556394899058,143.1201874764541,164.47247617437907
2018-12-26,0.0409153886392823,3,4622.45214935301,2,9.363870897148195e-10,2.2112127471155048e-11,0.9999999990636128,0.9999999999778879,1,0.0409153886392823,148.9760055691802,171.2019314575189
2018-12-27,-0.03430253645537229,3,4463.890315986615,2,8.662525544381387e-08,2.0456615655612052e-09,0.9999999133747445,0.9999999979543384,1,-0.03430253645537229,143.86575070716762,165.3292709624672
2018-12-28,-0.04238456098387887,3,4274.690284663334,2,4.5609091720442554e-11,4.813322029780666e-12,0.9999999999543909,0.9999999999951867,1,-0.04238456098387887,137.76806402282818,158.32186239493828
2018-12-31,-0.0011886924724154695,3,4269.608992500047,2,0.15892243319456215,0.004442008974315284,0.8410775668054379,0.9955579910256848,1,-0.0011886924724154695,137.60430016218498,158.13366638889062
2019-01-01,-0.05148605250099692,3,4049.7836797534605,2,6.364044323797034e-15,1.381135958487319e-15,0.9999999999999936,0.9999999999999987,1,-0.05148605250099692,130.5195979396718,149.99198813901705
2019-01-02,-0.00202800098781971,3,4041.5707144504645,2,0.15292684935789488,0.010486893589383423,0.8470731506421051,0.9895131064106166,1,-0.00202800098781971,130.25490406612033,149.6878042389061
2019-01-03,0.009364956152421208,3,4079.4198469782023,2,0.2551893316607433,0.00815943739399155,0.7448106683392566,0.9918405626060084,1,0.009364956152421208,131.47473553133736,151.08962396215563
2019-01-04,-0.023296994658183884,3,3984.3816245946614,2,0.001480641999944102,0.00015633338126516458,0.9985193580000559,0.9998436666187349,1,-0.023296994658183884,128.41176931997765,147.56968979980226
2019-01-07,-0.0013669774318292968,3,3978.935064834045,2,0.16143917560757945,0.004558168083934433,0.8385608243924205,0.9954418319160655,1,-0.0013669774318292968,128.236233329336,147.3679653642239
2019-01-08,0.024078558012530955,3,4074.7420836207452,2,0.0012514710811903594,4.2070648295918646e-05,0.9987485289188095,0.9999579293517041,1,0.024078558012530955,131.32397691286485,150.916373467435
2019-01-09,-0.01305644045931102,3,4021.5404562189024,2,0.020735919722108906,0.0005527222370192242,0.979264080277891,0.9994472777629807,1,-0.01305644045931102,129.60935322742208,148.94594282292232
2019-01-10,-0.019621820806558606,3,3942.6305100206487,2,0.0019834946492634327,0.000188698548187961,0.9980165053507366,0.999811301451812,1,-0.019621820806558606,127.06618172353966,146.023352222987
2019-01-11,-0.0034265464791820408,2,3929.120903327822,2,0.1431670590177344,0.0040103080361998085,0.8568329409822656,0.9959896919638002,1,-0.0034265464791820408,126.63078354593176,145.52299641954895
2019-01-14,-0.020134361803548734,2,3850.0105614903327,2,0.004500324589717305,0.00010678135772512674,0.9954996754102826,0.9998932186422749,1,-0.020134361803548734,124.08115353455109,142.59298375890123
2019-01-15,0.033865052392495,2,3980.3913708668624,2,3.9279925734148057e-07,5.088476120083003e-07,0.9999996072007427,0.9999994911523881,1,0.033865052392495,128.28316829991988,147.42190262469862
2019-01-16,-0.0008652560645088851,2,3976.9473130941005,2,0.16067599744930708,0.0689695710654884,0.839324002550693,0.9310304289345116,1,-0.0008652560645088851,128.17217051057395,147.29434492941112
2019-01-17,-0.014095059143866539,2,3920.892005503998,2,0.06153644289806923,0.08318906719891592,0.9384635571019307,0.916810932801084,1,-0.014095059143866539,126.36557618662967,145.218222426074
2019-01-18,0.002351638393215996,2,3930.1125256797955,2,0.2956691538721047,0.14949781071611631,0.7043308461278952,0.8505021892838835,1,0.002351638393215996,126.662742327171,145.55972317332575
2019-01-21,-0.003521904894434937,2,3916.2710431399237,2,0.5804507245091459,0.15947055886238817,0.4195492754908542,0.8405294411376119,1,-0.003521904894434937,126.21664819502638,145.04707567184903
2019-01-22,-0.0054774527915980135,2,3894.8198533820223,2,0.7632282850968906,0.13735319246409086,0.2367717149031094,0.8626468075359092,1,-0.0054774527915980135,125.52530246302437,144.25258716229712
2019-01-23,-0.011049020656989494,2,3851.7859083667513,2,0.6819845618710262,0.07298560154830432,0.31801543812897387,0.9270143984516958,1,-0.011049020656989494,124.13837080313557,142.65873734691672
2019-01-24,-0.011864728331604239,2,3806.0855149724784,2,0.537656260068283,0.026731920647895962,0.46234373993171696,0.9732680793521039,1,-0.011864728331604239,122.66550275802841,140.96613018416585
2019-01-25,-0.02877343911957394,2,3696.5713451235256,2,0.00013459485240652566,4.643135019647701e-06,0.9998654051475935,0.9999953568649803,1,-0.02877343911957394,119.13599438234834,136.91004981938983
2019-01-28,0.023103736814001442,2,3781.975956595439,2,0.00047301944762476704,0.0005912353529367325,0.9995269805523752,0.9994087646470633,1,0.023103736814001442,121.88848104163247,140.07318357760886
2019-01-29,0.008878025335003795,2,3815.5524349544685,2,0.08122454521290665,0.06705100182865749,0.9187754547870933,0.9329489981713425,1,0.008878025335003795,122.97061006436523,141.3167568501655
2019-01-30,0.004102502781783649,2,3831.2057494329106,2,0.30965807596656075,0.10512242971431594,0.6903419240334393,0.8948775702856842,1,0.004102502781783649,123.47509733423192,141.89650923825593
2019-01-31,-0.0038025166466537975,2,3816.637525793936,2,0.5875505030388815,0.10732927367069744,0.4124494969611186,0.8926707263293024,1,-0.0038025166466537975,123.00558122117131,141.3569453997754
2019-02-01,-0.018699727930807663,2,3745.2674424510788,2,0.05526089440454066,0.08034230073984305,0.9447391055954593,0.9196576992601568,1,-0.018699727930807663,120.70541031836454,138.71360897966957
2019-02-04,-0.015114313415117459,2,3688.660296502437,2,0.020363644295928726,0.15247794968805412,0.9796363557040714,0.847522050311946,1,-0.015114313415117459,118.88103091591242,136.61704801860878
2019-02-05,-0.007733522257586044,1,3660.1339599987614,1,0.10486014623496248,0.5489396439126297,0.8951398537650376,0.4510603560873704,0,-0.007733522257586044,117.96166181731944,135.56051703699117
2019-02-06,-0.0030794373054551594,1,3648.862806939378,1,0.34434749599496933,0.8019294639747335,0.6556525040050307,0.19807053602526645,0,-0.0,117.96166181731944,135.14306692368066
2019-02-07,-0.0056892880216863695,1,3628.1033754790815,1,0.5621161897332982,0.8830439760142108,0.43788381026670176,0.11695602398578928,0,-0.0,117.96166181731944,134.37419909181781
2019-02-08,0.010922849810435389,1,3667.7326037461735,1,0.5719701146977771,0.9177770565887418,0.42802988530222275,0.08222294341125831,0,0.0,117.96166181731944,135.8419482868953
2019-02-11,0.006089838541696703,1,3690.0685031171047,1,0.7748062636157385,0.9534930685660747,0.22519373638426163,0.0465069314339253,0,0.0,117.96166181731944,136.66920381915202
2019-02-12,0.0012642098458857099,1,3694.733524050738,1,0.9212284136637326,0.9658989759457774,0.07877158633626738,0.034101024054222516,0,0.0,117.96166181731944,136.84198237224956
2019-02-13,-0.004367705207969582,1,3678.5960171956817,1,0.9611293240028015,0.962141271085717,0.038870675997198616,0.03785872891428292,0,-0.0,117.96166181731944,136.2442969331734
2019-02-14,-0.0054234769259587385,1,3658.645236576497,1,0.9733442048981393,0.9433019913557757,0.02665579510186066,0.05669800864422413,0,-0.0,117.96166181731944,135.50537913246285
2019-02-15,-0.00034203206850164905,1,3657.393862578317,1,0.9860182383812042,0.8968905671039221,0.013981761618795838,0.10310943289607792,0,-0.0,117.96166181731944,135.45903194734507
2019-02-18,0.006357065285189849,1,3680.64415413638,1,0.9849020410919986,0.7266919508768718,0.015097958908001318,0.2733080491231282,0,0.0,117.96166181731944,136.32015385690298
2019-02-19,0.012256499842820784,1,3725.755968633032,2,0.9491229018963018,0.3064001656617189,0.05087709810369826,0.6935998343382812,1,0.0,117.96166181731944,137.99096180122342
2019-02-20,-0.026674216328744543,2,3626.3743479376035,2,0.0061115482308575384,0.0009176341437116628,0.9938884517691424,0.9990823658562884,1,-0.026674216328744543,114.81512693150606,134.31016103472606
2019-02-21,0.008633446260430276,2,3657.682455990726,2,0.09281938583631529,0.007587955552645511,0.9071806141636847,0.9924120444473545,1,0.008633446260430276,115.80637715975371,135.4697205922491
2019-02-22,-0.013211566244192884,2,3609.3587419231826,2,0.05363259377978503,0.007947879209735552,0.946367406220215,0.9920521207902644,1,-0.013211566244192884,114.27639353640764,133.67995340456233
2019-02-25,-0.010268256907764528,2,3572.29691908883,2,0.08783756179501896,0.012963572573563927,0.9121624382049811,0.9870364274264362,1,-0.010268256907764528,113.102974169083,132.3072932995863
2019-02-26,-0.0006266106969931143,2,3570.0584796264934,2,0.3484775625033682,0.016769171595395867,0.6515224374966319,0.9832308284046041,1,-0.0006266106969931143,113.0321026356069,132.22438813431455
2019-02-27,-0.01645710209539868,2,3511.3056627407364,2,0.05956523515323279,0.004797197554795031,0.9404347648467672,0.9952028024452049,1,-0.01645710209539868,111.17192178247515,130.04835787928653
2019-02-28,-0.005773701171660244,3,3491.0324331217125,2,0.20622530615298115,0.006145596959436076,0.7937746938470188,0.9938544030405638,1,-0.005773701171660244,110.53004832742394,129.2974975230264
2019-03-01,-0.02248909155103995,3,3412.522285125589,2,0.0018508145426457548,5.82825722428307e-05,0.9981491854573542,0.9999417174277572,1,-0.02248909155103995,108.04432795144766,126.3897142639107
2019-03-04,-0.01421928326420832,3,3363.998664107965,2,0.01417083281083898,0.0004384495942778187,0.985829167189161,0.9995615504057223,1,-0.01421928326420832,106.50801504721498,124.5925431151098
2019-03-05,0.019084780645643902,3,3428.1998407047045,2,0.0042511754698021,0.000473354107542541,0.995748824530198,0.9995266458924575,1,0.019084780645643902,108.54069715139403,126.97036447054461
2019-03-06,0.002683307635730647,3,3437.398755514078,2,0.16815508759718437,0.005105667624585639,0.8318449124028157,0.9948943323754144,1,0.002683307635730647,108.83194523284789,127.31106501903993
2019-03-07,0.018984678084294725,3,3502.6566643348683,2,0.016340526158073285,0.00045272950922292367,0.9836594738419266,0.9995472704907772,1,0.018984678084294725,110.89808467838111,129.72802460499514
2019-03-08,-0.01636559397364617,3,3445.3336075372786,2,0.007933416908323686,0.00025865422452725874,0.9920665830916763,0.9997413457754728,1,-0.01636559397364617,109.0831716520797,127.60494842730661
2019-03-11,0.014464966714828985,3,3495.1702434917866,2,0.022518867717876503,0.0005437077985546241,0.9774811322821235,0.9994562922014454,1,0.014464966714828985,110.661056099175,129.45074975895506
2019-03-12,-0.04048856094707907,3,3353.655830067752,2,4.3941595381699197e-10,5.5169150243632675e-11,0.9999999995605842,0.9999999999448308,1,-0.04048856094707907,106.18054918483541,124.20947518769452
2019-03-13,0.0014021236665345501,3,3358.358070276501,2,0.16354972390005024,0.005527430473545085,0.8364502760999497,0.9944725695264548,1,0.0014021236665345501,106.32942744577309,124.383632232463
2019-03-14,0.016164811469434347,3,3412.645295329374,2,0.0482833229680436,0.0011965603983327107,0.9517166770319564,0.9988034396016674,1,0.016164811469434347,108.04822259408692,126.39427019738423
2019-03-15,-0.041338001556724,3,3271.573358798502,2,2.5611846750979127e-10,9.550643978137549e-12,0.9999999997438815,0.9999999999904493,1,-0.041338001556724,103.5817250002913,121.16938365920377
2019-03-18,-0.016095902695053982,3,3218.9144323555506,2,0.006781537796294784,0.0007414758541820955,0.9932184622037051,0.9992585241458178,1,-0.016095902695053982,101.91448363370077,119.21905305020557
2019-03-19,0.0013849667829103505,3,3223.372521921394,2,0.1804682628775692,0.005190463422171528,0.8195317371224308,0.9948095365778284,1,0.0013849667829103505,102.05563180823091,119.38416747857015
2019-03-20,0.025357320230361014,3,3305.108611181501,2,0.000666168326872775,2.183163363231399e-05,0.9993338316731273,0.9999781683663678,1,0.025357320230361014,104.64348914530403,122.4114300437593
2019-03-21,-0.014222296738078719,3,3258.102375761698,2,0.013860247672095765,0.0005015678984275577,0.9861397523279042,0.9994984321015724,1,-0.014222296738078719,103.1552183909716,120.67045836154438
2019-03-22,0.013445104447882071,3,3301.9079025057067,2,0.033797566357484876,0.0008253359579869048,0.9662024336425151,0.9991746640420132,1,0.013445104447882071,104.54215107658229,122.29288527798914
2019-03-25,0.03623921551644751,3,3421.566454600072,2,8.435370272649817e-08,3.874650403867511e-08,0.9999999156462973,0.9999999612534959,1,0.03623921551644751,108.33067661999958,126.72468350370639
2019-03-26,0.014626803179513502,3,3471.613033697134,2,0.01867019398752691,0.02362831880057489,0.9813298060124731,0.9763716811994252,1,0.014626803179513502,109.91520810522384,128.57826050730125
2019-03-27,-0.004876134651074818,3,3454.6849810884005,2,0.15556649678226603,0.08931851150549376,0.8444335032177339,0.9106814884945063,1,-0.004876134651074818,109.37924675030186,127.95129559586668
2019-03-28,0.009478646834282721,3,3487.430719947838,2,0.2536059881037424,0.11059179395320536,0.7463940118962576,0.8894082060467946,1,0.009478646834282721,110.41601400124783,129.16410073880883
2019-03-29,-0.014899629667895514,3,3435.4692937281734,2,0.07258598734805198,0.1200999156511095,0.927414012651948,0.8799000843488906,1,-0.014899629667895514,108.77085628322408,127.23960347141383
2019-04-01,0.002364744686822498,3,3443.593301487259,2,0.3168989747908938,0.20070987692308148,0.6831010252091062,0.7992901230769186,1,0.002364744686822498,109.02807158770096,127.54049264767626
2019-04-02,-0.003691930884801987,3,3430.879793022801,2,0.5975443953217989,0.21463744147132213,0.402455604678201,0.7853625585286779,1,-0.003691930884801987,108.62554748289593,127.06962196380745
2019-04-03,0.008640066551880056,3,3460.522822766018,2,0.7158721205751806,0.1941745691581912,0.28412787942481943,0.8058254308418087,1,0.008640066551880056,109.56407944238254,128.16751195429697
2019-04-04,-0.010096924153061685,3,3425.5821862946104,2,0.6884302454278431,0.1495644794832754,0.3115697545721568,0.8504355205167246,1,-0.010096924153061685,108.45781924235276,126.8734143072078
2019-04-05,0.010061303559457422,3,3460.0480085387903,2,0.7306136309541845,0.1079069738935358,0.2693863690458155,0.8920930261064642,1,0.010061303559457422,109.54904628514683,128.14992624217743
2019-04-08,-0.010324612020506574,3,3424.324355278301,2,0.6902749082579003,0.05185237788098441,0.3097250917420997,0.9481476221190157,1,-0.010324612020506574,108.41799488503617,126.82682797327041
2019-04-09,0.02197811758579231,3,3499.5845586104997,2,0.03297356143399396,0.0020021111615531515,0.967026438566006,0.9979978888384469,1,0.02197811758579231,110.80081832503532,129.61424291149999
2019-04-10,-0.007950588304196027,3,3471.7608025492664,2,0.11656438547523558,0.003106096002527412,0.8834356145247644,0.9968939039974726,1,-0.007950588304196027,109.91988663476495,128.5837334277506
2019-04-11,-0.05075311337944635,3,3295.5581329111656,2,1.2105785604780614e-14,2.87703713461525e-16,0.9999999999999879,0.9999999999999998,1,-0.05075311337944635,104.34111016573485,122.05770862633946
2019-04-12,-0.025002157772935105,3,3213.162068522241,2,7.408070789869367e-05,8.07002823050964e-06,0.9999259192921013,0.9999919299717694,1,-0.025002157772935105,101.73235726716794,119.00600253786078
2019-04-15,0.0006604594797387925,3,3215.2842318703338,2,0.16464608027899813,0.004632628160025963,0.8353539197210019,0.995367371839974,1,0.0006604594797387925,101.7995473669212,119.08460118038273
2019-04-16,0.04211093280688207,3,3350.6828501136524,2,1.0523304428163479e-09,2.5506172128736114e-11,0.9999999989476696,0.9999999999744938,1,0.04211093280688207,106.08642126586064,124.09936481902417
2019-04-17,0.02093513952958723,3,3420.8298631001767,2,0.001429590455963947,3.380499338667404e-05,0.998570409544036,0.9999661950066133,1,0.02093513952958723,108.307355297256,126.69740233704358
2019-04-18,-0.055078382725197134,3,3232.4160866625616,2,1.4105883706315426e-17,3.331350270995755e-19,1.0,1.0,1,-0.055078382725197134,102.34196133023981,119.71911432083562
2019-04-19,-0.03676465614449604,3,3113.577420720475,2,1.0252011182379443e-08,2.4218522466072204e-10,0.9999999897479888,0.9999999997578147,1,-0.03676465614449604,98.57939431278022,115.31768224890648
2019-04-22,0.028793851080173228,3,3203.2293052992904,2,1.5038352869670706e-05,4.3148514545757776e-07,0.9999849616471304,0.9999995685148546,1,0.028793851080173228,101.4178747121961,118.63812241849223
2019-04-23,0.016019546652657122,3,3254.543586594691,2,0.01153387165651324,0.00027545801607281286,0.9884661283434868,0.9997245419839271,1,0.016019546652657122,103.04254308756147,120.53865135535892
2019-04-24,0.0569673214451099,3,3439.946217249352,2,7.745494959552367e-18,3.1330693010937546e-19,1.0,1.0,1,0.0569673214451099,108.91260076215217,127.4054154536797
2019-04-25,-0.011284022488506103,3,3401.1297867746584,2,0.034448770562246704,0.0009129048645237608,0.9655512294377533,0.9990870951354762,1,-0.011284022488506103,107.68362852587035,125.9677698805429
2019-04-26,-0.021046109236619797,3,3329.549237754278,2,0.0011564316160414913,0.0001794609921548847,0.9988435683839585,0.9998205390078452,1,-0.021046109236619797,105.4173071169193,123.31663843534362
2019-04-29,0.001989155930484812,3,3336.172230366398,2,0.16444611233017636,0.0072775192281602065,0.8355538876698237,0.9927224807718399,1,0.001989155930484812,105.62699857854665,123.56193445801473
2019-04-30,-0.011741436169127917,3,3297.000777074333,2,0.12588913843737182,0.003401342261291787,0.8741108615626282,0.9965986577387081,1,-0.011741436169127917,104.38678591700008,122.11113989164197
2019-05-01,0.02613849860644748,3,3383.1794272913467,2,0.00030156820178853325,1.6544985745069693e-05,0.9996984317982115,0.9999834550142549,1,0.02613849860644748,107.11529977522312,125.30294175153136
2019-05-02,-0.012550409971368677,3,3340.71913847214,2,0.023914046268858416,0.0017031189650051324,0.9760859537311415,0.9982968810349948,1,-0.012550409971368677,105.770958848838,123.73033846193111
2019-05-03,-0.006546873382334282,3,3318.847873266622,2,0.13302670015611948,0.0036183389361723116,0.8669732998438806,0.9963816610638276,1,-0.006546873382334282,105.07848977372657,122.92029160246749
2019-05-06,-0.024269092894557687,3,3238.3024459274093,2,0.00044093658209144835,1.1060650219258023e-05,0.9995590634179086,0.9999889393497808,1,-0.024269092894557687,102.52833014418819,119.93712762694109
2019-05-07,0.019124715416133798,3,3300.234058637141,2,0.0033318351689656063,7.974581713756024e-05,0.9966681648310344,0.9999202541828625,1,0.019124715416133798,104.48915528028719,122.23089106063485
2019-05-08,-0.02285413310444064,3,3224.8100701852395,2,0.000278549330710114,1.3992682525382938e-05,0.99972145066929,0.9999860073174747,1,-0.02285413310444064,102.10114621754094,119.43741000686072
2019-05-09,0.010535872580592522,3,3258.786258181323,2,0.05793958012255341,0.0014502001397157295,0.9420604198774465,0.9985497998602844,1,0.010535872580592522,103.1768708844214,120.695787340049
2019-05-10,0.04711989531395165,3,3412.339925517371,2,2.491586835938851e-12,5.883767676591098e-14,0.9999999999975084,0.9999999999999412,1,0.04711989531395165,108.03855423931643,126.38296020434707
2019-05-13,-0.044268006222606966,3,3261.2824404609178,2,6.271779722618515e-12,1.4811317180269745e-13,0.9999999999937282,0.9999999999998519,1,-0.044268006222606966,103.25590284796891,120.78823853558956
2019-05-14,0.037601107787229575,3,3383.910273029288,2,1.5718410681548012e-08,1.1767917811327268e-09,0.9999999842815893,0.9999999988232081,1,0.037601107787229575,107.1384391806231,125.33001011219585
2019-05-15,0.007199215657995507,3,3408.271772852132,2,0.10547983047223923,0.0027793699576236855,0.8945201695277607,0.9972206300423763,1,0.007199215657995507,107.90975190954542,126.2322878834123
2019-05-16,-0.027937226182459415,3,3313.0541134426703,2,3.486518040796063e-05,3.869821649343672e-06,0.9999651348195921,0.9999961301783507,1,-0.027937226182459415,104.89505276315536,122.70570790528407
2019-05-17,0.0029348698651223224,3,3322.7774961217324,2,0.15619063866247054,0.004741113477800948,0.8438093613375295,0.9952588865221991,1,0.0029348698651223224,105.20290609251037,123.06583318969379
2019-05-20,0.018344165597467297,3,3383.731076754127,2,0.020039005386673473,0.0005059393238802255,0.9799609946133265,0.9994940606761197,1,0.018344165597467297,107.13276562320617,125.32337321311581
2019-05-21,-0.0195618613861328,3,3317.5389984627127,2,0.0020222910932813777,8.516065252886401e-05,0.9979777089067187,0.999914839347471,1,-0.0195618613861328,105.03704931217194,122.87181475787825
2019-05-22,0.011986708928399894,3,3357.3053727959004,2,0.04206610526910465,0.0010358785297109594,0.9579338947308954,0.998964121470289,1,0.011986708928399894,106.29609784897494,124.3446434368852
2019-05-23,0.040029665665984926,3,3491.697184407535,2,3.090159201168333e-09,1.0641884684648981e-10,0.9999999969098408,0.9999999998935811,1,0.040029665665984926,110.55109510746821,129.32211794101983
2019-05-24,-0.012580391910779629,3,3447.7702653939227,2,0.023565427789014774,0.0005869501702249604,0.9764345722109852,0.9994130498297751,1,-0.012580391910779629,109.1603190048504,127.69519501458973
2019-05-27,-0.024540120506464525,3,3363.161567602551,2,0.00014180272427683478,5.6457706048534544e-05,0.9998581972757231,0.9999435422939514,1,-0.024540120506464525,106.48151162194725,124.56153954083521
2019-05-28,-0.002944673002491204,3,3353.2581565314154,2,0.14451934155823148,0.020359660355569683,0.8554806584417685,0.9796403396444303,1,-0.002944673002491204,106.16795838940965,124.19474653820058
2019-05-29,0.0015931228072173652,3,3358.6003085790735,2,0.4441764375636918,0.021753940159369295,0.5558235624363083,0.9782460598406306,1,0.0015931228072173652,106.33709698531553,124.39260402144716
2019-05-30,0.027554787961773713,3,3451.1458279303174,2,0.0005258930467262119,0.0035215803842198194,0.9994741069532738,0.9964784196157801,1,0.027554787961773713,109.26719314521647,127.82021584927101
2019-05-31,-0.0037501974644747354,3,3438.203349596881,1,0.1360511534474861,0.36517921586174856,0.8639488465525139,0.6348207841382514,0,-0.0037501974644747354,108.85741959453301,127.34086479988447
2019-06-03,-0.010472026748685501,3,3402.198392152482,1,0.1480883112075739,0.4882247879416448,0.8519116887924261,0.5117752120583552,0,-0.0,108.85741959453301,126.00734785749934
2019-06-04,-0.0052726262515610045,1,3384.2598715970003,1,0.351290634256593,0.6383973647069808,0.6487093657434071,0.36160263529301906,0,-0.0,108.85741959453301,125.3429582072963
2019-06-05,-0.009129140031194615,1,3353.3644893272385,1,0.40432962885269835,0.6980504370181105,0.5956703711473016,0.3019495629818896,0,-0.0,108.85741959453301,124.19868478989773
2019-06-06,-0.006939765398446323,1,3330.092926475827,1,0.5677069831338718,0.749477729381537,0.43229301686612814,0.25052227061846305,0,-0.0,108.85741959453301,123.33677505466025
2019-06-07,-0.006970472632381697,1,3306.880604868539,1,0.7059662897571474,0.7732847579109863,0.2940337102428527,0.22671524208901367,0,-0.0,108.85741959453301,122.47705943957553
2019-06-10,-0.0007575481081816287,1,3304.3754837223382,1,0.891815842294925,0.7785782499141918,0.10818415770507489,0.22142175008580822,0,-0.0,108.85741959453301,122.38427717490141
2019-06-11,-0.008218857718708637,1,3277.217291772435,1,0.9076179135188779,0.7412537629683653,0.09238208648112209,0.2587462370316347,0,-0.0,108.85741959453301,121.37841821379389
2019-06-12,-0.01538131985764943,1,3226.8093643646635,1,0.5723545646195208,0.6858562876557515,0.4276454353804793,0.3141437123442486,0,-0.0,108.85741959453301,119.51145793943199
2019-06-13,0.0004742308008931268,1,3228.339616753856,1,0.8306162471094676,0.7041804238418068,0.1693837528905324,0.29581957615819326,0,0.0,108.85741959453301,119.56813395384651
2019-06-14,0.011893736569672072,1,3266.7366377129624,1,0.7807673476611904,0.6781913190444309,0.21923265233880954,0.32180868095556925,0,0.0,108.85741959453301,120.99024584122083
2019-06-17,0.007559390177286545,1,3291.4311745638715,1,0.8726465836912437,0.6618766336015282,0.12735341630875632,0.33812336639847185,0,0.0,108.85741959453301,121.90485831718043
2019-06-18,-0.0008133321433289833,1,3288.7541477920436,1,0.9546503974829788,0.6127496400744878,0.0453496025170212,0.3872503599255121,0,-0.0,108.85741959453301,121.8057091774831
2019-06-19,-0.005839155452450021,1,3269.550601078196,1,0.9686570210212692,0.4218763620065846,0.03134297897873086,0.5781236379934154,0,-0.0,108.85741959453301,121.09446670659985
2019-06-20,0.06453399508124652,3,3480.5477634860626,2,3.9278895185092995e-20,2.206443838600978e-19,1.0,1.0,1,0.0,108.85741959453301,128.90917642540973
2019-06-21,-0.00043406818773921146,2,3479.0369684260268,2,0.1625047484153844,0.3033561972896669,0.8374952515846156,0.6966438027103331,1,-0.00043406818773921146,108.81016805168767,128.8532210528158
2019-06-24,0.0020655256938213887,2,3486.223008674065,2,0.4671873889813295,0.3844382515296221,0.5328126110186704,0.615561748470378,1,0.0020655256938213887,109.03491824954743,129.11937069163204
2019-06-25,-0.004098487414630965,2,3471.9347675484178,2,0.7165570905383405,0.3951565935897928,0.28344290946165945,0.6048434064102072,1,-0.004098487414630965,108.58804000934634,128.59017657586733
2019-06-26,-0.0020895588638879707,2,3464.679955480047,2,0.8899905451588637,0.367210577144402,0.11000945484113636,0.632789422855598,1,-0.0020895588638879707,108.36113890783258,128.32147983259432
2019-06-27,-0.011281645880407769,2,3425.5926631333737,2,0.818435397249563,0.24828844941519265,0.18156460275043698,0.7517115505848073,1,-0.011281645880407769,107.13864691147674,126.8738023382731
2019-06-28,-0.006089589913575395,2,3404.7322086039385,2,0.8967603223789835,0.17051361745171517,0.10323967762101648,0.8294863825482849,1,-0.006089589913575395,106.48621648789049,126.10119291125699
2019-07-01,0.02557187379448839,2,3491.7975909463876,2,0.01535423622531541,0.0003778198481919263,0.9846457637746846,0.999622180151808,1,0.02557187379448839,109.20926857677141,129.32583670171806
2019-07-02,0.02092953346495732,2,3564.8792854789576,2,0.00184476405558479,4.3640072651876176e-05,0.9981552359444151,0.9999563599273482,1,0.02092953346495732,111.49496761813245,132.03256612885028
2019-07-03,-0.03882102418334669,2,3426.4870205266675,2,1.5956782110961395e-09,3.7948450725371054e-11,0.9999999984043217,0.9999999999620516,1,-0.03882102418334669,107.16661878390748,126.90692668617287
2019-07-04,-0.02683521050492078,2,3334.5365200384554,2,2.3068217325792626e-05,9.03581418435548e-06,0.9999769317826742,0.9999909641858157,1,-0.02683521050492078,104.29078000974073,123.50135259401686
2019-07-05,-0.015500700376635755,2,3282.8488685463894,2,0.008562733965291704,0.0199681748107698,0.9914372660347083,0.9800318251892302,1,-0.015500700376635755,102.67419987676409,121.58699513134776
2019-07-08,0.0153422110766543,2,3333.2150288203843,2,0.016961680137273064,0.14391523332888226,0.9830383198627269,0.8560847666711178,1,0.0153422110766543,104.2494491234,123.45240847482906
2019-07-09,0.008429330569964952,1,3361.311800159087,1,0.11180391068102292,0.594969500352278,0.8881960893189771,0.4050304996477221,0,0.008429330569964952,105.12820219179788,124.49302963552174
2019-07-10,0.005130032384259411,1,3378.555438547496,1,0.33924950346060356,0.8503259170850832,0.6607504965393964,0.1496740829149169,0,0.0,105.12820219179788,125.13168290916651
2019-07-11,-0.005974310627303375,1,3358.370898886048,1,0.5461698632837362,0.9392183040236086,0.4538301367162639,0.060781695976391416,0,-0.0,105.12820219179788,124.38410736614993
2019-07-12,-0.002347121597678642,1,3350.4883940162567,1,0.7995425623502892,0.9809348124175129,0.20045743764971088,0.019065187582487042,0,-0.0,105.12820219179788,124.09216274134285
2019-07-15,0.003736247367367508,1,3363.006647457795,1,0.9230024640811751,0.9937050867252256,0.0769975359188249,0.006294913274774363,0,0.0,105.12820219179788,124.55580175769612
2019-07-16,-0.0006419523889488102,1,3360.8477573064088,1,0.9709511961222713,0.9976806308084226,0.029048803877728645,0.0023193691915773815,0,-0.0,105.12820219179788,124.47584286320033
2019-07-17,-0.0014489248452975853,1,3355.978141489585,1,0.9847289901197201,0.9987410011180263,0.015271009880279797,0.0012589988819737173,0,-0.0,105.12820219179788,124.29548672183648
2019-07-18,-0.0013657969949144796,1,3351.39455662894,1,0.9888309437072398,0.9989389782076752,0.011169056292760151,0.001061021792324851,0,-0.0,105.12820219179788,124.12572431959038
2019-07-19,0.007755978820185489,1,3377.387901828239,1,0.982755570507757,0.9986081159683603,0.017244429492242905,0.0013918840316397183,0,0.0,105.12820219179788,125.0884408084533
2019-07-22,0.004358607547810303,1,3392.1086102290305,1,0.9868455006690178,0.9989603458742493,0.013154499330982117,0.0010396541257506906,0,0.0,105.12820219179788,125.63365223070484
2019-07-23,-0.001057278635883942,1,3388.5222062648377,1,0.9895883435131264,0.999116740184837,0.010411656486873576,0.0008832598151630546,0,-0.0,105.12820219179788,125.50082245425325
2019-07-24,0.002756798133452708,1,3397.8636779582316,1,0.9902025991218092,0.9989806480171615,0.0097974008781908,0.001019351982838574,0,0.0,105.12820219179788,125.84680288734191
2019-07-25,-0.006706681458311817,1,3375.075288631398,1,0.9826644388935355,0.9983592945071472,0.017335561106464482,0.0016407054928528398,0,-0.0,105.12820219179788,125.00278846782955
2019-07-26,-0.0023363381231142374,1,3367.1899715661875,1,0.9875321843650207,0.9983923826149819,0.01246781563497935,0.0016076173850180717,0,-0.0,105.12820219179788,124.71073968763658
2019-07-29,0.007094055355021336,1,3391.077003615351,1,0.9839018223174674,0.9973423922857044,0.016098177682532563,0.0026576077142954958,0,0.0,105.12820219179788,125.59544457834633
2019-07-30,-0.008539775041143421,1,3362.117968857281,1,0.9706247684326452,0.995661490513601,0.029375231567354828,0.004338509486398997,0,-0.0,105.12820219179788,124.52288773545486
2019-07-31,0.004436059708073838,1,3377.0325249127204,1,0.9827447992201587,0.9951764800610933,0.01725520077984132,0.004823519938906779,0,0.0,105.12820219179788,125.07527870047113
2019-08-01,-0.011691576447302333,1,3337.549690982677,1,0.9343243497698768,0.9908982569561057,0.06567565023012319,0.009101743043894252,0,-0.0,105.12820219179788,123.61295151787692
2019-08-02,0.01097873820974023,1,3374.1917753019748,1,0.915615258816532,0.9928723657752558,0.08438474118346789,0.007127634224744132,0,0.0,105.12820219179788,124.97006575192499
2019-08-05,-0.0024695145208536986,1,3365.859159716722,1,0.96558901732167,0.9972695113157404,0.03441098267833009,0.0027304886842595246,0,-0.0,105.12820219179788,124.66145035987859
2019-08-06,0.003194816686112425,1,3376.6124627232894,1,0.9827291543935318,0.9986594322916889,0.017270845606468133,0.001340567708311227,0,0.0,105.12820219179788,125.05972084160331
2019-08-07,0.001485365891972238,1,3381.627967705827,1,0.9887142750195439,0.9990852460571187,0.011285724980456179,0.0009147539428812676,0,0.0,105.12820219179788,125.24548028540099
2019-08-08,0.0017018105687712655,1,3387.3828579209207,1,0.9903366030726801,0.9990875446699531,0.009663396927319916,0.0009124553300468383,0,0.0,105.12820219179788,125.4586243674415
2019-08-09,0.0026468106133523553,1,3396.3486188207535,1,0.9904702287580072,0.9986839744731668,0.009529771241992833,0.0013160255268331708,0,0.0,105.12820219179788,125.79068958595383
2019-08-12,-0.009461010355939754,1,3364.2157293657087,1,0.9697927868002412,0.9972489428511639,0.030207213199758977,0.002751057148835993,0,-0.0,105.12820219179788,124.60058256910031
2019-08-13,0.001825192628767651,1,3370.3560711165305,1,0.9849410785619969,0.9981193603575663,0.015058921438003161,0.0018806396424337147,0,0.0,105.12820219179788,124.82800263394557
2019-08-14,-0.004811700054348224,2,3354.138928625966,1,0.9849282019324521,0.9973150293697143,0.015071798067547892,0.0026849706302857525,0,-0.0,105.12820219179788,124.22736772688762
2019-08-15,-0.011215674245568507,2,3316.5199990281167,1,0.9452862830527284,0.9952686606708657,0.05471371694727155,0.004731339329134291,0,-0.0,105.12820219179788,122.8340740380784
2019-08-16,-0.003869828352413876,1,3303.68563590453,1,0.9722203016466142,0.9977292238594074,0.027779698353385777,0.0022707761405926234,0,-0.0,105.12820219179788,122.35872725572334
2019-08-19,0.0019750715305860895,1,3310.210651350012,1,0.9855737574277696,0.9986715219841683,0.014426242572230264,0.0013284780158317826,0,0.0,105.12820219179788,122.60039449444488
2019-08-20,-0.005070236665690192,1,3293.427099934379,1,0.9846615694443606,0.998596011560224,0.015338430555639401,0.0014039884397759846,0,-0.0,105.12820219179788,121.97878147905108
2019-08-21,0.006974933823953863,1,3316.3985360104375,1,0.9829237947240924,0.9985860408949403,0.01707620527590761,0.0014139591050596567,0,0.0,105.12820219179788,122.82957540779398
2019-08-22,0.003635584894478258,1,3328.455584432027,1,0.9876271161057842,0.9988799471377072,0.012372883894215704,0.0011200528622927572,0,0.0,105.12820219179788,123.27613275674175
2019-08-23,0.002336178405883254,1,3336.231450493319,1,0.9898269818863729,0.9987229035482932,0.010173018113627096,0.0012770964517069018,0,0.0,105.12820219179788,123.56412779604884
2019-08-26,0.006696145903673084,1,3358.571343054245,1,0.9857846484640509,0.9976194874071149,0.014215351535949128,0.0023805125928850596,0,0.0,105.12820219179788,124.3915312242313
2019-08-27,-0.010245245387989871,1,3324.1619554915837,1,0.9583911944814734,0.9957718633155616,0.041608805518526595,0.0042281366844384456,0,-0.0,105.12820219179788,123.11710946265124
2019-08-28,-0.006877461800414209,1,3301.3001586242995,1,0.9649545103531068,0.9970842149105177,0.035045489646893205,0.00291578508948223,0,-0.0,105.12820219179788,122.27037624534442
2019-08-29,0.003905954122814738,1,3314.1948855895275,1,0.9816690474960984,0.9984235041472473,0.018330952503901602,0.001576495852752733,0,0.0,105.12820219179788,122.74795872553806
2019-08-30,-0.0035544628789207938,1,3302.4147028951907,1,0.9858288932674993,0.998715446268946,0.014171106732500684,0.0012845537310539393,0,-0.0,105.12820219179788,122.31165566278483
2019-09-02,-0.0028691068179516896,1,3292.93972235541,1,0.9880236747357968,0.9986589105049345,0.011976325264203221,0.0013410894950654818,0,-0.0,105.12820219179788,121.96073045760778
2019-09-03,-0.007639966581089333,1,3267.7817729230733,1,0.9780805940847157,0.997977190949533,0.021919405915284303,0.002022809050466994,0,-0.0,105.12820219179788,121.02895455270641
2019-09-04,-0.005055239517863996,1,3251.2623533688366,1,0.9816461585383972,0.9983318980661939,0.018353841461602696,0.0016681019338060966,0,-0.0,105.12820219179788,120.4171241988458
2019-09-05,0.007121850779647038,1,3274.417358695014,1,0.981181720085263,0.9985115181712572,0.018818279914736998,0.0014884818287427906,0,0.0,105.12820219179788,121.27471698870423
2019-09-06,0.0037599074052853355,1,3286.728864769966,1,0.9869742070959101,0.9989923381422214,0.013025792904089915,0.0010076618577785502,0,0.0,105.12820219179788,121.73069869518393
2019-09-09,0.0019090167421692435,1,3293.0032851997826,1,0.9897932130204061,0.9991805246652596,0.010206786979593877,0.0008194753347403746,0,0.0,105.12820219179788,121.96308463702898
2019-09-10,-0.002653826957426644,1,3284.264224310625,1,0.989473861833913,0.9991392708986856,0.010526138166087096,0.0008607291013143875,0,-0.0,105.12820219179788,121.63941571520833
2019-09-11,0.0015320588878721688,1,3289.2959105056007,1,0.990584835474125,0.9990814651303384,0.00941516452587509,0.0009185348696616304,0,0.0,105.12820219179788,121.8257744631704
2019-09-12,0.007695639957714055,1,3314.6091475472335,1,0.9837878627048074,0.998590200015089,0.0162121372951925,0.0014097999849109362,0,0.0,105.12820219179788,122.76330176100865
2019-09-13,-0.0034190585507553246,1,3303.2763047989,1,0.9867299099737921,0.9987373835721827,0.013270090026207874,0.001262616427817278,0,-0.0,105.12820219179788,122.34356684440371
2019-09-16,0.0005900690570182299,1,3305.2254659331434,1,0.989912752182167,0.9985238373690191,0.010087247817832934,0.0014761626309809826,0,0.0,105.12820219179788,122.41575799752383
2019-09-17,0.01142480381381306,1,3342.9870184418487,1,0.9640889666350324,0.9969280149056777,0.03591103336496764,0.0030719850943222637,0,0.0,105.12820219179788,123.81433401636477
2019-09-18,0.005046511612732853,1,3359.857441251631,1,0.97938717270171,0.9982652693174905,0.020612827298289917,0.0017347306825094752,0,0.0,105.12820219179788,124.43916449080115
2019-09-19,-0.002574800655365606,1,3351.206478109961,1,0.9862807175116138,0.9987325306917304,0.01371928248838618,0.0012674693082695677,0,-0.0,105.12820219179788,124.11875844851707
2019-09-20,0.004530859773303178,1,3366.3903247336625,1,0.9878049129898271,0.9986093617406899,0.012195087010172932,0.0013906382593101038,0,0.0,105.12820219179788,124.6811231382838
2019-09-23,-0.008621348319342739,1,3337.3675011652685,1,0.9730225917680125,0.9978922575487646,0.026977408231987448,0.0021077424512353877,0,-0.0,105.12820219179788,123.6062037468618
2019-09-24,0.0003533994253997223,1,3338.546924922528,1,0.9860766917387725,0.9988709101110229,0.013923308261227455,0.001129089888977107,0,0.0,105.12820219179788,123.64988610824177
2019-09-25,0.004524032585304068,1,3353.6506199984437,1,0.987745358771477,0.9990232326100885,0.012254641228523025,0.000976767389911499,0,0.0,105.12820219179788,124.20928222216459
2019-09-26,0.003081187106035779,1,3363.9838450469324,1,0.98948683225136,0.9991124477357315,0.010513167748639965,0.000887552264268526,0,0.0,105.12820219179788,124.5919942609975
2019-09-27,0.004463514471702939,1,3378.9990356218736,1,0.988926905093102,0.9989917829091888,0.011073094906897955,0.0010082170908113353,0,0.0,105.12820219179788,125.14811243043977
2019-09-30,0.0058035329272934245,1,3398.6091677863983,1,0.9870283048785385,0.9987479180684374,0.01297169512146146,0.0012520819315626486,0,0.0,105.12820219179788,125.87441362171845
2019-10-01,0.00355508047537062,1,3410.6914968822107,1,0.9889497716360395,0.9984850376721406,0.011050228363960607,0.0015149623278594786,0,0.0,105.12820219179788,126.32190729193373
2019-10-02,0.003377709314795515,1,3422.211821321124,1,0.9896571753418204,0.9971617673014601,0.010342824658179602,0.00283823269853991,0,0.0,105.12820219179788,126.74858597485643
2019-10-03,0.002046126122978667,1,3429.214098327095,1,0.9905056753637929,0.9925804011231978,0.009494324636207148,0.007419598876802263,0,0.0,105.12820219179788,127.0079295676702
2019-10-04,-0.005686339242449574,1,3409.714423629017,1,0.9854321617386613,0.9760598226810396,0.014567838261338726,0.023940177318960365,0,-0.0,105.12820219179788,126.28571939366728
2019-10-07,0.0071189171199974215,1,3433.9878980136914,1,0.9828969368174555,0.9397795628850019,0.017103063182544533,0.06022043711499801,0,0.0,105.12820219179788,127.18473696347006
2019-10-08,-0.0022119927694197908,2,3426.3919416130107,1,0.9877103339270559,0.8599815845754438,0.012289666072944133,0.1400184154245562,0,-0.0,105.12820219179788,126.90340524492632
2019-10-09,0.010767012552707239,2,3463.2839466588525,1,0.9673961183397407,0.5954655508096199,0.03260388166025925,0.40453444919038006,0,0.0,105.12820219179788,128.26977580217974
2019-10-10,0.015389108507567957,2,3516.580799106504,2,0.8253346969918303,0.31305570532976235,0.17466530300816976,0.6869442946702378,1,0.0,105.12820219179788,130.24373330024088
2019-10-11,-0.01078880510791273,2,3478.6410942187163,2,0.7649174958965936,0.23943771814419818,0.2350825041034064,0.7605622818558018,1,-0.01078880510791273,103.99399450700533,128.83855904513763
2019-10-14,-0.009320932093781679,2,3446.216916800865,2,0.7721031497215671,0.18425907252711568,0.22789685027843293,0.8157409274728843,1,-0.009320932093781679,103.02467354604443,127.63766358521723
2019-10-15,-0.007065098222435508,2,3421.869055787848,2,0.8500804771496969,0.1210655009760532,0.14991952285030313,0.8789344990239468,1,-0.007065098222435508,102.29679410810728,126.73589095510549
2019-10-16,0.021103610260323372,2,3494.082846703056,2,0.10946843757168676,0.003432731141942687,0.8905315624283132,0.9965672688580572,1,0.021103610260323372,104.45562578184533,129.4104758038169
2019-10-17,-0.01760293143995107,2,3432.576745907033,2,0.011694613995860942,0.0007794749393346135,0.988305386004139,0.9992205250606654,1,-0.01760293143995107,102.61690056269033,127.13247207063085
2019-10-18,0.024545601918367188,2,3516.8314082663114,2,0.00025832219291330345,0.0027938332565862435,0.9997416778070868,0.9972061667434137,1,0.024545601918367188,105.1356941539988,130.25301512097448
2019-10-21,0.002037985977208343,2,3523.998661360564,1,0.1619937658118262,0.5878729203285777,0.8380062341881738,0.4121270796714222,0,0.002037985977208343,105.34995922438873,130.51846893928015
2019-10-22,0.0033069047856466587,2,3535.6521893984295,1,0.451489363677449,0.7511316169710074,0.548510636322551,0.24886838302899264,0,0.0,105.34995922438873,130.95008108883073
2019-10-23,0.014513354321221866,2,3586.966362379773,1,0.23892989390416317,0.7964175921330298,0.7610701060958368,0.20358240786697013,0,0.0,105.34995922438873,132.85060601406568
2019-10-24,0.0012937039356525452,1,3591.606834879837,1,0.5692419595849864,0.9332358773248051,0.43075804041501364,0.0667641226751948,0,0.0,105.34995922438873,133.0224753659199
2019-10-25,0.0071928822503921075,1,3617.4408399328318,1,0.7440699884404665,0.9705554621899242,0.2559300115595335,0.02944453781007583,0,0.0,105.34995922438873,133.97929036788264
2019-10-28,-0.0023037307006022333,1,3609.1072304122663,1,0.9006645909050444,0.9878396974807921,0.09933540909495565,0.012160302519207848,0,-0.0,105.34995922438873,133.67063816341727
2019-10-29,0.00925608464111348,1,3642.5134324158166,1,0.9184724810618601,0.9923903674400092,0.08152751893813986,0.007609632559990753,0,0.0,105.34995922438873,134.9079049042895
2019-10-30,-0.0018730151284046307,1,3635.690949651484,1,0.9678413630828515,0.9964015731119458,0.03215863691714852,0.003598426888054151,0,-0.0,105.34995922438873,134.65522035746238
2019-10-31,0.009520306862706206,1,3670.3038431501295,1,0.9615539546908835,0.9969079199267995,0.038446045309116536,0.003092080073200555,0,0.0,105.34995922438873,135.93717937593073
2019-11-01,-0.0017211209025751436,1,3663.986806486882,1,0.9816575147977936,0.9985140389224058,0.018342485202206413,0.0014859610775942776,0,-0.0,105.34995922438873,135.7032150550697
2019-11-04,-0.0008907076531630432,1,3660.723265397256,1,0.9881765484459298,0.9989226347801284,0.011823451554070155,0.0010773652198714776,0,-0.0,105.34995922438873,135.58234316286132
2019-11-05,-0.005224844600512407,1,3641.5965552100747,1,0.9854101500704013,0.9987200416446034,0.014589849929598655,0.001279958355396728,0,-0.0,105.34995922438873,134.87394648926204
2019-11-06,-0.003806785390624771,1,3627.7337786451517,1,0.9867676821213216,0.9987557001323626,0.013232317878678424,0.0012442998676374017,0,-0.0,105.34995922438873,134.3605103201908
2019-11-07,0.0005918906756793129,1,3629.8810004425786,1,0.9899232139281006,0.9985659597480003,0.01007678607189945,0.0014340402519997036,0,0.0,105.34995922438873,134.44003705342885
2019-11-08,0.0022052883952191245,1,3637.885934888881,1,0.9905281826335367,0.9970639084582502,0.009471817366463315,0.0029360915417496938,0,0.0,105.34995922438873,134.7365161069956
2019-11-11,0.006705934390859503,1,3662.281359289677,1,0.9860605023888506,0.9915957187106254,0.013939497611149418,0.008404281289374552,0,0.0,105.34995922438873,135.6400503440621
2019-11-12,-0.0004839330653530538,1,3660.50906024529,1,0.9895683233570879,0.9795613630018846,0.010431676642912125,0.020438636998115333,0,-0.0,105.34995922438873,135.57440963871446
2019-11-13,-0.005936332129373791,1,3638.7790627010922,1,0.9844370778337004,0.9355165762670236,0.015562922166299713,0.06448342373297641,0,-0.0,105.34995922438873,134.76959491485528
2019-11-14,0.009760243654601266,3,3674.2944329583174,1,0.9716037764899171,0.8410107163885451,0.028396223510082953,0.15898928361145495,0,0.0,105.34995922438873,136.0849789984562
2019-11-15,0.004361305205326402,3,3690.3191523946803,1,0.9831818315964462,0.714619993689978,0.0168181684035538,0.28538000631002197,0,0.0,105.34995922438873,136.6784871257289
2019-11-18,0.012511281600203728,3,3736.4897745049157,2,0.9432170064609023,0.32145269321510156,0.05678299353909765,0.6785473067848984,1,0.0,105.34995922438873,138.38851016684873
2019-11-19,-0.0157434996062829,3,3677.664349211117,2,0.634467227305646,0.05559963363918442,0.365532772694354,0.9444003663608156,1,-0.0157434996062829,103.69138218281763,136.20979071152286
2019-11-20,-0.013074923875045441,3,3629.5791678072133,2,0.3950691721010782,0.017447637993136995,0.6049308278989217,0.982552362006863,1,-0.013074923875045441,102.33562525427907,134.42885806693383
2019-11-21,-0.015734678182662946,3,3572.4689076632694,2,0.09201752582452286,0.002490866835484083,0.9079824741754773,0.9975091331645158,1,-0.015734678182662946,100.72540712428139,132.31366324678774
2019-11-22,0.01990229755993593,2,3643.5692468872026,2,0.006641128642876805,0.00015977106582752297,0.9933588713571232,0.9998402289341725,1,0.01990229755993593,102.73007414871454,134.94700914397046
2019-11-25,0.024069076463817386,2,3731.266593691744,2,0.00031198800898767456,1.7641368037667788e-05,0.9996880119910123,0.9999823586319624,1,0.024069076463817386,105.20269215853358,138.19505902562014
2019-11-26,-0.011773433287490571,2,3687.3367753730718,2,0.03016823925891939,0.0017952074530921914,0.9698317607410807,0.9982047925469077,1,-0.011773433287490571,103.96409528074066,136.56802871752117
2019-11-27,-0.01144001479705748,2,3645.1535881010695,2,0.05093005296645348,0.0029146834469467235,0.9490699470335465,0.9970853165530532,1,-0.01144001479705748,102.7747444923663,135.00568844818775
2019-11-28,0.009892772719599194,2,3681.214264076185,2,0.12353950315412471,0.0033218332802614145,0.8764604968458752,0.9966781667197386,1,0.009892772719599194,103.79147168094416,136.3412690398587
2019-11-29,0.026355093623941107,2,3778.2330106557006,2,0.00026002446502765514,6.153524789375733e-06,0.9997399755349724,0.9999938464752107,1,0.026355093623941107,106.52690563446208,139.93455595021115
2019-12-02,0.030825798115719387,2,3894.70005867632,2,3.6573943417943683e-06,2.455408502613792e-06,0.9999963426056583,0.9999975445914975,1,0.030825798115719387,109.8106825214423,144.24815032134518
2019-12-03,-0.012530196428718951,2,3845.8987019101623,2,0.023935291509179904,0.03512847126841212,0.97606470849082,0.9648715287315879,1,-0.012530196428718951,108.43473309947693,142.44069266333935
2019-12-04,-0.008478628078847715,2,3813.2907571877427,2,0.09515967632529768,0.11106153431902656,0.9048403236747024,0.8889384656809733,1,-0.008478628078847715,107.51535532669736,141.23299100695343
2019-12-05,0.003645577033048289,2,3827.192402392482,2,0.34169267165184725,0.16512257730241708,0.6583073283481528,0.8348774226975829,1,0.003645577033048289,107.9073108367764,141.7478667552771
2019-12-06,0.004520222219766449,2,3844.4921625290976,2,0.6325297794985127,0.17127035187673298,0.3674702205014872,0.828729648123267,1,0.004520222219766449,108.39507586089606,142.3885986121888
2019-12-09,-0.004685050094892888,2,3826.4805241582258,2,0.8149845476527842,0.14209545546626728,0.1850154523472158,0.8579045445337328,1,-0.004685050094892888,107.88723950044805,141.7215008947491
2019-12-10,-0.015869350401692166,2,3765.756763915109,2,0.3578660107217727,0.05357478266062663,0.6421339892782274,0.9464252173393733,1,-0.015869350401692166,106.17513909294416,139.47247273759663
2019-12-11,-0.002096285511728348,2,3757.862662570221,2,0.6669811857421952,0.04517300373115133,0.3330188142578049,0.9548269962688488,1,-0.002096285511728348,105.95256568715787,139.1800986137119
2019-12-12,0.030802041543320176,2,3873.6125044168007,2,0.00013426852848496558,1.3745231301513885e-05,0.9998657314715151,0.9999862547686985,1,0.030802041543320176,109.21612101707507,143.46712979321484
2019-12-13,-0.010817003382651085,2,3831.7116248534444,2,0.03917356615799117,0.00428056073477817,0.9608264338420088,0.9957194392652218,1,-0.010817003382651085,108.03472986659335,141.91524536494236
2019-12-16,0.002528183129500173,2,3841.398893540508,2,0.24841956510847588,0.007744630345695315,0.751580434891524,0.9922553696543047,1,0.002528183129500173,108.30786144804216,142.27403309409289
2019-12-17,0.04398478366572518,2,4010.3619928466437,2,2.3966017316914917e-10,1.3844977994187764e-11,0.9999999997603397,0.999999999986155,1,0.04398478366572518,113.07175930313164,148.53192566098681
2019-12-18,-0.01105563791256577,2,3966.0248827554155,2,0.036666723127196425,0.0018520946780730904,0.9633332768728036,0.9981479053219269,1,-0.01105563791256577,111.82167887413942,146.8898104724228
2019-12-19,0.010774046813273605,2,4008.7550205048306,2,0.08952413282694607,0.002316737867288973,0.9104758671730538,0.997683262132711,1,0.010774046813273605,113.02645087706824,148.47240816684558
2019-12-20,0.0317407318632486,2,4135.995838716126,2,5.2263203284471185e-06,3.8818521995926884e-07,0.9999947736796715,0.9999996118147801,1,0.0317407318632486,116.6139931478119,153.18503106356022
2019-12-23,0.009131786952461567,2,4173.764871551549,2,0.07690623516145126,0.002747497250838143,0.9230937648385487,0.9972525027491618,1,0.009131786952461567,117.67888728891353,154.58388413153884
2019-12-24,0.018456664450492336,2,4250.798649281029,2,0.011103109532555621,0.0012979125023777857,0.9888968904674444,0.9987020874976221,1,0.018456664450492336,119.85084702451235,157.43698701040847
2019-12-25,0.013268679261552552,2,4307.20113316378,2,0.0341715982419432,0.006024361154530455,0.9658284017580568,0.9939756388454695,1,0.013268679261552552,121.441109472906,159.52596789495482
2019-12-26,0.007630932559931358,2,4340.0690945330125,2,0.15371970997275688,0.013161529700069521,0.8462802900272431,0.9868384702999304,1,0.007630932559931358,122.36781838929699,160.74329979751897
2019-12-27,0.023378861838675484,2,4441.534970264405,2,0.001760453418413645,0.0116058773208772,0.9982395465815863,0.9883941226791227,1,0.023378861838675484,125.22863870892047,164.50129519497796
2019-12-30,0.010176777976613567,2,4486.735485532151,2,0.06426084587823823,0.3671902245381252,0.9357391541217617,0.6328097754618748,1,0.010176777976613567,126.50306276137471,166.17538835304262
2019-12-31,-0.004508125445703379,2,4466.5087191216835,2,0.24457222673299703,0.655780002602729,0.755427773267003,0.34421999739727116,1,-0.004508125445703379,125.93277108518075,165.42624885635863
2020-01-01,0.0011408463557998107,2,4471.604319317042,2,0.5761253791516937,0.7633873305392762,0.42387462084830624,0.23661266946072393,1,0.0011408463557998107,126.07644102814905,165.61497478952006
2020-01-02,0.005136119559712221,2,4494.57101372478,2,0.7965126375590467,0.7869152201923737,0.20348736244095328,0.21308477980762625,1,0.005136119559712221,126.72398470293263,166.46559310091774
2020-01-03,-0.008580098621892492,2,4456.007151163922,2,0.8261198343124607,0.7788306362813336,0.1738801656875393,0.22116936371866652,1,-0.008580098621892492,125.63668041642227,165.03730189496005
2020-01-06,0.0019397832243582599,2,4464.65083908337,2,0.9390096600494737,0.7635889075701223,0.060990339950526176,0.2364110924298776,1,0.0019397832243582599,125.88038834145809,165.35743848456926
2020-01-07,-0.0006641421331893215,2,4461.685676351155,2,0.9758028095831529,0.6808942241774248,0.02419719041684704,0.31910577582257527,1,-0.0006641421331893215,125.7967858718183,165.2476176426354
2020-01-08,0.010118715260539358,2,4506.83220329218,2,0.9626043285990546,0.3780211910419158,0.03739567140094541,0.6219788089580843,1,0.010118715260539358,127.06968772874627,166.91971123304367
2020-01-09,0.03743858501949828,2,4675.561623903746,2,5.374852744442716e-06,6.922460050863919e-07,0.9999946251472556,0.9999993077539948,1,0.03743858501949828,131.82699703618005,173.16894903347207
2020-01-10,0.002988906306793594,2,4689.5364395292345,2,0.15572662607727888,0.005705209526190121,0.8442733739227212,0.99429479047381,1,0.002988906306793594,132.22101557902715,173.68653479737907
2020-01-13,0.026894159035742535,2,4815.657578337844,2,0.0002271934552287355,0.0017803901148918846,0.9997728065447713,0.9982196098851082,1,0.026894159035742535,135.77698859987692,178.35768808658682
2020-01-14,0.009442137174897705,2,4861.127677779845,1,0.07274998777058897,0.42536285296947896,0.927250012229411,0.5746371470305212,0,0.009442137174897705,137.05901355143143,180.04176584369796
2020-01-15,0.0018589642168144456,2,4870.164340186204,1,0.3210356720463955,0.7181132396451972,0.6789643279536045,0.2818867603548027,0,0.0,137.05901355143143,180.37645704393347
2020-01-16,-0.009535805061909508,2,4823.723402418725,1,0.35304493960769767,0.7978808631830038,0.6469550603923022,0.20211913681699628,0,-0.0,137.05901355143143,178.65642231180462
2020-01-17,0.001993619872169536,2,4833.340073251636,1,0.6781252884745254,0.8753236609689016,0.3218747115254747,0.12467633903109841,0,0.0,137.05901355143143,179.01259530561614
2020-01-20,0.0008934541346437676,2,4837.658440924221,1,0.8820230536409172,0.8926045830750422,0.11797694635908273,0.10739541692495787,0,0.0,137.05901355143143,179.17253484904526
2020-01-21,-0.014102174668905117,2,4769.436936601805,1,0.6313119625302941,0.8810999986008888,0.3686880374697059,0.11890000139911112,0,-0.0,137.05901355143143,176.64581246673353
2020-01-22,-0.011560593250888589,2,4714.299416141988,1,0.5079789267085892,0.9051661351220381,0.49202107329141065,0.09483386487796183,0,-0.0,137.05901355143143,174.6036820793329
2020-01-23,0.005289813751161375,2,4739.237182020589,1,0.7488449961418885,0.9514316639310674,0.2511550038581115,0.04856833606893272,0,0.0,137.05901355143143,175.52730303779958
2020-01-24,0.010193144175406043,1,4787.544909898369,1,0.7762804505739457,0.9664677940825371,0.22371954942605438,0.0335322059174628,0,0.0,137.05901355143143,177.31647814438404
2020-01-27,0.00040549843356207325,1,4789.486251859941,1,0.922046880909777,0.9800154811761261,0.07795311909022301,0.01998451882387387,0,0.0,137.05901355143143,177.38837969851633
2020-01-28,-0.007888083402497463,1,4751.706384850155,1,0.9336737061999536,0.9801487987915679,0.06632629380004643,0.019851201208432128,0,-0.0,137.05901355143143,175.98912536482055
2020-01-29,-0.012392835739720491,1,4692.819268139326,1,0.8337118920971367,0.9785473315761839,0.1662881079028633,0.021452668423816258,0,-0.0,137.05901355143143,173.80812104219726
2020-01-30,-0.0053273969027842795,1,4667.8187573049145,1,0.9146982901921935,0.9878146206735927,0.08530170980780648,0.012185379326407283,0,-0.0,137.05901355143143,172.8821761964783
2020-01-31,0.0050501386837961204,1,4691.391889380129,1,0.9612522899804287,0.9909704502760582,0.03874771001957128,0.009029549723941637,0,0.0,137.05901355143143,173.755255162227
2020-02-03,-0.006881826392025366,1,4659.1065448604595,1,0.966493092871231,0.9890982194849581,0.033506907128769116,0.010901780515041775,0,-0.0,137.05901355143143,172.5595016614985
2020-02-04,0.006034743969680868,1,4687.223059986157,1,0.9778742340495284,0.9847763228278801,0.022125765950471537,0.015223677172119934,0,0.0,137.05901355143143,173.60085407356135
2020-02-05,0.004701207067751966,1,4709.258666163893,1,0.984781081993007,0.9713202438000658,0.015218918006992963,0.028679756199934313,0,0.0,137.05901355143143,174.41698763569974
2020-02-06,0.00020494481732370262,1,4710.223804320961,1,0.9893484605709585,0.9294703308269507,0.010651539429041531,0.07052966917304938,0,0.0,137.05901355143143,174.45273349336892
2020-02-07,-0.008353151025548433,1,4670.878593519335,1,0.9756123390797072,0.7762492859667163,0.02438766092029273,0.22375071403328375,0,-0.0,137.05901355143143,172.99550346367906
2020-02-10,-0.013954345257862398,2,4605.699540967807,1,0.8530602969083747,0.5664109271468065,0.14693970309162535,0.43358907285319337,0,-0.0,137.05901355143143,170.58146448028913
2020-02-11,-0.005842249041413937,2,4578.791897239546,1,0.9186411217511418,0.5123660874684095,0.08135887824885832,0.48763391253159055,0,-0.0,137.05901355143143,169.58488508294616
2020-02-12,0.004836997137257342,2,4600.93950053859,1,0.9635178311668272,0.3846960104788616,0.036482168833172804,0.6153039895211385,0,0.0,137.05901355143143,170.40516668661448
2020-02-13,-0.024027709635427993,2,4490.389462169478,2,0.03857631265404369,0.0010234208280161755,0.9614236873459563,0.9989765791719838,1,-0.0,137.05901355143143,166.3107208210918
2020-02-14,0.024487762873318667,2,4600.349054527934,2,0.000381163670972499,0.00018126318233056883,0.9996188363290275,0.9998187368176695,1,0.024487762873318667,140.41528217492987,170.3832983158494
2020-02-17,0.004669056234798673,2,4621.828342963227,2,0.14051044970817353,0.024672424532550072,0.8594895502918264,0.9753275754674499,1,0.004669056234798673,141.07088902362975,171.17882751715655
2020-02-18,0.0067215579447681105,2,4652.894229981226,2,0.33656805209214913,0.02786934549429349,0.663431947907851,0.9721306545057066,1,0.0067215579447681105,142.01910517852204,172.32941592523062
2020-02-19,0.01006900967761579,2,4699.74426701183,2,0.411140895470717,0.017978639047585156,0.5888591045292829,0.9820213609524149,1,0.01006900967761579,143.4490969229709,174.06460248191962
2020-02-20,0.022424745542383762,2,4805.134836313847,2,0.009157461356033042,0.001929063856688048,0.990842538643967,0.998070936143312,1,0.022424745542383762,146.66590641975327,177.96795690051286
2020-02-21,0.002037381054626462,2,4814.924726994278,2,0.18379173584598713,0.011754240625381968,0.8162082641540128,0.9882457593746179,1,0.002037381054626462,146.9647207588525,178.3305454442325
2020-02-24,0.011262067636593221,2,4869.150734934794,2,0.20804766129525748,0.00807304052999769,0.7919523387047426,0.9919269594700023,1,0.011262067636593221,148.61984738423175,180.33891610869605
2020-02-25,-0.013675061437066854,2,4802.564799488221,2,0.0890558666959136,0.0023184605235817583,0.9109441333040863,0.9976815394764182,1,-0.013675061437066854,146.58746184048488,177.8727703514156
2020-02-26,0.030916927792394674,2,4951.045348612294,2,9.536568580022201e-06,2.3686520254766483e-05,0.99999046343142,0.9999763134797451,1,0.030916927792394674,151.11949581347756,183.3720499486035
2020-02-27,0.0008058794683942069,2,4955.0352944058295,2,0.16444667029053203,0.13342945385326738,0.835553329709468,0.8665705461467327,1,0.0008058794683942069,151.24127991242773,183.51982571873444
2020-02-28,-0.013758929834547854,2,4886.859311462392,2,0.07006630541073468,0.16522311120255273,0.9299336945892652,0.8347768887974472,1,-0.013758929834547854,149.16036175402542,180.99478931342193
2020-03-02,-0.009531301797866034,2,4840.281180521132,2,0.11933774417905864,0.281793544238184,0.8806622558209414,0.7182064557618161,1,-0.009531301797866034,147.73866932986894,179.26967335263453
2020-03-03,-0.010537244385673186,1,4789.277954826607,2,0.1328283555975085,0.3917007498880961,0.8671716444024915,0.6082992501119039,1,-0.010537244385673186,146.18191086592594,177.38066499357802
2020-03-04,-0.0019138379154944605,1,4780.112053088817,2,0.4095403082697417,0.5278909160118803,0.5904596917302584,0.47210908398811974,1,-0.0019138379154944605,145.90214238235131,177.0411871514377
2020-03-05,-0.01374327595977374,1,4714.417654024577,2,0.18240450887070436,0.5614916495402371,0.8175954911292956,0.438508350459763,1,-0.01374327595977374,143.89696897646843,174.60806126016953
2020-03-06,0.0055148009519049935,1,4740.41672899067,2,0.4304236787380214,0.695811167335841,0.5695763212619787,0.30418883266415886,1,0.0055148009519049935,144.69053211795614,175.5709899626174
2020-03-09,0.0033527453707097882,1,4756.310139234029,2,0.7260845822770232,0.7408068263525082,0.27391541772297673,0.2591931736474919,1,0.0033527453707097882,145.17564262970015,176.1596347864455
2020-03-10,-0.005001856858775277,1,4732.519756741638,2,0.8630820630149896,0.7403325101666286,0.1369179369850105,0.2596674898333714,1,-0.005001856858775277,144.44949484588568,175.27850950894955
2020-03-11,0.0005137318631481209,1,4734.951002933654,2,0.9526228153073908,0.7086130297839517,0.04737718469260922,0.2913869702160483,1,0.0005137318631481209,144.52370315400364,175.36855566420942
2020-03-12,-0.0015648457036302314,2,4727.541535199814,2,0.9790924089915888,0.5725251161588318,0.020907591008411247,0.42747488384116805,1,-0.0015648457036302314,144.29754585805037,175.09413093332645
2020-03-13,-0.02235056440546577,2,4621.878313637815,2,0.12498554506683286,0.10007596581534411,0.8750144549331671,0.8999240341846558,1,-0.02235056440546577,141.07241426579935,171.18067828288207
2020-03-16,-0.00547735512893395,2,4596.562644751302,2,0.31252676799078016,0.13401018630616227,0.6874732320092198,0.8659898136938378,1,-0.00547735512893395,140.29971055396948,170.2430609167149
2020-03-17,-0.001016054898098446,2,4591.892284761687,2,0.6388475561944293,0.1397518980027306,0.36115244380557066,0.8602481019972693,1,-0.001016054898098446,140.15715834585933,170.07008462080321
2020-03-18,-0.0059491928853707444,2,4564.574231850794,2,0.790377595807952,0.10713589237703298,0.20962240419204808,0.892864107622967,1,-0.0059491928853707444,139.32333637659434,169.05830488336272
2020-03-19,-0.013775716463960372,2,4501.693951454117,2,0.5129392119173243,0.028074531154110113,0.4870607880826758,0.9719254688458898,1,-0.013775716463960372,137.40405759785742,166.72940560941177
2020-03-20,-0.01952916017810848,2,4413.7796492033485,2,0.028963011145826188,0.0041106957462691985,0.9710369888541739,0.9958893042537308,1,-0.01952916017810848,134.7206717479068,163.47332034086475
2020-03-23,-0.006559805271947187,2,4384.826114191291,2,0.14048214237136475,0.009611948194910874,0.8595178576286352,0.9903880518050892,1,-0.006559805271947187,133.8369303751346,162.40096719227003
2020-03-24,-0.01178122181609034,2,4333.167505115018,2,0.10992380407144635,0.00771777939743521,0.8900761959285536,0.9922822206025649,1,-0.01178122181609034,132.26016781120055,160.48768537463027
2020-03-25,0.008806490064410854,2,4371.327501696242,2,0.22522297906627053,0.006948227757690709,0.7747770209337294,0.9930517722423092,1,0.008806490064410854,133.42491566494718,161.90101858134227
2020-03-26,0.023688397858548035,2,4474.877246726434,2,0.0021665833602345316,0.00015606426476999011,0.9978334166397654,0.9998439357352301,1,0.023688397858548035,136.5855381514617,165.7361943232013
2020-03-27,0.015143406292429837,2,4542.642130982363,2,0.016322586752282892,0.002722256532502125,0.9836774132477171,0.9972777434674978,1,0.015143406292429837,138.65390844935945,168.24600485119862
2020-03-30,-0.0004266533414368659,2,4540.703997538227,2,0.20219196021037142,0.009954072908436156,0.7978080397896284,0.9900459270915639,1,-0.0004266533414368659,138.59475129601626,168.17422213104544
2020-03-31,-0.013144861998700328,2,4481.01707011364,2,0.10192220432881204,0.004896411889634744,0.898077795671188,0.9951035881103653,1,-0.013144861998700328,136.77294241648593,165.96359518939408
2020-04-01,0.014613477960499182,2,4546.500314308366,2,0.05570984752846355,0.003297764152434151,0.9442901524715365,0.9967022358475659,1,0.014613477960499182,138.77167079608185,168.3889005299395
2020-04-02,0.009933092430275452,2,4591.661122164667,2,0.12784892236898893,0.0036665422585399577,0.8721510776310112,0.99633345774146,1,0.009933092430275452,140.1501026288031,170.06152304313582
2020-04-03,0.02221309318141786,2,4693.656118528805,2,0.002780212660164089,0.00029845243964679466,0.9972197873398359,0.9997015475603532,1,0.02221309318141786,143.26326991788198,173.83911550106686
2020-04-06,0.0020567928844631932,2,4703.309997035512,2,0.168160904711113,0.004757926327542665,0.831839095288887,0.9952420736724573,1,0.0020567928844631932,143.55793279205403,174.19666655687084
2020-04-07,0.029747348456974486,2,4843.2209984185,2,3.685120780906693e-05,8.893875171969008e-06,0.9999631487921908,0.999991106124828,1,0.029747348456974486,147.82840064258218,179.37855549698148
2020-04-08,0.0020623941023276597,2,4853.209628841908,2,0.16133134081185796,0.0118148073260723,0.8386686591881422,0.9881851926739276,1,0.0020623941023276597,148.13328106422398,179.7485047719225
2020-04-09,-0.013225524065060069,2,4789.023388102878,2,0.08146027575125613,0.009400650585532518,0.9185397242487439,0.9905993494144675,1,-0.013225524065060069,146.17414079067277,177.3712365964029
2020-04-10,-0.010209945012977787,2,4740.127722644483,2,0.11183579514524912,0.011815217298558743,0.8881642048547509,0.9881847827014413,1,-0.010209945012977787,144.68171085088073,175.56028602386974
2020-04-13,0.007911038784638993,2,4777.6270569024655,2,0.2579071977111007,0.01271113494646869,0.7420928022888993,0.9872888650535312,1,0.007911038784638993,145.82629347685,176.94915025564688
2020-04-14,-0.01182660007089442,2,4721.123972412596,2,0.18297048737666774,0.005333529578370928,0.8170295126233323,0.9946664704216291,1,-0.01182660007089442,144.1016642240784,174.85644342268873
2020-04-15,0.0295957770618128,2,4860.849304981299,2,4.440192289855427e-05,9.116944965796567e-05,0.9999555980771014,0.999908830550342,1,0.0295957770618128,148.36646495269042,180.0314557400481
2020-04-16,0.006353826054132577,2,4891.734295940501,2,0.11783719630941304,0.11014703335004222,0.882162803690587,0.8898529666499578,1,0.006353826054132577,149.30915966326634,181.17534429409264
2020-04-17,0.0011500869542050074,3,4897.360215737699,2,0.4041091053236099,0.151055288285394,0.59589089467639,0.8489447117146058,1,0.0011500869542050074,149.48087817993837,181.38371169398886
2020-04-20,0.003200783167956533,3,4913.035603883653,2,0.7079697774437934,0.1486283914616675,0.29203022255620653,0.8513716085383324,1,0.003200783167956533,149.95933405874808,181.96428162532047
2020-04-21,-0.0062344134355836285,3,4882.4057087053,2,0.8282770797870275,0.10225201915610857,0.17172292021297247,0.8977479808438914,1,-0.0062344134355836285,149.02442557170104,180.82984106315925
2020-04-22,-0.04151460184693974,3,4679.714579653173,2,8.959233490160577e-09,3.283946647347079e-10,0.9999999910407665,0.9999999996716052,1,-0.04151460184693974,142.837735878623,173.32276220937678
2020-04-23,-0.01187966155748435,3,4624.121154261268,2,0.029090153964614326,0.0007070153719204009,0.9709098460353857,0.9992929846280797,1,-0.01187966155748435,141.1408719187476,171.26374645412105
2020-04-24,0.03954966908225082,3,4807.003615708537,2,4.1576408661145135e-09,3.569305227252949e-10,0.9999999958423591,0.9999999996430695,1,0.03954966908225082,146.72294669711442,178.03717095216805
2020-04-27,0.005811295463999301,3,4834.938534015932,2,0.12527374192460683,0.00337486092480675,0.8747262580753932,0.9966251390751933,1,0.005811295463999301,147.57559709171997,179.07179755614564
2020-04-28,0.026377457565303863,3,4962.4719200277905,2,0.00025942833559581597,6.153054568201929e-06,0.9997405716644042,0.9999938469454318,1,0.026377457565303863,151.4682661416812,183.79525629732558
2020-04-29,0.02716702083578239,3,5097.287498076171,2,4.381074987401144e-05,5.333662135628771e-06,0.999956189250126,0.9999946663378644,1,0.02716702083578239,155.5832076839121,188.788425854673
2020-04-30,-0.0007627117375176803,3,5093.399737071886,2,0.1612724035783554,0.005325491077039144,0.8387275964216446,0.9946745089229609,1,-0.0007627117375176803,155.46454254525094,188.64443470636616
2020-05-01,0.01650807196033549,3,5177.481946454222,2,0.04216515006012243,0.0010384305787442347,0.9578348499398776,0.9989615694212557,1,0.01650807196033549,158.03096240086856,191.75859060941565
2020-05-04,-0.03920980392460624,3,4974.473894510564,2,1.9313354905465154e-09,4.560963997460617e-11,0.9999999980686646,0.9999999999543903,1,-0.03920980392460624,151.83459935111367,184.23977387076164
2020-05-05,0.037113508743147394,3,5159.09407488704,2,2.412862682570212e-08,5.697904980095748e-10,0.9999999758713732,0.9999999994302095,1,0.037113508743147394,157.4697140816435,191.07755832914964
2020-05-06,0.03470228385368629,3,5338.126421901641,2,1.8474944967533545e-07,3.758570124553545e-08,0.9999998152505504,0.9999999624142987,1,0.03470228385368629,162.93427279806352,197.7083859963571
2020-05-07,0.012550754657068472,3,5405.123936951344,2,0.0349230644896448,0.009751823967659171,0.9650769355103552,0.9902481760323408,1,0.012550754657068472,164.97922088117986,200.18977544264237
2020-05-08,0.006716844145597678,3,5441.429312023484,2,0.1744901950700107,0.022263045872845087,0.8255098049299893,0.977736954127155,1,0.006716844145597678,166.08736059510088,201.53441896383276
2020-05-11,-0.00043885177478613204,3,5439.04133111253,2,0.48624750992603677,0.021864855763884986,0.5137524900739633,0.978135144236115,1,-0.00043885177478613204,166.01447286213417,201.44597522639
2020-05-12,0.02951822548148412,3,5599.592179527421,2,0.00016573408847623955,4.117378753701442e-06,0.9998342659115238,0.9999958826212464,1,0.02951822548148412,170.91492550526837,207.39230294546002
2020-05-13,0.019492467766208617,3,5708.742049590774,2,0.002814342004660254,6.663988250255e-05,0.9971856579953398,0.9999333601174976,1,0.019492467766208617,174.2464791814438,211.4348907255842
2020-05-14,-0.07101356551575189,3,5303.343922039632,2,3.9945306806668425e-28,2.098859771313925e-29,1.0,1.0,1,-0.07101356551575189,161.87261541620325,196.4201452607271
2020-05-15,-0.008861023535078304,3,5256.350866731825,2,0.062355241055786215,0.0015682576826634715,0.9376447589442138,0.9984317423173366,1,-0.008861023535078304,160.43825836131558,194.6796617308083
2020-05-18,-0.0277917473656536,3,5110.267691378379,2,2.7035025620270816e-05,6.384530196235493e-07,0.9999729649743797,0.9999993615469803,1,-0.0277917473656536,155.97939881715243,189.26917375475477
2020-05-19,-0.032167036893022645,3,4945.885522016589,2,4.905501626512099e-07,1.1623486507290276e-08,0.9999995094498374,0.9999999883765134,1,-0.032167036893022645,150.9620037408496,183.18094525987368
2020-05-20,0.029220669684462984,3,5090.407609152604,2,1.1255169724429899e-05,4.330123801348987e-06,0.9999887448302756,0.9999956698761986,1,0.029220669684462984,155.37321458706563,188.53361515380013
2020-05-21,-0.0009730144719796019,3,5085.454568880623,2,0.16015472297136266,0.019586416308013912,0.8398452770286373,0.9804135836919861,1,-0.0009730144719796019,155.22203420071443,188.35016921780087
2020-05-22,0.012126020680578038,3,5147.120896153009,2,0.15498533652138471,0.01950545181907773,0.8450146634786153,0.9804945481809222,1,0.012126020680578038,157.1042597975137,190.63410726492626
2020-05-25,-0.00011720596091540367,2,5146.517622902428,2,0.4604765777004633,0.019790006043783965,0.5395234222995366,0.9802099939562161,1,-0.00011720596091540367,157.08584624178022,190.61176381120103
2020-05-26,-0.024593860035394252,2,5019.9448888150755,2,0.0015586112589342535,3.688949524559205e-05,0.9984413887410657,0.9999631105047544,1,-0.024593860035394252,153.22249892576843,185.92388477092874
2020-05-27,-0.02951847417587552,2,4871.76377525027,2,3.7203632198921236e-06,9.610969463158234e-07,0.9999962796367802,0.9999990389030536,1,-0.02951847417587552,148.69960454806503,180.4356953796396
2020-05-28,-0.009206072897386425,2,4826.913962796469,2,0.05783722623571914,0.012728845033763455,0.9421627737642809,0.9872711549662365,1,-0.009206072897386425,147.330665148783,178.77459121468405
2020-05-29,-0.007775738419341465,2,4789.381142449097,2,0.151753331355441,0.0212923247203002,0.848246668644559,0.9787076752796998,1,-0.007775738419341465,146.18506043543846,177.38448675737396
2020-06-01,-0.007786638677731718,2,4752.087962002904,2,0.2641975531293383,0.022380396897549854,0.7358024468706618,0.9776196031024502,1,-0.007786638677731718,145.04677018974533,176.0032578519594
2020-06-02,-0.0072894309219128876,2,4717.44794506903,2,0.4113913261637537,0.016237360668208058,0.5886086738362463,0.9837626393317919,1,-0.0072894309219128876,143.98946177800062,174.72029426181592
2020-06-03,0.03588146370409513,2,4886.716882285982,2,9.502898189956943e-07,6.254674011452043e-07,0.9999990497101809,0.9999993745325988,1,0.03588146370409513,149.1560144245601,180.9895141587401
2020-06-04,0.017045102172573157,2,4970.011470832985,2,0.007837070606321054,0.034410839151698555,0.992162929393679,0.9655891608483015,1,0.017045102172573157,151.69839393008053,184.07449891974017
2020-06-05,0.002798204862477243,2,4983.918581097237,2,0.1759097447971686,0.2692812230238722,0.8240902552028314,0.7307187769761279,1,0.002798204862477243,152.12287711360568,184.58957707767544
2020-06-08,-0.0027888226694531507,2,4970.0193159755645,2,0.45633245582485343,0.33341315753099676,0.5436675441751465,0.6665868424690031,1,-0.0027888226694531507,151.69863338536882,184.07478948057647
2020-06-09,-0.0021700002571771486,2,4959.234372781722,2,0.7431470502546975,0.3412983611488308,0.2568529497453026,0.6587016388511693,1,-0.0021700002571771486,151.36944731190914,183.6753471400638
2020-06-10,0.011687521389880426,2,5017.195530591039,2,0.700262258320369,0.3022272666460175,0.29973774167963096,0.6977727333539824,1,0.011687521389880426,153.13858096514144,185.822056688557
2020-06-11,-0.0029528984419544815,2,5002.380261725776,2,0.8756653694549951,0.2701919588802426,0.12433463054500493,0.7298080411197573,1,-0.0029528984419544815,152.68637828800635,185.27334302688058
2020-06-12,0.014993898144644665,2,5077.385441850874,2,0.6536799888400439,0.15015491348736063,0.34632001115995603,0.8498450865126395,1,0.014993898144644665,154.9757422921314,188.05131266114344
2020-06-15,0.004736792566163868,2,5101.435963467381,2,0.846982277200457,0.11564659611621257,0.1530177227995429,0.8843534038837875,1,0.004736792566163868,155.7098302361565,188.9420727210141
2020-06-16,0.03609074468605309,2,5285.550586357131,2,5.311788617726679e-06,5.7954246108444064e-05,0.9999946882113823,0.9999420457538916,1,0.03609074468605309,161.32951396431827,195.7611328280419
2020-06-17,-0.004012613306793127,2,5264.341715740586,1,0.1316359828544469,0.5904461626694525,0.8683640171455531,0.40955383733054757,0,-0.004012613306793127,160.68216100980658,194.97561910150318
2020-06-18,0.0074490969004251,1,5303.556307298088,1,0.3001639369111536,0.800431949385674,0.6998360630888464,0.19956805061432606,0,0.0,160.68216100980658,196.42801138141064
2020-06-19,-0.005439435562753185,1,5274.7079545111055,1,0.5268418276634002,0.9003803281045771,0.4731581723365999,0.09961967189542291,0,-0.0,160.68216100980658,195.3595538707817
2020-06-22,-0.002942613764174831,1,5259.186526282158,1,0.7797375608025279,0.9426337900333789,0.22026243919747215,0.05736620996662118,0,-0.0,160.68216100980658,194.78468615859848
2020-06-23,0.012284188123200717,1,5323.791362946012,1,0.7049262445819678,0.9534053733976326,0.2950737554180321,0.04659462660236733,0,0.0,160.68216100980658,197.17745788688933
2020-06-24,0.006020406384132526,1,5355.842750455281,1,0.8562492201560312,0.9735763376452469,0.14375077984396875,0.026423662354753172,0,0.0,160.68216100980658,198.36454631315857
2020-06-25,0.003774091327835628,1,5376.056190133027,1,0.9445943437814874,0.9799313660570168,0.055405656218512525,0.020068633942983142,0,0.0,160.68216100980658,199.1131922271491
2020-06-26,0.01522049351142965,1,5457.882418492028,1,0.7776417960786237,0.9761879711720085,0.22235820392137634,0.023812028827991508,0,0.0,160.68216100980658,202.1437932774825
2020-06-29,0.0004542872177984877,1,5460.361864710996,1,0.9225774852522316,0.9905765345097818,0.07742251474776843,0.009423465490218172,0,0.0,160.68216100980658,202.23562461892578
2020-06-30,0.007433155597747904,1,5500.949584071402,1,0.9514441470762622,0.9936863632173597,0.04855585292373777,0.006313636782640214,0,0.0,160.68216100980658,203.73887348412597
2020-07-01,0.00792218183336228,1,5544.529106932574,1,0.9628997105104108,0.9947761571621926,0.03710028948958927,0.005223842837807422,0,0.0,160.68216100980658,205.35292988639165
2020-07-02,0.010600589193806575,1,5603.30438226827,1,0.947206293265284,0.9949168240195908,0.05279370673471599,0.005083175980409089,0,0.0,160.68216100980658,207.52979193586185
2020-07-03,-0.006078072358112128,1,5569.247092788317,1,0.9638745514049366,0.9970359195725528,0.03612544859506351,0.0029640804274471237,0,-0.0,160.68216100980658,206.26841084401173
2020-07-06,0.00041516992044204475,1,5571.5592766607515,1,0.9834899760417728,0.9984660043950568,0.01651002395822718,0.0015339956049431453,0,0.0,160.68216100980658,206.35404728373152
2020-07-07,0.0027725744618208826,1,5587.006839623742,1,0.9884194663247835,0.9984915138426258,0.011580533675216472,0.0015084861573742864,0,0.0,160.68216100980658,206.92617924532377
2020-07-08,0.010482267614351884,1,5645.571340479893,1,0.9700685812871952,0.997359058385919,0.029931418712804803,0.0026409416140811253,0,0.0,160.68216100980658,209.0952348325886
2020-07-09,0.003521205809083879,1,5665.450559079587,1,0.9837633682360092,0.9982786406549281,0.01623663176399086,0.001721359345071902,0,0.0,160.68216100980658,209.83150218813287
2020-07-10,0.007936822933547843,1,5710.416237005773,1,0.9796259859777268,0.99798295382524,0.020374014022273356,0.002017046174759848,0,0.0,160.68216100980658,211.49689766688047
2020-07-13,-0.006565646890821955,1,5672.923660393977,1,0.9777080952766367,0.9980914921716119,0.02229190472336337,0.0019085078283882112,0,-0.0,160.68216100980658,210.10828371829544
2020-07-14,-0.0009853810201599514,1,5667.333669090209,1,0.9869975861863416,0.9986226875631302,0.013002413813658496,0.0013773124368697618,0,-0.0,160.68216100980658,209.90124700334104
2020-07-15,0.009054240879869717,1,5718.6470732767475,1,0.9770153867006671,0.9981417405235371,0.02298461329933294,0.00185825947646282,0,0.0,160.68216100980658,211.80174345469433
2020-07-16,-0.00023843094570321765,1,5717.283570846923,1,0.9870903653097067,0.9988239016817356,0.012909634690293242,0.001176098318264422,0,-0.0,160.68216100980658,211.75124336470085
2020-07-17,0.0008934742854888052,1,5722.391816700324,1,0.990006278374812,0.9986841691073389,0.009993721625188051,0.0013158308926610911,0,0.0,160.68216100980658,211.94043765556754
2020-07-20,0.010367030379349834,1,5781.716026506599,1,0.972140255724887,0.9974267645507424,0.02785974427511297,0.002573235449257608,0,0.0,160.68216100980658,214.13763061135552
2020-07-21,-0.004281768089909967,1,5756.960059319382,1,0.9811294618565024,0.9981285539936486,0.018870538143497612,0.00187144600635134,0,-0.0,160.68216100980658,213.2207429377549
2020-07-22,-0.0030337704861370133,1,5739.494763801548,1,0.9863252043301914,0.9981454143000141,0.013674795669808504,0.0018545856999857638,0,-0.0,160.68216100980658,212.5738801407981
2020-07-23,-0.00713853876044499,1,5698.523157964781,1,0.979109090182311,0.9970096462121956,0.020890909817689013,0.0029903537878044296,0,-0.0,160.68216100980658,211.05641325795483
2020-07-24,0.010652090960818214,1,5759.2243449857515,1,0.9607520716042227,0.9961232444239021,0.03924792839577721,0.0038767555760979185,0,0.0,160.68216100980658,213.30460536984265
2020-07-27,0.006858902536055806,1,5798.726303451287,1,0.9727183894379177,0.997357659683448,0.027281610562082247,0.002642340316552045,0,0.0,160.68216100980658,214.7676408685662
2020-07-28,0.006690592921949566,1,5837.5232206134815,1,0.9785278660427382,0.9979215434356365,0.02147213395726178,0.0020784565643633857,0,0.0,160.68216100980658,216.20456372642525
2020-07-29,-0.0011489883010517348,1,5830.815974725879,1,0.9871485202496876,0.9981453771606679,0.012851479750312504,0.001854622839332206,0,-0.0,160.68216100980658,215.9561472120696
2020-07-30,-0.007537434800581576,1,5786.866579482194,1,0.9779838399454357,0.9967583801589013,0.022016160054564426,0.00324161984109874,0,-0.0,160.68216100980658,214.32839183267384
2020-07-31,-0.00907239248174135,1,5734.365854633659,1,0.9621038698265917,0.9958436709345846,0.03789613017340834,0.004156329065415416,0,-0.0,160.68216100980658,212.38392054198738
2020-08-03,0.009105636911063109,1,5786.580908021152,1,0.9609339906058207,0.9967466173623215,0.03906600939417925,0.003253382637678533,0,0.0,160.68216100980658,214.3178114081908
2020-08-04,0.004183454720314158,1,5810.788807235293,1,0.9799355022612886,0.9983249248214228,0.020064497738711495,0.001675075178577137,0,0.0,160.68216100980658,215.21440026797382
2020-08-05,0.005353571538720591,1,5841.897280811223,1,0.984467115971571,0.9987759426620566,0.015532884028429011,0.0012240573379433285,0,0.0,160.68216100980658,216.36656595597123
2020-08-06,0.002487148543816255,1,5856.426947126317,1,0.9888544381793533,0.9990741426635752,0.011145561820646709,0.0009258573364248331,0,0.0,160.68216100980658,216.90470174541915
2020-08-07,-0.0037237875332000576,1,5834.618857471511,1,0.9880723935393692,0.999021271190348,0.011927606460630841,0.000978728809651912,0,-0.0,160.68216100980658,216.09699472116705
2020-08-10,-0.0008840504612006443,1,5829.460759979633,1,0.9900058384585155,0.9990368147695398,0.009994161541484406,0.0009631852304602028,0,-0.0,160.68216100980658,215.90595407331975
2020-08-11,-0.005131546642905505,1,5799.5466101868105,1,0.9863418539070873,0.998606448087127,0.013658146092912611,0.0013935519128729695,0,-0.0,160.68216100980658,214.7980225995115
2020-08-12,-0.005821535903294625,1,5765.784341372779,1,0.9832577641236796,0.9982544391914072,0.016742235876320247,0.001745560808592742,0,-0.0,160.68216100980658,213.5475681989918
2020-08-13,0.006309899636013879,1,5802.165861889741,1,0.9838873005597727,0.9980290394528136,0.016112699440227318,0.0019709605471863157,0,0.0,160.68216100980658,214.89503192184225
2020-08-14,-0.008623003621739062,1,5752.1337646487345,1,0.9700842111588611,0.9973459895504619,0.029915788841138925,0.002654010449538017,0,-0.0,160.68216100980658,213.04199128328648
2020-08-17,-0.0050949243612298575,1,5722.827078202173,1,0.9782517076336757,0.9982534735288616,0.021748292366324272,0.0017465264711383013,0,-0.0,160.68216100980658,211.95655845193232
2020-08-18,-0.0005477988999821477,1,5719.692119823946,1,0.9873423601051733,0.9988761394039357,0.012657639894826697,0.0011238605960643513,0,-0.0,160.68216100980658,211.84044888236838
2020-08-19,0.0014322530368757595,1,5727.8841662325585,1,0.9900116835955676,0.9987759977332967,0.0099883164044324,0.0012240022667032934,0,0.0,160.68216100980658,212.14385800861328
2020-08-20,-0.0072041529695092265,1,5686.619612507388,1,0.9809417275658927,0.9977320484402314,0.01905827243410721,0.0022679515597684506,0,-0.0,160.68216100980658,210.61554120397736
2020-08-21,-0.008757962401190016,1,5636.816411751179,1,0.9669264932305773,0.9972986787038343,0.03307350676942266,0.0027013212961656888,0,-0.0,160.68216100980658,208.77097821300663
2020-08-24,0.0034428484277623937,1,5656.223116271962,1,0.9828744097283946,0.9985555839425359,0.017125590271605422,0.0014444160574641602,0,0.0,160.68216100980658,209.4897450471097
2020-08-25,0.0021434848043879687,1,5668.347144571919,1,0.988550485408428,0.9988164491995,0.011449514591571874,0.001183550800499958,0,0.0,160.68216100980658,209.93878313229328
2020-08-26,0.008984842579843066,1,5719.2763513538,1,0.9782834029271805,0.9983057673416214,0.021716597072819442,0.001694232658378569,0,0.0,160.68216100980658,211.82505005014076
2020-08-27,0.0015337850181937028,1,5728.048491736417,1,0.9874537978716151,0.9989798059735362,0.012546202128384854,0.0010201940264637774,0,0.0,160.68216100980658,212.14994413838585
2020-08-28,0.004059788174218328,1,5751.303155264518,1,0.9886604237735407,0.999048068853297,0.011339576226459331,0.0009519311467029951,0,0.0,160.68216100980658,213.01122797275994
2020-08-31,-0.003411950126840532,1,5731.679995734415,1,0.988373796243405,0.9989857359119846,0.011626203756594958,0.0010142640880154757,0,-0.0,160.68216100980658,212.2844442864598
2020-09-01,-0.0031774055053056887,1,5713.468124161318,1,0.9885323611400805,0.9988627453438433,0.011467638859919537,0.001137254656156746,0,-0.0,160.68216100980658,211.60993052449325
2020-09-02,-0.006663179412347711,1,5675.398260983302,1,0.9819354564986562,0.9984514241578429,0.018064543501343754,0.0015485758421571148,0,-0.0,160.68216100980658,210.19993559197414
2020-09-03,-0.0033574311867754438,1,5656.343501864505,1,0.986186982846119,0.9987344141261185,0.013813017153880943,0.001265585873881392,0,-0.0,160.68216100980658,209.49420377275945
2020-09-04,-0.0009696980697521668,1,5650.858556488892,1,0.9894367382683213,0.9986344614773913,0.010563261731678642,0.0013655385226086984,0,-0.0,160.68216100980658,209.29105764773675
2020-09-07,0.008286452436042403,1,5697.684127140041,1,0.9814250462285101,0.997466135140849,0.018574953771489974,0.002533864859150944,0,0.0,160.68216100980658,211.02533804222375
2020-09-08,-0.0042120823195585435,1,5673.685012565685,1,0.9847046465602527,0.9965993570358411,0.015295353439747332,0.0034006429641589018,0,-0.0,160.68216100980658,210.1364819468772
2020-09-09,0.01367089476664033,1,5751.249363311535,1,0.9244275088662398,0.9935354156804884,0.0755724911337601,0.0064645843195114926,0,0.0,160.68216100980658,213.009235678205
2020-09-10,0.004602661285592591,1,5777.720416099837,1,0.9663938321420662,0.9973355452708543,0.03360616785793376,0.002664454729145689,0,0.0,160.68216100980658,213.98964504073473
2020-09-11,0.0032827945847089895,1,5796.6874853937725,1,0.9828842826251609,0.9986791460467487,0.017115717374839044,0.0013208539532512209,0,0.0,160.68216100980658,214.69212908865822
2020-09-14,0.0010628688318746575,1,5802.848603850115,1,0.9888267644488147,0.9991064929021373,0.011173235551185347,0.0008935070978626253,0,0.0,160.68216100980658,214.92031866111537
2020-09-15,-8.201200977093169e-05,1,5802.372700573716,1,0.9904296208427981,0.9991277954565511,0.009570379157201917,0.0008722045434489902,0,-0.0,160.68216100980658,214.90269261384137
2020-09-16,-0.0025449507100470015,1,5787.605948049434,1,0.9897593294228785,0.9987959870723575,0.010240670577121627,0.0012040129276424103,0,-0.0,160.68216100980658,214.35577585368276
2020-09-17,-0.0074188178774744675,1,5744.668753574268,1,0.980012122924305,0.997883112845121,0.019987877075695014,0.0021168871548789612,0,-0.0,160.68216100980658,212.76550939163954
2020-09-18,-0.004022047407818385,1,5721.563423505178,1,0.9845207081697691,0.9978085532621875,0.01547929183023088,0.0021914467378124423,0,-0.0,160.68216100980658,211.90975642611772
2020-09-21,0.010634700832664405,1,5782.410538809271,1,0.9656134367657841,0.9966394905176088,0.034386563234215926,0.0033605094823911854,0,0.0,160.68216100980658,214.16335328923228
2020-09-22,0.004213898475111652,1,5806.77702976123,1,0.9814289791828279,0.9976057004311288,0.018571020817172046,0.002394299568871116,0,0.0,160.68216100980658,215.06581591708257
2020-09-23,0.01057037973877123,1,5868.156868024181,1,0.9634688872599375,0.9969128504682871,0.03653111274006248,0.0030871495317127654,0,0.0,160.68216100980658,217.33914326015486
2020-09-24,-0.0026900854836918627,1,5852.371024417483,1,0.9810440060806545,0.9983109874531301,0.018955993919345566,0.0016890125468699794,0,-0.0,160.68216100980658,216.7544823858327
2020-09-25,-0.005288540384157201,1,5821.420523911779,1,0.9822962733334436,0.9985670704478048,0.017703726666556438,0.001432929552195146,0,-0.0,160.68216100980658,215.6081675522881
2020-09-28,0.0010045008095553565,1,5827.268145540811,1,0.9886690154806339,0.9989405883663646,0.01133098451936607,0.0010594116336355005,0,0.0,160.68216100980658,215.82474613114115
2020-09-29,-0.0038198393863518513,1,5805.00891716364,1,0.9878870952873007,0.9986542208326136,0.012112904712699277,0.0013457791673864852,0,-0.0,160.68216100980658,215.00033026532003
2020-09-30,0.0022027154707444864,1,5817.795700113286,1,0.9899524509113776,0.998000880046384,0.01004754908862246,0.0019991199536159806,0,0.0,160.68216100980658,215.47391481901062
2020-10-01,-0.008535373877221763,1,5768.138638671526,1,0.9750917614421482,0.9951695450552335,0.02490823855785178,0.004830454944766445,0,-0.0,160.68216100980658,213.6347643952417
2020-10-02,-0.011162413855428733,1,5703.752288011186,1,0.9328538968765705,0.9933463180937935,0.06714610312342943,0.0066536819062065124,0,-0.0,160.68216100980658,211.250084741155
2020-10-05,0.0030443394190854327,1,5721.116445938276,1,0.9727161808350689,0.9963026635840541,0.027283819164931028,0.0036973364159459316,0,0.0,160.68216100980658,211.89320170141764
2020-10-06,0.010835434321026221,1,5783.107227431184,1,0.9532338623137249,0.9959733373992448,0.04676613768627519,0.0040266626007552705,0,0.0,160.68216100980658,214.1891565715253
2020-10-07,0.003314114056196271,1,5802.273104382103,1,0.9787600267277431,0.9979536217143511,0.021239973272256928,0.0020463782856489734,0,0.0,160.68216100980658,214.89900386600382
2020-10-08,0.004149961475130335,1,5826.352314233473,1,0.98579407103727,0.9981743563128161,0.01420592896273004,0.0018256436871837837,0,0.0,160.68216100980658,215.79082645309163
2020-10-09,0.0012560323484744691,1,5833.670401213761,1,0.9896107614006613,0.9972356056947114,0.010389238599338711,0.0027643943052886527,0,0.0,160.68216100980658,216.06186671162075
2020-10-12,0.001816164944216468,1,5844.265308892558,1,0.9905584093081597,0.9928522397727177,0.009441590691840208,0.007147760227282338,0,0.0,160.68216100980658,216.4542706997244
2020-10-13,-0.007682286981429882,1,5799.36798559403,1,0.9794653672331842,0.9769005773385314,0.020534632766815802,0.023099422661468534,0,-0.0,160.68216100980658,214.79140687385296
2020-10-14,-0.0036131796555385997,1,5778.413827173499,1,0.984986075181412,0.9531868009405599,0.015013924818587918,0.04681319905944017,0,-0.0,160.68216100980658,214.01532693235183
2020-10-15,0.008216559051262624,1,5825.892505607103,1,0.9792675222474001,0.8825343578744942,0.020732477752599884,0.11746564212550585,0,0.0,160.68216100980658,215.77379650396676
2020-10-16,-0.005753876588035473,1,5792.37103911468,1,0.9802601789983041,0.7533688522482735,0.01973982100169583,0.24663114775172632,0,-0.0,160.68216100980658,214.53226070795108
2020-10-19,-0.007710211242370048,3,5747.710634808919,1,0.972939042879509,0.46531616406841425,0.02706095712049099,0.5346838359315857,0,-0.0,160.68216100980658,212.8781716595896
2020-10-20,0.030527442499479585,3,5923.173540716695,2,0.0016194440137454083,0.011484635272938673,0.9983805559862545,0.9885153647270613,1,0.0,160.68216100980658,219.37679780432205
2020-10-21,0.003742922840997619,3,5945.343522253436,1,0.15317673775139262,0.3942179150607765,0.8468232622486074,0.6057820849392235,0,0.003742922840997619,161.283581940391,220.19790823160875
2020-10-22,0.00500122791225079,3,5975.077540224849,1,0.40426350574905767,0.5095439871322384,0.5957364942509423,0.4904560128677617,0,0.0,161.283581940391,221.2991681564759
2020-10-23,-0.007527911605062536,3,5930.097684668642,1,0.5401845712539803,0.5424189385242772,0.45981542874601966,0.4575810614757227,0,-0.0,161.283581940391,219.63324758032007
2020-10-26,0.01790271691721476,3,6036.262544808696,1,0.1098939292892181,0.5548555649087759,0.8901060707107818,0.4451444350912242,0,0.0,161.283581940391,223.5652794373591
2020-10-27,0.0065402139007675044,1,6075.740993012936,1,0.2983984001524981,0.7974069329614513,0.7016015998475018,0.2025930670385487,0,0.0,161.283581940391,225.0274441856643
2020-10-28,-0.003915936763047696,1,6051.948775495641,1,0.5731645563373838,0.897803074769945,0.42683544366261617,0.10219692523005494,0,-0.0,161.283581940391,224.146250944283
2020-10-29,-0.007187397721346668,1,6008.451012656937,1,0.7019078079117402,0.9318334550922847,0.29809219208825977,0.06816654490771529,0,-0.0,161.283581940391,222.53522269099767
2020-10-30,-0.01021723223861978,1,5947.06127326625,1,0.6679890018620979,0.9506040557522957,0.3320109981379021,0.049395944247704354,0,-0.0,161.283581940391,220.26152863949076
2020-11-02,0.003847947961475262,1,5969.945255569484,1,0.8638688767100972,0.975029256620173,0.13613112328990284,0.02497074337982701,0,0.0,161.283581940391,221.1090835396105
2020-11-03,0.0031314716271857845,1,5988.639969753152,1,0.949493486061611,0.9808309417066867,0.050506513938388946,0.01916905829331331,0,0.0,161.283581940391,221.80148036122787
2020-11-04,0.015757997104596744,1,6083.008941056994,1,0.7557407957432904,0.9763710299182624,0.24425920425670955,0.02362897008173749,0,0.0,161.283581940391,225.29662744655536
2020-11-05,0.0012909761512853901,1,6090.8619605279555,1,0.9138759997325663,0.992976327986468,0.08612400026743368,0.007023672013532027,0,0.0,161.283581940391,225.5874800195539
2020-11-06,0.00020666208085314398,1,6092.120710734907,1,0.9686710190502141,0.9975517074904064,0.03132898094978589,0.0024482925095935786,0,0.0,161.283581940391,225.63410039758915
2020-11-09,0.0024043538844314176,1,6106.768324830187,1,0.9843097082478673,0.9987859834289254,0.015690291752132664,0.0012140165710745852,0,0.0,161.283581940391,226.17660462334027
2020-11-10,0.002730186837176082,1,6123.440943328323,1,0.9886827523016012,0.9991264052765748,0.011317247698398774,0.0008735947234251762,0,0.0,161.283581940391,226.79410901216008
2020-11-11,-0.0002497585401724519,1,6121.9115616574845,1,0.9903581377920653,0.9992208667218573,0.00964186220793465,0.000779133278142616,0,-0.0,161.283581940391,226.7374652465735
2020-11-12,-0.003734470956957068,1,6099.049460729415,1,0.988577864350944,0.999135232767195,0.011422135649056043,0.0008647672328050968,0,-0.0,161.283581940391,225.8907207677561
2020-11-13,0.0009690869442147695,1,6104.959969933928,1,0.9904120636739038,0.9992704163900894,0.009587936326096226,0.0007295836099106815,0,0.0,161.283581940391,226.10962851607138
2020-11-16,0.0007452860201347788,1,6109.5099112530015,1,0.9909269197109245,0.9992922286753984,0.00907308028907554,0.0007077713246015851,0,0.0,161.283581940391,226.27814486122227
2020-11-17,0.0006498382475291365,1,6113.480104466992,1,0.9910691686382486,0.9992399195032189,0.008930831361751528,0.0007600804967811543,0,0.0,161.283581940391,226.42518905433303
2020-11-18,0.005706597795201723,1,6148.367276552153,1,0.9879729979966685,0.9990130075339075,0.01202700200333144,0.000986992466092539,0,0.0,161.283581940391,227.71730653896864
2020-11-19,0.0008621157190602836,1,6153.667880627824,1,0.9902515362160161,0.9990340459845054,0.009748463783983828,0.0009659540154945555,0,0.0,161.283581940391,227.91362520843794
2020-11-20,-0.007071017394100957,1,6110.155188006385,1,0.981533222823935,0.9985260324783812,0.01846677717606499,0.0014739675216187411,0,-0.0,161.283581940391,226.3020440002365
2020-11-23,-0.002857073212955699,1,6092.69802729173,1,0.9866591442143764,0.9989697793245401,0.013340855785623587,0.001030220675459894,0,-0.0,161.283581940391,225.6554824922863
2020-11-24,-0.00032182781791267607,1,6090.737227580406,1,0.9897780563851835,0.9991791574781724,0.010221943614816488,0.000820842521827516,0,-0.0,161.283581940391,225.58286028075577
2020-11-25,0.001139899549382643,1,6097.680056201532,1,0.9907279368907564,0.9991384143143275,0.009272063109243583,0.0008615856856726051,0,0.0,161.283581940391,225.84000208153822
2020-11-26,0.003978156526140385,1,6121.937581911427,1,0.9897596854109476,0.9987476741169088,0.010240314589052387,0.0012523258830913194,0,0.0,161.283581940391,226.73842895968247
2020-11-27,0.0011868464888607215,1,6129.203382035543,1,0.9907176479096549,0.9977241627679209,0.009282352090345149,0.0022758372320790983,0,0.0,161.283581940391,227.00753266798307
2020-11-30,-0.011052799398123227,1,6061.458526583606,1,0.9552333057138119,0.9937638573250314,0.044766694286187986,0.006236142674968616,0,-0.0,161.283581940391,224.49846394754096
2020-12-01,-0.0064581684570466456,1,6022.312606323528,1,0.9657428665547131,0.9944088307580523,0.034257133445286914,0.005591169241947689,0,-0.0,161.283581940391,223.04861504901953
2020-12-02,0.004399572379977228,1,6048.808206529897,1,0.981174199913717,0.9938621515302238,0.018825800086282887,0.006137848469776183,0,0.0,161.283581940391,224.02993357518136
2020-12-03,-0.000480657225581248,1,6045.900803159274,1,0.9881932446205225,0.9885990349255914,0.011806755379477517,0.011400965074408529,0,-0.0,161.283581940391,223.92225196886199
2020-12-04,0.009744356821099713,1,6104.814217890232,1,0.9743951073134512,0.9679334627856409,0.025604892686548825,0.03206653721435911,0,0.0,161.283581940391,226.1042302922308
2020-12-07,0.0039166864300527885,3,6128.724860895435,1,0.9846725223008694,0.941664561084251,0.015327477699130586,0.058335438915749015,0,0.0,161.283581940391,226.9898096627939
2020-12-08,-0.008227149277950983,3,6078.302926581358,1,0.9730262113535824,0.8549997479861272,0.026973788646417658,0.14500025201387273,0,-0.0,161.283581940391,225.1223306141244
2020-12-09,-0.015135066588523495,3,5986.307407042333,1,0.78151494555627,0.7335453654191768,0.2184850544437299,0.2664546345808232,0,-0.0,161.283581940391,221.71508914971602
2020-12-10,-0.007361742162203209,3,5942.237755407999,1,0.8492389822398989,0.7227350694528418,0.15076101776010112,0.2772649305471582,0,-0.0,161.283581940391,220.0828798299259
2020-12-11,0.0013903316588975622,2,5950.499436684039,1,0.9477136411715622,0.693341868800422,0.05228635882843783,0.3066581311995781,0,0.0,161.283581940391,220.3888680253348
2020-12-14,-0.0014451716372385396,2,5941.89994367074,1,0.9777189645849382,0.5645102194619491,0.022281035415061826,0.4354897805380509,0,-0.0,161.283581940391,220.07036828410148
2020-12-15,0.015591974437943827,2,6034.545895705273,2,0.8444236396026754,0.11360996890211317,0.15557636039732464,0.8863900310978869,1,0.0,161.283581940391,223.50169984093606
2020-12-16,-0.028228163432098264,2,5864.201747922807,2,0.0008074772323040443,2.2788826341646727e-05,0.999192522767696,0.9999772111736583,1,-0.028228163432098264,156.73084263046343,217.19265733047433
2020-12-17,-0.02610381657147758,2,5711.123701156893,2,3.765322968254772e-05,0.00025260858307533913,0.9999623467703174,0.9997473914169247,1,-0.02610381657147758,152.6395694633447,211.52310004284786
2020-12-18,-0.005545777234068303,2,5679.451081354069,1,0.11050158060738542,0.36275826968269903,0.8894984193926145,0.637241730317301,0,-0.005545777234068303,151.79306441399692,210.3500400501507
2020-12-21,0.008246329107686185,2,5726.285704121919,1,0.24492876984866013,0.5188876007344562,0.7550712301513399,0.4811123992655438,0,0.0,151.79306441399692,212.0846557082192
2020-12-22,0.012164792885447643,2,5795.944783715461,1,0.21854273489173912,0.6019924201717729,0.7814572651082609,0.39800757982822704,0,0.0,151.79306441399692,214.66462161909115
2020-12-23,-0.0026590624043603167,1,5780.533004843335,1,0.5137160611881363,0.7163534693561503,0.4862839388118637,0.28364653064384965,0,-0.0,151.79306441399692,214.0938149941976
2020-12-24,-0.014746253752869459,1,5695.291798327078,1,0.18679633368413334,0.7465947254505452,0.8132036663158667,0.2534052745494549,0,-0.0,151.79306441399692,210.93673327137327
2020-12-25,-0.002477466689514897,1,5681.1819026096555,1,0.4770101190826437,0.9221007209783029,0.5229898809173564,0.07789927902169715,0,-0.0,151.79306441399692,210.41414454109835
2020-12-28,0.003150824032415279,1,5699.08230708092,1,0.761393340502964,0.9763241882530787,0.23860665949703594,0.02367581174692132,0,0.0,151.79306441399692,211.0771224844785
2020-12-29,0.0007081409049620267,1,5703.11806038331,1,0.916436245289513,0.9923490557565997,0.08356375471048713,0.0076509442434002616,0,0.0,151.79306441399692,211.22659482901147
2020-12-30,0.004275748997606531,1,5727.503161713226,1,0.964539365581698,0.9965328222780816,0.03546063441830204,0.00346717772191837,0,0.0,151.79306441399692,212.12974673011948
2020-12-31,0.007979429009986948,1,5773.205366596593,1,0.9694606319038723,0.9975614802435596,0.03053936809612767,0.0024385197564403493,0,0.0,151.79306441399692,213.82242098505898
2021-01-01,-0.00015117743816182004,1,5772.332588199289,1,0.9849714922697699,0.9987099125361774,0.01502850773023012,0.0012900874638226635,0,-0.0,151.79306441399692,213.7900958592329
2021-01-04,-0.0018596935071490623,1,5761.597818763909,1,0.9886026655099158,0.9988146996064257,0.011397334490084133,0.0011853003935742327,0,-0.0,151.79306441399692,213.3925118060707
2021-01-05,-0.004508816284161405,1,5735.6198326958765,1,0.986871985760472,0.9982862672877209,0.013128014239528137,0.001713732712279146,0,-0.0,151.79306441399692,212.43036417392136
2021-01-06,-0.007431406857588137,1,5692.996108138662,1,0.978261422046349,0.9972372978706548,0.021738577953650924,0.002762702129345049,0,-0.0,151.79306441399692,210.85170770883934
2021-01-07,-0.008881368387260447,1,5642.434512475043,1,0.9638983920998485,0.9967737259382636,0.03610160790015141,0.0032262740617364275,0,-0.0,151.79306441399692,208.9790560175942
2021-01-08,-0.003214436431959499,1,5624.297265413197,1,0.9803277440768483,0.998034565696483,0.0196722559231517,0.0019654343035170234,0,-0.0,151.79306441399692,208.30730612641472
2021-01-11,0.007039428124376459,1,5663.8891017632,1,0.9808254484846987,0.998080985229428,0.01917455151530133,0.0019190147705718894,0,0.0,151.79306441399692,209.77367043567406
2021-01-12,0.004867555228035615,1,5691.458394771502,1,0.9855448492438289,0.9980944184299301,0.014455150756171143,0.0019055815700699489,0,0.0,151.79306441399692,210.79475536190748
2021-01-13,-0.002127468448874216,1,5679.349996608546,1,0.9885832169733593,0.997092839668449,0.011416783026640826,0.0029071603315510477,0,-0.0,151.79306441399692,210.34629617068688
2021-01-14,0.013743849279593021,1,5757.40612696799,1,0.9301125965471801,0.9930397087280711,0.06988740345281982,0.006960291271928836,0,0.0,151.79306441399692,213.2372639617774
2021-01-15,-0.0028342895380200307,1,5741.087971016193,1,0.9696333258546451,0.9961598004460653,0.03036667414535484,0.003840199553934556,0,-0.0,151.79306441399692,212.63288781541453
2021-01-18,0.008610447736392789,1,5790.521308940661,1,0.9688279527684478,0.996223936298823,0.031172047231552168,0.003776063701176954,0,0.0,151.79306441399692,214.46375218298743
2021-01-19,0.010169067180361117,1,5849.405509140591,1,0.9566938029484917,0.9964590428194615,0.043306197051508344,0.0035409571805384505,0,0.0,151.79306441399692,216.64464848668854
2021-01-20,0.0035598328576346987,1,5870.22841506966,1,0.9795170140447695,0.9983278729816025,0.02048298595523054,0.0016721270183973692,0,0.0,151.79306441399692,217.41586722480218
2021-01-21,-0.003266292218512637,1,5851.054533676626,1,0.9854985600662964,0.9988461767887236,0.014501439933703564,0.0011538232112763528,0,-0.0,151.79306441399692,216.70572346950468
2021-01-22,-0.0013919293078726524,1,5842.91027938924,1,0.9890406192275977,0.9990673393798163,0.010959380772402374,0.0009326606201837958,0,-0.0,151.79306441399692,216.4040844218237
2021-01-25,0.0019080818351894504,1,5854.059030357985,1,0.9903737705217039,0.9989562471007717,0.00962622947829611,0.0010437528992283634,0,0.0,151.79306441399692,216.8170011243698
2021-01-26,-0.007282757737178179,1,5811.425336660747,1,0.9808691351144524,0.9982222763569887,0.01913086488554759,0.0017777236430114183,0,-0.0,151.79306441399692,215.23797543187953
2021-01-27,-0.005029684231063909,1,5782.195702284939,1,0.9828417320578599,0.9983996144327056,0.01715826794214025,0.001600385567294337,0,-0.0,151.79306441399692,214.1553963809237
2021-01-28,-0.005481465896091637,1,5750.500793738337,1,0.9825788358230273,0.9984543690422361,0.01742116417697264,0.0015456309577639403,0,-0.0,151.79306441399692,212.98151087919766
2021-01-29,0.004019916515163717,1,5773.617326849548,1,0.9871561712553822,0.9986303329392342,0.01284382874461769,0.0013696670607657264,0,0.0,151.79306441399692,213.83767877220546
2021-02-01,0.007914224927977982,1,5819.311033022306,1,0.9814357391932984,0.9981235791992208,0.018564260806701607,0.001876420800779282,0,0.0,151.79306441399692,215.5300382600854
2021-02-02,0.005113719863990401,1,5849.069359446611,1,0.9853905024526004,0.998078330363503,0.014609497547399604,0.0019216696364969933,0,0.0,151.79306441399692,216.63219849802263
2021-02-03,0.006776286114834899,1,5888.704326931735,1,0.9837254216459016,0.997092590538377,0.01627457835409835,0.0029074094616230463,0,0.0,151.79306441399692,218.1001602567309
2021-02-04,-0.0037407705314167644,1,5866.676035317321,1,0.9862737652076496,0.9951060533509763,0.013726234792350363,0.004893946649023568,0,-0.0,151.79306441399692,217.28429760434526
2021-02-05,-0.0011360790330528143,1,5860.011027679884,1,0.9893901455318882,0.9888125342223055,0.010609854468111872,0.011187465777694522,0,-0.0,151.79306441399692,217.03744546962534
2021-02-08,-0.0007049980987302841,1,5855.879731046831,1,0.9904382553898289,0.9659776556347205,0.009561744610171074,0.03402234436527947,0,-0.0,151.79306441399692,216.88443448321598
2021-02-09,0.003535326632489646,1,5876.582178616657,1,0.9899997358317023,0.8843681370294643,0.0100002641682977,0.11563186297053564,0,0.0,151.79306441399692,217.65119180061694
2021-02-10,0.013790014069406505,1,5957.620329539805,1,0.9318771108870644,0.6152321735354448,0.06812288911293565,0.38476782646455526,0,0.0,151.79306441399692,220.65260479777055
2021-02-11,-0.0030611093822808582,1,5939.383402052983,1,0.9696666885752672,0.4935446163659346,0.030333311424732882,0.5064553836340655,0,-0.0,151.79306441399692,219.97716303899938
2021-02-12,0.01520112230546227,2,6029.668695566623,2,0.8404844882206766,0.11164438404786627,0.1595155117793235,0.8883556159521337,1,0.0,151.79306441399692,223.3210627987638
2021-02-15,0.026012431675425565,2,6186.515040535502,2,0.007746955251274863,0.0011490869237610988,0.9922530447487251,0.9988509130762389,1,0.026012431675425565,155.7415711308695,229.13018668650005
2021-02-16,0.007641043613213227,2,6233.786471774032,2,0.11156644662032138,0.007669889560088115,0.8884335533796787,0.9923301104399119,1,0.007641043613213227,156.93159926827082,230.88098043607528
2021-02-17,-0.008069149131771935,2,6183.485119077665,2,0.2073593356150978,0.006774964895090035,0.7926406643849021,0.99322503510491,1,-0.008069149131771935,155.66529479028765,229.01796737324688
2021-02-18,-0.016605774012102115,2,6080.803562583065,2,0.03114217280081052,0.0007727094081360268,0.9688578271991896,0.9992272905918639,1,-0.016605774012102115,153.0803520834729,225.21494676233576
2021-02-19,-0.020306565492378605,2,5957.323326793183,2,0.0016204298123892024,3.8327014284261065e-05,0.9983795701876108,0.9999616729857157,1,-0.020306565492378605,149.97181588829346,220.64160469604383
2021-02-22,-0.03689441860876803,2,5737.531346186696,2,9.397651813783315e-09,1.7582275699241907e-08,0.9999999906023482,0.9999999824177243,1,-0.03689441860876803,144.43869293339367,212.50116096987765
2021-02-23,-0.005482565224543896,2,5706.074956353363,2,0.1113547075550596,0.10017113914872688,0.8886452924449404,0.8998288608512732,1,-0.005482565224543896,143.64679837843846,211.33610949456897
2021-02-24,-0.006482639398000572,2,5669.084530033362,2,0.2609690682149394,0.13983158322810352,0.7390309317850605,0.8601684167718964,1,-0.006482639398000572,142.71558798387375,209.96609370493934
2021-02-25,0.013988522790475416,2,5748.386648182866,2,0.148796527798648,0.15320089759250236,0.851203472201352,0.8467991024074977,1,0.013988522790475416,144.7119682389423,212.903209191958
2021-02-26,-0.011995393894240891,2,5679.432486081517,2,0.10858900344670512,0.19633822496954514,0.8914109965532948,0.8036617750304549,1,-0.011995393894240891,142.9760911787053,210.3493513363525
2021-03-01,-0.004508190848155407,2,5653.828520525048,2,0.31658416939550665,0.2806463599479829,0.6834158306044933,0.7193536400520171,1,-0.004508190848155407,142.3315276729484,209.4010563157425
2021-03-02,0.003586439108789393,2,5674.105632245448,2,0.626652135046662,0.30505821311671444,0.37334786495333805,0.6949417868832856,1,0.003586439108789393,142.84199103020842,210.15206045353509
2021-03-03,0.007337549129488525,2,5715.739661087955,2,0.7802138769748811,0.2868344450496684,0.21978612302511888,0.7131655549503315,1,0.007337549129488525,143.89010115714655,211.69406152177612
2021-03-04,0.011727800148896714,2,5782.7727135363175,2,0.7358677226315102,0.23080989755046616,0.2641322773684898,0.7691901024495339,1,0.011727800148896714,145.5776155069221,214.17676716801174
2021-03-05,0.0017583880566667247,2,5792.941072010218,2,0.9051701912278836,0.18394418676721822,0.09482980877211648,0.8160558132327818,1,0.0017583880566667247,145.83359744734747,214.5533730374155
2021-03-08,-0.032220798698896165,3,5606.287883854409,2,6.797778230897742e-05,3.8118914904843285e-06,0.9999320222176911,0.9999961881085095,1,-0.032220798698896165,141.13472246046064,207.64029199460774
2021-03-09,0.010192198793816042,3,5663.428284462016,2,0.06223085392745063,0.0017622582749297255,0.9377691460725495,0.9982377417250703,1,0.010192198793816042,142.5731956084877,209.7566031282228
2021-03-10,-0.016083922344795727,3,5572.338143729408,2,0.015014146157318987,0.0003600781516472747,0.984985853842681,0.9996399218483527,1,-0.016083922344795727,140.28005940187143,206.3828942122003
2021-03-11,0.03115707678584089,3,5745.955911150256,2,3.6653639034229317e-06,1.1679236385409773e-06,0.9999963346360965,0.9999988320763614,1,0.03115707678584089,144.65077598417787,212.81318189445392
2021-03-12,0.0007317894184015412,3,5750.160740884637,2,0.16445877637885936,0.015999693793984533,0.8355412236211407,0.9840003062060155,1,0.0007317894184015412,144.75662989140665,212.96891632906062
2021-03-15,0.006218829487214207,3,5785.920010056272,2,0.38535700922306787,0.014588922090867382,0.6146429907769321,0.9854110779091325,1,0.006218829487214207,145.6568466898451,214.29333370578786
2021-03-16,0.06524207785450988,3,6163.405453812331,2,4.955844897622764e-22,2.7281826019963466e-22,1.0,1.0,1,0.06524207785450988,155.1598020216264,228.2742760671234
2021-03-17,0.019033540527613312,3,6280.716881305582,2,0.003440225922779228,0.02856971696208805,0.9965597740772207,0.971430283037912,1,0.019033540527613312,158.11304240166152,232.61914375205862
2021-03-18,0.009728959622069445,3,6341.821722241455,1,0.07249416866117096,0.4760870392690985,0.927505831338829,0.5239129607309014,0,0.009728959622069445,159.65131780690984,234.8822860089428
2021-03-19,-0.0032613995995943454,3,6321.138507415838,1,0.2853740476971073,0.8053774703596353,0.7146259523028927,0.1946225296403647,0,-0.0,159.65131780690984,234.1162410154014
2021-03-22,-0.006545789417736194,1,6279.761665865951,1,0.46723823570285694,0.9136908743792929,0.5327617642971431,0.08630912562070714,0,-0.0,159.65131780690984,232.58376540244262
2021-03-23,-0.00045413954371615174,1,6276.909777768368,1,0.7656232328182793,0.9694566888589559,0.23437676718172068,0.0305433111410441,0,-0.0,159.65131780690984,232.47813991734697
2021-03-24,-0.0043031227252558,1,6249.899464659273,1,0.892979113479401,0.9843933714374742,0.10702088652059903,0.015606628562525777,0,-0.0,159.65131780690984,231.47775795034343
2021-03-25,0.010819427026108438,1,6317.5197958376675,1,0.8810243363916971,0.9889525561500697,0.1189756636083028,0.011047443849930175,0,0.0,159.65131780690984,233.98221466065436
2021-03-26,0.0031680291789378864,1,6337.5338828894,1,0.955352501888147,0.9955129686575779,0.044647498111853014,0.004487031342422122,0,0.0,159.65131780690984,234.72347714405183
2021-03-29,0.007979788919873906,1,6388.106065547406,1,0.9646122806942321,0.9970350345411676,0.03538771930576789,0.002964965458832367,0,0.0,159.65131780690984,236.5965209462002
2021-03-30,-0.0028586974259162934,1,6369.844403181345,1,0.9811602793591813,0.99838094903995,0.018839720640818774,0.0016190509600499039,0,-0.0,159.65131780690984,235.92016308079056
2021-03-31,-0.0039093898784934395,1,6344.942197943969,1,0.9851174762752124,0.9987036679201152,0.014882523724787622,0.001296332079884685,0,-0.0,159.65131780690984,234.99785918311
2021-04-01,0.004689682603063155,1,6374.697962987109,1,0.9872333763120199,0.9987706957492869,0.012766623687980028,0.001229304250713181,0,0.0,159.65131780690984,236.0999245550781
2021-04-02,-0.0045249530668126006,1,6345.852753889487,1,0.9863290355163347,0.9985014212894614,0.013670964483665407,0.0014985787105386153,0,-0.0,159.65131780690984,235.03158347738838
2021-04-05,-0.001824749801940463,1,6334.273160333683,1,0.9890298323979194,0.99797289743285,0.01097016760208057,0.002027102567149981,0,-0.0,159.65131780690984,234.60270964198827
2021-04-06,0.011161783107400432,1,6404.974943492356,1,0.9654720872441034,0.9955283905738631,0.03452791275589657,0.004471609426136863,0,0.0,159.65131780690984,237.2212942034206
2021-04-07,-0.001597817113687614,1,6394.740964914903,1,0.9829651485515392,0.9957728259934088,0.017034851448460838,0.004227174006591241,0,-0.0,159.65131780690984,236.84225795981123
2021-04-08,-0.0077101943975981906,1,6345.436268953124,1,0.9746278677895747,0.9922123756073762,0.02537213221042537,0.007787624392623907,0,-0.0,159.65131780690984,235.016158109375
2021-04-09,-0.009764852871884656,1,6283.474017378877,1,0.9522924089510052,0.9878022131133088,0.04770759104899484,0.01219778688669105,0,-0.0,159.65131780690984,232.72125990292136
2021-04-12,-0.008353937887420568,1,6230.982265720473,1,0.9492221807051844,0.985979774791024,0.05077781929481567,0.014020225208975876,0,-0.0,159.65131780690984,230.77712095261012
2021-04-13,0.008375504620563093,1,6283.169886477662,1,0.958620208714153,0.9838893726876814,0.04137979128584697,0.016110627312318493,0,0.0,159.65131780690984,232.70999579546893
2021-04-14,-0.0025111488753546806,1,6267.391911483571,1,0.9797444849316392,0.9786092012288949,0.020255515068360742,0.02139079877110494,0,-0.0,159.65131780690984,232.12562635124337
2021-04-15,0.016149195714009513,1,6368.605250078518,1,0.8227417505576871,0.9564731388543315,0.17725824944231292,0.043526861145668554,0,0.0,159.65131780690984,235.87426852142661
2021-04-16,0.010052659715407255,1,6432.626671519314,1,0.8423981942175415,0.9640434028204633,0.15760180578245844,0.03595659717953662,0,0.0,159.65131780690984,238.24543227849313
2021-04-19,0.012836557328954739,1,6515.199452564037,1,0.7468306896508877,0.97047099826359,0.2531693103491123,0.029529001736409963,0,0.0,159.65131780690984,241.30368342829763
2021-04-20,0.006944375154868775,1,6560.4434417714365,1,0.8641068548857572,0.9874601262933292,0.13589314511424277,0.012539873706670661,0,0.0,159.65131780690984,242.97938673227543
2021-04-21,0.004355161695207099,1,6589.015233752612,1,0.9450676535022822,0.9952462866926823,0.054932346497717895,0.004753713307317584,0,0.0,159.65131780690984,244.03760125009674
2021-04-22,-0.004109193300533843,1,6561.939696496961,1,0.9714087786707286,0.9977188718136829,0.028591221329271378,0.00228112818631715,0,-0.0,159.65131780690984,243.0348035739615
2021-04-23,0.0007797532555342877,1,6567.056390337923,1,0.9856348187664372,0.9987541127873415,0.014365181233562771,0.0012458872126584202,0,0.0,159.65131780690984,243.22431075325645
2021-04-26,0.004978324684740292,1,6599.749329272025,1,0.9870424447984819,0.9988001575825483,0.012957555201518074,0.0011998424174516666,0,0.0,159.65131780690984,244.43516034340834
2021-04-27,0.006531831251423065,1,6642.857778192522,1,0.9849609305929884,0.9986282077890559,0.015039069407011588,0.0013717922109441544,0,0.0,159.65131780690984,246.031769562686
2021-04-28,-0.00605013468480103,1,6602.6675939424795,1,0.9820078810861033,0.9986084366340073,0.017992118913896862,0.00139156336599269,0,-0.0,159.65131780690984,244.54324422009185
2021-04-29,-0.00036195675567830875,1,6600.277713801354,1,0.9884637029848796,0.9990823460289671,0.011536297015120354,0.000917653971033005,0,-0.0,159.65131780690984,244.4547301407909
2021-04-30,0.0003039158849438045,1,6602.283643043619,1,0.9903772844785903,0.9991342813131285,0.00962271552140968,0.000865718686871452,0,0.0,159.65131780690984,244.52902381643034
2021-05-03,6.951494970029878e-05,1,6602.742600458972,1,0.9908807594333934,0.9988328808754104,0.009119240566606639,0.0011671191245894827,0,0.0,159.65131780690984,244.5460222392212
2021-05-04,-0.00534512094597523,1,6567.450142684376,1,0.9862961079154539,0.9976111614842529,0.013703892084546084,0.0023888385157471996,0,-0.0,159.65131780690984,243.2388941734954
2021-05-05,0.01192455539800513,1,6645.764065734454,1,0.9549758406479008,0.9955730966049634,0.04502415935209925,0.004426903395036665,0,0.0,159.65131780690984,246.1394098420168
2021-05-06,-0.0005589045930989915,1,6642.049717673462,1,0.9806156880328192,0.9971685894897646,0.01938431196718082,0.002831410510235376,0,-0.0,159.65131780690984,246.0018413953134
2021-05-07,-0.0049566354203408785,1,6609.127498779176,1,0.9829058315587926,0.9961250093506933,0.017094168441207334,0.0038749906493066536,0,-0.0,159.65131780690984,244.7824999547843
2021-05-10,0.012107517835607654,1,6689.14762784845,1,0.9486196471838126,0.993068145763679,0.051380352816187344,0.0069318542363210715,0,0.0,159.65131780690984,247.74620843883147
2021-05-11,0.010059461169633134,1,6756.4368486687345,1,0.942072982258529,0.9942229847770556,0.05792701774147101,0.005777015222944301,0,0.0,159.65131780690984,250.23840180254572
2021-05-12,0.0016453174814672236,1,6767.553332328279,1,0.9769325131264964,0.9965836152554176,0.023067486873503556,0.0034163847445824857,0,0.0,159.65131780690984,250.6501234195659
2021-05-13,-0.00981063619337711,1,6701.15932866553,1,0.9540071371667145,0.9957113911374247,0.04599286283328553,0.004288608862575302,0,-0.0,159.65131780690984,248.19108624687146
2021-05-14,-0.0019962190112094535,1,6687.782347016504,1,0.9790044166200305,0.9974816884047117,0.0209955833799696,0.0025183115952883313,0,-0.0,159.65131780690984,247.69564248209272
2021-05-17,-0.008768218403600772,1,6629.142410762118,1,0.9653561493257793,0.9971401087103668,0.034643850674220725,0.002859891289633111,0,-0.0,159.65131780690984,245.52379299118954
2021-05-18,0.0038816006394182994,1,6654.874094182526,1,0.9818318126071174,0.9984703409702358,0.01816818739288262,0.0015296590297641263,0,0.0,159.65131780690984,246.47681830305652
2021-05-19,-0.0023962050379714686,1,6638.927651350979,1,0.9872206576714598,0.9987949228067365,0.012779342328540121,0.0012050771932635262,0,-0.0,159.65131780690984,245.88620930929554
2021-05-20,0.0006349105696961825,1,6643.142776688271,1,0.9900487362956424,0.9985729521758661,0.009951263704357654,0.0014270478241340504,0,0.0,159.65131780690984,246.04232506252853
2021-05-21,0.011433509580018465,1,6719.097213266967,1,0.9641533203280286,0.9970379965439904,0.03584667967197135,0.0029620034560096328,0,0.0,159.65131780690984,248.85545234322097
2021-05-24,-0.0028132723621706835,1,6700.194562778145,1,0.981080198247575,0.9984383054911226,0.01891980175242507,0.0015616945088775202,0,-0.0,159.65131780690984,248.15535417696833
2021-05-25,0.0036126455364501424,1,6724.399990758713,1,0.9870795089819417,0.9988448568687315,0.01292049101805831,0.0011551431312685565,0,0.0,159.65131780690984,249.05185150958195
2021-05-26,0.005396481670308142,1,6760.688092052662,1,0.9869683985849563,0.9987454519150721,0.013031601415043788,0.001254548084927961,0,0.0,159.65131780690984,250.39585526120968
2021-05-27,0.008161599343305846,1,6815.866119545053,1,0.9805223552123413,0.9984919605495234,0.019477644787658656,0.0015080394504765982,0,0.0,159.65131780690984,252.43948590907604
2021-05-28,0.0001990755411202833,1,6817.222991781005,1,0.9881621127470375,0.9990498736036165,0.011837887252962536,0.0009501263963835789,0,0.0,159.65131780690984,252.4897404363335
2021-05-31,-0.0004220425010617953,1,6814.345833939256,1,0.9901734484981878,0.9991022767653899,0.009826551501812303,0.0008977232346100889,0,-0.0,159.65131780690984,252.38317903478728
2021-06-01,-0.0005588733514091604,1,6810.537477645382,1,0.9907001465493621,0.998779924158634,0.009299853450637842,0.0012200758413659226,0,-0.0,159.65131780690984,252.24212880168082
2021-06-02,0.0030041930408970683,1,6830.997646940493,1,0.9904000940916379,0.9974934074329812,0.009599905908362112,0.002506592567018849,0,0.0,159.65131780690984,252.9999128496479
2021-06-03,0.00975613141375713,1,6897.64175767111,1,0.9759168232794038,0.9931788581044172,0.024083176720596164,0.006821141895582862,0,0.0,159.65131780690984,255.46821324707815
2021-06-04,-0.0008267416062554127,1,6891.939190244998,1,0.98655911555736,0.9892371600768576,0.013440884442640072,0.010762839923142364,0,-0.0,159.65131780690984,255.25700704611106
2021-06-07,-0.01374544156163765,1,6797.206442859126,1,0.8906441950789984,0.9725462510280496,0.10935580492100162,0.027453748971950298,0,-0.0,159.65131780690984,251.7483867725602
2021-06-08,0.006104272378166299,1,6838.698442396964,1,0.9460024462620337,0.9749474899122647,0.053997553737966324,0.025052510087735444,0,0.0,159.65131780690984,253.28512749618386
2021-06-09,0.0012019443033492315,1,6846.918177032127,1,0.9782698978329166,0.9688066138803068,0.021730102167083407,0.03119338611969328,0,0.0,159.65131780690984,253.589562112301
2021-06-10,0.0038956353062245966,1,6873.591273221403,1,0.9859235486325033,0.9379770639018034,0.01407645136749664,0.062022936098196715,0,0.0,159.65131780690984,254.57745456375568
2021-06-11,-0.008575275141319255,1,6814.648336844558,1,0.971897475246022,0.8371316813722944,0.028102524753977894,0.16286831862770548,0,-0.0,159.65131780690984,252.39438284609474
2021-06-14,-0.0023743160640777687,1,6798.468207827346,1,0.9841453984403461,0.7061543362810896,0.015854601559653913,0.2938456637189104,0,-0.0,159.65131780690984,251.79511880842026
2021-06-15,0.012796764233192887,2,6885.466602629772,2,0.9400685047284669,0.276113352563349,0.05993149527153311,0.723886647436651,1,0.0,159.65131780690984,255.01728157888044
2021-06-16,-0.02407720961704649,2,6719.683779927082,2,0.026723199183629965,0.008076654806448922,0.97327680081637,0.9919233451935511,1,-0.02407720961704649,155.80735956243515,248.87717703433637
2021-06-17,0.006895739683803474,2,6766.020970030934,2,0.15684581521753002,0.022127210499020337,0.84315418478247,0.9778727895009796,1,0.006895739683803474,156.88176655479847,250.59336926040498
2021-06-18,-0.0021415466813547042,2,6751.531220276588,2,0.4417115755851867,0.02305338875066063,0.5582884244148133,0.9769466112493393,1,-0.0021415466813547042,156.545796928268,250.05671186209585
2021-06-21,-0.014722648382364884,2,6652.130800077896,2,0.15071382067305278,0.005137010413816248,0.8492861793269472,0.9948629895861838,1,-0.014722648382364884,154.241028204356,246.37521481769986
2021-06-22,-0.016084543866258856,2,6545.134310419951,2,0.028381503394431545,0.0012651462545122977,0.9716184966055685,0.9987348537454876,1,-0.016084543866258856,151.76013162022616,242.4123818674056
2021-06-23,-0.019784792741611146,2,6415.640184622284,2,0.0020268915225649395,0.0016467147872651154,0.997973108477435,0.9983532852127349,1,-0.019784792741611146,148.75758886968035,237.61630313415867
2021-06-24,-0.00038976270273651035,2,6413.139607364141,2,0.1677292043269868,0.044289044740998415,0.8322707956730132,0.9557109552590016,1,-0.00038976270273651035,148.69960870978994,237.52368916163485
2021-06-25,0.0016759479949900531,2,6423.887695830695,2,0.47737803682327407,0.05048543316470882,0.5226219631767258,0.9495145668352912,1,0.0016759479949900531,148.94882152086296,237.92176651224796
2021-06-28,-0.008106501103499801,2,6371.812443135685,2,0.5783970981626662,0.03182454125473589,0.4216029018373339,0.9681754587452641,1,-0.008106501103499801,147.7413677348391,235.9930534494698
2021-06-29,-0.020798502215740925,2,6239.288287918841,2,0.019846946532193273,0.0004779462340718465,0.9801530534678068,0.9995220537659282,1,-0.020798502215740925,144.66856857064943,231.08475140440152
2021-06-30,-0.05408430870290293,2,5901.840694068632,2,7.030304692044814e-17,8.94541919906086e-18,1.0,1.0,1,-0.05408430870290293,136.84426904846734,218.5866923729123
2021-07-01,0.00635807647483802,2,5939.365048543831,2,0.11769189927114158,0.0056186264570335315,0.8823081007288585,0.9943813735429665,1,0.00635807647483802,137.71433537622082,219.97648327940115
2021-07-02,0.014770827139551515,2,6027.094382994565,2,0.058886295248855344,0.0035005384012119405,0.9411137047511446,0.9964994615987881,1,0.014770827139551515,139.7484900187012,223.22571788868763
2021-07-05,0.00964477669809356,2,6085.224362456883,2,0.1387094441632376,0.0037885685692841784,0.8612905558367623,0.9962114314307158,1,0.00964477669809356,141.09633299882734,225.37868009099563
2021-07-06,0.03553491845481057,2,6301.462313956014,2,3.678502658455545e-07,3.0989883732195126e-08,0.9999996321497342,0.9999999690101162,1,0.03553491845481057,146.11017968621348,233.38749310948202
2021-07-07,-0.0047921359398871224,2,6271.264849927462,2,0.12119750504801666,0.0032879541487499313,0.8788024949519834,0.9967120458512501,1,-0.0047921359398871224,145.40999984295578,232.26906851583192
2021-07-08,0.023247775544667323,2,6417.057807539737,2,0.001541606222459943,5.862267960887752e-05,0.9984583937775401,0.9999413773203911,1,0.023247775544667323,148.79045888125495,237.66880768665692
2021-07-09,-0.013127355224241634,2,6332.81881020567,2,0.020371093027934488,0.0008006923693058357,0.9796289069720655,0.9991993076306942,1,-0.013127355224241634,146.8372336735428,234.54884482243222
2021-07-12,-0.015885456119704565,2,6232.219094882107,2,0.010167025623434198,0.001118955238828599,0.9898329743765658,0.9988810447611713,1,-0.015885456119704565,144.50465724128293,230.82292944007804
2021-07-13,0.0007080656879063191,2,6236.631915382708,2,0.1896882873970195,0.005506162949459958,0.8103117126029804,0.9944938370505401,1,0.0007080656879063191,144.60697603081815,230.98636723639657
2021-07-14,0.027744212252452088,2,6409.662354983502,2,0.0001593226671463806,1.082127902218651e-05,0.9998406773328535,0.9999891787209778,1,0.027744212252452088,148.6189826670024,237.394902036426
2021-07-15,-0.006752602840479793,2,6366.380450758725,2,0.09278102845397822,0.0024091595536304576,0.9072189715460218,0.9975908404463696,1,-0.006752602840479793,147.615417702496,235.7918685466194
2021-07-16,-0.03887977021741643,3,6118.857041716574,2,4.205729902353895e-09,1.15762554574128e-10,0.9999999957942701,0.9999999998842374,1,-0.03887977021741643,141.876164181675,226.6243348783916
2021-07-19,0.022277744428678976,3,6255.171375087559,2,0.000729423313077783,0.00021198081882084087,0.9992705766869222,0.9997880191811791,1,0.022277744428678976,145.03684510783566,231.67301389213182
2021-07-20,-0.0017459299253200508,3,6244.2502841957885,2,0.15692826602713617,0.014663017720217638,0.843071733972864,0.9853369822797823,1,-0.0017459299253200508,144.78362093968786,231.26852904428844
2021-07-21,0.007668822709142156,3,6292.136332576796,2,0.32553990822176926,0.013355385468971645,0.6744600917782306,0.9866446145310283,1,0.007668822709142156,145.89394085986197,233.0420863917332
2021-07-22,-0.01859477625237961,3,6175.135465323063,2,0.022273959713474935,0.0023497579626606483,0.977726040286525,0.9976502420373393,1,-0.01859477625237961,143.18107567299495,228.7087209378912
2021-07-23,0.0030317602634441117,3,6193.856995648213,2,0.20712771253191936,0.0061310252555075925,0.7928722874680806,0.9938689747444924,1,0.0030317602634441117,143.61516636869754,229.40211094993384
2021-07-26,-0.03575694945793417,3,5972.383564105147,2,1.446357861090364e-07,3.4156636424060602e-09,0.9999998553642139,0.9999999965843364,1,-0.03575694945793417,138.4799261234592,221.19939126315361
2021-07-27,0.04703244440543864,3,6253.279362051879,2,1.2877011882939152e-12,3.051904122303054e-14,0.9999999999987124,0.9999999999999696,1,0.04703244440543864,144.99297555013004,231.60293933525477
2021-07-28,0.027201201642866213,3,6423.376074908226,2,4.2665561425894834e-05,4.661712701552241e-06,0.999957334438574,0.9999953382872984,1,0.027201201642866213,148.9369587148683,237.90281758919355
2021-07-29,0.0018963877631850827,3,6435.557286695018,2,0.16205788877217014,0.004648021106167338,0.8379421112278299,0.9953519788938326,1,0.0018963877631850827,149.21940094086116,238.35397358129694
2021-07-30,0.021519341878055487,3,6574.0462441232185,2,0.004861278503704333,0.0001312117636849788,0.9951387214962957,0.999868788236315,1,0.021519341878055487,152.4305042445462,243.48319422678588
2021-08-02,-0.01588874580793655,3,6469.592894420725,2,0.008018950613916057,0.00019209822801248775,0.9919810493860839,0.9998079017719874,1,-0.01588874580793655,150.008574709229,239.61455164521203
2021-08-03,0.02594902043952903,3,6637.47249267348,2,0.00010664259617957935,9.586960500596621e-06,0.9998933574038205,0.9999904130394993,1,0.02594902043952903,153.9011502804634,245.83231454346222
2021-08-04,-0.008169383302663522,3,6583.248435719945,2,0.07198395412465769,0.003601090134594849,0.9280160458753424,0.9963989098654051,1,-0.008169383302663522,152.64387279310148,243.82401613777574
2021-08-05,-0.009891211581049919,3,6518.132132551623,2,0.11193388586853842,0.003019934895711454,0.8880661141314616,0.9969800651042886,1,-0.009891211581049919,151.13403995075404,241.41230120561565
2021-08-06,-0.023678064483733826,3,6363.795379603568,2,0.000542713323860803,7.521216505768923e-05,0.9994572866761392,0.9999247878349422,1,-0.023678064483733826,147.5554784071129,235.69612517050254
2021-08-09,0.010789976639836527,3,6432.46058309019,2,0.05495508878964948,0.006292893338008088,0.9450449112103505,0.9937071066619918,1,0.010789976639836527,149.14759857220554,238.23928085519222
2021-08-10,0.0008054864168189518,3,6437.641842716593,2,0.2895168109907573,0.009530740410986865,0.7104831890092427,0.9904692595890132,1,0.0008054864168189518,149.26773493695663,238.43117935987382
2021-08-11,0.03550551388538573,3,6666.213624552307,2,8.040424985532609e-07,1.9009232743558353e-08,0.9999991959575015,0.9999999809907673,1,0.03550551388538573,154.56756257240082,246.8968009093447
2021-08-12,-0.026359838203671996,3,6490.493311977994,2,3.146162239573063e-05,1.5085298468383853e-06,0.9999685383776042,0.9999984914701532,1,-0.026359838203671996,150.49318663145635,240.3886411843702
2021-08-13,0.010907677430191215,3,6561.289519387864,2,0.053009110033471356,0.001320229474676457,0.9469908899665286,0.9986797705253235,1,0.010907677430191215,152.13471776667387,243.01072294029126
2021-08-16,0.02988465128911878,3,6757.371368681722,2,1.4436831226854399e-05,3.40914435345432e-07,0.9999855631687732,0.9999996590855647,1,0.02988465128911878,156.68121075609943,250.27301365487858
2021-08-17,0.06493909105046536,3,7196.188923254351,2,6.384499829100804e-23,2.7824755428205635e-23,1.0,1.0,1,0.06493909105046536,166.85594616728693,266.5255156760871
2021-08-18,0.0050596075394334005,3,7232.598814985636,2,0.1350056824320778,0.02235157555845324,0.8649943175679222,0.9776484244415468,1,0.0050596075394334005,167.7001717705142,267.8740301846532
2021-08-19,-0.008629157320267209,3,7170.187581976746,2,0.21320756916723893,0.025286610545502713,0.7867924308327612,0.9747133894544973,1,-0.008629157320267209,166.2530606056706,265.56250303617577
2021-08-20,0.004411524406740357,3,7201.819039495544,2,0.4979547341439406,0.022885931663035965,0.5020452658560595,0.977114068336964,1,0.004411524406740357,166.9864900402278,266.7340384998349
2021-08-23,0.03313993839019899,3,7440.486878761787,2,1.2103516710635817e-05,2.8583525519289816e-07,0.9999878964832895,0.9999997141647449,1,0.03313993839019899,172.52041203215651,275.5735881022884
2021-08-24,0.033127876683496635,3,7686.9744105465825,2,6.475686501145434e-07,6.338921376223487e-08,0.9999993524313499,0.9999999366107862,1,0.033127876683496635,178.23564696734383,284.7027559461697
2021-08-25,-0.0027517131747769688,3,7665.822061786907,2,0.14620942428459416,0.004027834259930067,0.8537905757154058,0.99597216574007,1,-0.0027517131747769688,177.74519358936888,283.91933562173733
2021-08-26,0.03262486366402773,3,7915.918461425403,2,3.9562647004725775e-06,4.413047206230189e-07,0.9999960437352995,0.9999995586952795,1,0.03262486366402773,183.5441062971583,293.18216523797787
2021-08-27,-0.0003717015574720531,3,7912.9761022044695,2,0.16273049814566548,0.004768701652220979,0.8372695018543345,0.9952312983477791,1,-0.0003717015574720531,183.4758826669828,293.0731889705359
2021-08-30,0.021215500662613827,3,8080.853851944035,2,0.005669103168456415,0.0002574282054135168,0.9943308968315436,0.9997425717945866,1,0.021215500662613827,187.36841537727784,299.2908834053346
2021-08-31,0.013868339205034485,3,8192.921874229105,2,0.026206881090582654,0.0012912826466758489,0.9737931189094173,0.9987087173533241,1,0.013868339205034485,189.96690411803974,303.4415508973742
2021-09-01,-0.009593953726095547,3,8114.319360886235,2,0.07718013688981054,0.001980551896241755,0.9228198631101895,0.9980194481037583,1,-0.009593953726095547,188.14437043044163,300.53034669949017
2021-09-02,-0.022860254612462567,3,7928.823954289542,2,0.0006636764414873776,1.5683934370190437e-05,0.9993363235585125,0.9999843160656299,1,-0.022860254612462567,183.84334221850028,293.6601464551682
2021-09-03,0.03062896302063741,3,8171.67560998262,2,4.245619649015731e-06,1.0025585956131498e-07,0.9999957543803509,0.9999998997441404,1,0.03062896302063741,189.4742731489011,302.6546522215785
2021-09-06,0.038232901298061284,3,8484.10247701886,2,8.945393634930778e-09,1.3546936026375282e-09,0.9999999910546064,0.9999999986453063,1,0.038232901298061284,196.71842433272494,314.2260176673652
2021-09-07,0.010293252258415238,3,8571.43148400106,2,0.06081922610217406,0.0069318038129434325,0.939180773897826,0.9930681961870566,1,0.010293252258415238,198.74329669825963,317.4604253333726
2021-09-08,-0.0004048901597729042,3,8567.960995738022,2,0.29859471762486445,0.00995333217349026,0.7014052823751356,0.9900466678265096,1,-0.0004048901597729042,198.66282749310568,317.3318887310378
2021-09-09,-0.029275994778995066,3,8317.12541436016,2,3.7769895217585903e-05,8.935531854184884e-07,0.9999622301047825,0.9999991064468146,1,-0.029275994778995066,192.84677559263713,308.04168201333925
2021-09-10,0.029891984711539095,3,8565.740800090167,2,7.077361921678512e-06,2.27317826210006e-06,0.9999929226380784,0.9999977268217378,1,0.029891984711539095,198.61134846032184,317.2496592625988
2021-09-13,0.0035991816878305585,2,8596.570457520555,2,0.15073237631211478,0.016139221340338718,0.8492676236878852,0.9838607786596614,1,0.0035991816878305585,199.32618678869557,318.39149842668724
2021-09-14,-0.006160289526673392,2,8543.61309456578,2,0.32452042783619317,0.015702525516733158,0.6754795721638069,0.9842974744832669,1,-0.006160289526673392,198.0982797678294,316.43011461354746
2021-09-15,0.014183351354230394,2,8664.790160920611,2,0.17686804763619757,0.0050536160951926935,0.8231319523638025,0.9949463839048074,1,0.014183351354230394,200.90797727244518,320.91815410817077
2021-09-16,-0.025727634244441473,2,8441.86560885561,2,0.00023291371586993398,6.600079137692365e-06,0.9997670862841301,0.9999933999208623,1,-0.025727634244441473,195.73909031638917,312.6616892168745
2021-09-17,-0.019505963842900344,2,8277.19888352265,2,0.0015162286488023726,0.00025680377171677496,0.9984837713511976,0.9997431962282831,1,-0.019505963842900344,191.92101069803547,306.56292161195
2021-09-20,-0.013699409469447326,2,8163.806146757221,2,0.016851825486793343,0.008111660151010057,0.9831481745132067,0.9918883398489898,1,-0.013699409469447326,189.29180618669287,302.3631906206378
2021-09-21,0.00775034129386047,2,8227.078430651505,2,0.12420639366776506,0.03211292173930521,0.875793606332235,0.9678870782606949,1,0.00775034129386047,190.75888228877102,304.7066085426483
2021-09-22,0.0017324720749127627,2,8241.331614290726,2,0.4118036157145645,0.03994825889169332,0.5881963842854355,0.9600517411083067,1,0.0017324720749127627,191.08936672537791,305.2345042329899
2021-09-23,0.009924986434111858,2,8323.126718761578,2,0.4909165946668876,0.025972044289369955,0.5090834053331124,0.97402795571063,1,0.009924986434111858,192.9859260978303,308.2639525467251
2021-09-24,0.018474597155212016,2,8476.89313196248,2,0.07481798038212867,0.004010298975336165,0.9251820196178714,0.9959897010246639,1,0.018474597155212016,196.55126333911323,313.95900488749925
2021-09-27,0.010606326621649164,2,8566.801829256889,2,0.13023410199218038,0.0035248248049875443,0.8697658980078196,0.9964751751950124,1,0.010606326621649164,198.63595023598566,317.28895663914403
2021-09-28,0.03269787482811388,2,8846.918043147189,2,3.3856319371738285e-06,1.9951857338668423e-06,0.9999966143680629,0.999998004814266,1,0.03269787482811388,205.13092367316537,327.66363122767365
2021-09-29,0.018427452047165508,2,9009.944201152486,2,0.004467811593259396,0.030678244056063987,0.9955321884067406,0.969321755943936,1,0.018427452047165508,208.91096393254335,333.7016370797217
2021-09-30,-0.003666860951164768,2,8976.905988589107,1,0.14555214705822697,0.4000758501485894,0.8544478529417731,0.5999241498514105,0,-0.003666860951164768,208.1449164766289,332.47799957737436
2021-10-01,-0.011135907347170609,2,8876.939995235918,1,0.13317364167738097,0.524765947467693,0.8668263583226191,0.47523405253230705,0,-0.0,208.1449164766289,328.7755553791081
2021-10-04,-0.003129599081474894,2,8849.15873198052,1,0.38787509446575025,0.7083294367302567,0.6121249055342497,0.2916705632697433,0,-0.0,208.1449164766289,327.74661970298223
2021-10-05,0.01127013270850271,2,8948.889925248546,1,0.39001862457890946,0.7651114946497993,0.6099813754210907,0.2348885053502007,0,0.0,208.1449164766289,331.440367601798
2021-10-06,-0.009338754670257179,2,8865.318437665515,1,0.42867126257868593,0.8271292249041675,0.5713287374213141,0.1728707750958324,0,-0.0,208.1449164766289,328.345127320945
2021-10-07,0.011798588655975054,2,8969.91668321576,1,0.3939029019854724,0.8846792701600361,0.6060970980145276,0.11532072983996387,0,0.0,208.1449164766289,332.21913641539857
2021-10-08,0.0044922049040783205,1,9010.211386929277,1,0.6787943590115051,0.9577088566695976,0.32120564098849486,0.04229114333040233,0,0.0,208.1449164766289,333.71153284923247
2021-10-11,-0.004812632212267571,1,8966.8485533692,1,0.8398124179148158,0.9813428200240001,0.16018758208518427,0.018657179975999937,0,-0.0,208.1449164766289,332.1055019766371
2021-10-12,0.007315892697050194,1,9032.44905521635,1,0.909702946775865,0.9904131109906918,0.09029705322413503,0.009586889009308075,0,0.0,208.1449164766289,334.53515019319815
2021-10-13,0.0030037238804080436,1,9059.580038142072,1,0.9653268567625432,0.9947164739926336,0.03467314323745686,0.005283526007366332,0,0.0,208.1449164766289,335.54000141266937
2021-10-14,0.011829102060770735,1,9166.746735040977,1,0.9320941305429727,0.9944431275592234,0.06790586945702717,0.005556872440776538,0,0.0,208.1449164766289,339.509138334851
2021-10-15,0.0006834823646736044,1,9173.012044775807,1,0.9742421470463274,0.9978352760930578,0.025757852953672656,0.0021647239069421966,0,0.0,208.1449164766289,339.7411868435484
2021-10-18,-0.0010190786970056525,1,9163.664023613599,1,0.9859766108583049,0.9986053940651819,0.014023389141695045,0.0013946059348180332,0,-0.0,208.1449164766289,339.3949638375407
2021-10-19,-0.0055220945148781245,1,9113.061404772616,1,0.9838312766047963,0.9983346430464108,0.01616872339520364,0.0016653569535892533,0,-0.0,208.1449164766289,337.5207927693561
2021-10-20,-0.005606817529475158,1,9061.966132341153,1,0.9826907721701339,0.9981053039489449,0.0173092278298661,0.0018946960510550482,0,-0.0,208.1449164766289,335.6283752718945
2021-10-21,0.0065018455518414545,1,9120.885636529652,1,0.9832287512896402,0.9977917026955032,0.016771248710359756,0.0022082973044967222,0,0.0,208.1449164766289,337.8105791307279
2021-10-22,0.011063680235491553,1,9221.796198676704,1,0.9607249166503353,0.9969292848239066,0.03927508334966466,0.003070715176093454,0,0.0,208.1449164766289,341.5480073583965
2021-10-25,0.000173304688775171,1,9223.394379196863,1,0.9825537814430904,0.9986368657195412,0.017446218556909573,0.0013631342804587482,0,0.0,208.1449164766289,341.60719922951347
2021-10-26,-0.00021293033914006364,1,9221.430438703677,1,0.9886551647443442,0.9990608725052222,0.011344835255655696,0.0009391274947776827,0,-0.0,208.1449164766289,341.5344606927288
2021-10-27,0.0012203129786790884,1,9232.683469950016,1,0.9904084645572041,0.9990261524523839,0.009591535442795918,0.0009738475476161891,0,0.0,208.1449164766289,341.95123962777836
2021-10-28,0.007771269815649144,1,9304.43314431748,1,0.9834946890055977,0.9984518453237803,0.016505310994402382,0.0015481546762196878,0,0.0,208.1449164766289,344.6086349747215
2021-10-29,-0.0047641188051434444,1,9260.105719403437,1,0.9844552023905845,0.9984565885566916,0.0155447976094155,0.0015434114433084617,0,-0.0,208.1449164766289,342.9668784964236
2021-11-01,0.0022302138964087107,1,9280.757735861065,1,0.98896578061163,0.9982776905684025,0.011034219388369959,0.0017223094315974151,0,0.0,208.1449164766289,343.73176799485424
2021-11-02,0.006651185778694579,1,9342.485779729333,1,0.985514412839728,0.9965088446898058,0.014485587160272052,0.0034911553101941916,0,0.0,208.1449164766289,346.01799184182715
2021-11-03,0.0038065650196390712,1,9378.048559294926,1,0.988279143547241,0.9929601650254396,0.011720856452758999,0.007039834974560392,0,0.0,208.1449164766289,347.335131825738
2021-11-04,-0.015419393757995422,1,9233.444735877556,1,0.8227044816160844,0.9808295049154783,0.17729551838391566,0.019170495084521715,0,-0.0,208.1449164766289,341.9794346621317
2021-11-05,0.004867251917185446,1,9278.386237470482,1,0.9255774214584751,0.991422576910423,0.0744225785415249,0.008577423089576873,0,0.0,208.1449164766289,343.64393472112897
2021-11-08,0.003867215597149884,1,9314.267757444411,1,0.9687693662258745,0.9944830653439224,0.031230633774125466,0.00551693465607762,0,0.0,208.1449164766289,344.9728799053486
2021-11-09,0.009041951270977747,1,9398.486912632063,1,0.9656300235567632,0.993442728804538,0.034369976443236784,0.006557271195462044,0,0.0,208.1449164766289,348.0921078752616
2021-11-10,0.010473669547931873,1,9496.923558805534,1,0.9509865180883557,0.9922692751281063,0.0490134819116444,0.007730724871893769,0,0.0,208.1449164766289,351.7379095853902
2021-11-11,0.008689486721504285,1,9579.446949964917,1,0.9572649207471168,0.9927580357788778,0.04273507925288324,0.007241964221122133,0,0.0,208.1449164766289,354.7943314801821
2021-11-12,0.001252601833409557,1,9591.446182777494,1,0.9815327984656783,0.9925890813637617,0.018467201534321742,0.0074109186362383535,0,0.0,208.1449164766289,355.2387475102775
2021-11-15,-0.00881179487138301,1,9506.928326494948,1,0.9669954692560724,0.9855521419122727,0.03300453074392768,0.014447858087727293,0,-0.0,208.1449164766289,352.1084565368499
2021-11-16,0.013825656304986883,1,9638.36785005321,1,0.8877350384997942,0.9786133275304763,0.11226496150020576,0.02138667246952379,0,0.0,208.1449164766289,356.97658703900777
2021-11-17,-0.0002553148745940197,1,9635.907031374281,1,0.9602224168134104,0.9825537899518385,0.0397775831865896,0.017446210048161593,0,-0.0,208.1449164766289,356.8854456064549
2021-11-18,0.0010616146782347225,1,9646.136651716894,1,0.98242448573102,0.9760414590033574,0.017575514268979953,0.023958540996642547,0,0.0,208.1449164766289,357.264320433959
2021-11-19,0.01097030624258452,1,9751.957724844047,1,0.960835793102696,0.9465489101710033,0.039164206897304,0.05345108982899677,0,0.0,208.1449164766289,361.1836194386684
2021-11-22,-0.0036548235141882894,1,9716.316040441918,1,0.978394179758846,0.9187857489589235,0.02160582024115403,0.08121425104107653,0,-0.0,208.1449164766289,359.86355705340435
2021-11-23,-0.007120135067324234,1,9647.134557877162,1,0.9747391398452039,0.8340194626836833,0.025260860154796134,0.1659805373163168,0,-0.0,208.1449164766289,357.30127992137636
2021-11-24,-0.00177581334710356,1,9630.00304756798,1,0.985601595101249,0.6846424122411936,0.014398404898751056,0.31535758775880646,0,-0.0,208.1449164766289,356.6667795395548
2021-11-25,-0.013963577637729407,2,9495.533752361694,2,0.880320468741034,0.1753507117658162,0.11967953125896594,0.8246492882341839,1,-0.0,208.1449164766289,351.68643527265533
2021-11-26,-0.026813714346093007,2,9240.923222762181,2,0.0027199997471283937,0.03241682043183786,0.9972800002528717,0.9675831795681621,1,-0.026813714346093007,202.5637781436332,342.2564156578586
2021-11-29,-0.0029959003073165057,2,9213.23833803922,1,0.14979027940313777,0.6757789266589077,0.8502097205968623,0.3242210733410923,0,-0.0029959003073165057,201.95691725844145,341.23104955700813
2021-11-30,-1.608444717894099e-05,2,9213.090148193825,1,0.45328443165054744,0.8828872859126541,0.5467155683494525,0.11711271408734603,0,-0.0,201.95691725844145,341.22556104421574
2021-12-01,-0.007945308996789583,1,9139.889300151146,1,0.5647567092504943,0.9393186989173888,0.43524329074950563,0.06068130108261109,0,-0.0,201.95691725844145,338.51441852411654
2021-12-02,-0.0010552544622991805,1,9130.244391182243,1,0.8214838267371442,0.9778383040599082,0.1785161732628559,0.02216169594009177,0,-0.0,201.95691725844145,338.15719967341636
2021-12-03,-0.003712938433543499,1,9096.344355874577,1,0.9239018021922666,0.9881738400918849,0.0760981978077334,0.011826159908115008,0,-0.0,201.95691725844145,336.9016428101695
2021-12-06,-0.010451034817874467,1,9001.278144295957,1,0.8871062458572538,0.9904429958497865,0.11289375414274606,0.009557004150213487,0,-0.0,201.95691725844145,333.38067201096135
2021-12-07,0.001490156474884503,1,9014.691457204915,1,0.9600862279953379,0.9967588508885826,0.039913772004662056,0.003241149111417467,0,0.0,201.95691725844145,333.8774613779599
2021-12-08,0.002079179769426135,1,9033.434621310356,1,0.9819965548423235,0.9984350572038511,0.018003445157676445,0.0015649427961490186,0,0.0,201.95691725844145,334.5716526411243
2021-12-09,-0.0037118159904329143,1,8999.904174234445,1,0.9857149653210511,0.9986862764072023,0.014285034678948889,0.001313723592797756,0,-0.0,201.95691725844145,333.3297842309054
2021-12-10,0.007256042831591591,1,9065.20786440291,1,0.9826626085602751,0.9986053832600019,0.01733739143972482,0.0013946167399979926,0,0.0,201.95691725844145,335.74843942233
2021-12-13,0.0009278698920316534,1,9073.619197845299,1,0.9887771967821348,0.9989693661198147,0.011222803217865175,0.001030633880185348,0,0.0,201.95691725844145,336.05997029056664
2021-12-14,-0.0034504406014627766,1,9042.311213762841,1,0.9883696006440318,0.9987157176211044,0.01163039935596828,0.0012842823788955812,0,-0.0,201.95691725844145,334.90041532454967
2021-12-15,-0.008282286355676963,1,8967.420202973308,1,0.975291055503604,0.998050385731587,0.02470894449639615,0.0019496142684129975,0,-0.0,201.95691725844145,332.1266741841966
2021-12-16,0.0024027599060689004,1,8988.966760697886,1,0.9862434979086676,0.998878257546742,0.013756502091332421,0.0011217424532580175,0,0.0,201.95691725844145,332.9246948406624
2021-12-17,0.003852350139379603,1,9023.59540805134,1,0.988465979833941,0.9990105224934182,0.011534020166059079,0.000989477506581893,0,0.0,201.95691725844145,334.2072373352348
2021-12-20,-0.002098366310100637,1,9004.660599451106,1,0.9894866168989205,0.9989162337905324,0.01051338310107956,0.00108376620946757,0,-0.0,201.95691725844145,333.5059481278187
2021-12-21,0.0016807580719132961,1,9019.795255438474,1,0.9905568412355473,0.9983584482561988,0.009443158764452734,0.0016415517438012107,0,0.0,201.95691725844145,334.0664909421657
2021-12-22,0.010473323769532547,1,9114.262491483574,1,0.9719204923535235,0.9960804826105093,0.028079507646476473,0.003919517389490811,0,0.0,201.95691725844145,337.5652774623546
2021-12-23,0.006181035895193192,1,9170.598075101647,1,0.979640560978915,0.9957048225833305,0.02035943902108492,0.004295177416669565,0,0.0,201.95691725844145,339.6517805593203
2021-12-24,-0.01211089240797583,1,9059.533948497301,1,0.9208340471005462,0.9932111825899543,0.0791659528994538,0.006788817410045656,0,-0.0,201.95691725844145,335.5382943887889
2021-12-27,-0.003514919915454521,1,9027.690412196991,1,0.964345765253253,0.9972389910271365,0.03565423474674701,0.0027610089728634635,0,-0.0,201.95691725844145,334.3589041554441
2021-12-28,1.245819744617174e-05,1,9027.802880946629,1,0.9835551255569548,0.9987468908374862,0.016444874443045206,0.001253109162513714,0,0.0,201.95691725844145,334.36306966469
2021-12-29,0.0012611112977526093,1,9039.187945153675,1,0.9889872643302519,0.9991582100018055,0.01101273566974821,0.000841789998194456,0,0.0,201.95691725844145,334.78473870939536
2021-12-30,0.0018119280318003661,1,9055.566303176209,1,0.9903851982763758,0.9992530102569869,0.009614801723624163,0.0007469897430131239,0,0.0,201.95691725844145,335.3913445620818
2021-12-31,0.0034516438974164544,1,9086.822893344217,1,0.99003985669001,0.9992388944765597,0.009960143309989997,0.0007611055234402465,0,0.0,201.95691725844145,336.54899604978584
2022-01-03,0.00020847120629442957,1,9088.717234274176,1,0.990803383294717,0.9992743427983984,0.009196616705283085,0.0007256572016015609,0,0.0,201.95691725844145,336.6191568249695
2022-01-04,0.0009130977376690861,1,9097.016121419105,1,0.9910283311593043,0.9992080189429142,0.008971668840695621,0.0007919810570857002,0,0.0,201.95691725844145,336.92652301552243
2022-01-05,0.006518819803479471,1,9156.317930263986,1,0.9866279396705515,0.9989091213179174,0.013372060329448569,0.0010908786820826256,0,0.0,201.95691725844145,339.1228863060735
2022-01-06,0.0025227449912109453,1,9179.416985460492,1,0.9894596846184168,0.9990185278832386,0.010540315381583214,0.0009814721167614084,0,0.0,201.95691725844145,339.97840686890714
2022-01-07,-0.00606235724392397,1,9123.768080403686,1,0.9840755477739771,0.9986957964271499,0.015924452226022807,0.0013042035728499937,0,-0.0,201.95691725844145,337.91733631124765
2022-01-10,0.001451358234659139,1,9137.009936338301,1,0.9890979410338722,0.9989443440679039,0.01090205896612788,0.0010556559320962103,0,0.0,201.95691725844145,338.4077754199371
2022-01-11,2.8774931366415597e-05,1,9137.272853172113,1,0.9905218456224018,0.9985553298886365,0.009478154377598242,0.0014446701113635361,0,0.0,201.95691725844145,338.41751308044866
2022-01-12,-0.010491094272985835,1,9041.412862271489,1,0.9611430114914461,0.9967814550682488,0.0388569885085539,0.0032185449317512806,0,-0.0,201.95691725844145,334.8671430470922
2022-01-13,0.0017591383519844023,1,9057.317958393636,1,0.9824734048200684,0.9983574813395025,0.017526595179931683,0.0016425186604975806,0,0.0,201.95691725844145,335.4562206812458
2022-01-14,-0.0053660508455557485,1,9008.715929704531,1,0.9827082243353189,0.9984232428682743,0.01729177566468114,0.001576757131725599,0,-0.0,201.95691725844145,333.6561455446123
2022-01-17,0.006616743203160421,1,9068.324289601607,1,0.982966194885725,0.9985343278909204,0.01703380511427496,0.0014656721090796315,0,0.0,201.95691725844145,335.8638625778373
2022-01-18,0.003363166171230109,1,9098.82257108214,1,0.9878644207385198,0.9987502561362388,0.012135579261480216,0.001249743863761291,0,0.0,201.95691725844145,336.99342855859777
2022-01-19,-0.00636182099053888,1,9040.93749066024,1,0.9825038825107336,0.998288204425902,0.017496117489266303,0.00171179557409799,0,-0.0,201.95691725844145,334.84953669112
2022-01-20,0.0063149250416600095,1,9098.030333220095,1,0.9835726428815732,0.9982562029501854,0.01642735711842685,0.0017437970498146436,0,0.0,201.95691725844145,336.96408641555905
2022-01-21,0.009154791800385973,1,9181.320906714322,1,0.9743677552414175,0.9979684550118341,0.02563224475858246,0.002031544988165838,0,0.0,201.95691725844145,340.0489224709008
2022-01-24,-0.0007002790875937167,1,9174.891419686863,1,0.9861720008941175,0.9988421969295287,0.013827999105882473,0.0011578030704712937,0,-0.0,201.95691725844145,339.8107933217356
2022-01-25,-5.852448823286788e-06,1,9174.837724104369,1,0.9897055032702408,0.9989275072073027,0.01029449672975929,0.0010724927926972908,0,-0.0,201.95691725844145,339.8088045964581
2022-01-26,0.005664849638958693,1,9226.811800273266,1,0.9875298180042326,0.9983314540389031,0.012470181995767441,0.0016685459610967857,0,0.0,201.95691725844145,341.7337703804913
2022-01-27,0.008626041457268916,1,9306.402661380842,1,0.9791332869652352,0.9971679480392505,0.02086671303476483,0.00283205196074947,0,0.0,201.95691725844145,344.6815800511423
2022-01-28,-0.009174951928214046,1,9221.01686433807,1,0.962186904299156,0.9964525037722679,0.03781309570084398,0.0035474962277319867,0,-0.0,201.95691725844145,341.5191431236322
2022-01-31,-0.0057457985812911895,1,9168.034758720893,1,0.9725483541078647,0.997714031597929,0.027451645892135324,0.002285968402071029,0,-0.0,201.95691725844145,339.5568429155886
2022-02-01,-0.001664885727727509,1,9152.771028499788,1,0.9850351128903339,0.9986016947532353,0.01496488710966615,0.0013983052467647422,0,-0.0,201.95691725844145,338.9915195740663
2022-02-02,-0.0010482057051144473,1,9143.177041690109,1,0.9890742480389517,0.9985257049480522,0.010925751961048296,0.0014742950519479364,0,-0.0,201.95691725844145,338.63618672926333
2022-02-03,0.00547796319361604,1,9193.263028997202,1,0.9875696845895109,0.9972457351862708,0.012430315410489183,0.0027542648137290912,0,0.0,201.95691725844145,340.49122329619263
2022-02-04,0.00866185247671765,1,9272.893717134039,1,0.9790160463526986,0.9940272425195165,0.02098395364730135,0.0059727574804835015,0,0.0,201.95691725844145,343.4405080420014
2022-02-07,0.009174102864739736,1,9357.964197948824,1,0.9713425290024182,0.9898607540343303,0.02865747099758164,0.010139245965669704,0,0.0,201.95691725844145,346.59126659069716
2022-02-08,-0.0093006291533257,1,9270.929243313602,1,0.9543357325964027,0.9845752590536319,0.04566426740359721,0.015424740946368143,0,-0.0,201.95691725844145,343.3677497523556
2022-02-09,-0.0040352203989771325,1,9233.51900051351,1,0.9751039243535489,0.980751071425774,0.024896075646451094,0.01924892857422588,0,-0.0,201.95691725844145,341.9821852042041
2022-02-10,-0.006606093231279532,1,9172.521513143327,1,0.975227324509801,0.9655179199743591,0.024772675490199084,0.03448208002564091,0,-0.0,201.95691725844145,339.7230190053084
2022-02-11,-0.012164356664752095,2,9060.94368994234,1,0.9120241383569473,0.9359503803677122,0.0879758616430527,0.06404961963228796,0,-0.0,201.95691725844145,335.59050703490146
2022-02-14,-0.01607286335858963,2,8915.308380114022,1,0.5157893878889683,0.9262670952276727,0.48421061211103156,0.07373290477232725,0,-0.0,201.95691725844145,330.1966066708897
2022-02-15,0.006133098800353615,2,8969.986847244882,1,0.7348505160497673,0.9726641623705977,0.26514948395023274,0.027335837629402133,0,0.0,201.95691725844145,332.22173508314376
2022-02-16,0.004077705488022197,1,9006.563811839378,1,0.8933765933124074,0.9911182800133777,0.10662340668759263,0.008881719986622235,0,0.0,201.95691725844145,333.57643747553254
2022-02-17,0.000838533618865627,1,9014.116118386064,1,0.9623716380087403,0.9970322508269703,0.03762836199125972,0.0029677491730297463,0,0.0,201.95691725844145,333.8561525328172
2022-02-18,0.00026982224476798807,1,9016.548327431727,1,0.9830426571788958,0.9986251100248908,0.016957342821104136,0.0013748899751091117,0,0.0,201.95691725844145,333.94623434932316
2022-02-21,-0.0014200661792927662,1,9003.74423209798,1,0.988309664090845,0.9989521827826076,0.011690335909155018,0.0010478172173924432,0,-0.0,201.95691725844145,333.4720085962215
2022-02-22,-0.0007527763760026143,1,8996.966426144489,1,0.9901186148116566,0.9987768435738061,0.009881385188343401,0.0012231564261938725,0,-0.0,201.95691725844145,333.22097874609216
2022-02-23,0.010391883023028303,1,9090.461848807096,1,0.972075553579723,0.997697625064281,0.02792444642027707,0.0023023749357189913,0,0.0,201.95691725844145,336.68377217804056
2022-02-24,0.004981726427064415,1,9135.748042833518,1,0.982331975218805,0.9986321784211183,0.017668024781195023,0.0013678215788817168,0,0.0,201.95691725844145,338.3610386234636
2022-02-25,-0.0012029169385360597,1,9124.758496766597,1,0.9882218982031616,0.9990856585604169,0.011778101796838325,0.0009143414395831359,0,-0.0,201.95691725844145,337.9540183987628
2022-02-28,0.00015618713597462675,1,9126.183666662666,1,0.9902960032429259,0.9991961990137193,0.009703996757074207,0.0008038009862807725,0,0.0,201.95691725844145,338.0068024689876
2022-03-01,0.0034863015548616655,1,9158.000294969705,1,0.9899898950369775,0.999066667062198,0.010010104963022471,0.0009333329378020006,0,0.0,201.95691725844145,339.185196109989
2022-03-02,-0.006363550038394332,1,9099.722901841034,1,0.9835392297986185,0.9987107076614573,0.016460770201381494,0.0012892923385426078,0,-0.0,201.95691725844145,337.02677414226054
2022-03-03,0.0016576585685822405,1,9114.807135480994,1,0.9888996185716221,0.9990734637769323,0.01110038142837789,0.0009265362230676958,0,0.0,201.95691725844145,337.585449462259
2022-03-04,0.004628306608644543,1,9156.993257582662,1,0.9885631589467171,0.9990086622422875,0.011436841053282925,0.0009913377577125135,0,0.0,201.95691725844145,339.14789842898745
2022-03-07,0.0038050668496667417,1,9191.836229069711,1,0.989225713335942,0.9988879543618943,0.010774286664057943,0.0011120456381056867,0,0.0,201.95691725844145,340.4383788544338
2022-03-08,-0.003926702511449433,1,9155.742622664191,1,0.9879436337869666,0.9983421675244031,0.012056366213033472,0.0016578324755968643,0,-0.0,201.95691725844145,339.1015786171923
2022-03-09,-0.002925085589506696,1,9128.961291857404,1,0.9886458695281002,0.9970678970944641,0.01135413047189977,0.0029321029055358406,0,-0.0,201.95691725844145,338.10967747620015
2022-03-10,-0.011075798862254725,1,9027.850752767483,1,0.952210571558456,0.9929266663976511,0.04778942844154388,0.007073333602348734,0,-0.0,201.95691725844145,334.36484269509197
2022-03-11,0.005287461536705203,1,9075.585166381854,1,0.9744917552041044,0.9935602801763246,0.025508244795895745,0.006439719823675456,0,0.0,201.95691725844145,336.1327839400687
2022-03-14,0.013244496018499842,1,9195.786717983556,1,0.9164336061257581,0.9904192029709209,0.08356639387424206,0.009580797029079116,0,0.0,201.95691725844145,340.5846932586502
2022-03-15,-0.00471630754951854,1,9152.416559661768,1,0.95746733057525,0.9940899654186476,0.04253266942475,0.00591003458135251,0,-0.0,201.95691725844145,338.978391098584
2022-03-16,0.007405757809991427,1,9220.197140078779,1,0.9687917430821712,0.9946054297329728,0.03120825691782873,0.005394570267027075,0,0.0,201.95691725844145,341.48878296588066
2022-03-17,0.012550084725323565,1,9335.911395370951,1,0.9230306932459494,0.9936512021026734,0.0769693067540506,0.006348797897326634,0,0.0,201.95691725844145,345.7744961248501
2022-03-18,-0.00199186274068032,1,9317.31554131222,1,0.9691042188346545,0.9976098280598644,0.030895781165345474,0.0023901719401355683,0,-0.0,201.95691725844145,345.08576078934146
2022-03-21,0.00016430987417518608,1,9318.846468256465,1,0.9849431015943816,0.9988369688617892,0.015056898405618427,0.0011630311382108164,0,0.0,201.95691725844145,345.14246178727643
2022-03-22,0.0023224379689674407,1,9340.488911121322,1,0.9890662911961103,0.9991442358662038,0.010933708803889627,0.0008557641337962039,0,0.0,201.95691725844145,345.9440337452341
2022-03-23,0.003606159030592599,1,9374.172199558312,1,0.9895327914501305,0.9991916788820465,0.010467208549869458,0.0008083211179534084,0,0.0,201.95691725844145,347.19156294660417
2022-03-24,0.002648303237024614,1,9398.997850138829,1,0.9902379885056822,0.999237018952905,0.009762011494317806,0.0007629810470949442,0,0.0,201.95691725844145,348.1110314866233
2022-03-25,-0.0015498914045307469,1,9384.430424159695,1,0.9903368724495505,0.99922034734259,0.009663127550449506,0.0007796526574100465,0,-0.0,201.95691725844145,347.5714971910998
2022-03-28,0.004529431339136305,1,9426.936557422829,1,0.9891390547029383,0.9991388570306076,0.010860945297061728,0.0008611429693923723,0,0.0,201.95691725844145,349.14579842306773
2022-03-29,-0.001417662016261804,1,9413.57234753566,1,0.990083578537284,0.9991582977903699,0.009916421462716022,0.0008417022096300938,0,-0.0,201.95691725844145,348.650827686506
2022-03-30,0.003062602363413119,1,9442.402376455382,1,0.9901870964467447,0.9989928830237779,0.009812903553255306,0.0010071169762220823,0,0.0,201.95691725844145,349.71860653538454
2022-03-31,0.0006244231178901299,1,9448.298430787663,1,0.9908657800372781,0.9984054982753137,0.009134219962721913,0.0015945017246862443,0,0.0,201.95691725844145,349.93697891806164
2022-04-01,-0.009838194809241288,1,9355.344230209725,1,0.9673295435660474,0.9960923030055442,0.032670456433952555,0.0039076969944557925,0,-0.0,201.95691725844145,346.49423074850836
2022-04-04,0.00837152900428395,1,9433.662765777985,1,0.9688643452396283,0.9964524137286704,0.031135654760371743,0.0035475862713295805,0,0.0,201.95691725844145,349.3949172510365
2022-04-05,-0.0027739677642609527,1,9407.494089366808,1,0.9826733310491155,0.9968511278905199,0.017326668950884458,0.0031488721094800856,0,-0.0,201.95691725844145,348.4257070135855
2022-04-06,0.009046628559024904,1,9492.600194064533,1,0.9743452843405495,0.9948552363281019,0.02565471565945055,0.005144763671897973,0,0.0,201.95691725844145,351.57778496535303
2022-04-07,0.007136340854396311,1,9560.342624643887,1,0.9778218012764037,0.9929244024304718,0.02217819872359619,0.007075597569528284,0,0.0,201.95691725844145,354.0867638756995
2022-04-08,0.0025183004543248735,2,9584.418439819028,1,0.9869135601109981,0.9880338420747019,0.01308643988900192,0.01196615792529808,0,0.0,201.95691725844145,354.97846073403804
2022-04-11,0.00788020371082809,2,9659.945609574619,1,0.9814199632008251,0.9686615026811259,0.01858003679917488,0.03133849731887414,0,0.0,201.95691725844145,357.7757633175785
2022-04-12,0.010113880547101026,2,9757.64514556135,1,0.9670108505878627,0.9317254546599071,0.032989149412137285,0.06827454534009283,0,0.0,201.95691725844145,361.3942646504204
2022-04-13,-0.0050520915655318695,2,9708.348628822007,1,0.9771090571163006,0.8872451326135088,0.022890942883699368,0.11275486738649129,0,-0.0,201.95691725844145,359.5684677341484
2022-04-14,-0.004222919105763211,2,9667.351057911943,1,0.9830965824342464,0.7755875408698364,0.01690341756575363,0.2244124591301636,0,-0.0,201.95691725844145,358.0500391819238
2022-04-15,0.009184021001055514,2,9756.136213052381,1,0.9739125367942099,0.46847854098959113,0.026087463205790116,0.5315214590104089,0,0.0,201.95691725844145,361.3383782611993
2022-04-18,-0.05442699542395704,2,9225.13903202908,2,1.196918569801774e-14,1.100378225409821e-14,0.999999999999988,0.9999999999999889,1,-0.0,201.95691725844145,341.671816001077
2022-04-19,-0.0018367576160261535,2,9208.194687653098,2,0.1544702199866248,0.04857764938053725,0.8455297800133752,0.9514223506194628,1,-0.0018367576160261535,201.58597135255783,341.0442476908555
2022-04-20,-0.008493332155599944,2,9129.98643161743,2,0.2391873130575167,0.057731424728617135,0.7608126869424834,0.942268575271383,1,-0.008493332155599944,199.8738347399513,338.14764561546036
2022-04-21,-0.015411798020824962,2,8989.27692480047,2,0.05691291940145715,0.059552598770625936,0.9430870805985428,0.9404474012293741,1,-0.015411798020824962,196.79341956929144,332.9361824000174
2022-04-22,0.005826941168241631,2,9041.656912586313,2,0.2318178706508892,0.11059532331991156,0.7681821293491109,0.8894046766800884,1,0.005826941168241631,197.9401232474188,334.87618194764127
2022-04-25,-0.012780910042619371,2,8926.096308950322,2,0.12870166450632511,0.12312544115163905,0.871298335493675,0.8768745588483609,1,-0.012780910042619371,195.41026833836855,330.5961595907526
2022-04-26,0.014023082502889656,2,9051.267693919472,2,0.07928003219297569,0.1642982734609033,0.9207199678070244,0.8357017265390967,1,0.014023082502889656,198.15052265318934,335.2321368118323
2022-04-27,0.015656250816769558,2,9192.976611145197,2,0.033262312771148037,0.2652070397997091,0.966737687228852,0.734792960200291,1,0.015656250816769558,201.25281693532165,340.4806152275999
2022-04-28,0.007735537561751273,2,9264.089227025013,1,0.15004707350431273,0.68199570123466,0.8499529264956873,0.3180042987653401,0,0.007735537561751273,202.80961566013312,343.1144158157412
2022-04-29,0.005150574721087983,1,9311.804610811632,1,0.39601353035151327,0.8906313614035353,0.6039864696484868,0.10936863859646474,0,0.0,202.80961566013312,344.88165225228266
2022-05-02,0.0038970697226897505,1,9348.093362624028,1,0.6913982735372592,0.9635981294031325,0.3086017264627408,0.0364018705968676,0,0.0,202.80961566013312,346.2256800971862
2022-05-03,0.005602457151366094,1,9400.4656551351,1,0.8552832449431232,0.9861805023950686,0.14471675505687678,0.0138194976049313,0,0.0,202.80961566013312,348.16539463463334
2022-05-04,0.005325747978881446,1,9450.53016609848,1,0.9361151657604189,0.9945433633326625,0.06388483423958112,0.005456636667337405,0,0.0,202.80961566013312,350.0196357814252
2022-05-05,0.0029086892452494973,1,9478.018821554519,1,0.973940865756458,0.997600122327018,0.02605913424354197,0.0023998776729819626,0,0.0,202.80961566013312,351.0377341316488
2022-05-06,0.007220901429898565,1,9546.458661215685,1,0.9773467432421294,0.9982014802084233,0.022653256757870704,0.0017985197915768138,0,0.0,202.80961566013312,353.5725430079884
2022-05-09,-0.0001784017836625832,1,9544.755555962864,1,0.9871997068548543,0.9988978139264005,0.012800293145145795,0.0011021860735994573,0,-0.0,202.80961566013312,353.5094650356616
2022-05-10,-0.0036694158688386947,1,9509.731878461627,1,0.987570916786877,0.9988684961236691,0.012429083213122877,0.0011315038763308471,0,-0.0,202.80961566013312,352.21229179487506
2022-05-11,-0.003954519525999767,1,9472.125458061228,1,0.9873220330178512,0.9987026551866064,0.012677966982148885,0.0012973448133936482,0,-0.0,202.80961566013312,350.8194614096751
2022-05-12,-0.0010477691778342417,1,9462.200856957692,1,0.9897284749692946,0.9982870639685348,0.010271525030705279,0.0017129360314650764,0,-0.0,202.80961566013312,350.45188359102565
2022-05-13,-0.010561688001722714,1,9362.264043696872,1,0.9595061988266451,0.996223411109408,0.04049380117335487,0.003776588890591887,0,-0.0,202.80961566013312,346.7505201369212
2022-05-16,0.0020797622442376316,1,9381.735326975537,1,0.9818260602306583,0.9976592435260933,0.018173939769341726,0.0023407564739068485,0,0.0,202.80961566013312,347.4716787768717
2022-05-17,0.004755474010594431,1,9426.349925497245,1,0.986041455915991,0.9969460403027844,0.013958544084008912,0.003053959697215622,0,0.0,202.80961566013312,349.12407131471275
2022-05-18,0.006425420825759351,1,9486.918190619428,1,0.9847713042384736,0.9938844103209056,0.015228695761526374,0.006115589679094402,0,0.0,202.80961566013312,351.36734039331213
2022-05-19,-0.008845359186213845,1,9403.002991653173,1,0.9692910788630114,0.9866343458909973,0.030708921136988646,0.01336565410900268,0,-0.0,202.80961566013312,348.2593700612286
2022-05-20,-0.003776348671397286,1,9367.493973798499,1,0.981141701901746,0.9796032332711899,0.01885829809825409,0.020396766728810158,0,-0.0,202.80961566013312,346.94422125179625
2022-05-23,0.005776849051590491,1,9421.608572476816,1,0.9841436220780884,0.9567667645022537,0.015856377921911604,0.0432332354977463,0,0.0,202.80961566013312,348.94846564728954
2022-05-24,-0.00036295683263682114,1,9418.188935271008,1,0.9890635083129786,0.8953404615726207,0.01093649168702137,0.1046595384273793,0,-0.0,202.80961566013312,348.8218124174447
2022-05-25,0.004612508181255358,1,9461.630408787554,1,0.9886343036883853,0.673140364880081,0.011365696311614576,0.3268596351199189,0,0.0,202.80961566013312,350.4307558810205
2022-05-26,-0.023806651107362506,2,9236.380674738737,2,0.07399691343752296,0.001900511182470747,0.9260030865624771,0.9980994888175293,1,-0.0,202.80961566013312,342.08817313847175
2022-05-27,0.022991854725095715,2,9448.74219739801,2,0.0012369645157375418,2.9280588918952278e-05,0.9987630354842624,0.999970719411081,1,0.022991854725095715,207.4725848802434,349.9534147184449
2022-05-30,-0.02505876718414402,2,9211.968366490419,2,7.317899198927535e-05,1.7282077190215523e-06,0.9999268210080108,0.999998271792281,1,-0.02505876718414402,202.2735776786368,341.1840135737192
2022-05-31,-0.05585121880477485,2,8697.468705630898,2,4.870006701809313e-18,4.727354052111513e-17,1.0,1.0,1,-0.05585121880477485,190.97635183328265,322.12847057892213
2022-06-01,0.0018092918055665074,2,8713.204964489167,1,0.16228962012957288,0.5250565136774267,0.8377103798704272,0.47494348632257327,0,0.0018092918055665074,191.3218837817116,322.71129498108024
2022-06-02,0.002273869474943264,2,8733.017655286843,1,0.4650046893512026,0.6699200218375639,0.5349953106487974,0.33007997816243606,0,0.0,191.3218837817116,323.4450983439571
2022-06-03,-0.010349451341376851,2,8642.635714000065,1,0.43520192049840495,0.7053688945872955,0.5647980795015951,0.2946311054127046,0,-0.0,191.3218837817116,320.09761903703946
2022-06-06,0.007074439848411947,2,8703.777520490496,1,0.642593347536205,0.7501681025032874,0.357406652463795,0.2498318974967127,0,0.0,191.3218837817116,322.3621303885369
2022-06-07,0.0075984628649992825,2,8769.912850765159,1,0.7838641122550298,0.7628141168751352,0.21613588774497014,0.23718588312486472,0,0.0,191.3218837817116,324.8115870653762
2022-06-08,0.005563487409217806,2,8818.704150490328,1,0.9023171483509145,0.754553964058455,0.09768285164908556,0.24544603594154496,0,0.0,191.3218837817116,326.6186722403825
2022-06-09,-0.010661345262734977,2,8724.684900772036,1,0.8566621277665185,0.7060285990740788,0.14333787223348152,0.2939714009259212,0,-0.0,191.3218837817116,323.1364778063717
2022-06-10,-0.014004836359603047,2,8602.497116447625,1,0.5940214603386706,0.6714221386181871,0.40597853966132946,0.32857786138181294,0,-0.0,191.3218837817116,318.61100431287497
2022-06-13,-0.008867083886035871,2,8526.218052886701,1,0.6426533654506802,0.685378502868117,0.3573466345493198,0.314621497131883,0,-0.0,191.3218837817116,315.78585381061856
2022-06-14,-0.01630355878287961,2,8387.210355665813,1,0.17082472271918475,0.6931417333049812,0.8291752772808153,0.3068582666950188,0,-0.0,191.3218837817116,310.63742058021535
2022-06-15,0.007526184003946829,1,8450.334044082363,1,0.3484845780674359,0.8745884433896846,0.6515154219325642,0.12541155661031547,0,0.0,191.3218837817116,312.97533496601346
2022-06-16,-0.0011673682990775073,1,8440.469392002686,1,0.6701071079678479,0.9626292152789919,0.3298928920321521,0.03737078472100798,0,-0.0,191.3218837817116,312.609977481581
2022-06-17,0.0017311441031538748,1,8455.081060818502,1,0.8770446378994718,0.9877174867374297,0.12295536210052826,0.012282513262570283,0,0.0,191.3218837817116,313.15115040068525
2022-06-20,0.0057505895880058085,1,8503.70276193259,1,0.9424866980045091,0.9944039268753355,0.05751330199549084,0.005596073124664528,0,0.0,191.3218837817116,314.9519541456515
2022-06-21,-0.004402781294265402,1,8466.26281848036,1,0.9694218156932926,0.9967925531922256,0.030578184306707383,0.003207446807774419,0,-0.0,191.3218837817116,313.56528957334666
2022-06-22,-0.00727522554083929,1,8404.668846987895,1,0.9688132627026341,0.9973658383754861,0.03118673729736594,0.0026341616245140033,0,-0.0,191.3218837817116,311.28403136992205
2022-06-23,-0.004115547158328987,1,8370.079035997976,1,0.9802611121483079,0.9984462760239866,0.019738887851692106,0.001553723976013286,0,-0.0,191.3218837817116,310.00292725918433
2022-06-24,0.00237536797401155,1,8389.961053680032,1,0.9876970492803365,0.9989891312509881,0.01230295071966347,0.0010108687490118415,0,0.0,191.3218837817116,310.7392982844456
2022-06-27,0.001961539468205266,1,8406.418293423532,1,0.9899804631564273,0.999023523121431,0.010019536843572652,0.0009764768785690748,0,0.0,191.3218837817116,311.34882568235304
2022-06-28,0.0031427890995733374,1,8432.837893202557,1,0.9901108917295812,0.9985692207610367,0.009889108270418726,0.0014307792389632343,0,0.0,191.3218837817116,312.3273293778725
2022-06-29,0.00018066948240502267,1,8434.361449659928,1,0.9908201527042344,0.9970006940704125,0.00917984729576567,0.0029993059295874195,0,0.0,191.3218837817116,312.3837573948121
2022-06-30,-0.013832902949658575,1,8317.689746284439,1,0.8994707210573631,0.9911218655826167,0.10052927894263683,0.008878134417383275,0,-0.0,191.3218837817116,308.06258319572
2022-07-01,-5.674973117824819e-06,1,8317.642543618727,1,0.9641137603037343,0.9965100208725566,0.035886239696265705,0.0034899791274433543,0,-0.0,191.3218837817116,308.0608349488418
2022-07-04,0.006592384907547024,1,8372.47564478965,1,0.9751652709722467,0.9975769472621441,0.024834729027753216,0.0024230527378559675,0,0.0,191.3218837817116,310.09169054776487
2022-07-05,0.008216784330837307,1,8441.270471478078,1,0.9739665274327333,0.9979800761795758,0.02603347256726683,0.0020199238204241694,0,0.0,191.3218837817116,312.6396470917806
2022-07-06,0.0013319455457686247,1,8452.51378408319,1,0.9862840618964511,0.99891587268509,0.01371593810354881,0.0010841273149099547,0,0.0,191.3218837817116,313.05606607715515
2022-07-07,0.0019838942444335736,1,8469.28267753043,1,0.9895752403042072,0.9991042431377469,0.01042475969579282,0.0008957568622531612,0,0.0,191.3218837817116,313.6771362048307
2022-07-08,0.00449462689862685,1,8507.34894326493,1,0.9889245938124316,0.9989433157877122,0.01107540618756841,0.001056684212287862,0,0.0,191.3218837817116,315.0869978987011
2022-07-11,0.008023306623012897,1,8575.60601238571,1,0.9820016838900061,0.9985975697199355,0.01799831610999394,0.001402430280064378,0,0.0,191.3218837817116,317.615037495767
2022-07-12,0.0008031677531395838,1,8582.493662598486,1,0.9886003870893426,0.9990584332226606,0.011399612910657365,0.0009415667773392801,0,0.0,191.3218837817116,317.8701356517958
2022-07-13,0.00440724049357469,1,8620.318776204138,1,0.9886947146828785,0.9990311576949237,0.011305285317121421,0.0009688423050762772,0,0.0,191.3218837817116,319.27106578533846
2022-07-14,-0.0025032210969495013,1,8598.740212381115,1,0.9892547773993761,0.9989258920481663,0.010745222600623877,0.0010741079518336988,0,-0.0,191.3218837817116,318.4718597178191
2022-07-15,-0.0065242745554849515,1,8542.63967040425,1,0.9827215203400431,0.9984545699559515,0.01727847965995689,0.0015454300440485042,0,-0.0,191.3218837817116,316.39406186682413
2022-07-18,-0.0019194904541380803,1,8526.24215510377,1,0.9878871768330926,0.9986054966063664,0.012112823166907474,0.0013945033936335757,0,-0.0,191.3218837817116,315.7867464853248
2022-07-19,0.009514805206824474,1,8607.367688355798,1,0.9753878126006477,0.9978580346608584,0.02461218739935232,0.002141965339141541,0,0.0,191.3218837817116,318.7913958650296
2022-07-20,0.004533242864260412,1,8646.386976509102,1,0.9841887654717177,0.998492148161926,0.015811234528282255,0.001507851838073978,0,0.0,191.3218837817116,320.2365546855223
2022-07-21,-0.006032998706684615,1,8594.223335062328,1,0.9816962593514303,0.9984201528745681,0.018303740648569627,0.0015798471254319941,0,-0.0,191.3218837817116,318.3045679652714
2022-07-22,0.004822883703447276,1,8635.672274728786,1,0.9859051740532558,0.9987033048354556,0.014094825946744195,0.0012966951645445542,0,0.0,191.3218837817116,319.83971387884395
2022-07-25,-0.005631143398240932,1,8587.043565809576,1,0.9835388765806062,0.998610829811698,0.016461123419393667,0.0013891701883020399,0,-0.0,191.3218837817116,318.0386505855398
2022-07-26,0.0030584571565850996,1,8613.306670657334,1,0.9882557246008202,0.998832221026743,0.011744275399179783,0.001167778973257004,0,0.0,191.3218837817116,319.01135817249383
2022-07-27,-0.004612309326145062,1,8573.579435971313,1,0.9865710192873683,0.998430647818095,0.013428980712631584,0.0015693521819049744,0,-0.0,191.3218837817116,317.5399791100486
2022-07-28,-0.006336471357203967,1,8519.253195446567,1,0.9819455692255699,0.9977188309903022,0.018054430774430183,0.0022811690096976563,0,-0.0,191.3218837817116,315.52789612765065
2022-07-29,0.010656037719535782,1,8610.034678839522,1,0.9631944971643267,0.9970556062237481,0.036805502835673326,0.0029443937762519763,0,0.0,191.3218837817116,318.8901732903526
2022-08-01,-0.0011717108544939078,1,8599.946207748757,1,0.9826365064050551,0.9985735920607715,0.017363493594944837,0.0014264079392285246,0,-0.0,191.3218837817116,318.5165262129169
2022-08-02,0.004419124586494059,1,8637.950441477944,1,0.9867361170177235,0.9988992826227686,0.01326388298227649,0.001100717377231347,0,0.0,191.3218837817116,319.92409042510906
2022-08-03,0.0010455150523743268,1,8646.981548686173,1,0.9898970693093505,0.9989695867297628,0.010102930690649463,0.0010304132702371668,0,0.0,191.3218837817116,320.2585758772657
2022-08-04,-0.005213124734688836,1,8601.90375529432,1,0.9861427665330934,0.9984138414212895,0.01385723346690666,0.0015861585787105394,0,-0.0,191.3218837817116,318.58902797386367
2022-08-05,-0.0005715994920401116,1,8596.986911477215,1,0.9895657349098037,0.9977829118806003,0.010434265090196279,0.002217088119399631,0,-0.0,191.3218837817116,318.40692264730427
2022-08-08,-0.0051660962476510735,1,8552.574049652727,1,0.9860969349076577,0.9946579035200496,0.013903065092342268,0.005342096479950508,0,-0.0,191.3218837817116,316.7620018389899
2022-08-09,0.015275692529677495,1,8683.22054117252,1,0.8818794487085675,0.987728494686756,0.11812055129143252,0.012271505313243893,0,0.0,191.3218837817116,321.60076078416745
2022-08-10,0.005507625727388143,1,8731.044470021669,1,0.9460380716929137,0.9939876359690926,0.05396192830708642,0.006012364030907474,0,0.0,191.3218837817116,323.37201740820996
2022-08-11,0.0009347953568722783,1,8739.206209852891,1,0.9783360343729907,0.995836236855461,0.02166396562700934,0.004163763144539136,0,0.0,191.3218837817116,323.6743040686256
2022-08-12,0.00408271469105126,1,8774.885895433985,1,0.9857360959299607,0.9938571234615425,0.014263904070039262,0.006142876538457443,0,0.0,191.3218837817116,324.9957739049624
2022-08-15,0.005092287892647465,1,8819.570140638665,1,0.9869240090292557,0.9858666345461833,0.013075990970744352,0.014133365453816714,0,0.0,191.3218837817116,326.6507459495802
2022-08-16,0.0051091143542476075,1,8864.630333042498,1,0.9873147754213538,0.9626026336528154,0.01268522457864622,0.037397366347184595,0,0.0,191.3218837817116,328.3196419645369
2022-08-17,0.010611502247402758,2,8958.697377743973,1,0.9682122418881026,0.8956511342998336,0.03178775811189727,0.1043488657001663,0,0.0,191.3218837817116,331.8036065831101
2022-08-18,0.009152654407344803,2,9040.693238782449,1,0.9645204719884736,0.8231261480069069,0.03547952801152647,0.17687385199309322,0,0.0,191.3218837817116,334.8404903252759
2022-08-19,0.00033341331471576025,2,9043.707526282518,1,0.9836651535442605,0.7119295941252365,0.01633484645573947,0.28807040587476346,0,0.0,191.3218837817116,334.9521306030562
2022-08-22,0.02638236272691337,2,9282.30189863702,1,0.03169619010845831,0.3030339161348813,0.9683038098915417,0.6969660838651188,0,0.0,191.3218837817116,343.7889592087785
2022-08-23,0.001465695142257301,2,9295.906923438819,1,0.23843770170005987,0.8041132271489767,0.76156229829994,0.19588677285102318,0,0.0,191.3218837817116,344.29284901625255
2022-08-24,-0.000584021366591675,2,9290.477915173682,1,0.5653313768217836,0.942728906033408,0.4346686231782165,0.05727109396659198,0,-0.0,191.3218837817116,344.0917746360623
2022-08-25,0.0018400499862224495,1,9307.5728589335,1,0.8244854529149276,0.981411045011067,0.17551454708507244,0.01858895498893285,0,0.0,191.3218837817116,344.7249207012407
2022-08-26,0.0022637191874510017,1,9328.642590202866,1,0.937780113541764,0.9919094756937815,0.06221988645823599,0.008090524306218575,0,0.0,191.3218837817116,345.5052811186246
2022-08-29,-0.008805423870859093,1,9246.49993805638,1,0.9327632769583349,0.9938553419973147,0.06723672304166499,0.006144658002685228,0,-0.0,191.3218837817116,342.4629606687548
2022-08-30,-0.004170982148681476,1,9207.932951876961,1,0.9664837814823564,0.9969900677050259,0.033516218517643616,0.003009932294974053,0,-0.0,191.3218837817116,341.0345537732208
2022-08-31,0.00018047143910571574,1,9209.594720787978,1,0.9842012150866236,0.9980860010626106,0.015798784913376437,0.0019139989373894147,0,0.0,191.3218837817116,341.0961007699251
2022-09-01,-0.009059132866925003,1,9126.163778561828,1,0.9673241824530607,0.9974117851288358,0.032675817546939295,0.0025882148711641887,0,-0.0,191.3218837817116,338.0060658726603
2022-09-02,0.0009253189297757708,1,9134.608390662366,1,0.9844690734471083,0.9987017580242665,0.015530926552891742,0.0012982419757333655,0,0.0,191.3218837817116,338.31882928379133
2022-09-05,0.002184205434312101,1,9154.560251949564,1,0.9889883402479004,0.9988881379780306,0.011011659752099622,0.0011118620219694,0,0.0,191.3218837817116,339.0577871092431
2022-09-06,-0.006760988591035481,1,9092.666374530187,1,0.9818651693013224,0.9984084429334434,0.01813483069867763,0.0015915570665564977,0,-0.0,191.3218837817116,336.7654212788958
2022-09-07,-0.002898168448236865,1,9066.314295733178,1,0.9867202613343602,0.9986480637007052,0.013279738665639852,0.0013519362992947712,0,-0.0,191.3218837817116,335.7894183604881
2022-09-08,0.008489862770022612,1,9143.286059933847,1,0.9791973620344429,0.9982794878929029,0.020802637965557123,0.0017205121070972228,0,0.0,191.3218837817116,338.64022444199435
2022-09-09,0.004146146364350747,1,9181.195462189462,1,0.9859392073580006,0.9987914925770697,0.014060792641999472,0.001208507422930233,0,0.0,191.3218837817116,340.04427637738746
2022-09-12,0.003789330490980711,1,9215.98604609799,1,0.9884259235728658,0.998838336193065,0.011574076427134197,0.0011616638069350646,0,0.0,191.3218837817116,341.33281652214777
2022-09-13,0.007640894231127599,1,9286.404420711773,1,0.9828843111809527,0.9984051341951288,0.017115688819047292,0.0015948658048713096,0,0.0,191.3218837817116,343.94090447080646
2022-09-14,-0.004065145067262029,1,9248.653839588316,1,0.9854828968706982,0.99845957111965,0.014517103129301722,0.001540428880350072,0,-0.0,191.3218837817116,342.54273479956726
2022-09-15,-0.006745467153487697,1,9186.267348899395,1,0.9800829626352321,0.9980619470314402,0.019917037364767957,0.0019380529685597383,0,-0.0,191.3218837817116,340.232124033311
2022-09-16,0.006724007099534612,1,9248.035875771619,1,0.9815853452235224,0.9981831713806323,0.018414654776477676,0.0018168286193676044,0,0.0,191.3218837817116,342.5198472508007
2022-09-19,0.00034429385814486346,1,9251.219917723549,1,0.9884740279737456,0.9981853914450836,0.011525972026254347,0.0018146085549164952,0,0.0,191.3218837817116,342.63777473050186
2022-09-20,-0.004210857409780138,1,9212.264349783498,1,0.9872811317149314,0.9964137856666826,0.012718868285068708,0.003586214333317317,0,-0.0,191.3218837817116,341.1949759179073
2022-09-21,0.013337232330168642,1,9335.130459703489,1,0.9356377556026766,0.9918007845742143,0.06436224439732349,0.008199215425785633,0,0.0,191.3218837817116,345.7455725816107
2022-09-22,-0.008845966162708352,1,9252.552211532484,1,0.9304792421386893,0.9939432512695664,0.06952075786131076,0.006056748730433682,0,-0.0,191.3218837817116,342.68711894564757
2022-09-23,0.0019084434733743468,1,9270.21018441264,1,0.9732782157917539,0.9973198508011131,0.026721784208246023,0.0026801491988870346,0,0.0,191.3218837817116,343.34111794120884
2022-09-26,-0.00034023421000896673,1,9267.056141773928,1,0.9860000528894283,0.997771017800217,0.01399994711057165,0.002228982199782942,0,-0.0,191.3218837817116,343.2243015471825
2022-09-27,-0.0013446725368625634,1,9254.594985882522,1,0.9892108188431813,0.9961031971477299,0.010789181156818796,0.003896802852270064,0,-0.0,191.3218837817116,342.7627772549082
2022-09-28,-0.01247117146797704,1,9139.1793449469,1,0.9304160921958196,0.98951710963962,0.06958390780418042,0.010482890360380026,0,-0.0,191.3218837817116,338.4881238869222
2022-09-29,0.010000602207777954,1,9230.576642081254,1,0.928773341265204,0.9914711594771258,0.07122665873479586,0.008528840522874214,0,0.0,191.3218837817116,341.87320896597237
2022-09-30,-0.00774374291470087,1,9159.097429610532,1,0.9398460420638209,0.9942248484244064,0.060153957936179114,0.005775151575593538,0,-0.0,191.3218837817116,339.225830726316
2022-10-03,-0.0007999139754064887,1,9151.770939574477,1,0.9759484739919615,0.9968089551184747,0.024051526008038608,0.0031910448815252288,0,-0.0,191.3218837817116,338.9544792434992
2022-10-04,-0.001775466521791971,1,9135.522276656155,1,0.9859653330533296,0.9963527102533194,0.014034666946670504,0.003647289746680626,0,-0.0,191.3218837817116,338.3526769131909
2022-10-05,0.004331319618624319,1,9175.091143519414,1,0.9879181189412889,0.9923359317338817,0.012081881058711054,0.007664068266118232,0,0.0,191.3218837817116,339.8181905007191
2022-10-06,-0.008788746111302485,1,9094.453596910962,1,0.9721071222282065,0.9794407038704681,0.02789287777179347,0.02055929612953186,0,-0.0,191.3218837817116,336.831614700406
2022-10-07,0.003573035996491657,1,9126.948406981148,1,0.9843407920426245,0.9652546149062508,0.01565920795737546,0.03474538509374938,0,0.0,191.3218837817116,338.03512618448696
2022-10-10,0.001938237005662374,1,9144.63859613233,1,0.9890417574744194,0.9156478940331662,0.010958242525580671,0.08435210596683383,0,0.0,191.3218837817116,338.6903183752715
2022-10-11,-0.013415679200338962,2,9021.957058323582,1,0.9072438375317222,0.7372899404030987,0.09275616246827777,0.26271005959690125,0,-0.0,191.3218837817116,334.14655771568823
2022-10-12,0.006165969711474643,2,9077.58617228343,1,0.9528137007154125,0.6812426023259834,0.047186299284587535,0.31875739767401656,0,0.0,191.3218837817116,336.20689526975667
2022-10-13,-0.001155340006516463,2,9067.09847381599,1,0.9795511560946867,0.531378113716325,0.020448843905313395,0.46862188628367496,0,-0.0,191.3218837817116,335.8184619931848
2022-10-14,0.030978265976161372,2,9347.981461969906,2,0.001352525747699198,0.0013890142074326824,0.9986474742523008,0.9986109857925672,1,0.0,191.3218837817116,346.2215356285151
2022-10-17,-0.004936268251091376,2,9301.837317867394,2,0.12179492737792726,0.055706557511659587,0.8782050726220727,0.9442934424883405,1,-0.004936268251091376,190.37746764106095,344.51249325434793
2022-10-18,-0.018715854782724157,2,9127.745481413662,2,0.007740361486324005,0.07325468251090962,0.992259638513676,0.9267453174890904,1,-0.018715854782724157,186.81439060278805,338.0646474597653
2022-10-19,0.007003313001846792,2,9191.669940021195,1,0.12204931401910632,0.5812264871026444,0.8779506859808938,0.41877351289735565,0,0.007003313001846792,188.12271025342864,340.432220000785
2022-10-20,-0.007135044549416778,2,9126.086965515608,1,0.25268773839633035,0.8067899112597111,0.7473122616036696,0.19321008874028883,0,-0.0,188.12271025342864,338.0032209450225
2022-10-21,0.0007957484325401246,1,9133.349034913641,1,0.5857557874361241,0.9354221352109902,0.4142442125638759,0.06457786478900975,0,0.0,188.12271025342864,338.272186478283
2022-10-24,-0.006702446403818305,1,9072.133252519767,1,0.7296396719448179,0.9702514894865247,0.270360328055182,0.02974851051347527,0,-0.0,188.12271025342864,336.00493527850983
2022-10-25,0.0044270919581322005,1,9112.2964206851,1,0.8880702916145562,0.9890532417813132,0.11192970838544386,0.010946758218686797,0,0.0,188.12271025342864,337.49246002537404
2022-10-26,-0.002020252886557009,1,9093.887277538048,1,0.9573344749896135,0.9950120413776057,0.04266552501038637,0.0049879586223942314,0,-0.0,188.12271025342864,336.81063990881654
2022-10-27,0.002395269377912291,1,9115.669587260121,1,0.9809662611830133,0.9960383505208492,0.019033738816986664,0.003961649479150726,0,0.0,188.12271025342864,337.6173921207452
2022-10-28,0.013398330734999093,1,9237.804343261205,1,0.9237243582389235,0.9935296264007257,0.07627564176107646,0.006470373599274174,0,0.0,188.12271025342864,342.14090160226687
2022-10-31,-0.00068215420447598,1,9231.502736188324,1,0.97113748753448,0.997390707161707,0.02886251246552,0.002609292838292969,0,-0.0,188.12271025342864,341.90750874771567
2022-11-01,0.005265151828999621,1,9280.107999704182,1,0.9814599425269326,0.9981967747993327,0.01854005747306744,0.001803225200667325,0,0.0,188.12271025342864,343.70770369274743
2022-11-02,-0.004330604330452575,3,9239.919523813594,1,0.9845054341692635,0.9982387977992938,0.015494565830736539,0.0017612022007060775,0,-0.0,188.12271025342864,342.2192416227257
2022-11-03,-0.003096238229928556,1,9211.3105317425,1,0.9873550619515323,0.9977215590433844,0.012644938048467586,0.002278440956615521,0,-0.0,188.12271025342864,341.15964932379626
2022-11-04,0.008727824193638073,1,9291.705230656555,1,0.9786274015928685,0.9954836541558733,0.02137259840713143,0.0045163458441266615,0,0.0,188.12271025342864,344.1372307650576
2022-11-07,-0.010399239708163697,1,9195.078560665359,1,0.948759667686583,0.9930432611161364,0.0512403323134169,0.006956738883863643,0,-0.0,188.12271025342864,340.5584652098281
2022-11-08,0.006845082139021534,1,9258.019628687869,1,0.9674191750238279,0.9941699032624032,0.032580824976172165,0.005830096737596738,0,0.0,188.12271025342864,342.88961587732854
2022-11-09,-0.011020622906271012,1,9155.990485501246,1,0.9254348002292925,0.9931592137213954,0.0745651997707076,0.0068407862786046165,0,-0.0,188.12271025342864,339.1107587222684
2022-11-10,0.006155584029795855,1,9212.35095431076,1,0.9606250878768282,0.9967554347698632,0.03937491212317173,0.003244565230136922,0,0.0,188.12271025342864,341.1981834929911
2022-11-11,0.0008856384070186047,1,9220.509766134832,1,0.9825627896876955,0.9983723563045641,0.017437210312304482,0.0016276436954358923,0,0.0,188.12271025342864,341.5003617086975
2022-11-14,-0.004923636516379869,1,9175.111327550654,1,0.983758322293151,0.9984415847026993,0.016241677706849023,0.0015584152973007366,0,-0.0,188.12271025342864,339.81893805743164
2022-11-15,-0.001642217877560683,1,9160.043795699941,1,0.9883855560316788,0.9983807938149432,0.011614443968321222,0.0016192061850567397,0,-0.0,188.12271025342864,339.26088132222003
2022-11-16,0.004917910741740205,1,9205.092073477625,1,0.9880607694539177,0.9970361361040241,0.011939230546082227,0.002963863895975882,0,0.0,188.12271025342864,340.92933605472683
2022-11-17,0.012658643507092913,1,9321.616052485746,1,0.9478142210216485,0.993164248689858,0.05218577897835148,0.00683575131014193,0,0.0,188.12271025342864,345.24503898095355
2022-11-18,-0.008585449670266308,1,9241.585787021584,1,0.9433580249491826,0.9944583871665196,0.05664197505081742,0.005541612833480429,0,-0.0,188.12271025342864,342.2809550748735
2022-11-21,-0.004592704289938769,1,9199.141916331693,1,0.9690683491412373,0.9967815591006741,0.030931650858762646,0.0032184408993259435,0,-0.0,188.12271025342864,340.7089598641368
2022-11-22,-0.007181881754433938,1,9133.074766846343,1,0.9691394984280456,0.9973958873984268,0.030860501571954357,0.002604112601573306,0,-0.0,188.12271025342864,338.26202840171635
2022-11-23,-0.000334722344662201,1,9130.017722646407,1,0.9848208673362071,0.9984591407766427,0.015179132663792949,0.0015408592233574232,0,-0.0,188.12271025342864,338.1488045424595
2022-11-24,0.006329900671546757,1,9187.80982796022,1,0.9844747212577064,0.9982071530792292,0.015525278742293492,0.0017928469207706694,0,0.0,188.12271025342864,340.28925288741556
2022-11-25,-0.007907054140309353,1,9115.161318219672,1,0.9745993270588733,0.9976494527332326,0.025400672941126783,0.0023505472667674277,0,-0.0,188.12271025342864,337.59856734146933
2022-11-28,0.0007274663129236726,1,9121.792291015543,1,0.9865344064050658,0.9982022601181406,0.013465593594934109,0.001797739881859309,0,0.0,188.12271025342864,337.84415892650156
2022-11-29,0.0061213243405838025,1,9177.629740196286,1,0.9855656574246655,0.9971036762439244,0.014434342575334469,0.002896323756075629,0,0.0,188.12271025342864,339.9122125998624
2022-11-30,-0.0017245707620863198,1,9161.802268281088,1,0.9888674012400421,0.9944939946053563,0.011132598759957878,0.005506005394643731,0,-0.0,188.12271025342864,339.3260099363366
2022-12-01,-0.014825283139762805,1,9025.9759555833,1,0.8552517814729275,0.9848061863234976,0.1447482185270725,0.015193813676502438,0,-0.0,188.12271025342864,334.29540576234444
2022-12-02,0.001993688880778967,1,9043.970943484126,1,0.9490184251151411,0.9929658204398268,0.05098157488485884,0.007034179560173214,0,0.0,188.12271025342864,334.9618867957083
2022-12-05,0.008214693150932924,1,9118.2643896508,1,0.9596585462183558,0.9940261207208795,0.040341453781644304,0.005973879279120408,0,0.0,188.12271025342864,337.7134959129926
2022-12-06,-0.005626322077894293,1,9066.962097403231,1,0.9718919587506422,0.9941983538833331,0.028108041249357906,0.005801646116666974,0,-0.0,188.12271025342864,335.8134110149345
2022-12-07,-0.009871525504039101,1,8977.457349814558,1,0.9483688882798833,0.9922813142023327,0.0516311117201166,0.007718685797667378,0,-0.0,188.12271025342864,332.4984203635022
2022-12-08,0.0027179109555138634,1,9001.857279498277,1,0.9779666506762288,0.9931205023017333,0.0220333493237712,0.0068794976982666295,0,0.0,188.12271025342864,333.4021214628992
2022-12-09,0.002886058901230018,1,9027.837169827377,1,0.9867219023469187,0.9883785097215275,0.013278097653081298,0.011621490278472561,0,0.0,188.12271025342864,334.36433962323616
2022-12-12,-0.002123371384681314,1,9008.667718715404,1,0.9889425250941852,0.9699350984608172,0.011057474905814817,0.030064901539182842,0,-0.0,188.12271025342864,333.65435995242234
2022-12-13,-0.003254248474969671,1,8979.351275530264,1,0.9886387184091471,0.9081625275688795,0.011361281590852854,0.09183747243112049,0,-0.0,188.12271025342864,332.5685657603802
2022-12-14,-0.0008852564852155574,2,8971.402246580574,1,0.9901658914272968,0.720858301759653,0.009834108572703197,0.27914169824034696,0,-0.0,188.12271025342864,332.274157280762
2022-12-15,-0.021070426899530446,2,8782.370971357714,2,0.2753229969996758,0.05740517208204188,0.7246770030003243,0.9425948279179582,1,-0.0,188.12271025342864,325.2729989391746
2022-12-16,-0.02104485231993334,2,8597.547271246622,2,0.005522079923577756,0.05600094439918048,0.9944779200764222,0.9439990556008196,1,-0.02104485231993334,184.16369559811963,318.4276767128378
2022-12-19,0.00487623969773902,1,8639.470972553863,1,0.14918487804875796,0.6017139087334875,0.8508151219512421,0.3982860912665125,0,0.00487623969773902,185.06172192147753,319.9804063908838
2022-12-20,-0.006092764210951936,1,8586.832713010728,1,0.32490069489893847,0.7864198986154691,0.6750993051010615,0.21358010138453104,0,-0.0,185.06172192147753,318.03084122261953
2022-12-21,-0.00955484037274358,1,8504.786897130458,1,0.35556723010246216,0.8733371585063852,0.644432769897538,0.1266628414936149,0,-0.0,185.06172192147753,314.99210730112804
2022-12-22,-0.0032653879140139308,1,8477.015468785303,1,0.6438410722101806,0.9584752660103749,0.3561589277898195,0.04152473398962512,0,-0.0,185.06172192147753,313.9635358809372
2022-12-23,-0.001986425573856326,1,8460.176508468134,1,0.856489334940998,0.9866264140028849,0.14351066505900195,0.013373585997115217,0,-0.0,185.06172192147753,313.33987068400495
2022-12-26,0.0035723653595113787,1,8490.399349962338,1,0.9454392098559155,0.9949501621214459,0.05456079014408457,0.0050498378785539455,0,0.0,185.06172192147753,314.45923518379027
2022-12-27,-0.0027850611681498496,1,8466.753068430673,1,0.9749354164065934,0.9972624988120745,0.02506458359340662,0.0027375011879255716,0,-0.0,185.06172192147753,313.5834469789138
2022-12-28,0.009334219170191047,1,8545.783597231291,1,0.9677000098396119,0.9974089335290358,0.03229999016038809,0.00259106647096409,0,0.0,185.06172192147753,316.5105036011589
2022-12-29,0.0013119088553901442,1,8556.994886408747,1,0.984510848633571,0.9986532118614506,0.015489151366429046,0.0013467881385493077,0,0.0,185.06172192147753,316.9257365336573
2022-12-30,-0.004049594329845558,1,8522.34252843623,1,0.9860923063774687,0.9987587464446326,0.01390769362253132,0.0012412535553673343,0,-0.0,185.06172192147753,315.6423158680085
2023-01-02,0.0033103893253321024,1,8550.554800169188,1,0.9888452593550331,0.9987196281813837,0.01115474064496694,0.0012803718186162507,0,0.0,185.06172192147753,316.68721482108106
2023-01-03,0.009209591557678577,1,8629.301917470295,1,0.9774869047365683,0.9979248198865482,0.022513095263431707,0.002075180113451843,0,0.0,185.06172192147753,319.603774721122
2023-01-04,0.004702700555216835,1,8669.882940388718,1,0.9846478920681738,0.9983167546671322,0.015352107931826122,0.0016832453328677057,0,0.0,185.06172192147753,321.1067755699525
2023-01-05,-0.008218481810558908,1,8598.629665143457,1,0.9730576012952873,0.9978851567799337,0.026942398704712763,0.0021148432200663475,0,-0.0,185.06172192147753,318.4677653756836
2023-01-06,-0.0015038276317141095,1,8585.69880825814,1,0.9853134440930642,0.9988533152693391,0.014686555906935801,0.001146684730660884,0,-0.0,185.06172192147753,317.98884475030144
2023-01-09,0.002301201237510167,1,8605.45622898059,1,0.9891811843002389,0.9991198551350772,0.010818815699761042,0.0008801448649228974,0,0.0,185.06172192147753,318.7206010733552
2023-01-10,0.004440338354817097,1,8643.667366334832,1,0.9888504535508329,0.9990885165837602,0.011149546449167087,0.0009114834162397701,0,0.0,185.06172192147753,320.13582838277154
2023-01-11,-0.0002991797123223272,1,8641.081356418763,1,0.9903942802098353,0.999066757646287,0.00960571979016464,0.0009332423537128814,0,-0.0,185.06172192147753,320.0400502377319
2023-01-12,-0.00112400575334315,1,8631.368731259041,1,0.9905742755775303,0.9985958747497747,0.009425724422469646,0.0014041252502251917,0,-0.0,185.06172192147753,319.6803233799645
2023-01-13,0.011571268135473933,1,8731.244613224584,1,0.9634641264369981,0.9968999168311525,0.03653587356300187,0.003100083168847391,0,0.0,185.06172192147753,323.37943011942906
2023-01-16,0.004795545512326769,1,8773.115694146562,1,0.9796811671506851,0.9982904867774146,0.02031883284931483,0.0017095132225853256,0,0.0,185.06172192147753,324.93021089431704
2023-01-17,0.003329519663686734,1,8802.32595536202,1,0.9868968980849966,0.9987412081982144,0.013103101915003388,0.0012587918017856017,0,0.0,185.06172192147753,326.0120724208155
2023-01-18,-0.0025498105236761836,1,8779.88169200821,1,0.9886575330298133,0.9984965360348823,0.01134246697018671,0.001503463965117601,0,-0.0,185.06172192147753,325.18080340771144
2023-01-19,-0.005800925397830169,1,8728.950253311095,1,0.9843498322333394,0.9972966618003282,0.015650167766660623,0.0027033381996719136,0,-0.0,185.06172192147753,323.29445382633685
2023-01-20,0.006411022151164075,2,8784.911746741482,1,0.9841122532595177,0.9954108345125873,0.015887746740482402,0.004589165487412811,0,0.0,185.06172192147753,325.367101731166
2023-01-23,0.012520857063218052,2,8894.906371035417,1,0.9443381840086849,0.9908315390452473,0.05566181599131512,0.009168460954752728,0,0.0,185.06172192147753,329.44097670501543
2023-01-24,-0.001600728338922838,2,8880.668042335235,1,0.9764959853635858,0.9915792690017333,0.023504014636414067,0.008420730998266686,0,-0.0,185.06172192147753,328.9136311976013
2023-01-25,0.010537349800665227,2,8974.24674796091,1,0.9595438416167252,0.9858625692443587,0.04045615838327472,0.014137430755641212,0,0.0,185.06172192147753,332.37950918373735
2023-01-26,0.011019679636183995,2,9073.140072099504,1,0.9386943476983878,0.9814348106428417,0.061305652301612085,0.01856518935715821,0,0.0,185.06172192147753,336.0422248925742
2023-01-27,0.013783837993376591,2,9198.202764944535,1,0.8390113930058509,0.9794245396443956,0.16098860699414905,0.02057546035560439,0,0.0,185.06172192147753,340.6741764794273
2023-01-30,-0.008307242480084857,1,9121.791064195155,1,0.8668107767059536,0.9883107342262969,0.1331892232940464,0.011689265773703196,0,-0.0,185.06172192147753,337.84411348870947
2023-01-31,-0.0013421752048396562,1,9109.548022405064,1,0.9517025144393355,0.9959994586313604,0.04829748556066446,0.004000541368639527,0,-0.0,185.06172192147753,337.39066749648384
2023-02-01,0.0038039943282872583,1,9144.200691415554,1,0.9775442172738017,0.9981476675780905,0.02245578272619833,0.0018523324219095504,0,0.0,185.06172192147753,338.67409968205754
2023-02-02,0.0010986421230857605,1,9154.246895477094,1,0.9873313855459599,0.9987608761480471,0.012668614454040121,0.0012391238519527932,0,0.0,185.06172192147753,339.04618131396643
2023-02-03,0.004992970521215209,1,9199.953780370137,1,0.9876070260544091,0.998450414837071,0.012392973945590887,0.0015495851629290613,0,0.0,185.06172192147753,340.7390289025977
2023-02-06,0.003325837666336339,1,9230.551333181445,1,0.9892890720392001,0.9974873829446633,0.010710927960799812,0.0025126170553365626,0,0.0,185.06172192147753,341.8722715993128
2023-02-07,-0.012120057519227467,1,9118.676520089106,1,0.937282419356575,0.9938612441473016,0.06271758064342499,0.00613875585269844,0,-0.0,185.06172192147753,337.7287600033002
2023-02-08,0.007382916270522175,1,9185.998945334899,1,0.9590904803909749,0.9965644371167274,0.04090951960902518,0.0034355628832725615,0,0.0,185.06172192147753,340.2221831605518
2023-02-09,-0.002073024736050425,1,9166.956142295887,1,0.9804968504674038,0.9982377387470539,0.019503149532596204,0.0017622612529461967,0,-0.0,185.06172192147753,339.5168941591069
2023-02-10,-0.004376654584258724,1,9126.835541672008,1,0.9840607159022784,0.9984963666914771,0.015939284097721513,0.0015036333085229618,0,-0.0,185.06172192147753,338.03094598785214
2023-02-13,0.007159618304279731,1,9192.180200476314,1,0.9821690957007628,0.9984557723154328,0.017830904299237112,0.0015442276845671326,0,0.0,185.06172192147753,340.45111853615975
2023-02-14,0.004502035697460186,1,9233.563723876343,1,0.9864826203173515,0.99870477807063,0.01351737968264846,0.001295221929370096,0,0.0,185.06172192147753,341.98384162504976
2023-02-15,0.008071663912318403,1,9308.093946968449,1,0.9805725099637352,0.9984897883548342,0.019427490036264754,0.0015102116451659292,0,0.0,185.06172192147753,344.7442202580907
2023-02-16,0.0023675031874031364,1,9330.130889056543,1,0.9877907293862231,0.9990375485459113,0.012209270613776855,0.0009624514540887849,0,0.0,185.06172192147753,345.5604032983905
2023-02-17,-0.001415662835477219,1,9316.922569506767,1,0.9896938006740812,0.9991446725808771,0.010306199325918782,0.0008553274191228895,0,-0.0,185.06172192147753,345.07120627802846
2023-02-20,0.0016603308040535065,1,9332.391743047901,1,0.9906191496357597,0.9990457242630301,0.009380850364240296,0.0009542757369699506,0,0.0,185.06172192147753,345.64413863140373
2023-02-21,-0.0053762290490924295,1,9282.218667461417,1,0.9861253105579622,0.9984547986724004,0.013874689442037874,0.0015452013275997119,0,-0.0,185.06172192147753,343.78587657264507
2023-02-22,-0.007316021715061207,1,9214.309754126323,1,0.9782967770277053,0.9978971980307134,0.021703222972294645,0.002102801969286655,0,-0.0,185.06172192147753,341.2707316343083
2023-02-23,-0.0029755803621567324,1,9186.891834971115,1,0.9854725204054416,0.9981324086674391,0.014527479594558308,0.001867591332560919,0,-0.0,185.06172192147753,340.25525314707835
2023-02-24,0.010002366259498996,1,9278.782491890897,1,0.970875033187255,0.9972113999160703,0.029124966812745047,0.00278860008392965,0,0.0,185.06172192147753,343.658610810774
2023-02-27,-0.002414808778313787,1,9256.376006477416,1,0.9837773613665919,0.9979099315604792,0.016222638633408105,0.0020900684395208495,0,-0.0,185.06172192147753,342.828740980645
2023-02-28,-0.00944414774555768,1,9168.957423883809,1,0.9639303378115219,0.9970814487596182,0.036069662188478124,0.002918551240381656,0,-0.0,185.06172192147753,339.5910156994003
2023-03-01,-0.00013538906762000506,1,9167.71604728714,1,0.9833946554193412,0.9985343913455419,0.01660534458065871,0.0014656086544580192,0,-0.0,185.06172192147753,339.5450387884126
2023-03-02,-0.002489723778943606,1,9144.890966645606,1,0.9876201006295566,0.9986738873629726,0.0123798993704433,0.0013261126370273757,0,-0.0,185.06172192147753,338.69966543131875
2023-03-03,0.007504392895414765,1,9213.517821445044,1,0.9828766653339976,0.9981291509973078,0.017123334666002365,0.0018708490026921232,0,0.0,185.06172192147753,341.2414007942609
2023-03-06,0.009490995379357558,1,9300.96327651601,1,0.9720911747919609,0.9978095398287787,0.027908825208039067,0.0021904601712211683,0,0.0,185.06172192147753,344.48012135244477
2023-03-07,-0.0016807909667396564,1,9285.330301458864,1,0.9848847872845261,0.9988347168302949,0.015115212715473853,0.001165283169705203,0,-0.0,185.06172192147753,343.9011222762542
2023-03-08,0.002361683039497317,1,9307.25930854795,1,0.9890324585459224,0.9991488354829661,0.010967541454077545,0.0008511645170340116,0,0.0,185.06172192147753,344.7133077239981
2023-03-09,0.0028627272892993126,1,9333.903453759114,1,0.9899875238423076,0.9992136898906969,0.010012476157692468,0.0007863101093030169,0,0.0,185.06172192147753,345.70012791700424
2023-03-10,0.0005080858905772931,1,9338.64587840798,1,0.9908085780842603,0.9992024815266096,0.009191421915739814,0.0007975184733904576,0,0.0,185.06172192147753,345.8757732743697
2023-03-13,-0.000582404285234604,1,9333.207011030108,1,0.9908714730851256,0.9989514757968817,0.00912852691487448,0.0010485242031181838,0,-0.0,185.06172192147753,345.67433374185583
2023-03-14,-0.004745398865609826,1,9288.917221067462,1,0.9873567540696191,0.9980380226484906,0.012643245930380938,0.0019619773515094146,0,-0.0,185.06172192147753,344.0339711506468
2023-03-15,-0.010277127173428564,1,9193.453837483103,1,0.9597638078596326,0.9963847465150016,0.0402361921403675,0.0036152534849984096,0,-0.0,185.06172192147753,340.4982902771519
2023-03-16,-0.00477706516115446,1,9149.536109445378,1,0.9750133995697979,0.9978831019970322,0.024986600430202104,0.0021168980029676637,0,-0.0,185.06172192147753,338.87170775723627
2023-03-17,0.0002993721812578348,1,9152.275226027961,1,0.9866310867494595,0.9985925089017531,0.013368913250540366,0.0014074910982469486,0,0.0,185.06172192147753,338.97315651955415
2023-03-20,-0.00789787131819118,1,9079.991734024123,1,0.9760382198514391,0.998147829958753,0.023961780148560943,0.0018521700412469674,0,-0.0,185.06172192147753,336.2959901490416
2023-03-21,0.002043603976393664,1,9098.547641237396,1,0.9866391781066347,0.9989692522630704,0.013360821893365345,0.0010307477369294689,0,0.0,185.06172192147753,336.9832459717554
2023-03-22,0.0012160660222175026,1,9109.612075875431,1,0.989850871944411,0.9991815434202539,0.010149128055588957,0.0008184565797460257,0,0.0,185.06172192147753,337.39303984723824
2023-03-23,-0.002480080507523592,1,9087.019504534952,1,0.9896305264456444,0.9991286623157075,0.010369473554355685,0.0008713376842925598,0,-0.0,185.06172192147753,336.556277945739
2023-03-24,-0.0008299306619563197,1,9079.477908422343,1,0.9904656574202292,0.9990090130565927,0.009534342579770835,0.000990986943407267,0,-0.0,185.06172192147753,336.2769595711979
2023-03-27,-0.0069974874215655855,1,9015.944375963774,1,0.9818937248562225,0.9983750051724746,0.018106275143777547,0.001624994827525481,0,-0.0,185.06172192147753,333.9238657764361
2023-03-28,0.0057783945072750476,1,9068.042059423742,1,0.9844245681917712,0.9985667753784484,0.015575431808228811,0.0014332246215515093,0,0.0,185.06172192147753,335.85340960828677
2023-03-29,0.005668379326949553,1,9119.44316156929,1,0.9855692455680791,0.9985592195912174,0.014430754431920776,0.0014407804087826818,0,0.0,185.06172192147753,337.7571541321959
2023-03-30,-0.00608957973251571,1,9063.90958532077,1,0.9821812658519139,0.9983030012674953,0.017818734148086025,0.0016969987325046617,0,-0.0,185.06172192147753,335.70035501188033
2023-03-31,-0.005935268837466483,1,9010.112845213402,1,0.9810499031105545,0.9983503114886348,0.01895009688944552,0.001649688511365055,0,-0.0,185.06172192147753,333.70788315605193
2023-04-03,-0.004705016926085582,1,8967.720111770732,1,0.9836217832020332,0.9986536668456562,0.016378216797966815,0.0013463331543437673,0,-0.0,185.06172192147753,332.1377819174345
2023-04-04,0.00410885765143714,1,9004.567197167928,1,0.9873965573192236,0.998921271315844,0.01260344268077643,0.0010787286841559577,0,0.0,185.06172192147753,333.5024887839973
2023-04-05,0.0028435352984029806,1,9030.172001839917,1,0.9895206173890774,0.9988928419252069,0.010479382610922622,0.0011071580747930815,0,0.0,185.06172192147753,334.4508148829599
2023-04-06,0.00708390623972869,1,9094.140893629576,1,0.984813876863739,0.9982729872480302,0.015186123136261106,0.0017270127519698818,0,0.0,185.06172192147753,336.82003309739173
2023-04-07,0.007817539954566641,1,9165.234703417982,1,0.9805616652053872,0.99773655969792,0.019438334794612773,0.0022634403020799624,0,0.0,185.06172192147753,339.453137163629
2023-04-10,-0.008386645015334333,1,9088.369133478192,1,0.9691821376564439,0.9973850133450722,0.030817862343556122,0.002614986654927709,0,-0.0,185.06172192147753,336.606264202896
2023-04-11,0.003885528536107009,1,9123.682251092996,1,0.9830506721795326,0.9984349729706883,0.016949327820467385,0.001565027029311634,0,0.0,185.06172192147753,337.9141574478887
2023-04-12,0.007546120159223017,1,9192.530653654314,1,0.9805644647854883,0.9984994459279408,0.019435535214511794,0.0015005540720591818,0,0.0,185.06172192147753,340.4640982834931
2023-04-13,-0.0012044633858796431,1,9181.458587058412,1,0.9877090553968685,0.9990599620295035,0.012290944603131572,0.0009400379704965023,0,-0.0,185.06172192147753,340.0540217429041
2023-04-14,0.0006586870947545713,1,9187.506295340729,1,0.990183555072261,0.999226645713213,0.00981644492773903,0.0007733542867870699,0,0.0,185.06172192147753,340.27801093854555
2023-04-17,-0.00024612554741701507,1,9185.245015324392,1,0.990775864209273,0.9991984529703971,0.009224135790727025,0.0008015470296028245,0,-0.0,185.06172192147753,340.1942598268293
2023-04-18,1.116442596999325e-05,1,9185.347563312382,1,0.990983004779996,0.9989462832050644,0.009016995220003961,0.0010537167949356573,0,0.0,185.06172192147753,340.19805790045854
2023-04-19,0.005756283028649038,1,9238.221023603319,1,0.9878689652529288,0.9979795844505317,0.01213103474707118,0.002020415549468199,0,0.0,185.06172192147753,342.15633420753034
2023-04-20,0.011297503425232525,1,9342.589857260533,1,0.9631333387445357,0.99603033944815,0.03686666125546425,0.003969660551850083,0,0.0,185.06172192147753,346.0218465652049
2023-04-21,0.00908872447214292,1,9427.50208232941,1,0.9617202916250897,0.996917126362527,0.03827970837491036,0.0030828736374728426,0,0.0,185.06172192147753,349.16674378997817
2023-04-24,-0.0022178486233080585,1,9406.593309814883,1,0.9811384015434463,0.9985111232528123,0.01886159845655359,0.0014888767471877438,0,-0.0,185.06172192147753,348.39234480795864
2023-04-25,0.0023809232919863575,1,9428.989686924464,1,0.987947183721468,0.9989981807638848,0.012052816278531983,0.0010018192361151426,0,0.0,185.06172192147753,349.22184025646163
2023-04-26,-0.0039025939935183793,1,9392.192168407326,1,0.9875256267598795,0.998996009133168,0.012474373240120443,0.0010039908668320202,0,-0.0,185.06172192147753,347.8589692002713
2023-04-27,-0.003343246313897556,1,9360.79175656088,1,0.9880724519874848,0.9990795776267591,0.011927548012515167,0.0009204223732408026,0,-0.0,185.06172192147753,346.6959909837363
2023-04-28,0.0003969302597038685,1,9364.507338063844,1,0.990275895974604,0.9992094732879855,0.009724104025396094,0.0007905267120144321,0,0.0,185.06172192147753,346.8336051134757
2023-05-01,-0.0034945599346645107,1,9331.782505912373,1,0.9888241021705848,0.9991170973770366,0.011175897829415166,0.0008829026229635069,0,-0.0,185.06172192147753,345.6215742930509
2023-05-02,-0.0026803194482202582,1,9306.770347775217,1,0.9891478739749889,0.9991612142342456,0.01085212602501105,0.0008387857657544564,0,-0.0,185.06172192147753,344.69519806574874
2023-05-03,0.0022364270032122625,1,9327.584260293677,1,0.9902975816372724,0.9992268713855499,0.00970241836272754,0.000773128614450195,0,0.0,185.06172192147753,345.46608371458063
2023-05-04,0.003798110661817603,1,9363.011457521701,1,0.9897671222264702,0.9991710390302798,0.010232877773529797,0.0008289609697202683,0,0.0,185.06172192147753,346.7782021304333
2023-05-05,0.003632013625515646,1,9397.01804271128,1,0.98972773880011,0.9991143568630747,0.010272261199890019,0.0008856431369252165,0,0.0,185.06172192147753,348.0377052856029
2023-05-08,0.0036934937160839434,1,9431.725869801961,1,0.9896705930438435,0.9989379184202749,0.010329406956156476,0.001062081579725065,0,0.0,185.06172192147753,349.3231803630356
2023-05-09,-0.006625974533963787,1,9369.231494377325,1,0.9826322643547208,0.9983757500646817,0.017367735645279176,0.0016242499353183862,0,-0.0,185.06172192147753,347.00857386582686
2023-05-10,-0.0037797166250714896,1,9333.818454333885,1,0.9858360434750886,0.9984368560890876,0.014163956524911455,0.0015631439109124938,0,-0.0,185.06172192147753,345.69697979014387
2023-05-11,0.0010276270126856123,1,9343.410138309062,1,0.9896495527061246,0.997919543439389,0.010350447293875352,0.0020804565606108933,0,0.0,185.06172192147753,346.05222734478
2023-05-12,0.007237868286596071,1,9411.03651023779,1,0.9845099043384365,0.9950584782942417,0.015490095661563542,0.004941521705758251,0,0.0,185.06172192147753,348.5569077865848
2023-05-15,0.014983234967716166,1,9552.044281560438,1,0.8878892331885215,0.9897511608831079,0.11211076681147845,0.010248839116892084,0,0.0,185.06172192147753,353.77941783557173
2023-05-16,0.0026229115736292542,1,9577.09844905836,1,0.958866255935888,0.9958651943243332,0.041133744064111945,0.004134805675666776,0,0.0,185.06172192147753,354.7073499651245
2023-05-17,0.005129375030756862,1,9626.22297871006,1,0.977329365495178,0.9971737888621807,0.02267063450482207,0.0028262111378192915,0,0.0,185.06172192147753,356.5267769892615
2023-05-18,-0.007231634798339492,1,9556.609649640646,1,0.9736086924721148,0.9968215211508129,0.02639130752788514,0.0031784788491870963,0,-0.0,185.06172192147753,353.94850554224615
2023-05-19,0.004957511738189667,1,9603.986654156035,1,0.9829100608588237,0.9967875524718754,0.01708993914117619,0.0032124475281246284,0,0.0,185.06172192147753,355.70320941318647
2023-05-22,0.01275509211900871,1,9726.486388639525,1,0.9389613464512259,0.9946322503712538,0.06103865354877403,0.005367749628746213,0,0.0,185.06172192147753,360.2402366162787
2023-05-23,-0.003799939526700087,1,9689.526328555423,1,0.970094452961584,0.9974540942259548,0.029905547038416056,0.0025459057740453103,0,-0.0,185.06172192147753,358.87134550205275
2023-05-24,-0.002497342815451481,1,9665.328259593678,1,0.9834314067640579,0.9984436228158441,0.016568593235942126,0.0015563771841558354,0,-0.0,185.06172192147753,357.9751207256918
2023-05-25,0.0059575273218788125,1,9722.909716775135,1,0.9846705594788181,0.9984487588102772,0.015329440521181816,0.0015512411897227747,0,0.0,185.06172192147753,360.107767287968
2023-05-26,0.0009523305232544612,1,9732.169140473266,1,0.989332813938799,0.9982129400012777,0.010667186061200989,0.0017870599987222081,0,0.0,185.06172192147753,360.4507089064173
2023-05-29,-0.010718038937185937,1,9627.859372682395,1,0.9573510106896339,0.9961546548979966,0.042648989310366106,0.0038453451020034955,0,-0.0,185.06172192147753,356.58738417342204
2023-05-30,-0.0021587369343986323,1,9607.07535705539,1,0.9798402676891729,0.9977918480766974,0.02015973231082713,0.002208151923302565,0,-0.0,185.06172192147753,355.81760581686626
2023-05-31,0.009461792020812886,1,9697.975506012124,1,0.9701947427149618,0.9976430908713151,0.029805257285038213,0.002356909128684994,0,0.0,185.06172192147753,359.18427800044907
2023-06-01,-0.0008737775819908511,1,9689.501632424275,1,0.9848818551879783,0.9987663354134485,0.015118144812021646,0.0012336645865515775,0,-0.0,185.06172192147753,358.8704308305287
2023-06-02,-0.0008785610109750065,1,9680.988814074248,1,0.9891015941991533,0.9989754200022437,0.010898405800846661,0.0010245799977563889,0,-0.0,185.06172192147753,358.55514126200916
2023-06-05,0.005542231376310268,1,9734.64309403332,1,0.9874876287196641,0.9986521974581819,0.012512371280335891,0.0013478025418180554,0,0.0,185.06172192147753,360.5423368160488
2023-06-06,0.0028403077674133428,1,9762.292476426297,1,0.9895489397511128,0.9981011267711265,0.010451060248887197,0.001898873228873536,0,0.0,185.06172192147753,361.5663880157888
2023-06-07,-0.0011878502990999365,1,9750.696334388273,1,0.990306395986308,0.9956983918974133,0.009693604013691959,0.004301608102586758,0,-0.0,185.06172192147753,361.13690127363975
2023-06-08,-0.0028734204070465018,1,9722.678484558128,1,0.9894481114874645,0.9871081154694437,0.010551888512535615,0.012891884530556317,0,-0.0,185.06172192147753,360.09920313178253
2023-06-09,0.01849456655185235,1,9902.495208853052,1,0.7015559060350369,0.9603496945704845,0.2984440939649632,0.03965030542951548,0,0.0,185.06172192147753,366.7590818093723
2023-06-12,0.008268077484420721,1,9984.369806528955,1,0.8054004704452296,0.9814842517484046,0.1945995295547704,0.018515748251595347,0,0.0,185.06172192147753,369.7914743158872
2023-06-13,0.003691196370310949,1,10021.224076118657,1,0.9255590820244375,0.9937683501516149,0.07444091797556258,0.006231649848385136,0,0.0,185.06172192147753,371.156447263654
2023-06-14,0.004083588784267802,1,10062.14663436053,1,0.9682387709935993,0.9975364271353903,0.03176122900640068,0.0024635728646098475,0,0.0,185.06172192147753,372.67209756890855
2023-06-15,4.7274439982598676e-05,1,10062.622316707693,1,0.9846740625387029,0.9988100800330162,0.015325937461297071,0.001189919966983803,0,0.0,185.06172192147753,372.6897154336183
2023-06-16,0.002767277144956144,1,10090.468381463043,1,0.9887682891749732,0.9991234928067974,0.011231710825026837,0.0008765071932026529,0,0.0,185.06172192147753,373.72105116529787
2023-06-19,-0.0005787977834511628,1,10084.62804072987,1,0.9903010890309785,0.999193304348546,0.009698910969021531,0.0008066956514538846,0,-0.0,185.06172192147753,373.5047422492544
2023-06-20,-0.004308438605561881,1,10041.179039956456,1,0.9878072571937924,0.9990554654451127,0.012192742806207637,0.0009445345548872863,0,-0.0,185.06172192147753,371.8955199983873
2023-06-21,0.003004889992845826,1,10071.351678369996,1,0.9895502794144193,0.9991935074025848,0.010449720585580656,0.0008064925974151124,0,0.0,185.06172192147753,373.01302512481465
2023-06-22,-0.0010811781170343873,1,10060.462753326385,1,0.9903506446735433,0.9992389227405365,0.00964935532645674,0.0007610772594634171,0,-0.0,185.06172192147753,372.6097316046809
2023-06-23,0.0033205669427110477,1,10093.869193373455,1,0.9901136279457904,0.9991990730725396,0.00988637205420964,0.0008009269274603928,0,0.0,185.06172192147753,373.84700716197983
2023-06-26,0.004441103559294026,1,10138.697111775195,1,0.9891530965344747,0.9991225648369415,0.01084690346552531,0.0008774351630585674,0,0.0,185.06172192147753,375.5073004361183
2023-06-27,0.003641792460868727,1,10175.62014247989,1,0.9895330724848448,0.9991036301773011,0.010466927515155247,0.0008963698226988916,0,0.0,185.06172192147753,376.87482009184777
2023-06-28,-0.00475828677988923,1,10127.201623678753,1,0.9868171042398702,0.9989518626113069,0.013182895760129805,0.0010481373886930996,0,-0.0,185.06172192147753,375.0815416177316
2023-06-29,-0.0017042008816305063,1,10109.94283774323,1,0.9892494059248206,0.9990988240270187,0.010750594075179492,0.0009011759729813345,0,-0.0,185.06172192147753,374.4423273238233
2023-06-30,-0.0009705394854274378,1,10100.130739023785,1,0.990307776253333,0.9990056907261623,0.009692223746667094,0.0009943092738376696,0,-0.0,185.06172192147753,374.0789162601402
2023-07-03,0.006654900316068255,1,10167.346102271247,1,0.9860690486987511,0.9984123924641568,0.013930951301248932,0.0015876075358432242,0,0.0,185.06172192147753,376.56837415819433
2023-07-04,0.006310726663654484,1,10231.509444417452,1,0.9850158174942737,0.9977974846067171,0.014984182505726217,0.002202515393282853,0,0.0,185.06172192147753,378.94479423768337
2023-07-05,-0.0034574791284950356,1,10196.134214060377,1,0.9870951860916454,0.9964730248907177,0.012904813908354714,0.003526975109282376,0,-0.0,185.06172192147753,377.63460052075476
2023-07-06,-0.006751029464052007,1,10127.299811561828,1,0.9809074098622729,0.9920737020802185,0.019092590137727104,0.007926297919781541,0,-0.0,185.06172192147753,375.08517820599366
2023-07-07,0.015360298918073135,1,10282.858163900364,1,0.8638811855613427,0.9847547177913175,0.1361188144386573,0.015245282208682475,0,0.0,185.06172192147753,380.8465986629765
2023-07-10,0.003397758952164177,1,10317.79683728059,1,0.948694747491743,0.9921250499532194,0.051305252508257106,0.007874950046780628,0,0.0,185.06172192147753,382.1406236029848
2023-07-11,-0.007465705004525423,1,10240.767209796828,1,0.9551285953571074,0.9928532383595043,0.04487140464289264,0.007146761640495686,0,-0.0,185.06172192147753,379.2876744369196
2023-07-12,-0.0025886440250256536,1,10214.257508947509,1,0.9784918100363668,0.993049144893253,0.021508189963633264,0.006950855106746954,0,-0.0,185.06172192147753,378.30583366472257
2023-07-13,0.0069282997725763915,1,10285.024946923788,1,0.9803312838973968,0.9880203725389419,0.019668716102603106,0.011979627461058073,0,0.0,185.06172192147753,380.9268498860662
2023-07-14,0.013330656637219551,1,10422.131082996466,1,0.9241036189556984,0.9762304407661326,0.07589638104430153,0.023769559233867425,0,0.0,185.06172192147753,386.00485492579503
2023-07-17,0.012025791052230693,1,10547.46545371954,1,0.8801853505965876,0.9749573010485277,0.11981464940341231,0.025042698951472275,0,0.0,185.06172192147753,390.64686865627925
2023-07-18,0.003137685064225423,1,10580.56007853911,1,0.9551419513778838,0.979023152889349,0.04485804862211621,0.020976847110650954,0,0.0,185.06172192147753,391.87259550144853
2023-07-19,-0.015014486434101268,1,10421.698402774691,1,0.7315727323907858,0.9721851768039227,0.26842726760921426,0.027814823196077275,0,-0.0,185.06172192147753,385.98882973239597
2023-07-20,0.000820253039582966,1,10430.246832567183,1,0.9046507626922851,0.9909497044337154,0.09534923730771493,0.009050295566284653,0,0.0,185.06172192147753,386.30543824322905
2023-07-21,-0.005283375713755226,1,10375.139919763526,1,0.9488855500050649,0.9958419503356029,0.05111444999493508,0.004158049664397145,0,-0.0,185.06172192147753,384.26444147272315
2023-07-24,0.0013141229684201544,1,10388.774129432659,1,0.9790802817348228,0.9981965191379363,0.020919718265177266,0.0018034808620637978,0,0.0,185.06172192147753,384.7694122012096
2023-07-25,-0.0045720779341781445,1,10341.27584447232,1,0.9831365428351236,0.9986338454754041,0.016863457164876385,0.0013661545245957684,0,-0.0,185.06172192147753,383.0102164619378
2023-07-26,-0.0016486050349613238,1,10324.2271650472,1,0.9881979307908523,0.9989571152454775,0.011802069209147741,0.0010428847545226089,0,-0.0,185.06172192147753,382.378783890637
2023-07-27,0.005950706699939992,1,10385.663612809947,1,0.986511916159601,0.9988178376610856,0.01348808384039899,0.0011821623389144556,0,0.0,185.06172192147753,384.6542078818499
2023-07-28,-0.0006077234197444827,1,10379.352001802854,1,0.9896585277037062,0.9987921456915757,0.010341472296293782,0.0012078543084243464,0,-0.0,185.06172192147753,384.42044451121683
2023-07-31,-0.0009980598880407225,1,10368.992786906001,1,0.9904136445386991,0.9979032348455721,0.009586355461300928,0.002096765154427939,0,-0.0,185.06172192147753,384.0367698854074
2023-08-01,0.0004987722977495314,1,10374.164553263674,1,0.9909254354036244,0.9945813762190174,0.009074564596375581,0.005418623780982532,0,0.0,185.06172192147753,384.2283167875435
2023-08-02,0.01652475854617985,1,10545.595117624694,1,0.8448261525239414,0.9823545864547265,0.15517384747605856,0.017645413545273547,0,0.0,185.06172192147753,390.57759694906275
2023-08-03,-0.0058718021546449815,1,10483.673469491012,1,0.9139879734414157,0.991105703178741,0.08601202655858425,0.00889429682125903,0,-0.0,185.06172192147753,388.2842025737412
2023-08-04,0.0024838184269408183,1,10509.713010836565,1,0.9675492224034254,0.9951880384164133,0.03245077759657456,0.004811961583586699,0,0.0,185.06172192147753,389.2486300309839
2023-08-07,0.011351722905170801,1,10629.01636074845,1,0.9418578888533157,0.9948749595270636,0.05814211114668429,0.00512504047293635,0,0.0,185.06172192147753,393.66727262031293
2023-08-08,0.00048127608189472797,1,10634.131852096943,1,0.9771224534734766,0.997510866379505,0.02287754652652341,0.0024891336204949416,0,0.0,185.06172192147753,393.8567352628498
2023-08-09,0.008141413294511766,1,10720.708714533197,1,0.9753546719909845,0.9975385658100028,0.024645328009015536,0.0024614341899972477,0,0.0,185.06172192147753,397.0632857234517
2023-08-10,-0.0071154831675926036,1,10644.425692130273,1,0.9730529716886649,0.9978771664730128,0.026947028311335018,0.002122833526987222,0,-0.0,185.06172192147753,394.23798859741754
2023-08-11,-0.00041788382437394245,1,10639.977558813782,1,0.9859091698223579,0.998839039616593,0.01409083017764216,0.0011609603834070107,0,-0.0,185.06172192147753,394.073242919029
2023-08-14,-0.004000231386385878,1,10597.415186632574,1,0.9866667558615527,0.9989706590785524,0.013333244138447189,0.0010293409214475265,0,-0.0,185.06172192147753,392.4968587641694
2023-08-15,0.0004188525523078694,1,10601.85394103136,1,0.9898890013266289,0.9991801086465087,0.010110998673370973,0.0008198913534912059,0,0.0,185.06172192147753,392.6612570752356
2023-08-16,0.0005430597121305507,1,10607.611380780627,1,0.9907824927499493,0.9991146032269302,0.009217507250050607,0.0008853967730697061,0,0.0,185.06172192147753,392.8744955844677
2023-08-17,0.0011481364088503714,1,10619.790365617837,1,0.9910039172853278,0.9986472723574851,0.008996082714672234,0.0013527276425149427,0,0.0,185.06172192147753,393.3255690969569
2023-08-18,0.005890585293231708,1,10682.347146562748,1,0.9876761582233904,0.9968934345884353,0.012323841776609673,0.003106565411564685,0,0.0,185.06172192147753,395.64248690973136
2023-08-21,-0.01268133600390763,1,10546.8807130868,1,0.9228749983045417,0.9929552201591022,0.07712500169545827,0.007044779840897836,0,-0.0,185.06172192147753,390.62521159580746
2023-08-22,-0.0028402017685917806,1,10516.925443832366,1,0.9671243746378926,0.996725798630604,0.032875625362107426,0.0032742013693960927,0,-0.0,185.06172192147753,389.5157571789765
2023-08-23,0.0020677021536768363,1,10538.671313222636,1,0.9840564579727304,0.9975586892275071,0.01594354202726957,0.0024413107724928266,0,0.0,185.06172192147753,390.32115974898653
2023-08-24,-0.010459316236251244,1,10428.444017247732,1,0.9541221314727709,0.9961475536467881,0.045877868527229124,0.00385244635321193,0,-0.0,185.06172192147753,386.23866730547155
2023-08-25,0.004518268675796818,1,10475.562529188162,1,0.9770208664895468,0.9981221871153083,0.02297913351045314,0.0018778128846916869,0,0.0,185.06172192147753,387.98379737733933
2023-08-28,-0.0029460723382793447,1,10444.700764193005,1,0.9850940333565525,0.9987837998243547,0.014905966643447434,0.0012162001756453112,0,-0.0,185.06172192147753,386.8407690441853
2023-08-29,-0.0003071521459350972,1,10441.492651939632,1,0.9893439940803367,0.9989809071476257,0.01065600591966331,0.0010190928523742897,0,-0.0,185.06172192147753,386.72195007183825
2023-08-30,0.006182397181322794,1,10506.046106679787,1,0.9865578077081119,0.9986057642004581,0.013442192291888108,0.0013942357995419224,0,0.0,185.06172192147753,389.112818765918
2023-08-31,0.008449250247672332,1,10594.814319348707,1,0.9792607142567439,0.9982018158125562,0.020739285743256137,0.0017981841874437905,0,0.0,185.06172192147753,392.40053034624844
2023-09-01,0.004709131948037034,1,10644.706697943471,1,0.9852383367518279,0.9986172965971527,0.014761663248172064,0.0013827034028473164,0,0.0,185.06172192147753,394.2483962201286
2023-09-04,-0.006026114022548899,1,10580.560481645074,1,0.9822049977844503,0.9985242726113601,0.017795002215549714,0.001475727388639882,0,-0.0,185.06172192147753,391.87261043129905
2023-09-05,0.004392766337371462,1,10627.038411559368,1,0.986625956701965,0.9988567468822972,0.013374043298035022,0.001143253117702854,0,0.0,185.06172192147753,393.5940152429396
2023-09-06,0.004810042932308485,1,10678.154922562262,1,0.9875941859110802,0.9988750224271467,0.012405814088919886,0.001124977572853386,0,0.0,185.06172192147753,395.48721935415784
2023-09-07,0.0035436824276914467,1,10715.994912521513,1,0.9891305738437239,0.9987162098942329,0.010869426156276016,0.0012837901057670715,0,0.0,185.06172192147753,396.88870046375973
2023-09-08,0.0095349339328806,1,10818.17121603749,1,0.9761392215677656,0.9978270455414322,0.023860778432234424,0.0021729544585678447,0,0.0,185.06172192147753,400.67300800138855
2023-09-11,0.0013029597675761656,1,10832.266857890738,1,0.9869029128636226,0.9983235790290335,0.01309708713637736,0.0016764209709665297,0,0.0,185.06172192147753,401.1950688107681
2023-09-12,0.009262754871221024,1,10932.60349049503,1,0.9759809196861432,0.9973322406089894,0.024019080313856835,0.0026677593910106423,0,0.0,185.06172192147753,404.9112403887048
2023-09-13,0.009220219820751144,1,11033.404497890506,1,0.9691074169985655,0.9973747384733144,0.030892583001434396,0.0026252615266856624,0,0.0,185.06172192147753,408.6446110329817
2023-09-14,0.004987419635234166,1,11088.432716126767,1,0.9812805077472418,0.9984262298900453,0.018719492252758096,0.0015737701099547646,0,0.0,185.06172192147753,410.68269318988024
2023-09-15,0.002579453270844571,1,11117.034810164918,1,0.987884876973539,0.998785640884006,0.012115123026460938,0.0012143591159939557,0,0.0,185.06172192147753,411.7420300061081
2023-09-18,0.0035791087716055083,1,11156.823886968223,1,0.9891926716464142,0.9983866654288404,0.010807328353585775,0.0016133345711595863,0,0.0,185.06172192147753,413.2156995173416
2023-09-19,0.010999744247458284,1,11279.546096338807,1,0.9669490652961193,0.9967639428643308,0.03305093470388066,0.0032360571356692346,0,0.0,185.06172192147753,417.7609665310669
2023-09-20,0.007229258913409315,1,11361.088855494974,1,0.9740709130735301,0.9976461110622696,0.025929086926469953,0.0023538889377303744,0,0.0,185.06172192147753,420.7810687220361
2023-09-21,-0.005395143421165237,1,11299.794151698978,1,0.9790452920272749,0.9982706816058274,0.02095470797272509,0.0017293183941725831,0,-0.0,185.06172192147753,418.5108945073695
2023-09-22,0.0031875622996808536,1,11335.812949531088,1,0.9868195856295202,0.9987956804656354,0.013180414370479806,0.0012043195343645866,0,0.0,185.06172192147753,419.84492405670693
2023-09-25,-0.0042858035717145086,1,11287.2298819037,1,0.9865625844063605,0.998665206722005,0.01343741559363947,0.0013347932779950284,0,-0.0,185.06172192147753,418.0455511816185
2023-09-26,-0.0031125333315583643,1,11252.098002675311,1,0.9880088278094491,0.9983634620618407,0.011991172190550977,0.0016365379381593384,0,-0.0,185.06172192147753,416.744370469456
2023-09-27,-0.0014230485915401742,1,11236.085720460733,1,0.9897533281215602,0.9971094349080727,0.010246671878439766,0.002890565091927264,0,-0.0,185.06172192147753,416.15132298002715
2023-09-28,-0.007633402115071852,1,11150.31615995704,1,0.9791676965561249,0.9923421837431923,0.020832303443875107,0.007657816256807766,0,-0.0,185.06172192147753,412.9746725910015
2023-09-29,-0.004646537080881522,1,11098.505802456246,1,0.9830139381734382,0.9862395428593557,0.01698606182656174,0.013760457140644328,0,-0.0,185.06172192147753,411.05577046134243
2023-10-02,0.009915703541850613,1,11208.555295750912,1,0.9695859273046554,0.9695839675321167,0.030414072695344664,0.03041603246788327,0,0.0,185.06172192147753,415.1316776204041
