,tc,return,sigma_garch,sigma_egarch,sigma_roll20
2018-01-02,3.258596317783898,0.0026450208565840347,22.7531721893855,22.7531721893855,
2018-01-03,3.2566015805158215,-0.0006121461738570344,19.237782692935347,20.005308025353177,
2018-01-04,3.267008837019449,0.0031957414029072156,16.26551718820736,17.77056730704046,
2018-01-05,3.2906998666243013,0.0072515964255751115,13.75250027840579,15.93726349284803,
2018-01-08,3.2871376929878195,-0.001082497274397708,11.627887362045874,14.421288747594026,
2018-01-09,3.2837220645459535,-0.0010390889463352936,9.831375741697121,13.151099687261429,
2018-01-10,3.307879597605042,0.0073567532769949215,8.312432082305357,12.081647207905858,
2018-01-11,3.3205632396308413,0.003834372337790615,7.028443619519234,11.178731689578111,
2018-01-12,3.313315648114139,-0.002182639207168927,5.942650340817228,10.40557157921929,
2018-01-15,3.321989949604568,0.0026180124116356044,5.024564342180477,9.742173280877811,
2018-01-16,3.3152362507548134,-0.0020330280802200434,4.248354090236946,9.168168561152926,
2018-01-17,3.3086552862060405,-0.0019850665385534308,3.5920600366597917,8.671204603189501,
2018-01-18,3.312376292333174,0.0011246279244158494,3.037178013690215,8.23791827470644,
2018-01-19,3.286147624018227,-0.007918384265596747,2.5680069438218567,7.856438471472544,
2018-01-22,3.2601447946554303,-0.007912860996488379,2.1723540952410505,7.532325634377322,
2018-01-23,3.251236112233186,-0.002732603299353231,1.8380306154236408,7.246454745375396,
2018-01-24,3.235464800061323,-0.004850866448155342,1.554325093839855,6.985573852507823,
2018-01-25,3.2406878972469833,0.0016143266913493594,1.3149414359684948,6.757269451579319,
2018-01-26,3.227080791318582,-0.004198832581181417,1.112006182146349,6.547846106989933,
2018-01-29,3.2059485481713135,-0.006548408457612335,0.9410395920688301,6.366184987254565,0.0702962681640981
2018-01-30,3.2291855445996225,0.00724808775910113,0.7977777913409508,6.207327251602325,0.07492429969218425
2018-01-31,3.2257121468590237,-0.0010756265605138802,0.6775434043123089,6.060400859466209,0.07495626230658446
2018-02-01,3.2270422912484715,0.0004123568157632497,0.5732089730962625,5.92447918476681,0.0737950714715246
2018-02-02,3.205555683394604,-0.0066582975724048445,0.48498452299263783,5.800811188403329,0.0706025255234866
2018-02-05,3.1972028691771626,-0.002605730501176662,0.4142984227393643,5.699378994339685,0.07074704051277228
2018-02-06,3.1991609061795288,0.0006124218832789819,0.35143241885139676,5.60148410722427,0.07109358554584269
2018-02-07,3.1824116390326336,-0.005235518824496208,0.29771028274670003,5.509384981761071,0.06451833981095205
2018-02-08,3.188279576765055,0.0018438650928907856,0.25620993157172656,5.433711740255609,0.06251806790046881
2018-02-09,3.1798289782907103,-0.0026505199029372476,0.21791193128553385,5.358366493247989,0.06255594161556859
2018-02-12,3.1759571809438167,-0.0012176118191660965,0.1864551439670641,5.292701698290661,0.060199801265215507
2018-02-13,3.1679812410603616,-0.0025113499424084707,0.1589787172107472,5.230803457929183,0.06020210358249684
2018-02-14,3.1930225655219537,0.007904505284637004,0.13724337436549466,5.176551033989874,0.07020930600773524
2018-02-15,3.193077806718781,1.7300597065472896e-05,0.13515900768513012,5.129442909992614,0.06971252132116965
2018-02-16,3.1782270370502466,-0.004650926337368154,0.11564688692742957,5.080334646024744,0.06682861653016298
2018-02-19,3.190287623909236,0.0037947530866714353,0.10690889711709188,5.042880270251079,0.06520106091099696
2018-02-20,3.173100122459115,-0.005387445734143585,0.09757014784341592,5.004380598495551,0.06675896272620178
2018-02-21,3.1763940468788747,0.0010380776819632332,0.09594414344541516,4.974747840088229,0.06576119445394743
2018-02-22,3.1490900692273054,-0.0085959037980184,0.08350433690247924,4.940010708504339,0.07038211773123117
2018-02-23,3.1287383957783916,-0.0064627155786329445,0.10299074406303452,4.921028328408551,0.07200625517417701
2018-02-26,3.1321185095203963,0.0010803439963422245,0.10439200644284015,4.900307982744528,0.07002826052985281
2018-02-27,3.143667391136506,0.0036872428616622527,0.090494503057803,4.872008933278901,0.06534522081403896
2018-02-28,3.146506855549856,0.0009032330905476254,0.08453285551540186,4.848181698413488,0.06582438830376211
2018-03-01,3.14507550004013,-0.00045490303229479834,0.07403999682500491,4.824178524178346,0.06560830789647129
2018-03-02,3.1411065868003436,-0.00126194529820851,0.06518229220068603,4.802209302882802,0.062459009398283416
2018-03-05,3.1213167688855643,-0.0063002694648887575,0.058878577959666195,4.783365209165042,0.06503637279577924
2018-03-06,3.1113611547486406,-0.0031895558426382592,0.07512876155101818,4.774077683041132,0.06503726384904837
2018-03-07,3.1051979819052375,-0.001980860638436811,0.0712789703784075,4.760641716068198,0.0634875204932955
2018-03-08,3.1197374626603627,0.004682303943210701,0.06502984022781687,4.746414843245637,0.06605186375304627
2018-03-09,3.1247042665127327,0.001592058277921328,0.07009179349598114,4.7339434524096005,0.06642777704399724
2018-03-12,3.101441518206594,-0.007444783992982728,0.06331763037005662,4.720062210237423,0.0704228738562631
2018-03-13,3.1063548141788733,0.0015841975234536945,0.08462890765419552,4.717868995679623,0.07089265443028793
2018-03-14,3.1012332180710502,-0.0016487479422650575,0.07493465225798684,4.705313125617344,0.0626595367671772
2018-03-15,3.0923365062803905,-0.002868765798979023,0.06726366009754327,4.695151333513557,0.06260065163757585
2018-03-16,3.100694079169635,0.00270267251713086,0.06434669047733604,4.687760780666543,0.06327670101363361
2018-03-19,3.1143962089111445,0.00441905244169666,0.06164080549815223,4.678574163178889,0.06396879196078745
2018-03-20,3.126974535296233,0.004038768846782656,0.06658737151322704,4.671502649721677,0.06452405771930066
2018-03-21,3.116049092726828,-0.003493933975503221,0.06823698147893459,4.664710180209029,0.06488691201126312
2018-03-22,3.112214710311386,-0.001230526959408887,0.06723459423401558,4.660812718685848,0.058310716582014685
2018-03-23,3.116704999692829,0.0014427955007620622,0.060459358078591145,4.6536456555270895,0.05435501760562578
2018-03-26,3.1291205874434938,0.003983562047703771,0.055476316396405566,4.646257686573625,0.05619853900722959
2018-03-27,3.1233231140280964,-0.0018527484810465353,0.0604560279965494,4.641487093068921,0.054744565744772364
2018-03-28,3.121284255113296,-0.0006527851395340705,0.056341587049783995,4.636885222966294,0.054562162871527035
2018-03-29,3.1082907814850875,-0.004162861362890145,0.051135961948470636,4.630755690161747,0.056178191214772855
2018-03-30,3.0939815422858876,-0.004603571610621134,0.05855811156121846,4.6306936923777045,0.05793916791779144
2018-04-02,3.1043470240507935,0.003350208016188752,0.06548722037392711,4.6313363936984615,0.05576181103531514
2018-04-03,3.121474316432763,0.0055171964504215215,0.064706813078543,4.627279685190689,0.0582193428941494
2018-04-04,3.120784545164005,-0.00022097611539749934,0.074125223995271,4.625271907070199,0.0576902924361084
2018-04-05,3.133699650366182,0.004138416162753211,0.06516442219441353,4.619402429235724,0.0571668327728635
2018-04-06,3.1385778161786635,0.0015566794386028622,0.06768155516533778,4.61694101577728,0.05715578521460964
2018-04-09,3.130777096619435,-0.0024854313055480055,0.06134930632724318,4.612631691433392,0.050668955271022435
2018-04-10,3.135467818531712,0.0014982612199833962,0.058730752920146984,4.611380210764329,0.05064493150459817
2018-04-11,3.154187961969147,0.005970446683200619,0.054240693950068114,4.607475437480669,0.053552516250392895
2018-04-12,3.153979474716755,-6.609855053219832e-05,0.07055911536650608,4.607435261777087,0.05186715765163104
2018-04-13,3.173724450571278,0.006260337460279899,0.06224440216350953,4.602766741473232,0.05487327287829825
2018-04-16,3.1389573386707843,-0.010954672480856227,0.07680976572326542,4.603338081913509,0.0682953286454542
2018-04-17,3.15244708355683,0.004297524123650029,0.11468317849046634,4.616302366894975,0.06848401317532431
2018-04-18,3.1540892741203295,0.0005209256555216079,0.10508893517807684,4.61421883422355,0.0669096778373592
2018-04-19,3.149755094720931,-0.0013741460760038522,0.09071537359665006,4.609308988318506,0.0669641473659607
2018-04-20,3.151363293465157,0.0005105789802265319,0.07958324721797994,4.6065635094603,0.0668917597152317
2018-04-23,3.123317270250753,-0.008899647740570458,0.06972340304324628,4.602265597072635,0.07345994734489412
2018-04-24,3.1201081230594454,-0.0010274803721909832,0.09736154268322793,4.612046613137712,0.07325431606225738
2018-04-25,3.125761366143866,0.0018118740958494115,0.08465972679352769,4.608529341689161,0.07350346793466037
2018-04-26,3.147665231398955,0.007007529586978857,0.075329074424669,4.605104259414789,0.07561218236446011
2018-04-27,3.139892842519857,-0.002469255244034766,0.0888743474307159,4.606079450724533,0.07401154488773198
2018-04-30,3.128008417252794,-0.0037849779795433016,0.0799966015583374,4.605333371311521,0.07500998361998014
2018-05-01,3.1208413610477352,-0.0022912522119597277,0.07693368244953513,4.606736527571214,0.0730261842066205
2018-05-02,3.134222226999562,0.004287582867504207,0.07016591444408411,4.605654708202328,0.07458234048257933
2018-05-03,3.139196945373088,0.0015872257974152823,0.07179785442957085,4.604426482476072,0.07334659220303306
2018-05-04,3.132068857726011,-0.0022706723315282437,0.06466118071743261,4.6011553935388685,0.07359471254365366
2018-05-07,3.1392833341992454,0.0023034220513504567,0.06061576821388595,4.600492762826365,0.07349353023692291
2018-05-08,3.1408237207046827,0.0004906809425757621,0.05764320292380144,4.59810802787008,0.07333447336415876
2018-05-09,3.1535231536450867,0.0040433446986176715,0.052034924481213954,4.594478202990423,0.07158503185489448
2018-05-10,3.144658787749793,-0.002810940482567188,0.058522704186510115,4.593960258637881,0.07227791713835577
2018-05-11,3.1407173157955834,-0.0012533862082474655,0.05771407951838581,4.594737128483174,0.06826537698490175
2018-05-14,3.136091985097823,-0.0014726988240865541,0.053000227862302074,4.592978950287814,0.056275125186975326
2018-05-15,3.118597452384235,-0.005578450120952763,0.04978840218327411,4.591710820299319,0.0570928676788273
2018-05-16,3.122616922241761,0.0012888710129784686,0.06574429216473231,4.5970657454662796,0.05734549202801177
2018-05-17,3.126101796349176,0.0011160107673129486,0.05936514706069955,4.594153238391955,0.05752017712083495
2018-05-18,3.126413593974063,9.974007412385783e-05,0.05407247251307025,4.591338887822693,0.05745515279069044
2018-05-21,3.123913293917254,-0.0007997342583298235,0.04904986264313501,4.5879456358277695,0.04795429245998297
2018-05-22,3.1079908871322406,-0.005096942612337061,0.045616370264793614,4.586015834895125,0.05119266022388869
2018-05-23,3.103201365017217,-0.001541034799958168,0.06056861675437757,4.591065710549049,0.05083626425372421
2018-05-24,3.099438119473079,-0.0012126978244341947,0.05575060041856674,4.5900605249772415,0.04277648784044041
2018-05-25,3.0905172047838216,-0.002878236101314531,0.0514057866033774,4.588615399848801,0.043016149940631895
2018-05-28,3.0889261838430113,-0.00051480733980299,0.052906872776313355,4.5899308487034025,0.0415357739826214
2018-05-29,3.0936617002384366,0.0015330623373893022,0.048322565647389536,4.5873888026060845,0.04171915121009755
2018-05-30,3.114522648041372,0.006743125080976816,0.046401545583051394,4.585451229033166,0.046086959777034114
2018-05-31,3.116909580024792,0.0007663877432135168,0.07155553840240439,4.5878055150709365,0.045729217549920397
2018-06-01,3.1202258120842403,0.0010639487525404539,0.06338351118667884,4.585226103398376,0.04540456895587753
2018-06-04,3.119610410656453,-0.00019722977273102114,0.057168938710819774,4.583090733007926,0.044443975693375604
2018-06-05,3.0981551186533345,-0.0068775549439852954,0.051519008171555185,4.5805963315170315,0.0500272938723882
2018-06-06,3.0980705713375154,-2.728956833391639e-05,0.07489951114072695,4.588914508214814,0.046921246769245625
2018-06-07,3.09905006560838,0.00031616267231822885,0.06576803967077229,4.5856810294228465,0.04652795082359382
2018-06-08,3.1283538001687314,0.009455715119142106,0.05843212862627027,4.582915767355446,0.05882263395267159
2018-06-11,3.1258644316938082,-0.0007957439068397793,0.09580168290036666,4.587629361988399,0.05867584786696732
2018-06-12,3.1302563180052863,0.0014050149670433707,0.08319571378314584,4.585718740178257,0.05525406266163264
2018-06-13,3.13004415797056,-6.777720837307522e-05,0.07351725373539932,4.583814247638535,0.055106631926832565
2018-06-14,3.115242209999392,-0.004728990143309986,0.06464562204964351,4.581056168568552,0.05756282254948523
2018-06-15,3.1304779809036267,0.004890717920850675,0.07006284128856496,4.5859215921358665,0.06030494177965869
2018-06-18,3.1408316505134524,0.003307376596476629,0.074446089223221,4.586767110782659,0.06127214853445754
2018-06-19,3.1516322422220027,0.003438768106779754,0.07115250078983938,4.586287630776685,0.058783347551772724
2018-06-20,3.1398100375879743,-0.0037511371014826364,0.06916311830594617,4.585951107774812,0.06040398377751668
2018-06-21,3.158628310262111,0.005993443058291651,0.06888618279552318,4.588867953442663,0.06291019204192974
2018-06-22,3.13937147313917,-0.006096582196891305,0.07929335704934908,4.590351159282783,0.06644802264700032
2018-06-25,3.1480913970297153,0.00277760181143079,0.08648364165275331,4.596639571193588,0.06661621423668786
2018-06-26,3.1793262118391197,0.009921825916132844,0.07884142089621123,4.5949425551735565,0.07384094953903922
2018-06-27,3.163364032268044,-0.0050206171080012735,0.10876363171706044,4.599054793706919,0.07430758781736246
2018-06-28,3.154398693175113,-0.002834115517998902,0.10286930612327458,4.60292910603198,0.07541280038336934
2018-06-29,3.1562242188745535,0.0005787238320222178,0.09196057713915139,4.603017297431395,0.07539361469939196
2018-07-02,3.148837275853754,-0.002340436708084571,0.07990324782953209,4.599060378718275,0.0760691185262508
2018-07-03,3.1262713454918396,-0.007166432681344496,0.07261238704560152,4.598677969708374,0.07644554378213869
2018-07-04,3.127581036774804,0.0004189307767069787,0.08816526342372931,4.605993320364445,0.07642400711000018
2018-07-05,3.112051271396087,-0.004965423819915019,0.07670965398544473,4.601668884268006,0.0788402134718182
2018-07-06,3.1193551616694855,0.002346969775379565,0.07932534263510724,4.60524382135556,0.07149223522032117
2018-07-09,3.1062742584832983,-0.004193463875779439,0.07217324289188624,4.602509212850045,0.07291232539088527
2018-07-10,3.128840699566865,0.007264793513302191,0.07281380221665165,4.604789859185056,0.07755348764366037
2018-07-11,3.1170716317998317,-0.003761478738327097,0.08885949599545476,4.605994766100147,0.07868916816627168
2018-07-12,3.1124659865146405,-0.0014775551637008018,0.0835217967803662,4.607307014846943,0.07703391579590915
2018-07-13,3.124539976952245,0.0038792361072915297,0.07388280435214782,4.604887773572431,0.07625612510580353
2018-07-16,3.107013052724293,-0.005609441504105133,0.07278834463453435,4.603397630920117,0.07755423749673432
2018-07-17,3.1106068109987137,0.001156660179225576,0.07976597557512045,4.607855739334296,0.07642014573364533
2018-07-18,3.129414344273507,0.00604625862976078,0.07042399444596799,4.603965562063916,0.07900613860294642
2018-07-19,3.1059683343173665,-0.007492139862860963,0.08053731130216078,4.6042698937598185,0.07958842496988645
2018-07-20,3.1090919060752897,0.0010056676120651633,0.09478228746411174,4.611649813367264,0.07731342973846222
2018-07-23,3.113235755831029,0.0013328167455074985,0.08252153938673781,4.607332557211129,0.07667516194702219
2018-07-24,3.1247992183338402,0.0037142906640313823,0.07287470109310848,4.603624448127555,0.0681250848012979
2018-07-25,3.1072994031372736,-0.005600300682965982,0.07143119329963143,4.602105699275275,0.06862435765013462
2018-07-26,3.0882375954031107,-0.006134525599598637,0.07883737479989691,4.606653974393929,0.07083224384046198
2018-07-27,3.096315611285285,0.0026157365269430053,0.08637829281384465,4.611682466590832,0.0718156538905966
2018-07-30,3.1009077730262034,0.0014831051861059332,0.07835972263026307,4.60863949680291,0.07211425316152985
2018-07-31,3.1047003635587838,0.0012230581527033558,0.0697314458613883,4.604944741946593,0.06827069155303263
2018-08-01,3.1096908741304228,0.0016074048981390453,0.06243789436018055,4.601342877593264,0.06857497018802775
2018-08-02,3.100896966268646,-0.0028279041929643897,0.05733681578473154,4.598337265824856,0.06703962791001412
2018-08-03,3.1041793337295824,0.0010585219362788958,0.05691718136591553,4.598787182342562,0.0665520018742148
2018-08-06,3.1081426040239566,0.0012767530056365514,0.05207074481938922,4.595552841452821,0.065052883522656
2018-08-07,3.0995782641831573,-0.0027554526712228844,0.04868647805147874,4.592752954167615,0.05980062136317209
2018-08-08,3.122568812193949,0.007417314889724505,0.050545806128129776,4.593539281674066,0.0645953787866547
2018-08-09,3.129245997910064,0.0021383630330384265,0.07805855327822833,4.595775725922438,0.06470222527125886
2018-08-10,3.1137092610584287,-0.004965009737812613,0.07070534106452031,4.593641346722945,0.0657784262486512
2018-08-13,3.1228217168903725,0.002926559632881895,0.07522943278248921,4.5978653385859,0.06334194042564446
2018-08-14,3.110094277790701,-0.004075621426235416,0.07054060063609423,4.596187432080771,0.0650606412731259
2018-08-15,3.120832008221157,0.0034525417789211814,0.07117087076208677,4.598792589269087,0.06246311811291364
2018-08-16,3.136443554852316,0.005002366865641469,0.06922588915636319,4.597457061441696,0.05855410975083928
2018-08-17,3.1255328386556394,-0.0034786904357951504,0.07441921780281564,4.597459485621617,0.06017633838127584
2018-08-20,3.1387507230069316,0.00422900191219153,0.07171695684589105,4.599013720691141,0.0617129371109889
2018-08-21,3.1446022436508576,0.0018642833280880242,0.07263893224745485,4.598276467189756,0.06074306458421527
2018-08-22,3.155724613576668,0.003536971948763072,0.06585285600661574,4.595722558735948,0.05749819253121013
2018-08-23,3.1810136788029744,0.008013711056252149,0.06567870134372744,4.594702206138956,0.05686202002494758
2018-08-24,3.17765666534862,-0.0010553282045671377,0.08950690617889033,4.597318255233915,0.057386361333592255
2018-08-27,3.1672117981912526,-0.0032869715823188902,0.07824426830569908,4.595037245588022,0.059642071338571044
2018-08-28,3.155035124331041,-0.003844603593345295,0.07394320169048126,4.5964829200175,0.06212507663565778
2018-08-29,3.1439631138039323,-0.0035093145054783236,0.07270015145747462,4.5986972546308795,0.06388588013972434
2018-08-30,3.1431563827870774,-0.00025659684533596745,0.07055421748948558,4.6001999834953695,0.06272091881366802
2018-08-31,3.1479281949092783,0.0015181593090094697,0.06227589403988953,4.5964189250359855,0.06277847245262422
2018-09-03,3.1517481529307783,0.001213483213396635,0.05703535456855896,4.593740563408386,0.06277126353245022
2018-09-04,3.1623758747479274,0.0033720085810999465,0.05240493832827464,4.591036857742379,0.062056188167266484
2018-09-05,3.1627921117013615,0.00013162159399154704,0.055632363057090545,4.590264088999894,0.05728545106391866
2018-09-06,3.1807487141152113,0.005677452636680113,0.05028670045014991,4.5869828479787795,0.05982899685177749
2018-09-07,3.1775832314328576,-0.0009952004911002686,0.06661833507785404,4.5883673359367085,0.05628980745533715
2018-09-10,3.2119569017079015,0.010817551507390062,0.05965521407140403,4.586713688450512,0.065968326560824
2018-09-11,3.2220366364363864,0.003138191151669944,0.10613338148161164,4.592202791734607,0.06290145747861339
2018-09-12,3.209103669348157,-0.004013910624719962,0.09526212186927542,4.5911503292017315,0.06578122676838316
2018-09-13,3.193079767867648,-0.0049932638928313865,0.08921659132438196,4.594064693672731,0.06805802532879672
2018-09-14,3.200696737352988,0.002385461698135688,0.0882946024188496,4.598299340649509,0.06620764159418402
2018-09-17,3.197632758243754,-0.000957285041558787,0.07935244909308291,4.596157044453581,0.06561446477493997
2018-09-18,3.208114987053986,0.003278121536379473,0.06987294091499563,4.593814311886454,0.06606958890534947
2018-09-19,3.215071390199524,0.0021683771228930204,0.06765377633539953,4.592742732316499,0.06555149438459029
2018-09-20,3.214321997189196,-0.00023308751793584562,0.06264756347882093,4.590877147729082,0.06005425522433973
2018-09-21,3.20327245388913,-0.0034375968897105242,0.055897909855442095,4.587811800467408,0.061465924554214506
2018-09-24,3.1834348063326243,-0.006192931710326678,0.058287850672014425,4.590080431406164,0.06457038930300671
2018-09-25,3.1774594788514334,-0.0018770063923736274,0.07415208684432509,4.59654389425836,0.06327487177084783
2018-09-26,3.18932345638314,0.003733793494668066,0.06707311038453016,4.595629393364583,0.06261778151045337
2018-09-27,3.192481038366069,0.0009900475841072964,0.06732335657373009,4.594772760341197,0.06251516338997427
2018-09-28,3.17636436416086,-0.005048322609132079,0.06021225727724196,4.591808459650565,0.06575671028780213
2018-10-01,3.1789514425701078,0.0008144778472009891,0.06882845005753623,4.59631303573009,0.06571113659161848
2018-10-02,3.184234070534759,0.001661751700233729,0.06123112627475054,4.593085058163242,0.06497459639871017
2018-10-03,3.1732318700970614,-0.0034552109530847875,0.05651181599106931,4.590789892291836,0.06636873530871801
2018-10-04,3.175439269311969,0.000695631238205239,0.05878372590176266,4.592845989564528,0.06316741303093497
2018-10-05,3.176411661827863,0.00030622299260810187,0.0531038854994601,4.589803736868836,0.06308510779625151
2018-10-08,3.162962299162537,-0.00423413716394273,0.04834976611841073,4.586698125237753,0.05010840475301595
2018-10-09,3.167593679412127,0.001464254016184849,0.057217916272819476,4.590321952037365,0.04871250821097596
2018-10-10,3.1745585779516796,0.0021987979660463694,0.05300396839696145,4.588093151391066,0.048346358407748875
2018-10-11,3.187614606259581,0.004112706692067518,0.05167835092724887,4.58662697748693,0.048017155892647156
2018-10-12,3.2006343262168664,0.004084471169042212,0.058643878770227933,4.586797991897533,0.0495297066972576
2018-10-15,3.183850045050683,-0.00524404835275956,0.06302238599675399,4.586932797104573,0.05285833930178927
2018-10-16,3.1720277629111275,-0.003713203188678156,0.07162131927327131,4.592142400797437,0.05256292743175324
2018-10-17,3.1789198780616172,0.002172778949502046,0.07051500982981697,4.5944989652569115,0.05256596037826695
2018-10-18,3.18567563753826,0.002125174504480486,0.06487449684369431,4.5924950354869125,0.05342009057724054
2018-10-19,3.1923351487315412,0.002090454883356339,0.06039937543612101,4.590615174398785,0.05291030445402104
2018-10-22,3.2397209207364566,0.014843608141752854,0.05689293306647257,4.58885952463559,0.07079643380812375
2018-10-23,3.2503285199544627,0.003274232403819071,0.13584885936814212,4.597375664394939,0.07049054870820443
2018-10-24,3.2706283172475956,0.006245460164567362,0.11949002279340637,4.596013208254346,0.0722562908068926
2018-10-25,3.2880018336594308,0.005311981285129853,0.11542743910770943,4.597119176507957,0.07364997186384947
2018-10-26,3.299948527627691,0.0036334207134441523,0.1089326488563736,4.5973946792002085,0.06978067838630017
2018-10-29,3.294678455829081,-0.0015970163638881296,0.09872241789508762,4.59631570707712,0.0708046486647501
2018-10-30,3.3077432437646643,0.003965421242388369,0.08640250439280975,4.594975288143302,0.0712164751560542
2018-10-31,3.29514160519671,-0.003809739039361292,0.08234832007020618,4.5943553343693955,0.07158117279966927
2018-11-01,3.2915382377874476,-0.0010935394714387432,0.0787732672872407,4.596686348867052,0.07225775770997934
2018-11-02,3.284178963454818,-0.002235816144604751,0.06954731445548588,4.594517036617315,0.07351050250460199
2018-11-05,3.285688201492839,0.0004595480498518854,0.06427884787036987,4.594335871169156,0.0703211450904625
2018-11-06,3.3199098090318166,0.010415354543815078,0.05730495809102258,4.590986070840818,0.07647031704479476
2018-11-07,3.2879099071346043,-0.00963878651466862,0.10224672175960994,4.5958103536282575,0.08754755695100899
2018-11-08,3.301029580210737,0.003990277546128441,0.12025708467772445,4.607290821178701,0.08750517600457448
2018-11-09,3.271691952445561,-0.008887417410934791,0.1086136517783495,4.605694171995028,0.09475701173053386
2018-11-12,3.262851761653219,-0.002702024188351247,0.12009019663612817,4.615177509964031,0.09290581007140024
2018-11-13,3.2833208365479853,0.0062733695521598205,0.10558881034593884,4.6140632344645995,0.09260294551462347
2018-11-14,3.284789598817664,0.0004473404649733066,0.10541283263890153,4.613729274749922,0.09269893987545286
2018-11-15,3.265702168388431,-0.005810853284515676,0.09095549243719729,4.608800770354108,0.09637317619218527
2018-11-16,3.2531334589565333,-0.003848700458223441,0.0930289418404112,4.6131407685359775,0.09798575489513713
2018-11-19,3.2652752000654788,0.0037323218558760235,0.08698105707153801,4.6140120210115425,0.08405515899855043
2018-11-20,3.253013687800753,-0.00375512369201827,0.08200043807069167,4.611665907829555,0.0845759133372271
2018-11-21,3.2568998348574785,0.0011946297893854103,0.07832419597842678,4.61250825122197,0.08151744994052187
2018-11-22,3.2578950252545056,0.00030556371011971923,0.06930376001074,4.6082712702408255,0.07892527565420894
2018-11-23,3.248061972042719,-0.0030182228511241005,0.06128004298735064,4.603672531446104,0.07788788055855012
2018-11-26,3.2807526548258807,0.010064673354308853,0.060447084462642534,4.603992803236705,0.08676133516922553
2018-11-27,3.292035487179236,0.003439098749720963,0.10101001372287317,4.60748576113622,0.08644592689391115
2018-11-28,3.2578545755650796,-0.010382911043113788,0.09196935469358748,4.605436009597899,0.09296523604872503
2018-11-29,3.2616212690835447,0.0011561883537454978,0.11876449975609127,4.617319838520633,0.09313443620573403
2018-11-30,3.2499532177275454,-0.003577377749709689,0.10244141050234497,4.61266221041375,0.09359810375486817
2018-12-03,3.2651457039622827,0.00467467843902071,0.09346782904081997,4.613141520170716,0.09535492606002362
2018-12-04,3.2516297844156234,-0.004139453724915516,0.09016592011390111,4.611613670875166,0.08732769190164356
2018-12-05,3.2499351652863098,-0.000521159923382305,0.085776389511934,4.613070509338901,0.08117920937329164
2018-12-06,3.2584438247059677,0.0026181012810784334,0.07479457986537578,4.6086671760914975,0.08029858738150057
2018-12-07,3.272466305587605,0.004303428764159561,0.06932887413462739,4.605870419944956,0.07585075512710945
2018-12-10,3.2537243948243684,-0.005727151638272154,0.0712828180491868,4.604637298541791,0.07802108513197555
2018-12-11,3.2486162082802568,-0.0015699505933070396,0.07939397563667341,4.6091819651684105,0.07436705657991506
2018-12-12,3.241529536802866,-0.0021814431200976436,0.07069763031782204,4.606757433776015,0.07449849013215161
2018-12-13,3.2319949414728115,-0.0029413877682751277,0.06503726094278867,4.605499648655221,0.07253352458788512
2018-12-14,3.258128965601458,0.008086034972795263,0.06293041045352844,4.605549964819525,0.07744959917658513
2018-12-17,3.264884674065206,0.0020734932641013016,0.08855760165653186,4.607345337745398,0.07663389258132654
2018-12-18,3.245539724477935,-0.005925155562442728,0.07893126649495166,4.60422365177826,0.0784126017110749
2018-12-19,3.2603544691201463,0.004564647454621797,0.08538406426252042,4.609116495480381,0.08004793729811109
2018-12-20,3.2942672237893644,0.010401554490598172,0.08380525093261167,4.607827671090472,0.08807031614378638
2018-12-21,3.31327647293483,0.005770402901194873,0.11448569859585969,4.6112773235292055,0.0888431705158995
2018-12-24,3.2857738798784473,-0.008300723854783552,0.10989292120197917,4.6107701758964454,0.08792877809705497
2018-12-25,3.276828021617143,-0.0027226031334922863,0.1178862068139149,4.618908178094476,0.08753638520455582
2018-12-26,3.300294192237552,0.00716124571250091,0.10383674347398919,4.6175237015098,0.08252184172445974
2018-12-27,3.287219947787905,-0.003961539089575284,0.10819585077967646,4.617613534402075,0.0840983099593387
2018-12-28,3.2956235956025552,0.0025564604584203186,0.09904922795652238,4.6183008077998675,0.08305865009813906
2018-12-31,3.3096352492166567,0.004251594033007165,0.08830533947352637,4.614674014438733,0.08280404953332837
2019-01-01,3.293665885920611,-0.004825112767283158,0.08478088397251746,4.612686167367663,0.0833682739527893
2019-01-02,3.2928984972684567,-0.00023298922195919594,0.08441336198769035,4.615144881647028,0.08332058953146139
2019-01-03,3.2393560004866826,-0.01625999004408699,0.07357166077382801,4.6101163899929585,0.10226029213567561
2019-01-04,3.2174098836957956,-0.0067748394395645796,0.15223269101182343,4.630982255444733,0.10323954388787612
2019-01-07,3.2122518411748984,-0.001603166120373831,0.1420517413393307,4.635049977317566,0.10166977147763404
2019-01-08,3.186984146558756,-0.007866037865480839,0.12216674286452067,4.630576860815936,0.10485508626284573
2019-01-09,3.2209322048365263,0.01065209512084547,0.12421158013440013,4.63641170980632,0.11245437381008104
2019-01-10,3.1895861934084206,-0.009731968708014594,0.13962252074769688,4.6377354964396,0.11706290858517461
2019-01-11,3.179877542721526,-0.0030438590143632683,0.14509945816144942,4.645952593861706,0.11264983860528391
2019-01-14,3.1829648355139337,0.0009708841774345028,0.1266144343775943,4.642875618616323,0.11229349610521658
2019-01-15,3.2130166154388276,0.009441442641650028,0.10882515319905273,4.6359926851530595,0.11695197563423801
2019-01-16,3.1822026380837958,-0.009590357300664914,0.1232230370439986,4.636389539165523,0.11962056627563457
2019-01-17,3.2082745809839297,0.00819304923832053,0.13332613077108482,4.644491397009467,0.11701168029150648
2019-01-18,3.208761909629207,0.0001518974242932974,0.133581094513227,4.643204000813131,0.11417683881844318
2019-01-21,3.1879539310946585,-0.006484737453441213,0.11433590850714911,4.635645255838633,0.11293360127463876
2019-01-22,3.197987687269351,0.0031473968543978734,0.11260884293349019,4.6388718292182345,0.11399821480300026
2019-01-23,3.202308127512011,0.0013509871410260373,0.10045698633217467,4.634040629164852,0.11015194058412575
2019-01-24,3.190839243794787,-0.003581442903227036,0.08752300282100894,4.628178696867727,0.11004671629666742
2019-01-25,3.1924120241847906,0.000492904928714972,0.08192933908798852,4.627403604487353,0.10928798359787045
2019-01-28,3.1857138065745683,-0.0020981682688445565,0.0716307111334607,4.621401294393868,0.10710653733233826
2019-01-29,3.1879368456331534,0.0006978150560786122,0.06556816388322034,4.618823486494958,0.10688943406750641
2019-01-30,3.1991991676709763,0.0035327933341121067,0.05850935093820162,4.613680422853254,0.10835788672556065
2019-01-31,3.2253052079012354,0.008160179739376603,0.060487308705239044,4.611202916037318,0.09819610695635281
2019-02-01,3.204018175285017,-0.006600005656540777,0.0878260917016587,4.612598812954449,0.09804266696016757
2019-02-04,3.24188762521775,0.01181936177043213,0.09464626846840384,4.617884540317285,0.10667438201006457
2019-02-05,3.2027360475866513,-0.012076784317429626,0.12943293856548996,4.621643861300804,0.11196035786832166
2019-02-06,3.199654596033452,-0.0009621309740842294,0.15088768224502883,4.634905169686221,0.1050535547291972
2019-02-07,3.212231550263025,0.00393072247397079,0.12906182369920818,4.629427324978534,0.0998686990759297
2019-02-08,3.2182053338713104,0.0018596989397592983,0.11546561707136281,4.625986350323362,0.09915811965429708
2019-02-11,3.2063134064254624,-0.0036952046908524387,0.10047021547020024,4.621182821117259,0.10031430109254005
2019-02-12,3.2026417172009896,-0.001145143583629347,0.09225970635695284,4.621157267603146,0.09450770887126796
2019-02-13,3.193999711526882,-0.0026983991458339102,0.080585713311838,4.617087487509537,0.08833677534430737
2019-02-14,3.1839990361482404,-0.0031310821170553367,0.07402981523045486,4.615812432851208,0.08377391392747524
2019-02-15,3.1985793096516604,0.004579233014171336,0.0702635444936297,4.615327615893245,0.08559160142286121
2019-02-18,3.2048103971522837,0.0019480797245891108,0.07314697523134128,4.613546688231105,0.08248524198454174
2019-02-19,3.193864863192501,-0.003415345247727668,0.06642659015844171,4.609823043778844,0.08274489606481288
2019-02-20,3.2083201246532385,0.0045259464880075565,0.06562932822364188,4.610275396071258,0.08421315816775232
2019-02-21,3.2134187604987146,0.0015891917412784245,0.06975269149603969,4.608861931456511,0.08320338353497235
2019-02-22,3.226051739541588,0.0039313204983320756,0.0630441687678535,4.605233297131826,0.08416277549188106
2019-02-25,3.23582963708223,0.003030917768861232,0.06531790110820482,4.603756505078278,0.08400140234187363
2019-02-26,3.2237823191089667,-0.003723100201321607,0.0634412704561379,4.601684868628002,0.08552065648979264
2019-02-27,3.215826223458496,-0.002467938236186419,0.06471363648591447,4.603285274700629,0.08541875309062331
2019-02-28,3.2267584681940735,0.0033995135234079787,0.061206739288929786,4.602763370529167,0.08115361856365055
2019-03-01,3.2356562201189574,0.002757489292300222,0.061831994903547356,4.601064553386131,0.07773206551490223
2019-03-04,3.2356241863184256,-9.900248466622897e-06,0.05995214426536712,4.5989938011583575,0.06522598077028283
2019-03-05,3.237460446673287,0.0005675134839903866,0.053707055287126944,4.5949189560835295,0.04741300983348355
2019-03-06,3.2543604546256772,0.00522014345217897,0.04899136131079412,4.5916077012109335,0.04982617580082781
2019-03-07,3.24660905147352,-0.0023818514452322585,0.0631515072632525,4.5922557255304834,0.04969229670180967
2019-03-08,3.254127008532451,0.0023156336164093217,0.059778656678813484,4.5924890826751525,0.049879254345053504
2019-03-11,3.2517504577641647,-0.0007303189955570937,0.05705035954566759,4.5907608150955195,0.047582049658995665
2019-03-12,3.2492557159612074,-0.0007671996468857252,0.051769126195133255,4.5884937280466,0.047405397190263474
2019-03-13,3.263034604398562,0.004240629129209222,0.04767782154982008,4.5864680890471705,0.04715360079459749
2019-03-14,3.2737081980734297,0.0032710635861720456,0.05684817337164318,4.586753462447901,0.045008712911565114
2019-03-15,3.284255871141199,0.0032219344026986397,0.058256469308699925,4.586246263968593,0.043980870817671755
2019-03-18,3.301049504914511,0.005113375581019143,0.05904899991166882,4.585740987022298,0.045964922265255816
2019-03-19,3.3015914219302953,0.00016416506779963139,0.06845189992101272,4.586777841680609,0.042532045742451785
2019-03-20,3.3106022027252537,0.0027292234693566024,0.060552327383572364,4.5838035887985775,0.04139107917624957
2019-03-21,3.3069164137590485,-0.0011133288569586657,0.05891658428265168,4.58310425334182,0.042475034803546474
2019-03-22,3.311203362092521,0.001296358237431124,0.05371661101045073,4.58206246352314,0.04144116826824943
2019-03-25,3.309887906865201,-0.0003972740673013957,0.04998463142200047,4.580366439216492,0.041335912709662595
2019-03-26,3.3113007647133186,0.0004268597269372174,0.04596116491922122,4.578408885533732,0.037293810219679
2019-03-27,3.3184466099957164,0.002158017585882666,0.04287442842340853,4.57631722488317,0.034537616859695995
2019-03-28,3.3093081076770505,-0.0027538494339909387,0.044312622815371495,4.57576758846744,0.03704021000928348
2019-03-29,3.33367747369842,0.007363885509734126,0.047575850472866825,4.577921392886169,0.04267936526334365
2019-04-01,3.3206008035292793,-0.003922596073648771,0.07634191122541432,4.581375906729355,0.04659183130936257
2019-04-02,3.3046536130897954,-0.004802501530004518,0.07474307098052088,4.58493425417002,0.05136774710379689
2019-04-03,3.3207433935888258,0.004868825112350388,0.07723524660084927,4.589603550973657,0.051001728283889054
2019-04-04,3.332116707300139,0.003424930012138453,0.07925980622058638,4.590134532685565,0.05002797584717751
2019-04-05,3.3411037940500465,0.0026971104374041623,0.07515617656513082,4.589476607973295,0.050148327908693356
2019-04-08,3.350026323998948,0.002670533601736906,0.06982419479448321,4.588294213726895,0.04975155727572264
2019-04-09,3.350127852879841,3.030689047583046e-05,0.06567005508775989,4.587186141798921,0.04934962043665864
2019-04-10,3.3385792760484723,-0.0034472048048677564,0.058292307447426556,4.584072792647815,0.051265931698566136
2019-04-11,3.3398443116208134,0.00037891434282138955,0.05998067552304754,4.586658441552109,0.050703690880985794
2019-04-12,3.3314563464822156,-0.0025114838764825256,0.053825641203043756,4.583864160130671,0.051458189523220954
2019-04-15,3.344038323710027,0.0037767198243784704,0.053284077790396005,4.584980626742506,0.0501461610533786
2019-04-16,3.3424213939756937,-0.0004835260776974501,0.05804474061587057,4.585017751569931,0.05028222934620454
2019-04-17,3.3324039430711636,-0.0029970640214861113,0.052348261321970985,4.582822303493435,0.05119569613174148
2019-04-18,3.328674224906986,-0.0011192275089976975,0.054029504664116976,4.584793884214962,0.05119791085191951
2019-04-19,3.333954577188363,0.0015863229395857096,0.04991823791231098,4.5836252576945125,0.051280563639243805
2019-04-22,3.3274907345251665,-0.001938791460274812,0.04771896414042116,4.582033373902744,0.05186604831923603
2019-04-23,3.318068465697928,-0.002831643895947097,0.04704084300314986,4.582388177408749,0.05301264186573092
2019-04-24,3.321208477509751,0.0009463372574388144,0.04972765968900622,4.584132061997208,0.05256356971021383
2019-04-25,3.3243052449278796,0.0009324218696595912,0.046336818925239866,4.581991566872056,0.05157798688260641
2019-04-26,3.31882288081247,-0.0016491759063865517,0.04373056919210919,4.580012504443387,0.04448062979283022
2019-04-29,3.313811446638869,-0.0015100035023184232,0.04332971451666299,4.58007037897386,0.04260141791766081
2019-04-30,3.31664346928209,0.0008546118838757969,0.04267242448256498,4.579902664525053,0.038888116840776525
2019-05-01,3.301150599123124,-0.004671249804948148,0.040855973453850385,4.578030111652671,0.03838593447260009
2019-05-02,3.2851946145974646,-0.004833461560310846,0.05545818171817774,4.583047792377866,0.03896579271677084
2019-05-03,3.2767604119748466,-0.002567337285024775,0.06474365228023125,4.587918549611822,0.03731361083552295
2019-05-06,3.2744579776999077,-0.0007026556676296696,0.06152229388317298,4.58879659531193,0.034785001743140725
2019-05-07,3.278364375149281,0.0011929905578195558,0.055283384813501514,4.586644109363813,0.035539523075093796
2019-05-08,3.29559290096461,0.005255219934039486,0.05101043582114826,4.584496788452983,0.040875012897837404
2019-05-09,3.306392079840991,0.0032768546361475813,0.06448910543670774,4.58574662398517,0.04307274998049618
2019-05-10,3.3046791368977795,-0.0005180701204963589,0.06371274847113922,4.585325232823724,0.04241405206779178
2019-05-13,3.3047145591464213,1.0718816313068616e-05,0.05688735606456961,4.583159809328598,0.03950195551976641
2019-05-14,3.2932122886432906,-0.0034805639934305174,0.051268543243513785,4.5803554338847094,0.04080745279212451
2019-05-15,3.2932555819868723,1.314623528240116e-05,0.05535494537740624,4.583293861577045,0.03998813159534812
2019-05-16,3.2901706853544117,-0.0009367316188072454,0.050055066245101684,4.580480611618611,0.03996119500598531
2019-05-17,3.294100465124552,0.001194399970686157,0.046574197986871874,4.579369938070543,0.039702970561634965
2019-05-20,3.285118305165363,-0.002726741352999244,0.04436383894940164,4.577809878907924,0.040151837836351734
2019-05-21,3.2912109151111606,0.0018546089911641581,0.04749775686084809,4.5797561476787765,0.0402011463900239
2019-05-22,3.3085390980334384,0.005264987072909225,0.0466352507673207,4.578688862150487,0.04478543801689089
2019-05-23,3.307499628422584,-0.00031417782291643997,0.062135507049566795,4.580414645780258,0.04459023794211047
2019-05-24,3.31246231490504,0.0015004344792089138,0.05551654508639504,4.578321357152339,0.04468057045797774
2019-05-27,3.320675843665148,0.0024795840614243608,0.05176882709422786,4.577088556792681,0.0452421835547611
2019-05-28,3.3163223691393084,-0.0013110206267632663,0.051696192419363705,4.576732043628758,0.04542048089182421
2019-05-29,3.3191245188561993,0.0008449569749209785,0.048466054900288956,4.576517294518883,0.041988571995794734
2019-05-30,3.3195300336582143,0.00012217523015830117,0.04522718028504537,4.574909593161827,0.037429430604256145
2019-05-31,3.320860351758392,0.0004007549522637769,0.042170540048926466,4.572857773367767,0.03561855084315854
2019-06-03,3.312845210483096,-0.0024135737207532835,0.03997306841886515,4.571191985295497,0.03698525171586322
2019-06-04,3.3133740838801087,0.00015964325629793134,0.04330925925435168,4.573173624829451,0.03694199889449836
2019-06-05,3.31890839529828,0.001670294774470668,0.040715160329431475,4.571291138321373,0.03282777302284097
2019-06-06,3.3344635592038165,0.0046868313471900595,0.041236718841315016,4.570758732873599,0.034813922249966815
2019-06-07,3.3455621153030313,0.0033284382636543154,0.055753273793954,4.572663801372027,0.036086018017983446
2019-06-10,3.370627555585625,0.007492146138294799,0.057731095588590305,4.573337137575653,0.04344012467601723
2019-06-11,3.360635223554492,-0.002964531638796445,0.08203317957983709,4.577262788020829,0.04276896526579379
2019-06-12,3.372464877848168,0.0035200649599703383,0.07587445961921488,4.5796307852838956,0.043482581901510095
2019-06-13,3.375175869251795,0.000803860529855896,0.07294156709825561,4.579895396079514,0.04278542946120771
2019-06-14,3.4037978333607226,0.00848014006312296,0.06453578414273801,4.5779831624961,0.049829200503786024
2019-06-17,3.391907899732479,-0.003493137433636651,0.09196566042266291,4.582319451694272,0.05078586967431578
2019-06-18,3.3796945007425014,-0.0036007460553222612,0.08507398940808474,4.5851194873936505,0.0540200069015579
2019-06-19,3.371138582002202,-0.002531565719451715,0.08012618780463601,4.587864563517385,0.05358030149544863
2019-06-20,3.3408284709413842,-0.008991060534454892,0.07324580308921055,4.588690170371962,0.06410028894565992
2019-06-21,3.3325597769363347,-0.002475042965231831,0.09978348130379838,4.599716430384902,0.06483402427770864
2019-06-24,3.3208685348762095,-0.0035081867521287464,0.08872865681682303,4.599494619215532,0.06565566329296058
2019-06-25,3.32346150241777,0.0007808100544569054,0.08262578508355903,4.600931036494222,0.06551673371626311
2019-06-26,3.3288277729267097,0.001614663056886699,0.07238249163498342,4.597303113549662,0.0656871264330043
2019-06-27,3.356270817126912,0.008244056488412187,0.06517389697680233,4.5946298572177975,0.07168737173551097
2019-06-28,3.3718322460457046,0.004636523620020189,0.09073727841269136,4.597434695490706,0.07312476184179886
2019-07-01,3.362789873290173,-0.002681738620341183,0.08800460436288624,4.597148558076573,0.07328572237437757
2019-07-02,3.348950813949435,-0.0041153506053583965,0.07980035842883673,4.597462561165117,0.07529268137826656
2019-07-03,3.3568780004159686,0.0023670656593445596,0.07799902657437653,4.60002766688802,0.07547123200542717
2019-07-04,3.337101769744928,-0.005891256896613664,0.07118016574330763,4.597731034469314,0.07715784813957353
2019-07-05,3.3659432528463653,0.008642674120076873,0.08018665011671214,4.603096006162606,0.0822874021934271
2019-07-08,3.3865018552170687,0.0061078279775865696,0.10137444522538287,4.605532219999218,0.0808199565469459
2019-07-09,3.378523922102826,-0.0023558035563901536,0.10169133023465537,4.605758532902697,0.0805274649063666
2019-07-10,3.3497029484718173,-0.008530640686738278,0.09003434245175217,4.604858379684562,0.08531106666659509
2019-07-11,3.374483673820228,0.007397887433486039,0.1064748911195763,4.6138420524056505,0.08957270215171391
2019-07-12,3.372598634592112,-0.0005586156017705733,0.11113254249225508,4.614418623866897,0.08378903351834671
2019-07-15,3.395154714959078,0.0066880417182204836,0.09574110558073996,4.609965402843698,0.08662578817718201
2019-07-16,3.3659459873375543,-0.008603062326682754,0.10040218451917003,4.6102929782611675,0.09113362111158652
2019-07-17,3.354586036319514,-0.0033749653324134767,0.11330257904227638,4.618950569466809,0.09146981677745689
2019-07-18,3.354952857681726,0.00010934921872338497,0.10153942539696234,4.618598047987185,0.08541298992462062
2019-07-19,3.3560653699704996,0.00033160295717017484,0.08767178607641625,4.613006738551813,0.08481530323621601
2019-07-22,3.3485831512516353,-0.00222946155513366,0.07627341020362172,4.608045032619026,0.08415972268778438
2019-07-23,3.3592085060117824,0.00317308971592245,0.06950450744976476,4.6067591403117,0.08471891928899557
2019-07-24,3.3420865245540305,-0.005097028489630789,0.06701980953638027,4.604557199876825,0.08691999723409286
2019-07-25,3.3400289814516477,-0.0006156462698575694,0.0734303915632451,4.6081071904933975,0.08158857686150062
2019-07-26,3.342184364388049,0.0006453186329733339,0.06478291421163208,4.604255838974503,0.07963783338182051
2019-07-29,3.3502327671539103,0.002408126509003919,0.057836901280965934,4.6002515333891365,0.07977798722880795
2019-07-30,3.361018172839696,0.0032193003995204896,0.055882594248697154,4.597969371789517,0.0792195645283686
2019-07-31,3.3448501153662242,-0.004810464163545822,0.05737483095936944,4.596515331506437,0.08068875754484475
2019-08-01,3.322433480728762,-0.006701835318264425,0.06580583727976377,4.60026129425761,0.08149865814844205
2019-08-02,3.342552178457313,0.006055410242295617,0.08146658028534094,4.606709734552525,0.07822382955750297
2019-08-05,3.3481608771368725,0.0016779689231801308,0.08771108466602186,4.606799042637688,0.0748925796376724
2019-08-06,3.336786090161194,-0.0033973239020119936,0.07756867110107007,4.603407876130779,0.07531414147597622
2019-08-07,3.3607586389089636,0.007184322908338273,0.07379246214034599,4.604351466582627,0.07404314844737324
2019-08-08,3.3629123359256035,0.0006408365634192715,0.08896662991376648,4.605527998624192,0.06901496541202572
2019-08-09,3.3816754186251092,0.005579414752820777,0.07747732732546356,4.601417193707684,0.07192580492482294
2019-08-12,3.3830307692893564,0.00040079265348229206,0.08271740764457665,4.601557272587776,0.06767583637251248
2019-08-13,3.4151721496940293,0.009500765023022353,0.07223435432339116,4.597577330583679,0.06826391117672623
2019-08-14,3.4463054692348454,0.009116178680364627,0.10260875433790184,4.601141903268102,0.0725542383923912
2019-08-15,3.4418103760980663,-0.0013043223175968086,0.1175192107447157,4.604112436985672,0.07304915856500298
2019-08-16,3.4599280926987057,0.005264007781038349,0.10153856034680789,4.601676987901897,0.07427970820534895
2019-08-19,3.472081162993916,0.0035125210610173416,0.09836507920671761,4.6015456937539545,0.0732082700952629
2019-08-20,3.4970138948955696,0.007180918512905749,0.09010022047911138,4.6000350725980885,0.07553421912612467
2019-08-21,3.4791876338209278,-0.005097566555472483,0.09910695772688327,4.601558396916232,0.07553489184212121
2019-08-22,3.4922239733927274,0.0037469492720297154,0.09593246916960178,4.605352221583417,0.07509979946155519
2019-08-23,3.511816846968376,0.005610428690979207,0.08889547815811928,4.603719509254021,0.07576562189203581
2019-08-26,3.4796816578225958,-0.009150588013586583,0.09069237941559452,4.603697825567948,0.08630604594936128
2019-08-27,3.4566206922204086,-0.0066273205051226875,0.11049548787134258,4.613761850365856,0.09126203067539132
2019-08-28,3.416406733153555,-0.011633894097018002,0.11044359587055881,4.618996515315981,0.10021451929866272
2019-08-29,3.410776233948078,-0.0016480763694899157,0.13695446193317157,4.631768516326897,0.09654962185002594
2019-08-30,3.4260675404608163,0.004483233570276616,0.11797684895147023,4.627633773465917,0.09568661582880215
2019-09-02,3.4571671647283226,0.009077352941887265,0.10820636772275624,4.624776942303197,0.09964640222463482
2019-09-03,3.45904747867502,0.0005438886397745044,0.12084541484509145,4.625798247816494,0.09798153360484811
2019-09-04,3.4929850001356293,0.009811233199264906,0.10380708674214537,4.619966812972737,0.10030552100053285
2019-09-05,3.4627183377340525,-0.00866498493420437,0.12219871791036653,4.621961977543957,0.10712415948440551
2019-09-06,3.424474066260945,-0.011044580512469175,0.12799516048613763,4.629768960401784,0.11468295107116443
2019-09-09,3.423421085399244,-0.00030748688450452257,0.14418135980493488,4.640724646095415,0.11473122754933963
2019-09-10,3.432428396436811,0.002631084757870839,0.12321792158361293,4.633734965733724,0.11017838573305636
2019-09-11,3.4319880382546692,-0.00012829347950842404,0.10800850309736541,4.6289127894821975,0.10510953259192626
2019-09-12,3.3891455727425384,-0.012483279380518655,0.0930361540714322,4.622600478500829,0.11381506791925067
2019-09-13,3.3873616824133728,-0.0005263540001092589,0.13302555096342328,4.636430972404149,0.111593785602978
2019-09-16,3.3589863084730354,-0.008376836193093252,0.11395201798819626,4.630137996694131,0.11313635236589481
2019-09-17,3.374163642729871,0.004518426948794218,0.1209870553429462,4.636820595893015,0.11075585044362482
2019-09-18,3.3823993784796995,0.0024408228591916246,0.11065983292705818,4.633243784435242,0.11097815219390532
2019-09-19,3.3630330194686207,-0.0057256275336071425,0.09745213439520292,4.628310734805944,0.11025820313854
2019-09-20,3.3527257540441293,-0.0030648719072403183,0.0972562167899937,4.630929358102419,0.1067053185283504
2019-09-23,3.332006770554446,-0.006179742994097137,0.08804257943657652,4.629110569080433,0.10467511204228887
2019-09-24,3.3310374447816926,-0.0002909135063348579,0.0927327200232614,4.632385385042237,0.1034863229904839
2019-09-25,3.3492955687882318,0.005481212477854875,0.08042697363790352,4.626048452464098,0.0997427523875749
2019-09-26,3.331006347640605,-0.005460617246821236,0.08424434370763997,4.624112267603151,0.10099538212774316
2019-09-27,3.3406772992860296,0.0029033122834709554,0.08677728114799341,4.6266517519226245,0.0999743700719651
2019-09-30,3.3313459796935847,-0.0027932418358514216,0.07939543572706204,4.622621686105536,0.09230853016386036
2019-10-01,3.317738138685344,-0.004084787677769908,0.0733600579072352,4.621047617419279,0.09218800225754657
2019-10-02,3.316167169974416,-0.00047350593846166833,0.07321681928104486,4.621651535620457,0.08118345468458554
2019-10-03,3.29939584788633,-0.005057441687481591,0.06452376825653128,4.616476496703263,0.07856575307537125
2019-10-04,3.290557474174602,-0.0026787854865580794,0.07161306284762967,4.618996429042695,0.07166804639388548
2019-10-07,3.2717098231525754,-0.005727798760528905,0.06705667058545056,4.617535248553231,0.07256451899681346
2019-10-08,3.3037364122763124,0.009788945491772304,0.07672023102094182,4.6210340037485285,0.08269633030568584
2019-10-09,3.3046396093118213,0.0002733865305213501,0.10679657910361041,4.622924710793163,0.08282240492739205
2019-10-10,3.292762669414144,-0.0035940197122284645,0.09205331445508777,4.617112254391171,0.07317084853132587
2019-10-11,3.296647455661218,0.001179795398908906,0.08544278241971791,4.617256768300852,0.07369947371268566
2019-10-14,3.295081726558294,-0.0004749458727335735,0.0750590790739472,4.612622975502259,0.06888148517623427
2019-10-15,3.2918879552968177,-0.0009692540357146952,0.06602037371360929,4.608182624071086,0.0657869841397504
2019-10-16,3.3014063342790165,0.0028914650533241096,0.05914714998226219,4.604886063033892,0.06613857947411049
2019-10-17,3.3128775955230036,0.0034746590036127726,0.05845018750524909,4.602612360311554,0.06585639628091372
2019-10-18,3.305362831523754,-0.002268349428124057,0.06020387946133273,4.600985386980656,0.06554385999677374
2019-10-21,3.2974009522347547,-0.0024087761903370977,0.057233267217024465,4.600332825278686,0.06266847143033606
2019-10-22,3.2938252419026743,-0.0010844026504137501,0.05543856305885285,4.599955957819007,0.06269421678246147
2019-10-23,3.262957010280002,-0.009371545044339397,0.05095669074032881,4.597507841074706,0.06582029572951915
2019-10-24,3.239532812818503,-0.007178825031313865,0.0920845806315781,4.608425462434225,0.0675224928806589
2019-10-25,3.2621267687117634,0.006974448847642177,0.10039157656972879,4.614970070352517,0.07232550119769199
2019-10-28,3.2903972909658776,0.008666285604001362,0.10494617622245993,4.615118967130386,0.07996855258966148
2019-10-29,3.2861020819311206,-0.0013053770274336024,0.11654587465221702,4.616598866788591,0.07896731146410273
2019-10-30,3.2964787773981428,0.003157752013876522,0.10073436909782717,4.6131532443208,0.0800085813950944
2019-10-31,3.3020659162597057,0.001694880883162571,0.09102360211347794,4.610420977141132,0.07823782937360373
2019-11-01,3.353129550013961,0.015464147309359584,0.08027603151334693,4.606749864760165,0.0946278438342021
2019-11-04,3.377713725642809,0.007331710648861113,0.14865623835415315,4.61431007079174,0.09373836246243526
2019-11-05,3.375172300326431,-0.0007524099206763639,0.1413282118739892,4.614796125114069,0.08888508215653294
2019-11-06,3.3554197064998292,-0.005852321620644722,0.12097188477400689,4.610619645491442,0.09222391327597791
2019-11-07,3.32249547105195,-0.009812255493433928,0.11505043622436407,4.614877928502115,0.09855821427567889
2019-11-08,3.3271618920683634,0.0014044928148347268,0.12920152661253648,4.62508625127124,0.09858296674308946
2019-11-11,3.311782088658502,-0.004622499267776955,0.1113104138163281,4.6199949453106015,0.10020134280378365
2019-11-12,3.28340670568048,-0.008568010279177456,0.10347468036214554,4.621538216195582,0.1049665687621911
2019-11-13,3.2702949672360786,-0.00399333363780887,0.11507407602142149,4.6292255021699225,0.10520168208558711
2019-11-14,3.2489114942279143,-0.0065386985646241425,0.1045310383927957,4.629018990615727,0.10624332344943481
2019-11-15,3.282798289020488,0.010430199423030589,0.10581659610875253,4.63287153083983,0.1134742945923388
2019-11-18,3.302010037299011,0.005852247560496727,0.12701799344346162,4.6343077781517374,0.11523100653923646
2019-11-19,3.302104369982545,2.856826068622309e-05,0.1196176960802154,4.631993705269765,0.11514763654732765
2019-11-20,3.332429414898862,0.009183551311092292,0.10268241524905009,4.625250120807287,0.11362363709849094
2019-11-21,3.3343490240471785,0.0005760389521634143,0.11794122083960326,4.626317240094189,0.10940533387381897
2019-11-22,3.317052040928024,-0.005187514262727098,0.10140389380821001,4.620469119628182,0.10980042691060503
2019-11-25,3.347761052483061,0.009257922750722252,0.09797309534018299,4.622871159806639,0.11037703137576949
2019-11-26,3.3594184329535732,0.0034821423296819715,0.11546917579263882,4.624190843118357,0.11042375722155076
2019-11-27,3.338435449283151,-0.006246016710688241,0.10352473624638113,4.6208198730571555,0.11314162417748581
2019-11-28,3.33483180222571,-0.0010794418859334548,0.10382058327909796,4.62487488364545,0.11323250855403934
2019-11-29,3.318089047520159,-0.00502056946151722,0.09002256421419755,4.620398912725506,0.09993658042687367
2019-12-02,3.2919648119286755,-0.007873277424850342,0.08898790900820554,4.622541513875906,0.09868641293033954
2019-12-03,3.3103436495678986,0.005582938667091984,0.10211973523157138,4.629042568753274,0.10164218787616791
2019-12-04,3.347810965443635,0.011318255698506493,0.10004391061302176,4.626943521262221,0.10868767400667712
2019-12-05,3.3178310120300933,-0.008955091468125573,0.12911745214512774,4.62956785558949,0.10770904302932398
2019-12-06,3.3305529061472776,0.003834400869440138,0.13413771353721793,4.637216323457702,0.10848632524307099
2019-12-09,3.3168577461981514,-0.00411197790128133,0.1193047661259696,4.63306479131116,0.10820803053229779
2019-12-10,3.307013539781219,-0.0029679314490396913,0.10818808517223893,4.632733929667645,0.10400337610477654
2019-12-11,3.295460849819873,-0.0034933905840947624,0.0965142562876306,4.6306143815489005,0.10373944383796213
2019-12-12,3.27907223031457,-0.004973088818882095,0.08860349671227864,4.629501273304893,0.10249118536734723
2019-12-13,3.2802524962221864,0.00035993897807592165,0.0877699214039422,4.63082780800414,0.09552356768473347
2019-12-16,3.265478779987765,-0.00450383507106106,0.07636326664029126,4.624441699023678,0.09414075228427611
2019-12-17,3.2705420656805857,0.0015505492560081,0.07707563660399894,4.625434956169402,0.09441715573858578
2019-12-18,3.269945457234503,-0.0001824188266353163,0.06880762074288971,4.620431117590924,0.08731079584596055
2019-12-19,3.266293359670527,-0.0011168680370174623,0.06084359379426459,4.614893600024033,0.08712968553041053
2019-12-20,3.252262860680526,-0.004295541595631784,0.05523601633059676,4.611287286938953,0.0866193508448315
2019-12-23,3.2435233030359036,-0.0026872236405866,0.061817777191951806,4.613018473806285,0.07784219624685376
2019-12-24,3.255248567847789,0.00361497782393321,0.059712002617531346,4.612055879496917,0.07795786016580278
2019-12-25,3.263032804829254,0.0023912880442833483,0.06166480237702304,4.609775303734017,0.07709933779107075
2019-12-26,3.2489662026069484,-0.004310898193081987,0.058686189123147076,4.6067088583841675,0.077919905141954
2019-12-27,3.2506801339506812,0.0005275312936027435,0.06412417704023368,4.608835733273888,0.07688055486070636
2019-12-30,3.2615537041827656,0.003345013899866382,0.05722307936933492,4.6043672941142235,0.07386014247511702
2019-12-31,3.2384222770874924,-0.007092149690991684,0.0588177756330038,4.60249541765128,0.07382385225344801
2020-01-01,3.2468104667718793,0.0025902087395257615,0.080006013614457,4.6093832858137125,0.0594778531557365
2020-01-02,3.2373771764572155,-0.0029054022127884935,0.07329914642338373,4.606506389045193,0.052973762516425514
2020-01-03,3.2458098776400353,0.002604794166136758,0.06900840030363281,4.606418022760696,0.05157874623969461
2020-01-06,3.235346324532372,-0.003223711031180736,0.06485893515867276,4.603792871587644,0.05102594275864282
2020-01-07,3.2105925595300744,-0.007651040265643017,0.063786341462315,4.604429634433765,0.05563124108874473
2020-01-08,3.1863899362241344,-0.007538366471976966,0.08618749179756038,4.612049253926449,0.05931125855480955
2020-01-09,3.1874100729635404,0.0003201543941025622,0.09852416571449907,4.618871178024781,0.05837589998152306
2020-01-10,3.1916356545456783,0.0013257100546868847,0.08521506063159849,4.613424829361666,0.05886293100592536
2020-01-13,3.17853970638586,-0.004103209005441047,0.07504893962351034,4.609217498266437,0.058595876887373444
2020-01-14,3.188149627384421,0.0030233761054659857,0.07450311841697978,4.610811146903549,0.05978135462021488
2020-01-15,3.1644789360011134,-0.007424586092192604,0.0702823519795016,4.608162154239041,0.06345141836302258
2020-01-16,3.1637192246800483,-0.00024007469679195276,0.08834961272382365,4.615118840306478,0.06362161844518353
2020-01-17,3.146129172253957,-0.0055599284187016805,0.07680603447506444,4.610103695748859,0.06448809983741126
2020-01-20,3.1366212548120385,-0.003022100149532876,0.08217383990920432,4.613939285422001,0.06457046216182369
2020-01-21,3.1375651730438507,0.0003009347176882567,0.07614591270646305,4.613433502412771,0.061995520572767526
2020-01-22,3.1257007793867397,-0.003781401501725931,0.06683165084413684,4.60841289156126,0.06026603637807814
2020-01-23,3.12058632074342,-0.0016362598355697316,0.06734255439121142,4.609560775942501,0.05973410937169269
2020-01-24,3.1344381582401324,0.004438857340569335,0.06123125581226464,4.607210758297769,0.06343415948853465
2020-01-27,3.126803110248271,-0.0024358585514886516,0.06641163381362318,4.605976534676008,0.06045035071155951
2020-01-28,3.13821102104994,0.0036484263317634095,0.062402971967018,4.605185784558062,0.06070931414269384
2020-01-29,3.123401543811295,-0.004719082668217297,0.06367816838403018,4.60348837669935,0.05961068342699663
2020-01-30,3.1308079971237666,0.00237127798286042,0.06937816209468067,4.606524580353187,0.061380642974117314
2020-01-31,3.150135355866055,0.006173281389355149,0.06449649506008266,4.6037055627900845,0.06581957580228807
2020-02-03,3.1158547008304254,-0.010882280017521518,0.07762756108182182,4.604131778532283,0.0736487409969107
2020-02-04,3.102983652467254,-0.004130824315954497,0.11458171864192683,4.616916372423632,0.07099587753741811
2020-02-05,3.11254810447796,0.0030823404445268127,0.10452816538754602,4.617929052150989,0.06939056793306742
2020-02-06,3.109598731908421,-0.000947574935563418,0.09385190427098429,4.614749527996977,0.06917687312350479
2020-02-07,3.1154635470021796,0.0018860359806485078,0.08170797764671614,4.6108863720829785,0.06947893218289916
2020-02-10,3.10685976768212,-0.0027616369732004044,0.07309660744304261,4.607329154868023,0.06889564372296009
2020-02-11,3.108345420625622,0.00047818474427328486,0.06842837979930741,4.606945916726495,0.06743709323607995
2020-02-12,3.1064499774250756,-0.0006097916878764002,0.06065287537492931,4.602591360841925,0.06338928657105831
2020-02-13,3.122221894895138,0.005077151598988951,0.05451205563982926,4.59917715601219,0.06685783980286596
2020-02-14,3.1259428335036503,0.0011917598216180465,0.06550445914116544,4.59909982145915,0.06453883199879862
2020-02-17,3.130656991677331,0.0015080756190274601,0.05902893500829911,4.595945889846347,0.06401879605047943
2020-02-18,3.1256084353721176,-0.001612618794915698,0.05449104421075078,4.5932977476966865,0.0642248459937398
2020-02-19,3.11975085816427,-0.0018740598283387363,0.051229386983760956,4.592225928768847,0.06315547267288021
2020-02-20,3.114704962384455,-0.0016174034431659314,0.049430985725803775,4.5916556279507645,0.06314937567740828
2020-02-21,3.1196703135561057,0.0015941642086863162,0.047430436529813914,4.590724018376573,0.06122340021991954
2020-02-24,3.114988714815751,-0.001500670990781176,0.04588857614520212,4.588565833162291,0.06086525452638254
2020-02-25,3.1185602018086755,0.0011465489348124072,0.044521004042776265,4.587698359150534,0.05940725224889355
2020-02-26,3.1420988165903014,0.007547910977628292,0.04273638224461446,4.585429173909948,0.06316400130329548
2020-02-27,3.153564216383204,0.003648962194430423,0.07558274662829546,4.588424391427082,0.06387689266874755
2020-02-28,3.1496077041411095,-0.00125461603779609,0.07317965327502501,4.588082296106797,0.060265855450329274
2020-03-02,3.1799908039541425,0.00964662988761588,0.06524096910513569,4.586863325301071,0.05492613429113163
2020-03-03,3.1680072895245353,-0.0037684116616646187,0.10020918485085617,4.591409936044514,0.054488259858192424
2020-03-04,3.108003527910901,-0.018940537735517727,0.09226945371804723,4.593913375949038,0.08881855422664728
2020-03-05,3.0643342754173224,-0.014050580091500581,0.1793569788692664,4.620374829234313,0.10178985354689021
2020-03-06,2.975405466078536,-0.0290205967580594,0.19362766378292334,4.636883009333604,0.14235853787600178
2020-03-09,2.952502508992953,-0.007697423879431139,0.29598911717113385,4.675945727686868,0.14366203115052625
2020-03-10,2.9539028114716506,0.00047427647374790395,0.25922964982785435,4.677797160644157,0.14366095529409656
2020-03-11,3.0545432112927595,0.03407031518784779,0.2199323565369166,4.66766413255777,0.19374364418021212
2020-03-12,3.081930375311683,0.008966042424174061,0.34390403798088987,4.685050998077082,0.195781756277381
2020-03-13,3.0644912340754638,-0.0056585123972684665,0.30105903952199226,4.6810517464760775,0.19646969371571543
2020-03-16,3.1282414412017414,0.02080286816206547,0.25963035626681247,4.6792464632719355,0.2110301577647043
2020-03-17,2.945981874370415,-0.05826262782367267,0.28211140405714447,4.685122228032218,0.29573813760067375
2020-03-18,2.9749380685779245,0.009829046967133132,0.5486627087633255,4.767198518897028,0.29911587963786185
2020-03-19,3.0656762896501335,0.0305008773226609,0.4716473622171741,4.757069307236195,0.32088397954000625
2020-03-20,2.879832029898434,-0.06062096653163254,0.47556245964602184,4.764189997041717,0.38486698657402557
2020-03-23,3.050651194239894,0.05931566930571457,0.6526476844341319,4.8433841844507475,0.44529175000419474
2020-03-24,3.112102257787357,0.02014358890439254,0.7466772629356554,4.866146279420957,0.4513816976192664
2020-03-25,3.038572262757534,-0.023627114066008047,0.6542306032028232,4.855834344202533,0.45823996425184993
2020-03-26,3.1455825063107126,0.035217277819835725,0.588547231159887,4.867924733971431,0.47609233870118717
2020-03-27,3.546236732030391,0.12737043931159983,0.5805351547583916,4.869414536280614,0.6555974542227637
2020-03-30,3.604151351748047,0.01633128978518507,1.1859672598207325,4.944494042044516,0.6564201579290985
2020-03-31,3.6803210733720153,0.0211338853977442,1.0123959826300692,4.924444368947754,0.6569188162388515
2020-04-01,3.54381322165672,-0.037091288774493594,0.8746976115552905,4.909922078615472,0.6699370440989549
2020-04-02,3.3055631900027236,-0.06722985009424828,0.8037877544621398,4.938821571546654,0.7174378469101759
2020-04-03,3.5360578862852794,0.0697293269055209,0.887030628070932,5.013543732612617,0.7410346526469465
2020-04-06,3.2686880180751596,-0.07561241269469125,0.955001759208748,5.029839150265623,0.7991019635838957
2020-04-07,3.290886683644338,0.006791307535752711,1.0309947502689034,5.109992366550421,0.7988068432434056
2020-04-08,3.151926773329463,-0.04222567462000532,0.8737824128992758,5.067938472214681,0.8098469928192406
2020-04-09,3.2834239383224513,0.04171961293824232,0.8210860093877516,5.091146617586378,0.8214226615405219
2020-04-10,3.377189583215852,0.028557276384269317,0.7792840589798528,5.078338835604737,0.8248222249458624
2020-04-13,3.6652476877730154,0.08529521291572456,0.7021529785608797,5.056254692137376,0.8705315493210365
2020-04-14,3.4949229956590973,-0.0464701724475832,0.9355877242149251,5.08117564606186,0.8593155904359064
2020-04-15,3.4102586517558713,-0.024224952597921075,0.8838358459324427,5.109975096068558,0.8678404445415943
2020-04-16,3.1231892537511707,-0.0841781891989026,0.7751751836060286,5.100822436184355,0.9225867523490179
2020-04-17,2.9927478259487468,-0.04176545742329086,0.9689402527736958,5.188394460199486,0.9077812790909726
2020-04-20,3.0968363440139295,0.03478025016430691,0.8926126511901757,5.200039144193203,0.891795067267881
2020-04-21,3.3056652208212887,0.06743297146167182,0.8104184252795137,5.171996708557504,0.9197520863330393
2020-04-22,3.024874498384975,-0.08494227445287134,0.8924345607259621,5.172333533562534,0.9691332465312041
2020-04-23,3.2866036832084715,0.08652563435714,1.04303120587584,5.254605819417905,1.009077399503296
2020-04-24,3.758163687787539,0.14347942436391292,1.1470747886881432,5.262592285021721,1.03642818983788
2020-04-27,3.958302176849311,0.053254329956978395,1.5555043991337418,5.315308988798682,1.050026439900662
2020-04-28,4.88739617778593,0.2347203319571093,1.3905782087393166,5.29134988012115,1.3262212939368243
2020-04-29,4.216238290125105,-0.1373242240339253,2.310824690479181,5.415004695794817,1.4249228463437806
2020-04-30,3.2473940167831636,-0.22978878485380705,2.2742392011882973,5.559313763296103,1.6452366611887352
2020-05-01,1.9918314330492426,-0.38663697021209303,2.7368661675971877,5.841745202797294,2.130443637226056
2020-05-04,2.8855940763931267,0.4487139968343838,4.011530625817254,6.360265388087798,2.684928363373663
2020-05-05,3.6034689942617275,0.24877889920189847,5.095716682392276,6.548517221400545,2.8179655817088873
2020-05-06,3.5266094274195066,-0.02132932653634986,4.796693664213452,6.555015184099878,2.812838274264674
2020-05-07,3.885859816555566,0.10186849338712566,4.059660344761372,6.399082108304363,2.8268312122446173
2020-05-08,2.365085408037875,-0.39136110933247925,3.5393916305559467,6.305831621770511,3.1875030910245825
2020-05-11,4.654996680964868,0.9682150442197991,4.467331815091755,6.779182820443235,4.681195581647418
2020-05-12,5.054098625996776,0.0857362469588664,9.033337692564153,7.354309651746382,4.6696970669597855
2020-05-13,5.401289536539609,0.06869492193068566,7.6721760804684465,7.142722111349464,4.660798362262492
2020-05-14,7.726308012748008,0.43045618282073167,6.512907719454955,6.94218960638476,4.80789779296753
2020-05-15,9.994364175211345,0.2935497987811464,6.605502264131113,7.04980961627442,4.838817426716065
2020-05-18,11.335572837965278,0.13419649706986705,6.114029938297545,7.035635147711225,4.8337085805119475
2020-05-19,6.227123732769281,-0.4506564580562439,5.293064933384789,6.897958361789196,5.222342138552284
2020-05-20,7.97537681468824,0.28074808803285,5.883536071818369,7.401004378871938,5.230650664154697
2020-05-21,16.736136955572245,1.098476014919988,5.514306019574508,7.335845176623756,6.320773245532067
2020-05-22,35.43110066694987,1.1170417498975589,10.4119455441041,7.951663349993919,7.1944561769552715
2020-05-25,92.23810071460059,1.603308928549327,12.927623078471436,8.501048926308655,8.724006488302392
2020-05-26,30.336457969084805,-0.6711070833629733,17.438799229059462,9.391914912023848,9.34941814721846
2020-05-27,-8.553388138922543,-1.2819507850138308,15.803475171699427,9.927126351090806,10.726599858972607
2020-05-28,-7.025055267746829,-0.17868157580982127,17.22149144082939,11.448100184829451,10.70269518635252
2020-05-29,-7.551955668924568,0.07500302575508896,14.639283243100829,10.899881676864023,10.505069704406877
2020-06-01,-18.03968458972057,1.388743443496604,12.39380910722006,10.219428214531476,11.30232730490227
2020-06-02,25.67961046817797,-2.423506621773798,15.758684112172121,10.669464325424162,14.746245734425704
2020-06-03,101.2821709348705,2.9440695979551097,24.482638756749104,14.292749014717163,17.82729794860429
2020-06-04,61.860233584255894,-0.3892287950261739,32.4200800792134,15.358109010272052,17.969604760551874
2020-06-05,0.21000195347222092,-0.9966052188731847,27.608898027154158,14.505398644583241,18.37334748723993
2020-06-08,-0.2732355106390037,-2.301109375990387,24.824370615461905,14.743517433301236,20.150712409640406
2020-06-09,0.8612610561444459,-4.152083175902916,28.650864501119848,17.192605170898755,25.046904401886714
2020-06-10,3.2254821249444894,2.745069049544404,42.72130970557136,22.67978303989606,27.103223249846646
2020-06-11,4.05539481830575,0.257298804089805,42.96466399205129,21.95516608773147,27.070587111494664
2020-06-12,-13.274990375315506,-4.273415036038708,36.39193332398087,19.53800078436211,30.89593015548302
2020-06-15,54.65371747070771,-5.117043849036219,47.52340998714989,24.60530279402516,35.28723613064604
2020-06-16,-31.954043990385408,-1.584663687470327,59.12069646706701,29.905323882967142,35.47980548482299
2020-06-17,-274.17675821532583,7.58034614641647,51.75919670292809,27.97996584988037,45.81897251328301
2020-06-18,157.2452959662333,-1.57351796333787,77.73339170927181,29.999577172288916,45.77464674766709
2020-06-19,-1210.7075764377546,-8.69948359344079,67.0627445346948,28.037130070288374,54.07840265644797
2020-06-22,976.1395219938436,-1.8062554005533882,93.01101216965651,39.66962097082133,53.374578321481195
2020-06-23,-889.7804968633316,-1.91153003931844,80.11672955339333,35.85906977206972,53.447703853226365
2020-06-24,15188.74109429338,-18.070211302491987,69.6488631813385,33.08327249233579,80.59561640677701
2020-06-25,5278.508095733907,-0.6524723107093375,164.07892400787048,67.17858271959425,80.47696874857677
2020-06-26,-8549.779874925694,-2.619734159702366,138.83856853221968,55.00155266984232,80.14630026449487
2020-06-29,-72862.74957955797,7.522178423943482,119.4689673068592,48.59692420852075,86.38422855004222
2020-06-30,-1560903.6155223523,20.42251870165866,119.44629941154611,45.46355704001675,116.81757117637494
2020-07-01,-15239900.811471425,8.763511763262482,200.39254758564718,54.016082676423174,120.93537220617098
2020-07-02,16500272.014393985,-2.082702060762354,184.99551967818306,50.404961351020646,121.09328581738318
2020-07-03,-117350652.69573066,-8.112043522274059,157.4061530229838,44.400560643688614,124.13272146438065
2020-07-06,-2317888088.9369416,18.751812501178094,149.79547166798713,49.451803827701404,141.93634237192603
2020-07-07,-3509864103.6146607,0.5142508908721293,203.21786157107252,55.20599128431286,140.97160959324322
2020-07-08,-3910673327.218993,0.11419508327731445,171.87556251441376,45.54753854432971,140.7256770815511
2020-07-09,-3181808722.88602,-0.18637828919637536,145.32366716006308,37.95583394221027,140.73924983263294
2020-07-10,-7777685323.012679,1.444422654029946,122.88102316077068,32.28108780356901,139.70821436565245
2020-07-13,-41225811.96291086,-0.9946994754543577,104.61437051016543,28.59453332281847,138.21552693542947
2020-07-14,112659121.19992365,-3.732732621525523,88.8520712818008,26.084912872781015,138.92402487504336
2020-07-15,-271080671.01996726,-3.406202605991489,81.51349655796903,28.46823144158896,137.20563102328902
2020-07-16,-218231821.25488445,-0.19495617140917473,74.72120619031773,29.725347711349674,137.0585729527375
2020-07-17,447995701.10772467,-3.052843157939313,63.198235017902725,25.847883483339746,133.58827687962847
2020-07-20,-1266833031.9969416,-3.827779438205636,59.36846508059828,27.13212109128709,134.24936511552355
2020-07-21,-1965389352.9122753,0.5514194082973833,59.7665733358524,29.42352074775946,133.96289255469927
2020-07-22,484757685.39557093,-1.2466471514548843,50.74816121067324,25.720877529586975,114.88817566851456
2020-07-23,3857676229.55165,6.9579475390961925,44.18914772302024,24.18268731457382,116.25390881262553
2020-07-24,-45102696373.29425,-12.691674907237152,69.80907316811671,26.584737964062818,126.36635587422121
2020-07-27,-329134055457.6809,6.297436338031543,122.69344344222526,49.25169097927647,125.63606257766116
2020-07-28,-2677922453440.2554,7.136266694482409,116.66148435358667,45.0536027533393,106.01426558340086
2020-07-29,29344953019982.336,-11.95810410129078,115.70302582527123,42.52635650470716,110.1573693711864
2020-07-30,-35078340446328.094,-2.1953789948970654,140.85864892920955,55.5715269935711,110.17975555519024
2020-07-31,44083423135733.72,-2.2567134754617006,120.54034484168312,48.43135491667643,106.71436596274889
2020-08-03,-313762939327675.94,-8.117481289091225,103.69570346149028,43.15860668199158,83.53264269710766
2020-08-04,1127444381019676.2,-4.593300035483917,111.44416689942437,48.59127365279282,83.8318025713556
2020-08-05,-6035424248313463.0,-6.35319023263475,101.95075525924958,46.71224097487363,85.01060037546466
2020-08-06,-6.619257770952907e+16,9.96734462834587,101.63405407433108,48.113715428994446,95.11529168023975
2020-08-07,-4.416290670414651e+17,5.671881989238322,120.49956389671098,46.95966232657384,98.0560711326794
2020-08-10,-3.776940975419139e+18,7.552292539803584,112.65295033621031,42.87936770282943,103.09109145883042
2020-08-11,-2.0122072677798736e+19,4.327611103471303,114.75626589453118,41.21056236570107,104.195340789971
2020-08-12,1.1137358648527184e+20,-6.534896343364942,103.72698896620781,37.55201444486244,105.90211541833685
2020-08-13,-2.2538195640634907e+20,-3.0236571661105107,103.72489531808706,41.80843938612506,106.18887770873346
2020-08-14,-8.326143543142996e+20,2.694236963730805,91.3664810417476,39.26897059174501,106.58043918066684
2020-08-17,4.5088032770157786e+21,-6.415236061752752,80.55421464733753,34.898170314807636,108.01163957886058
2020-08-18,2.146432100703123e+22,3.7605361530072625,87.14842321790718,39.69533157604112,109.10445073075951
2020-08-19,-4.780165301382477e+21,-1.2227028425365332,80.28117410103592,35.98512354324762,109.10245906022722
2020-08-20,3.842001942654049e+21,-1.8037383020086981,68.66402046727276,32.18732523784038,105.47837907713668
2020-08-21,1.6321656917155694e+22,3.248216726793407,60.03421340048596,30.083681779920447,96.84235035739604
2020-08-24,4.8277856048090154e+22,1.957901657480945,57.74344234453872,28.178016217591964,94.17446930688197
2020-08-25,-2.4808763322578913e+22,-1.513874586681451,51.56478988024739,25.733317797232726,89.89197141753301
2020-08-26,-1.3927818115612552e+23,4.614071904558253,45.44662278386011,24.594664149434074,81.57002749294622
2020-08-27,4.592127516144456e+23,-4.297090382733284,54.824005711009555,24.93845138938936,82.65023743401888
2020-08-28,1.574229193549834e+24,2.4281042676087417,58.94873898993776,28.61140278838142,82.71446353992587
2020-08-31,5.10530109387236e+24,2.2430481627393006,53.92220182064135,26.417786434320842,77.01312832921715
2020-09-01,-6.20882795507515e+23,-1.1216153139827012,49.395692363692575,24.549323827268907,74.84230362940541
2020-09-02,-1.3161340940001847e+24,1.1197786498889304,42.83210700010699,23.06542070527457,69.89466983607883
2020-09-03,4.0425229092214606e+24,-4.071512946629048,37.43731554436164,21.051644659953972,64.00910268222796
2020-09-04,1.6291418816024195e+25,3.0300127375559436,46.82550766555175,25.315578439980754,61.81675491240536
2020-09-07,6.623282811320425e+24,-0.5934496015285187,47.18989846857731,24.266195179851245,55.68488141836115
2020-09-08,-3.8766081812213723e+24,-1.585300113501952,40.21472561842863,22.064215005930595,53.4167457735737
2020-09-09,-1.565452089756643e+25,3.038200448886811,36.55976056142052,21.794878581779496,49.38203975671233
2020-09-10,1.5925308675539673e+25,-2.0172977365289624,40.230841410218105,21.47658543249287,48.65503025252545
2020-09-11,-4.601809639835619e+25,-3.889620373201133,38.07005908952309,22.018715523688893,49.73374841084295
2020-09-14,1.5656491789407305e+26,-4.4022467278691195,46.07353393044109,25.69105168325794,46.799583189803215
2020-09-15,4.359317919655869e+26,1.7843516787108387,53.93982259140708,29.36030045633497,45.16027196683245
2020-09-16,-1.1398398840270962e+27,-3.614720708686181,48.04791155646896,26.540907715845197,46.684419123648475
2020-09-17,-6.846113863092309e+27,5.006206625183825,50.880836089612565,28.610425674505933,49.87111611065925
2020-09-18,3.649851066495463e+28,-6.331274266663845,60.4222220292124,28.375652091999697,53.24760799715665
2020-09-21,2.4590795113914844e+29,5.737479054871844,74.0883688221727,34.92712154136528,57.03319118487831
2020-09-22,4.3167313914072694e+29,0.755425707631805,79.2996858453787,33.803522365108044,56.92008189074312
2020-09-23,2.9044410571887968e+29,-0.3271666004119985,67.35271031365234,29.307245878935305,54.11608842714549
2020-09-24,-2.1496367041943617e+29,-1.7401206159353053,57.014048740726196,25.700396261485725,52.37919780772334
2020-09-25,-4.7690063746397996e+29,1.2185173733471037,50.410749278691426,24.914402925402488,51.73785135430257
2020-09-28,-4.2488155566017574e+29,-0.10907740044221098,43.85544343732585,22.605815276329686,50.87819146798014
2020-09-29,-1.707687943728326e+30,3.019209403135755,37.09121571299595,20.03713956644692,52.21106701553568
2020-09-30,-2.2382321673095884e+30,0.31067984377927166,40.47516816980598,20.05656951346343,52.01872509577946
2020-10-01,-3.101884223272727e+30,0.38586348126757114,34.32282342931424,18.03193455097042,50.03148420304825
2020-10-02,-3.6825436827098765e+29,-0.8812804277129174,29.203563732521097,16.427139122143235,48.78374672285838
2020-10-05,-3.2004643521647716e+29,-0.1309093311801144,25.796483895016497,16.14096527779089,48.763375131485155
2020-10-06,-5.338771106217256e+29,0.6681239091465431,21.839082641120886,14.77451326766454,48.562989741498455
2020-10-07,1.3434530712228075e+30,-3.5164088223566874,19.313622869390187,13.936925838922797,48.56165807306211
2020-10-08,-2.6048352099408156e+30,-2.938910458234244,33.98259450199678,19.01985525876254,49.075288890932434
2020-10-09,-6.899693987354354e+30,1.6488024889340778,38.02539726740592,21.67829856876952,47.84892357411073
2020-10-12,-9.427840129317286e+30,0.36641424193543587,35.05589353334913,20.3229925930971,45.17798587839822
2020-10-13,-5.9155944194088e+30,-0.37253980357458866,29.80192864549928,18.289009815217216,44.73620785928855
2020-10-14,-6.124736985375218e+30,0.03535444642388432,25.394517802382445,16.899925221808093,42.7001701686715
2020-10-15,-9.96838499618333e+30,0.6275613173244923,21.473111825002746,15.240587344246375,38.725925785154736
2020-10-16,-7.560012175314048e+29,-0.9241601104069656,18.91850072291349,14.294938133769874,31.16523800514971
2020-10-19,2.068025248836489e+29,-1.2735478727916971,17.810225856316418,14.453232132684096,23.64788263534905
2020-10-20,2.7102422181547724e+29,0.31054600019008816,18.52722917113279,15.154539986600195,23.471813817824696
2020-10-21,-1.2619677776530534e+29,-1.4656291490109858,15.884307498651344,13.989097612511452,23.909545769362392
2020-10-22,-2.0208894044629787e+29,0.6013795599609768,18.293720511731994,15.100221719898201,23.397721035439535
2020-10-23,2.7955084476842202e+29,-2.3833060045297656,16.28541819519127,14.15857780448541,24.144007666239208
2020-10-26,7.061582193581715e+29,1.526045735769992,24.445569544355298,16.889412039698453,24.998984074296764
2020-10-27,1.1947546150481265e+30,0.6919078222073818,24.381719530877252,16.33722626427019,22.2095536769624
2020-10-28,1.6215153291232836e+30,0.3571952840357653,21.432510984798103,15.252803603768157,22.22811496850568
2020-10-29,3.724585116250441e+30,1.296978048467935,18.372278203547587,14.105251211258802,22.845823503710363
2020-10-30,1.1776354030086112e+31,2.161789477895307,19.029506457959425,13.859675858811654,24.304445379551282
2020-11-02,2.81266446002218e+31,1.3884000539015835,24.3832830502647,14.348493003864888,24.89944469235811
2020-11-03,-4.1748864188536415e+31,-2.4843172650678422,23.737724850822534,14.133297866155756,26.15983794609169
2020-11-04,3.593400217252345e+31,-1.8607180787062074,29.088177286490755,17.062214522618575,23.95795960680833
2020-11-05,2.945366374908091e+30,-0.9180340013125442,29.215614749452147,18.250883369301157,21.796998564638386
2020-11-06,3.053984244487163e+30,0.03687754111148956,25.898106366808655,17.688303628745302,20.878587112030598
2020-11-09,5.157746431062847e+30,0.6888582317912233,21.899034579580615,15.893389785291445,21.007981768937675
2020-11-10,4.032463160444008e+29,-0.9218173437887863,19.414208579406413,14.882859457720226,21.192861730813732
2020-11-11,4.956439208627161e+29,0.22913440530512252,18.17903427052826,14.93480437133882,21.223501392374594
2020-11-12,6.182225955473348e+28,-0.8752688029601455,15.49253746268709,13.74607803464266,21.195815829792014
2020-11-13,1.9450771972541972e+28,-0.6853759129376127,15.05352651251202,13.920323428931058,21.102995465660303
2020-11-16,-9.962821041358193e+27,-1.5122069733490469,13.990558123778174,13.76347306407565,21.283414746914428
2020-11-17,1.610438774912385e+26,-1.0161644856233696,17.44072376002895,14.996978764329828,21.389606839264626
2020-11-18,-7.349140475511e+25,-1.4563439846330593,17.076777570857253,15.179721616394398,21.38267365961689
2020-11-19,5.163239691002813e+24,-1.0702563749898086,18.994982756926333,16.052120294069404,21.31610442179158
2020-11-20,1.1028716423626055e+25,1.1360070582901873,18.444673660140467,16.131796488950688,20.486915491205647
2020-11-23,-1.3854861570081541e+23,-1.012562533152454,18.327489839209736,15.415915951590476,19.67441600455308
2020-11-24,-5.201266757201163e+23,2.7541095094251107,17.71343089755948,15.518207681406146,22.236235576623628
2020-11-25,-8.427893560789938e+23,0.6203540318560867,27.73306801621791,16.194914567950576,22.341214362206
2020-11-26,-1.0296480991057926e+24,0.22171464515895561,24.030460510888304,15.08201076612064,21.718935855468736
2020-11-27,-2.8419595266712033e+22,-0.9723987299239485,20.40442018665028,13.863616398373724,19.918194881364105
2020-11-30,-5.038731041135166e+22,0.7729777619447835,19.1192480141405,14.1745478238155,19.30150112409184
2020-12-01,-1.9533526853141475e+22,-0.6123324167598196,17.442289972795283,13.5149076170278,17.720321975439727
2020-12-02,-2.196247395813481e+22,0.12434759596947546,15.63389378477094,13.311005054764303,16.812847979151897
2020-12-03,-7.60252537485719e+22,2.4615979007416176,13.260381617774012,12.306108539013334,19.087071064719048
2020-12-04,-6.768063202257809e+22,-0.10976118216705823,23.684142252550757,13.319573070896793,19.084863711713023
2020-12-07,-1.5162933720415247e+23,1.2403652665886649,20.046497737006327,12.383371237108397,19.469096228443277
2020-12-08,-3.682534997152051e+22,-0.757135718914743,19.94456380174222,12.375588695867746,19.378078583463477
2020-12-09,-3.5490575197218877e+22,-0.036246085246546114,18.042717629134327,12.588262751966006,19.35462615551825
2020-12-10,-9.705292762762962e+22,1.7346112901330182,15.258184501706788,11.656822872575303,20.063565704775428
2020-12-11,-3.3398448551429153e+22,-0.6558738683332508,19.558907761026358,12.166776630187702,20.048687023341024
2020-12-14,-9.419444766317595e+22,1.8203240494278967,17.446244283610284,12.250467373948076,20.000137740768263
2020-12-15,-1.6608842347839117e+23,0.7632506755843658,21.344609654373127,12.73351555943128,19.485747472972985
2020-12-16,-6.895333774808786e+22,-0.5848395914417299,19.171112874085388,12.298186743453222,18.64253308227653
2020-12-17,-1.1234348679260813e+23,0.6292682915951162,16.9500509772329,12.248016232739598,17.833114913202593
2020-12-18,-2.1673067166945225e+23,0.9291787878148042,15.291397550803067,11.78575248169073,17.746628098145727
2020-12-21,-3.432625256694725e+23,0.5838207071724528,15.1383464779652,11.626580259928266,16.864711906011024
2020-12-22,1.42294114931331e+23,-1.4145343703155817,13.722545961200257,11.224107325102613,16.10113931716175
2020-12-23,4.511045028283761e+22,-0.6829773999816701,16.68341541998501,12.75415038313965,16.458614492709017
2020-12-24,3.4986528422310044e+22,-0.22442520074731423,15.247241977381785,12.786276376874412,16.552887705797545
2020-12-25,3.2754854029511065e+22,-0.06378667714216234,13.031083404451788,12.104082612742323,15.966428075334035
2020-12-28,4.9218146636660635e+22,0.5026214616104434,11.031023799883835,11.286441811362321,15.88793064423508
2020-12-29,5.601743926714922e+22,0.13814605171304983,10.253464428801868,10.872517705741057,15.54707651675027
2020-12-30,1.1153434273686872e+21,-0.980089353566314,8.748004229485973,10.243070797802757,16.21140916760957
2020-12-31,1.4317356683129208e+21,0.2836724843492059,11.12219859100555,11.17347658113994,13.98766544333269
2021-01-01,2.050996390327456e+21,0.43252447761131674,9.706270688208773,10.609901459825252,13.983574418273648
2021-01-04,2.831039245973236e+21,0.38032385591923973,8.988130058042387,10.240791557344744,13.443784496394569
2021-01-05,4.819408597096067e+21,0.7023460921465542,8.2547869805941,9.88405887512107,13.147102899953252
2021-01-06,7.409552592538951e+21,0.5374402155906797,9.173022247582661,9.827921428554669,13.16063240480705
2021-01-07,9.542095402966066e+21,0.2878099296541167,8.994397406442511,9.650322424379121,11.927943285248974
2021-01-08,9.143334520465271e+21,-0.041789655800008624,7.986380988157405,9.304341734095962,11.557991557929789
2021-01-11,5.928060073337498e+20,-0.935165228177216,6.7617743428367545,8.849400493269526,10.526864482479015
2021-01-12,7.439869853144811e+20,0.2550260559279664,9.772460357549948,9.922983484656232,10.228267363266033
2021-01-13,8.312653461522764e+20,0.11731167689835728,8.54062971636071,9.514735257023315,9.962552439698145
2021-01-14,9.51781553007788e+20,0.14497922644478292,7.289230654913363,9.057360320446747,9.749184789196752
2021-01-15,3.381757374340074e+20,-0.644691855641333,6.284345505302402,8.681320603057998,9.457988759924525
2021-01-18,1.5170275684440683e+20,-0.551408513231939,7.621426895584083,9.275199639474385,9.33676640547295
2021-01-19,2.325424823693838e+20,0.5328823760789649,7.9601195516315135,9.6283065087154,8.150178181910695
2021-01-20,2.2795732894451974e+20,-0.0197174872227463,8.105137489980901,9.474812585835517,7.732032041324076
2021-01-21,3.013345274284072e+20,0.3218900608444399,6.854937640333134,8.964091193755623,7.724882283780261
2021-01-22,3.052385980018404e+20,0.012955935075713323,6.405804769478475,8.73595709421659,7.712044516488224
2021-01-25,3.091591886149579e+20,0.012844347467137404,5.417237091834756,8.301249217958222,7.5450375626169395
2021-01-26,4.265795044750968e+20,0.37980535654199815,4.581590879272082,7.920852261070312,7.631024892024911
2021-01-27,3.3930509623336115e+20,-0.20459118951138136,5.036603289310789,7.870922314959821,6.6621753078572254
2021-01-28,3.5168061861184537e+20,0.03647314029722943,4.59794990056688,7.850376294295651,6.629600257300171
2021-01-29,2.936151918751314e+20,-0.16510840707090985,3.8998678750895728,7.542708915660648,6.55651985383457
2021-02-01,2.5022051104733364e+20,-0.14779439902500902,3.582008420549989,7.499685049965678,6.4796983353759305
2021-02-02,2.2519207808653807e+20,-0.10002550492777561,3.2774325967641555,7.434510938086271,5.985123526760414
2021-02-03,2.4055555541053342e+20,0.06822388005181682,2.897886719301321,7.302211462656507,5.639161004597486
2021-02-04,2.071712009103519e+20,-0.13878022664331158,2.517520304470688,7.0831302006492844,5.520334876711556
2021-02-05,2.7910460913549256e+20,0.34721721894283947,2.431969333334796,7.052476583219153,5.7008713817097725
2021-02-08,2.095480792639043e+20,-0.24921311793106837,3.5899744858883995,7.0806341923706375,4.693516098547579
2021-02-09,1.9890655780518167e+20,-0.0507831973268565,3.6979019568408913,7.2270012174522495,4.598045757758514
2021-02-10,1.7642805687413827e+20,-0.11301035611435153,3.1561029383237575,7.0422675955767025,4.582882954064513
2021-02-11,2.3891737557544075e+20,0.35419150337228744,2.835212576700185,6.975663751739849,4.743982076699759
2021-02-12,2.50754715982507e+20,0.04954574935605099,3.841566211036998,7.018237400260789,4.123004668828302
2021-02-15,3.123116212667039e+20,0.24548653070393775,3.27511491803017,6.8169466092543285,3.5982854338640484
2021-02-16,2.0336960369530726e+20,-0.3488247319441364,3.4636467469613357,6.791140580340251,3.4133329399124106
2021-02-17,2.165590164140651e+20,0.06485439553945581,4.161294532681077,7.135522311013471,3.4152761431487475
2021-02-18,2.6080281280202218e+20,0.20430364489355668,3.561085480157001,6.93284254625429,3.300431326037729
2021-02-19,2.656336827749134e+20,0.018523074659315034,3.4733077141912148,6.861566304143569,3.30049199431468
2021-02-22,3.255205673221063e+20,0.22544913702807226,2.940921243245669,6.653750880782527,3.385403734874254
2021-02-23,2.9027227765938235e+20,-0.10828283433115726,3.1359245938888125,6.630215127742747,3.1390053040906563
2021-02-24,3.721102717719447e+20,0.28193527391752676,2.80580202475318,6.60224168495892,3.194261866540513
2021-02-25,5.473548584053523e+20,0.4709479956006423,3.3671250242845367,6.629226229611988,3.5677418560541474
2021-02-26,5.0079033144428344e+20,-0.08507191677576154,4.902648563000886,6.805515509872441,3.516031846226819
2021-03-01,4.511436884777742e+20,-0.09913658441313741,4.207453195248131,6.721663769069919,3.4839248884336405
2021-03-02,5.9016486073224344e+20,0.30815275887721577,3.655309745280058,6.669194149657197,3.5485613638264684
2021-03-03,7.935574861247024e+20,0.3446369632039778,4.046292977816644,6.709676059340401,3.677661378299572
2021-03-04,6.99144629898676e+20,-0.11897418634040832,4.498419602018211,6.774820221171754,3.6622376164337465
2021-03-05,6.353243775918052e+20,-0.09128333334423229,3.93483345738477,6.747759734455924,3.57897801536881
2021-03-08,5.983616742306968e+20,-0.058179261909035246,3.4157067618901142,6.6800523669755805,3.4169844417106185
2021-03-09,4.4093869061363774e+20,-0.26309001795520254,2.9298171976235685,6.567929717858186,3.598685691844923
2021-03-10,3.6032251037880556e+20,-0.1828285472582179,3.3329064531074053,6.79636618283848,3.652394601050525
2021-03-11,2.8985832342060473e+20,-0.1955586590583035,3.2159260497483504,6.868584870383416,3.5870438873577943
2021-03-12,2.4716146359047435e+20,-0.14730251429824975,3.1844182316005294,6.953016957140842,3.6427198951218847
2021-03-15,2.4558817544382883e+20,-0.006365426566871019,2.967820274723046,6.9507499919023275,3.547418089958286
2021-03-16,2.556923875983965e+20,0.04114290981765408,2.509928697050709,6.728636587509112,3.283488503263815
2021-03-17,3.214475371514302e+20,0.2571650652983542,2.150669078616388,6.552805040356262,3.379955943856608
2021-03-18,2.661147759802786e+20,-0.17213621128192044,2.838501657032641,6.565500197106122,3.401035159443383
2021-03-19,3.106328652213619e+20,0.1672890544205725,2.8086263741284703,6.646429643720388,3.440373648961136
2021-03-22,2.995507562546167e+20,-0.03567590621439199,2.7657915337624863,6.577853475722641,3.3660952479157125
2021-03-23,2.97234225494745e+20,-0.007733349729562022,2.358003982562505,6.441740188174605,3.335892687435098
2021-03-24,3.271522491824558e+20,0.10065470636132967,1.9948436168914023,6.276783889648114,3.2069592083437204
2021-03-25,2.744872113686006e+20,-0.16098021011765506,1.8901773787816685,6.1954458425595815,2.758945491952777
2021-03-26,2.8949833585537073e+20,0.05468788295062718,2.101370946057463,6.298643099727841,2.7600053141580636
2021-03-29,2.960558436692916e+20,0.02265127982358054,1.836250337572166,6.179121840017431,2.7435625576760723
2021-03-30,3.147540389244415e+20,0.0631576631739675,1.5644703429513909,6.0470397487156955,2.4968157680467646
2021-03-31,3.258971540867828e+20,0.0354026121488987,1.4270644443821303,5.960000053823238,2.110104039978881
2021-04-01,4.184826814715336e+20,0.2840943108085449,1.243453086193529,5.860042003796384,2.3665692899054567
2021-04-02,3.8235123384221034e+20,-0.08633917060145054,2.6273204160907033,5.967697228455949,2.364512654645713
2021-04-05,3.559563275600611e+20,-0.06903314007100056,2.3388765562935374,5.97507260057326,2.3674841313101256
2021-04-06,3.284049187682598e+20,-0.07740109293928064,2.0623246216959656,5.954256617161845,2.194909436857538
2021-04-07,3.06661977108924e+20,-0.06620772228651907,1.8630860106314777,5.948807297026761,2.1074186421434478
2021-04-08,2.8437756107959278e+20,-0.07266768524555617,1.6722847042592526,5.92618287480156,1.9984402953700362
2021-04-09,3.214681260644616e+20,0.1304271857598772,1.5423226419586975,5.916071267483118,1.9582199724821128
2021-04-12,3.716334504796044e+20,0.15605069475871916,1.7095879818922448,5.895177335712728,2.0131942743463775
2021-04-13,3.477816840576639e+20,-0.06418089219675727,1.9592821520951251,5.896692743135632,2.038784044826864
2021-04-14,3.1661370188189657e+20,-0.0896193894172977,1.7436766498057412,5.876113859121755,1.8754969586244754
2021-04-15,3.3227927891781386e+20,0.049478518910596105,1.658522367118817,5.897992919752131,1.7582207451193834
2021-04-16,3.1398545065619004e+20,-0.05505557951493172,1.4637417767237944,5.815221645827174,1.68109862837874
2021-04-19,3.329850586334792e+20,0.06051110947205487,1.3227487196560772,5.7883480187420515,1.6844551131184744
2021-04-20,3.392069239079813e+20,0.01868511848560328,1.2304861086807843,5.725065040126583,1.6832940995388432
2021-04-21,2.9467745311989767e+20,-0.1312752413042236,1.0525063450278858,5.6352035730084316,1.7216497530702695
2021-04-22,3.356538141949821e+20,0.13905495870568715,1.4247961614696656,5.7480940783070125,1.6781479166989262
2021-04-23,3.919824783231628e+20,0.16781773883093515,1.6853509998363503,5.7507911208651326,1.7595955755614736
2021-04-26,3.679745051968386e+20,-0.061247567057146214,2.0133799516550415,5.776106501062214,1.783451202445565
2021-04-27,3.543082925910355e+20,-0.037139020265799835,1.779779446960167,5.762902889178403,1.7842460521944818
2021-04-28,3.635717131350576e+20,0.02614508533311259,1.5374688402634455,5.712938437951418,1.7829079463979685
2021-04-29,3.7409949138620934e+20,0.028956538341147052,1.3187963213856457,5.630084476247844,1.4667671501312742
2021-04-30,3.942977816339644e+20,0.053991760782435505,1.1418645493977462,5.557419751631132,1.4437069889192737
2021-05-03,4.5673014252136e+20,0.15833809824817366,1.068542618550013,5.511361134781362,1.5122711903708328
2021-05-04,4.49758075085944e+20,-0.01526517912071,1.6178159395799854,5.552493524339432,1.4766365968468695
2021-05-05,4.203767451678688e+20,-0.06532696475201843,1.3740793558802205,5.488466005415616,1.4759590307482355
2021-05-06,3.7432309708465485e+20,-0.10955327242191625,1.2870834945557936,5.509692626127386,1.5120033286238193
2021-05-07,3.521505214441062e+20,-0.059233789774757725,1.4306022917412968,5.599793630898645,1.4744388661706782
2021-05-10,3.512643724856163e+20,-0.002516392577968967,1.3097311900157584,5.600637044460898,1.367621561343749
2021-05-11,3.979077611599827e+20,0.13278713222268623,1.107722642313342,5.512070554994496,1.4214802500136527
2021-05-12,3.816221346641096e+20,-0.040928144875578894,1.4642367832267085,5.532740764251485,1.3860716543292317
2021-05-13,3.8811262016353776e+20,0.017007623274108038,1.2858077502811278,5.511015395841252,1.3794864795479167
2021-05-14,3.876877676045874e+20,-0.0010946630871507884,1.0968055277399091,5.44030795279557,1.3582005195776146
2021-05-17,4.188104688768521e+20,0.08027774893327957,0.9275631072331553,5.3646191984687075,1.3689509312582442
2021-05-18,4.903755525147611e+20,0.17087701706652458,1.038394236075019,5.357481891138949,1.4767716034286003
2021-05-19,4.6958797720045545e+20,-0.04239113309728039,1.6936424172781395,5.42331687212645,1.3847872046759557
2021-05-20,4.520592698686692e+20,-0.03732784522356652,1.4764592091972812,5.414260991178621,1.3362193427943143
2021-05-21,4.8649717108272844e+20,0.07618005759303235,1.2879279936926804,5.398035548619207,1.2359688999814082
2021-05-24,5.104385830899497e+20,0.04921182163081877,1.2660773273198138,5.3845349493727985,1.2091183210520664
2021-05-25,5.7588450262613426e+20,0.12821507171343996,1.148984265934148,5.350980780346814,1.248831420946984
2021-05-26,6.010930401121787e+20,0.043773599343425784,1.4576834770094274,5.383254562814291,1.2501602023112124
2021-05-27,5.856625162030441e+20,-0.02567077453808979,1.2872158689936286,5.345531458159775,1.2647323263956676
2021-05-28,6.092361003311703e+20,0.040251140334126405,1.110013175801752,5.31727338351256,1.2615730360488249
2021-05-31,6.533020385206503e+20,0.07232982117364103,0.9987469338292597,5.282869258918045,1.1748587112914544
2021-06-01,7.135075711051706e+20,0.09215573966499614,1.0436310465459409,5.276991733073355,1.1931248951058417
2021-06-02,7.552203925899913e+20,0.05846163821388843,1.1785303156785227,5.287397872527046,1.147562017748661
2021-06-03,8.457382009570237e+20,0.11985614961561872,1.112972576371916,5.270121134633885,1.05724067827868
2021-06-04,9.65572874297206e+20,0.141692397487283,1.3847987862972972,5.303238154933284,1.038407800575484
2021-06-07,1.1440513669599299e+21,0.18484207397875546,1.6772772457524874,5.350747060086783,1.1141863432396335
2021-06-08,1.2593544129723648e+21,0.10078485052539893,2.1131801358443334,5.428450734724207,1.0932037617161054
2021-06-09,1.2269292508116453e+21,-0.025747447919913565,1.9804472344752115,5.431606673869971,1.0755378728253298
2021-06-10,1.253372320540471e+21,0.021552236782465595,1.6887161135700164,5.395462580887111,1.0731243286535528
2021-06-11,1.4628820390075278e+21,0.16715680969938232,1.4395517215723448,5.339122850000829,1.1067293883135216
2021-06-14,1.278750835087978e+21,-0.12586879803683354,1.8678083853134826,5.4036979258659805,1.3071376421300072
2021-06-15,1.3533408956036324e+21,0.05833041001339608,1.9058438370185757,5.530457978167202,1.2404575476865445
2021-06-16,1.2726576864740552e+21,-0.05961780168742331,1.6856075875763121,5.49038104459976,1.2597330641999647
2021-06-17,1.2781058553668446e+21,0.004280938189973049,1.5121980703891578,5.502334680374756,1.227969712503419
2021-06-18,1.50353272407287e+21,0.17637574208696738,1.2791982475168961,5.4224806203340785,1.2991342754924369
2021-06-21,1.5485212670203559e+21,0.02992189144085793,1.8451376204960726,5.486571711291562,1.303276934852627
2021-06-22,1.5592912751346825e+21,0.006955027576114746,1.5806364268996516,5.428295514181124,1.29030090315723
2021-06-23,1.263149438851634e+21,-0.18992079350759503,1.3378419541157491,5.3574563242178215,1.554656823430401
2021-06-24,1.4153649908287411e+21,0.1205047853367934,1.9673889695166975,5.59381845160672,1.5563476073522722
2021-06-25,1.5646476381582886e+21,0.10547289801349248,1.9520072592769775,5.596856801957934,1.5682613470596294
2021-06-28,2.1146762147484777e+21,0.35153510808198024,1.8770310390950347,5.587677236474017,1.8934161219609555
2021-06-29,1.9648117177868154e+21,-0.07086876748149706,3.375680711354462,5.7778465799781875,1.952135824636818
2021-06-30,2.059800488505761e+21,0.04834497364762349,2.9166979233147328,5.779728842969888,1.9524883141064273
2021-07-01,2.1673850616514808e+21,0.05223057948867891,2.499931291966659,5.7077480906475175,1.9389102057465655
2021-07-02,2.8477064414048273e+21,0.31389040728875484,2.159614739897848,5.64584006873033,2.128250032411504
2021-07-05,2.7820968032319145e+21,-0.023039466856192476,3.2266693380313054,5.799381101915625,2.0987796986046305
2021-07-06,2.960209259983624e+21,0.06402094152324211,2.735178908772701,5.723696344729188,2.0917496840594527
2021-07-07,3.3535532009755367e+21,0.13287707268170934,2.3754533540237506,5.66949927080402,2.0900630131161675
2021-07-08,3.4890693669066684e+21,0.04040972598607077,2.3026862693173746,5.675011477136664,2.086626107106492
2021-07-09,3.170271189651382e+21,-0.09137054719491748,1.9768890205579266,5.606999774404774,2.1124192880287116
2021-07-12,3.292593677368385e+21,0.03858423472297783,1.8422102846528525,5.6583959945383455,2.011962899300334
2021-07-13,3.9578290267117763e+21,0.2020399158012968,1.5916404902188743,5.5905560111887365,2.0782712387577185
2021-07-14,3.1326511778482477e+21,-0.20849254560879774,2.1779162792783877,5.659041052389476,2.2541623143211336
2021-07-15,3.22338557814574e+21,0.028964093078443356,2.552145707918656,5.89589724151292,2.2484646072581294
2021-07-16,2.7600560660614826e+21,-0.14374002143137593,2.171824250014147,5.7973017549908725,2.3082847634405064
2021-07-19,3.440441743827396e+21,0.2465115423313858,2.203692564515801,5.914092586776161,2.4205301461645976
2021-07-20,2.2408674626521876e+21,-0.34866867992385053,2.7994141952145406,5.9859335053555,2.8054009587308033
2021-07-21,1.8961085301033735e+21,-0.15385065752205318,3.786108261132232,6.423109334715642,2.7700056409309988
2021-07-22,2.089763181760836e+21,0.10213268311540406,3.4565620973351376,6.4903145272015355,2.7632669834527213
2021-07-23,2.9408227909017844e+21,0.4072517003691511,3.0480580853882793,6.3875671839723305,3.0581829767016777
2021-07-26,2.879913594587308e+21,-0.02071161734155319,4.307530095089664,6.539023594021468,2.848759118872922
2021-07-27,2.4028640407832767e+21,-0.1656471759085512,3.6462788875395313,6.383841693638446,2.9127797959900774
2021-07-28,3.727821101696379e+21,0.5514074198227206,3.3875656117457633,6.474274842642985,3.459770538993731
2021-07-29,1.641692679192372e+21,-0.5596106587718749,5.481156928494325,6.73412329055476,4.082981887299559
2021-07-30,-5.072206371760894e+18,-1.0030896199002703,6.631062665186871,7.446231939967207,5.317924627030885
2021-08-02,-6.530638670499408e+18,0.28753410091084236,10.18361443498024,8.8650428965463,5.447774118436511
2021-08-03,-4.4583706378070554e+18,-0.3173147585171609,8.94844796522631,8.62330001269837,5.52835847167497
2021-08-04,-1.6524788161036928e+18,-0.6293536472516112,8.029652512528997,8.685904965963907,5.849030881283552
2021-08-05,-2.423024188567084e+18,0.46629667197805685,8.63374505954502,9.253153141783034,6.1590774152454255
2021-08-06,-2.814042548904345e+18,0.16137616874906205,8.30092140593856,9.098802465254439,6.210158166423566
2021-08-09,-1.815628407084734e+18,-0.35479710220030125,7.1504535014854005,8.729831281484863,6.289758936294801
2021-08-10,-3.781330043575194e+17,-0.7917343643214587,6.752220428543302,8.83835321014957,6.690676463812003
2021-08-11,-6.093066633492009e+17,0.6113554128512676,8.810086071270195,9.661535357585818,7.166538193391157
2021-08-12,-8.968391096582586e+17,0.47190103703866665,9.07373084648007,9.564920534851533,7.424733432108183
2021-08-13,-8.326436707420305e+17,-0.07157966041499882,8.651735164894346,9.37260449347043,7.418243362095434
2021-08-16,-1.882206274490546e+18,1.2605183232980952,7.340158166290533,8.953714240080032,8.724106715166178
2021-08-17,-8.546068504510411e+16,-0.9545954732999519,12.354895416318662,9.484150844840627,9.287767610778076
2021-08-18,4.006412214086147e+16,-1.4688017901999801,13.212618051237152,10.49195757975622,10.592000296249354
2021-08-19,7942832614141958.0,-0.8017469948245528,16.725927054460865,12.255436522452092,10.845149265846816
2021-08-20,7522837837961514.0,-0.0528772034592114,15.689481124170051,12.560032956355375,10.655110079706974
2021-08-23,9530242521831908.0,0.26684141372032355,13.273004216979889,11.65736845881399,10.756620632578837
2021-08-24,7134423847366258.0,-0.25139115494461994,11.447914452346053,11.0100579669096,10.76208304143341
2021-08-25,9624382805358312.0,0.34900631238936664,9.910920470724387,10.636885124961363,10.60775897268431
2021-08-26,-1824036765493407.2,-1.1895224662591233,8.886398729438495,10.200140784946187,11.137736479523275
2021-08-27,-4640565012392827.0,1.544118134119704,12.57321151366745,11.506502164314087,12.311726471241363
2021-08-30,-4160211913701668.5,-0.10351177009876043,16.860293095928892,11.883734941496137,12.237772117165425
2021-08-31,-9695132610287900.0,1.3304420090613545,14.282323314001184,11.158052717461276,13.196956108081892
2021-09-01,-1.4011130282070484e+16,0.4451715974676513,16.52158716198333,11.41589146868009,13.079204492297013
2021-09-02,-2.197613118169211e+16,0.5684766852688639,14.469522027831983,10.939006376048646,13.127969963222585
2021-09-03,-3.708561305177798e+16,0.6875405750523225,13.14846618644236,10.626740778369522,13.319469617344668
2021-09-06,-5.679780435783397e+16,0.5315320331508157,12.551569190974813,10.452426360898773,13.311937793945255
2021-09-07,-9.877344553574202e+16,0.7390363351628128,11.528877687830452,10.182061481175507,13.028791876300934
2021-09-08,-2.489018085369401e+17,1.5199263545673607,11.586516384316512,10.112424194084934,13.790249252735606
2021-09-09,-3.130366902569694e+17,0.25767141708217384,16.183450580412426,10.68819615443238,13.76361994852864
2021-09-10,-5.889358533983026e+17,0.8813636603263655,13.856255943701402,10.174871432882146,13.901368552058242
2021-09-13,-5.229440437485908e+17,-0.11205262724101976,13.894160919714995,10.219098141036957,13.461486346346657
2021-09-14,-1.411749410769816e+18,1.6996184919710553,11.785821038601242,9.746431952130456,13.712356187463916
2021-09-15,-8.433174203393837e+16,-0.9402643688811934,17.51537511868219,10.531166167822716,12.89031581084792
2021-09-16,-2.954616444748321e+17,2.503563869888124,16.817129954687978,11.346428450782374,14.185005653515116
2021-09-17,-2.7418084682520054e+17,-0.07202558453046284,25.541736705866587,12.564830258154899,14.195667173428815
2021-09-20,3.9045094510888275e+17,-2.424063531898741,21.604119977794127,11.689680718950733,17.656036135066696
2021-09-21,4.9008301048432595e+17,0.25517178693896975,27.49039420017523,15.06498697544573,17.499705788415802
2021-09-22,-1.3827762481405462e+17,-1.2821514352790997,23.343471453209222,13.873836250267624,18.519990468726252
2021-09-23,-3.5728492320428704e+17,1.5838231144390642,22.530477637446623,14.694685911737983,18.089586743125675
2021-09-24,9.48780194674857e+16,-1.2655528215872593,23.303698769760587,14.573627378846501,18.639786422027345
2021-09-27,1.3109216034962038e+16,-0.8618308422905633,22.433427384461584,15.239726011087473,19.068623421261293
2021-09-28,-3.322720431001608e+16,-3.534644651625218,20.325193567728082,15.133989380376851,23.00335051829045
2021-09-29,3928650810136788.0,-1.1182359723521045,34.5357325215402,19.91602427121835,23.322460190322833
2021-09-30,-1.888717516223639e+16,-5.807547444405927,30.69936775455979,19.34649588532606,30.93195775264022
2021-10-01,4.387247257066961e+16,-3.322871059002492,55.64445877305628,27.74950746945989,32.40899647166591
2021-10-04,1.1697148642269664e+17,1.6661703699120087,54.83184179440781,29.03864303730441,33.14768808650932
2021-10-05,3.118477578272421e+17,1.666015174846342,48.463102786476526,26.202545451778192,33.758176337704114
2021-10-06,5.845003197150213e+17,0.8743130423237601,43.33998058663505,23.95631579566848,33.33736663510152
2021-10-07,-5.199670692985832e+17,-1.8895924463345,37.38555988993065,21.591042142700875,33.588097218653274
2021-10-08,-4.7238883694275814e+17,-0.09150239537285772,35.434739653716484,21.902548572864042,33.20393090746114
2021-10-11,-4.693445896204519e+17,-0.00644436761462914,29.97004144432917,19.442936228764218,33.22762159794636
2021-10-12,4.595033203862985e+17,-1.9790318894650265,25.33967499938941,17.318727778364632,32.378836197164155
2021-10-13,1.6382595271775542e+18,2.565283327659723,27.20907823032476,18.657019357150304,34.502214192655146
2021-10-14,4.1762466807771e+18,1.549197249578686,31.653054943138716,18.586520982399033,33.505593221029606
2021-10-15,2.5871694249145784e+18,-0.3805036860434768,29.809801459885417,17.742738640465205,33.44983704692335
2021-10-18,2.7006484488259195e+18,0.04386223137090763,25.409600388246094,16.463062469986593,32.895691825622556
2021-10-19,3.56546090319082e+18,0.3202240020321302,21.4869893760507,14.884517308353304,32.91805368520361
2021-10-20,-7.005824564037352e+18,-2.9649141455366026,18.368809628297885,13.770782424241586,33.93160884710651
2021-10-21,-4.224792191110308e+18,-0.39696003625365933,29.540196433691193,17.73797774962717,32.9171706333335
2021-10-22,1.530095840208758e+17,-1.036217067514666,25.201748863946307,16.483406810651434,32.87927286570418
2021-10-25,-7.122188278921867e+16,-1.4654733443331336,23.046846412843568,16.430460528363387,32.97975903348151
2021-10-26,-4.237282476254675e+16,-0.4050589074154466,23.10768495035595,17.081086919975014,31.323852441029846
2021-10-27,-1.4631461014584586e+17,2.453029411321499,19.83681542659396,15.954738411228199,33.07020943186279
2021-10-28,-2.8344161291218115e+17,0.9372064937988598,26.71166171136265,16.3036214784176,26.547887235069084
2021-10-29,-5.6033543463817544e+16,-0.8023101022884087,23.940705110285887,15.407900491457761,23.851600936708238
2021-11-01,-9.91771341897212e+16,0.7699600642562021,21.353387353922777,15.17922666206795,23.241993537020214
2021-11-02,-2.7780350700520115e+17,1.8010842345351106,19.197353446490677,14.35031882171758,23.37588659805465
2021-11-03,-6.160432819256982e+17,1.2175504138403992,22.281350156731047,14.461163565505673,23.578045838214607
2021-11-04,-6.634447467068937e+17,0.07694502346170023,21.47979606984078,14.0940654932534,22.482368155221405
2021-11-05,-1.4147153181806315e+17,-0.7867621493420845,18.17283733001856,12.930694935594289,22.699542996260607
2021-11-08,-2.569354083101129e+17,0.8161633298813781,16.74955329410444,13.099846260763151,22.847464809871227
2021-11-09,-3.7085000761722694e+17,0.4433588973055155,15.760727799330095,12.647016152556724,21.477426085173295
2021-11-10,-7.261508433350687e+17,0.9580715340973264,13.845309810260545,11.982292394547887,19.864491112357374
2021-11-11,-1.2083368203455058e+18,0.6640300447712092,14.246605856257062,11.81531794818451,19.281887655532522
2021-11-12,-2.481546506551771e+18,1.0536877340559814,13.295309690392493,11.44588437548823,19.466052018328767
2021-11-15,-1.1630659509210056e+18,-0.5313140624806819,14.356575866805187,11.437139537437451,19.627711768634605
2021-11-16,-2.6166360386928625e+18,1.2497744316397597,12.946776493648377,11.436832556073606,20.004519480222413
2021-11-17,-3.1143442273174717e+18,0.19020917745719,15.232070318566825,11.586080992674969,16.140342377654484
2021-11-18,-8.991624809009751e+18,1.8871647296209944,12.97919621253586,10.891992570663222,16.744037816747564
2021-11-19,-2.731301960276778e+18,-0.6962393317901822,19.396730598548267,11.654414149583802,16.37664465599669
2021-11-22,-7.346343335114655e+18,1.6896855206629036,17.429153119190584,11.884586506585903,15.160308393970128
2021-11-23,-8.851919738026492e+18,0.20494228682661203,20.548240287970092,12.320291565501067,14.746612060155929
2021-11-24,-3.211731112385809e+18,-0.6371712343268654,17.46011278479555,11.527416344854931,13.871939521178371
2021-11-25,-1.7506291464113595e+18,-0.4549266158489468,15.719178869698727,11.682272856176885,14.199966916399074
2021-11-26,-1.2480701310473242e+18,-0.2870733738177719,13.83849556292753,11.52388473465419,13.703663455905568
2021-11-29,-1.697905058265404e+18,0.3604243992608,11.950713568340996,11.12940248723233,13.66636427901105
2021-11-30,-2.415239405700345e+18,0.42248201331573654,10.555951866477843,10.630264859530309,12.716516294658707
2021-12-01,-1.3464457523750879e+18,-0.4425207914390333,9.616506470294302,10.250547769279091,12.652349494700871
2021-12-02,-1.322336294430376e+18,-0.017906000224802054,8.95404061739933,10.286710162689737,12.679877170817633
2021-12-03,-3.296122656437761e+18,1.4926508259063063,7.57216502460841,9.663201302002614,12.659964795415553
2021-12-06,-7.744604204152094e+18,1.349610439716454,14.178216803957937,10.284531346378857,13.018852337186598
2021-12-07,-1.0549762093603084e+19,0.36220803742908775,16.569088927081705,10.692314558783028,13.022170006164385
2021-12-08,-1.0867197539065278e+19,0.030089346342195743,14.341530507376648,10.257695950023939,12.949767831385323
2021-12-09,-1.1839848941819122e+19,0.08950342526280285,12.128429478208066,9.633931723618879,12.951745088107161
2021-12-10,-1.6949450682059864e+19,0.4315597069987348,10.282595755181978,9.139624722960956,12.699283585668319
2021-12-13,-5.255891202432007e+18,-0.6899078736519112,9.43196321294756,8.973407623341835,12.854251568064766
2021-12-14,-4.3558202108741714e+18,-0.1712499282978603,9.888595152950566,9.60179777055181,12.48524245449854
2021-12-15,2.2173770561931142e+17,-1.0509060739159413,8.485843495200713,9.304368094194588,13.3208573786668
2021-12-16,2.8057207535885117e+17,0.26533317630944114,11.43697423073035,10.512039128626897,11.73580774161091
2021-12-17,3.9522745238785536e+17,0.4086485687585272,9.927982000542762,10.02950234998169,11.375723865421715
2021-12-20,2.794047939876693e+17,-0.29305317153557386,9.080518836218646,9.724084372379039,9.944662227960968
2021-12-21,5.3375302443671706e+17,0.9103216405809865,8.069314033216372,9.59896411343149,10.378631405825214
2021-12-22,1.3910473367411624e+17,-0.7393837087463496,10.299060773499814,9.74908276005218,10.481265396079518
2021-12-23,1.5604255019477726e+16,-0.8878236950869396,10.72819188524423,10.345699649854415,10.889290224817438
2021-12-24,1.779352060550788e+16,0.1402992698656518,11.785335443772349,11.101171749781068,10.805041970887165
2021-12-27,2.8800463098118784e+16,0.6185927302775464,10.035186880171338,10.440527080610618,10.926222045163417
2021-12-28,5.712909926201458e+16,0.9836173837686027,9.973783431465058,10.23941213543338,11.312812618148852
2021-12-29,4.095191318110128e+16,-0.2831689329936554,11.857750468412537,10.356026340264998,11.217822250983877
2021-12-30,6.692086006070916e+16,0.6341326903279374,10.308954532580543,10.126407103337066,11.328566719656454
2021-12-31,6.542429640691759e+16,-0.022363186193870174,10.23992910587133,9.982329067379526,10.222841162113049
2022-01-03,5.921939145861519e+16,-0.09484098857876802,8.659931990418883,9.407287127503862,9.11484809748776
2022-01-04,8.640594172682467e+16,0.45908189190374377,7.365963558483563,9.019123305623761,9.167716845438614
2022-01-05,1.1498622585121827e+17,0.33076757863193196,7.343384068530901,8.89045206777969,9.226681530635247
2022-01-06,2.6664668943165056e+16,-0.7681055383305935,6.812355717308624,8.678834395053675,9.671852848017373
2022-01-07,4.6686536000586216e+16,0.7508762662719408,8.692144238574679,9.484776706154316,9.920081607102961
2022-01-10,8.049147204990122e+16,0.7240831928265257,9.721547962436214,9.523158942210793,9.837871554157585
2022-01-11,5.352887850437412e+16,-0.33497453654234893,10.25769686074486,9.53487100187704,9.91367853450303
2022-01-12,6.442534920225529e+16,0.20356246949935178,9.125705285500636,9.502034941276682,8.956872027217136
2022-01-13,7.997547127751184e+16,0.24136651594140202,7.906309378730903,9.111767185808073,8.95319213051242
2022-01-14,8.969237585556235e+16,0.12149855978132622,6.990777823322873,8.802219671508928,8.900643559083845
2022-01-17,6.794425283350295e+16,-0.24247460070722016,5.999739096246907,8.441303192544181,8.870160973026248
2022-01-18,4.871822073188339e+16,-0.2829677463483608,5.473236706643028,8.408659852819076,8.494175586155077
2022-01-19,4.821721026183215e+16,-0.01028384170285107,5.2121394276596735,8.444531808012172,7.940307928208784
2022-01-20,6.985668843172429e+16,0.4487915840087818,4.4077509572818565,8.052221032593637,7.073698331932744
2022-01-21,8.439220481408198e+16,0.20807623018895668,5.325039700878417,8.040471073318855,7.072633154339669
2022-01-24,7.29599233143921e+16,-0.13546608392179657,4.835384998666526,7.841626964046898,6.9641172200140815
2022-01-25,9.251176257506818e+16,0.26798053468923083,4.246492126152401,7.7159637989345455,6.249945332859154
2022-01-26,3933093851971979.5,-0.9574854727388802,4.248470160466454,7.603220163996236,7.199837779281288
2022-01-27,5817712487410028.0,0.47916950532292435,8.874313564532688,8.911775141636294,7.060477487333666
2022-01-28,1606522639919558.5,-0.7238566458214984,8.531731258646277,8.81308784077763,7.599780196279793
2022-01-31,1348843647227190.5,-0.1603954941495692,9.469491256738033,9.522906780733049,7.618088181324435
2022-02-01,714398243252878.9,-0.47036245103614277,8.12103579766596,9.219482595919391,7.639686663498807
2022-02-02,327730054037658.56,-0.5412501960455544,7.939640483576744,9.44777845683017,7.741844071231991
2022-02-03,488729746662421.2,0.4912570288908037,8.130564729259257,9.759462126977427,7.498988133246663
2022-02-04,392156875642031.7,-0.1975997403061594,8.036902657363983,9.555422711264784,6.98392349505648
2022-02-07,446900664581178.94,0.13959665720388495,6.998529645372364,9.304933035879397,6.416993361290529
2022-02-08,438928501011104.1,-0.017838782087169266,6.034384879409039,8.892303216934678,6.343456851988333
2022-02-09,514409189180682.4,0.17196579396348805,5.104330673341093,8.45478830630005,6.327218232719449
2022-02-10,528020086354328.1,0.026459280782531,4.555183900478271,8.17659181235885,6.237475085809135
2022-02-11,308547306334628.4,-0.4156523315903223,3.8579624514736284,7.8218337666500135,6.310590161113668
2022-02-14,409252971882933.8,0.32638646807399857,4.801016502059264,8.149037464434551,6.4569681169757
2022-02-15,344121554177073.25,-0.15914708549628143,4.912178790008853,8.028802624482504,6.417046094043732
2022-02-16,179411778923171.1,-0.478638356867202,4.366799043027635,7.917188982325273,6.580751070471256
2022-02-17,154833607994631.94,-0.1369930730081227,5.485200133425766,8.336644202690255,6.271922295966447
2022-02-18,225610121755200.75,0.4571133791768424,4.780880004567235,8.152063386667367,6.499796618094103
2022-02-21,286058946776384.5,0.26793489827009626,5.598972493932753,8.134330014968135,6.628489015452595
2022-02-22,255491628538910.9,-0.10685671111474941,5.250406116967527,7.970342116463623,6.498586532590985
2022-02-23,229551509452858.22,-0.10153021151572517,4.530677235678313,7.784456650738398,5.656913268917998
2022-02-24,209194755284862.12,-0.08868055024563738,3.926173835853863,7.612871787636723,5.289571652636886
2022-02-25,322842960714101.56,0.5432650798270909,3.403636978613247,7.4418705634076145,5.173702770868269
2022-02-28,358710293315113.56,0.11109838827421371,5.429630723142436,7.581207478692507,5.167513365918198
2022-03-01,401317002693280.25,0.1187774930694231,4.68634030300336,7.362705459482689,4.885286544449765
2022-03-02,509904874767907.94,0.2705787976733684,4.088205013274392,7.175662206618813,4.480337268882823
2022-03-03,541510185996961.7,0.061982759516546075,4.148120363929985,7.128824035221405,4.182916682646229
2022-03-04,507159681327027.75,-0.06343464178183846,3.5463941898228133,6.924687524157839,4.108452794686762
2022-03-07,484096487807912.7,-0.045475211000149306,3.046336156883533,6.793761327143229,4.1052442810623955
2022-03-08,476535279873584.94,-0.01561921667427595,2.604407056856897,6.649405144180928,4.1048581061141505
2022-03-09,472903505050498.0,-0.007621208704737193,2.2060676209819103,6.474499037231232,4.076042601896906
2022-03-10,540109874472282.7,0.14211433982627827,1.8664281595071726,6.305910116582945,4.096013877901183
2022-03-11,545441333329283.44,0.009871063479833415,1.9852608459527064,6.2540761128252855,3.7394593870756463
2022-03-14,616552394662498.4,0.13037343704622611,1.6807112689143033,6.104368653515805,3.6135744495827296
2022-03-15,608053068222100.9,-0.013785246013114708,1.8001492041987468,6.064265230872983,3.540512459867072
2022-03-16,615852610060338.8,0.012827074224036276,1.5266031848704975,5.947708746761372,2.9413205272939855
2022-03-17,427652933541729.6,-0.3055920742142671,1.295431467906115,5.831384906293092,3.1571983071746494
2022-03-18,493612797888587.7,0.15423690374480206,2.8120646374302654,6.212486578896544,2.8292232697109787
2022-03-21,521802967760342.94,0.05710988449314486,2.7132978398200684,6.180006062672104,2.714144312630471
2022-03-22,603144250800678.6,0.1558850525313507,2.344658450797315,6.07465835475105,2.6815466808601305
2022-03-23,334641582135477.6,-0.44517156270454655,2.3823656176980967,6.057765874387121,3.1808018302593997
2022-03-24,468905260720795.44,0.40121636327598414,4.27695236289464,6.653008269838011,3.3882853472060717
2022-03-25,454948684609910.1,-0.029764170462560906,4.963802135836914,6.770041158883188,2.885697565219971
2022-03-28,556764378320300.0,0.22379599536086237,4.204496313135747,6.603916684678628,2.9520892531399
2022-03-29,440613806405257.94,-0.20861710346027562,4.029273947250454,6.584544124354631,3.063753360180663
2022-03-30,494194683732318.25,0.1216050803405351,3.8382594799865477,6.722225120640706,2.9483516829484127
2022-03-31,395203152980629.3,-0.20030877306099865,3.405007539488148,6.609588121641078,3.040597204852872
2022-04-01,348840525530460.0,-0.11731340476537569,3.342233451715927,6.731013609788326,3.0623082864526663
2022-04-04,469472235934939.1,0.3458076157322662,2.995709859171649,6.706198106001955,3.290070124300159
2022-04-05,451921757937069.8,-0.037383420476225004,3.873641768150875,6.772670869813207,3.2941482366052934
2022-04-06,470200810884349.6,0.04044738414614068,3.2904930999763398,6.61806724709436,3.2933250341984026
2022-04-07,542044854262496.0,0.15279438426110478,2.8032007714269813,6.45365892488664,3.2987108261000713
2022-04-08,588067394045576.9,0.08490540851217732,2.700850183571023,6.394540444801241,3.3056757562537724
2022-04-11,602552124313735.2,0.02463107190574115,2.3943220408207107,6.2885158760140625,3.282688838619848
2022-04-12,636496653485264.2,0.05633459380827726,2.035206428172062,6.146686398721006,3.2823078683674685
2022-04-13,860329008257287.2,0.3516630504597069,1.7858588291372235,6.0441555038844275,3.4808589779817263
2022-04-14,851965647548883.4,-0.00972111904647393,3.341100125287012,6.18744591725507,3.2398659841829565
2022-04-15,879532374901233.4,0.03235661840551889,2.8261503469600333,6.052018238214451,3.2197277613913022
2022-04-18,1019780850040291.0,0.159458001935184,2.4052539700669584,5.940428185431264,3.2431310936448274
2022-04-19,1189019535866093.5,0.1659559363358471,2.441792380456328,5.940074830333479,3.247474863173445
2022-04-20,1399590413570768.5,0.17709623042593078,2.4981666222013033,5.94491682976526,2.6755348872378444
2022-04-21,1533198316703673.2,0.09546214509431498,2.5912200761410924,5.958122891753753,2.4053897598110083
2022-04-22,1281947070454736.5,-0.1638739382320212,2.3355513857134267,5.905413191121976,2.524404090208471
2022-04-25,1581592740468314.0,0.23374262239024127,2.4142662410126867,6.043772759520298,2.5329479269854938
2022-04-26,1309272242329320.0,-0.1721811760835215,2.8445385883581893,6.092025528062832,2.4835166750686852
2022-04-27,1368774603410821.2,0.04544689725922932,2.813186787090819,6.2243315124983765,2.476039640473998
2022-04-28,1222273497183473.2,-0.10703084778332736,2.4095933435319954,6.105324791275277,2.363944531966033
2022-04-29,1211603555590729.8,-0.008729585986549267,2.2301933453205813,6.131471373073975,2.2810593497799982
2022-05-02,1263326196487524.5,0.04268940996263131,1.887158333272257,6.000226635117144,2.042125314243468
2022-05-03,1313308008646607.8,0.03956366320753085,1.6361894251200768,5.901919813294292,2.012405171497944
2022-05-04,1377940017864184.0,0.04921313872454099,1.4235614518012711,5.811004200041658,2.0113974010583475
2022-05-05,1624288843992518.5,0.17878051506928194,1.2739600370455728,5.736632198311746,2.028910327042992
2022-05-06,1709915955115066.2,0.052716677479650406,1.8591175776245905,5.772099725806073,2.027683703845169
2022-05-09,1663920025440103.2,-0.026899526574607355,1.634238391732658,5.704294514758017,2.0484832821690957
2022-05-10,1831734931523376.0,0.1008551514000115,1.4005386468925567,5.643953611872135,2.0536307053220804
2022-05-11,2055541762918246.0,0.1221829793946984,1.460529785684519,5.6265628112818975,1.7653975749102897
2022-05-12,1796248865083419.5,-0.126143337251737,1.6116838779797278,5.627763179871635,1.8635821408695927
2022-05-13,1907312462899687.2,0.06183085204683465,1.7320891806064125,5.733086996885805,1.8639646781014538
2022-05-16,2039958336951241.0,0.06954595884614119,1.5555102169362969,5.676252376724545,1.8181418520134567
2022-05-17,1982144988208765.2,-0.028340455633460937,1.4413259536060137,5.631015975703408,1.7719817496808947
2022-05-18,2228992879202135.0,0.12453573904118999,1.2422096490551469,5.580025631129982,1.7239912474854684
2022-05-19,2198290990856805.5,-0.01377388354704798,1.4890945855676592,5.587598175998946,1.7118412837200403
2022-05-20,2222536498115700.8,0.011029252887692274,1.2645512509312304,5.517892129056841,1.5638293184706433
2022-05-23,2191049280830009.8,-0.014167244188064476,1.0734005858309217,5.441854629604902,1.3770377607420892
2022-05-24,2193879201830693.0,0.0012915825424113082,0.9156381548161482,5.386523804526856,1.1793235392013977
2022-05-25,2017582484126294.0,-0.08035844341716152,0.7744510185669342,5.315120623600908,1.2387238044826248
2022-05-26,1806026529954119.2,-0.1048561611912427,0.9449339181856388,5.376775383956046,1.2357295685550251
2022-05-27,2021816155817714.2,0.1194830874766148,1.195137054973684,5.472069278443514,1.2758432854973594
2022-05-30,1887883105681449.5,-0.0662439311066323,1.4306729008804009,5.485962280735329,1.3181874298224467
2022-05-31,1745367949882526.0,-0.07548939622905372,1.333687032263992,5.508889269419334,1.3621377116285731
2022-06-01,1463526718357490.5,-0.16147955022550134,1.296605165733853,5.544377169646117,1.4963155912395822
2022-06-02,1384855489635992.8,-0.053754555851081444,1.7535944565940746,5.715450326590784,1.3645764503847189
2022-06-03,1236670824770747.8,-0.10700370253375327,1.5511761737139154,5.696355528292839,1.3933784251800465
2022-06-06,1403578670850757.2,0.1349654594713597,1.5946168940438636,5.764032045506241,1.4863774957430016
2022-06-07,1526126867974580.2,0.0873112420905787,1.7681831712802607,5.761907549503247,1.4743989434592824
2022-06-08,1436822463789352.8,-0.05851702506473078,1.668198790022031,5.722305217903559,1.4056252374515095
2022-06-09,1702410463725796.0,0.1848439919543047,1.4952138612310413,5.710077714770371,1.5064241309083326
2022-06-10,1858623627976168.2,0.09175998831004203,2.0131264424235105,5.753022089875234,1.5259303880964719
2022-06-13,1803325764939488.5,-0.029752049960159396,1.8714225775917321,5.717800816328548,1.5091457785019204
2022-06-14,1411092777070220.2,-0.21750534234862998,1.6023478421735957,5.660627974168701,1.6914301481984522
2022-06-15,1742985056829095.5,0.2352023092684002,2.287753856778286,5.91224607826142,1.8477695181724456
2022-06-16,1458624832358330.5,-0.16314553206100582,2.777646197801157,5.9751970014333065,1.9304858955016087
2022-06-17,1170615617845200.5,-0.19745256499402355,2.7253516075343676,6.105123222880038,2.034644173742131
2022-06-20,1321883840757145.8,0.12922108726892836,2.8478770964809135,6.277154037151412,2.106005483688009
2022-06-21,1723894516311028.0,0.30411951728195685,2.645290213679219,6.218197701686117,2.3946297118992295
2022-06-22,2071633102796756.8,0.20171685865667507,3.412608007676489,6.304592716923916,2.479159676388564
2022-06-23,2245611730331940.8,0.08398138999628299,3.353837723438829,6.299994034005824,2.4508835350954934
2022-06-24,2435923598706494.5,0.0847483408658639,2.9236778486177286,6.203183485184014,2.435634777733117
2022-06-27,2719720249345968.5,0.11650474209871499,2.5742585313630246,6.11704240609007,2.4358192338642795
2022-06-28,2994148707440851.5,0.10090319331956178,2.3900927479922687,6.064710540144466,2.4153553660317586
2022-06-29,3102606727343478.0,0.03622332439036641,2.1943869219276597,6.0054707484950445,2.2975085955197043
2022-06-30,3142198135681108.5,0.012760691836547898,1.8806607835096678,5.901590384418075,2.2703237383999157
2022-07-01,3119857710760492.0,-0.007109807833863368,1.5938672997742365,5.789798646173557,2.2045361082152928
2022-07-04,2865152838415379.5,-0.08163990026424182,1.349074834323415,5.690147946416806,2.236185702242916
2022-07-05,2781075583859419.5,-0.029344771220812214,1.3342083971360057,5.7178370907411,2.245719947535254
2022-07-06,2313979755737120.0,-0.16795510011780776,1.1552965554098285,5.6600206826441,2.340896845767643
2022-07-07,2290268667724132.5,-0.010246886540039747,1.7264524852039194,5.830113227145368,2.276142900563528
2022-07-08,2066040266184363.5,-0.09790484614304551,1.4624008672833804,5.731405233508381,2.301400186057753
2022-07-11,1843830569893537.0,-0.10755341990561061,1.4891728442708019,5.781008523811411,2.3378222571798535
2022-07-12,1876125780602141.2,0.017515281087062583,1.5545140747219193,5.84112239690556,2.1760269347009795
2022-07-13,2115420306954115.8,0.1275471659875454,1.322813850678559,5.739007999153106,2.067659374222927
2022-07-14,2297445814868436.5,0.08604697010610146,1.5555478628127934,5.733469570744172,1.9653462334961478
2022-07-15,1967104396786040.0,-0.14378638048589348,1.5039673307344246,5.695659836074789,1.890749229937348
2022-07-18,1781302451447005.0,-0.09445454224117839,1.7613317867396376,5.822794499574213,1.9060827205003494
2022-07-19,1938979500353745.8,0.08851784197492948,1.6908169470170422,5.857751902387733,1.6134152662970533
2022-07-20,1763588108526008.8,-0.09045551631450388,1.6145651068402,5.809624594998727,1.4829806227825604
2022-07-21,1727824821940213.5,-0.020278707036466632,1.565743814305705,5.839518579844631,1.4468812748607827
2022-07-22,1809411199740707.2,0.04721912590008896,1.3350606527953768,5.755559989104973,1.4205231738330824
2022-07-25,1665976460827534.8,-0.07927149944342501,1.1977624300961591,5.685061767040722,1.356213108605051
2022-07-26,1680242522343869.5,0.008563183125197518,1.21542232767384,5.709474170615881,1.2841261813399656
2022-07-27,1510044651025393.2,-0.10129363413625385,1.030349507902109,5.6132191835184075,1.289536037825994
2022-07-28,1440046159370716.2,-0.046355246255231304,1.2231980990751876,5.679924961501241,1.2792579264507684
2022-07-29,1474250130125573.2,0.02375199609560018,1.1064595113885178,5.652600555596712,1.292836318292461
2022-08-01,1309596081488707.0,-0.1116866434482468,0.9570866332945845,5.573698418355102,1.3119127548661227
2022-08-02,1352016490762991.5,0.032391979385019594,1.2454382230800747,5.6610017725389685,1.3336105352916237
2022-08-03,1350271110340597.5,-0.0012909461048135357,1.0883571501957707,5.588056882096457,1.2358730282744048
2022-08-04,1399516909578631.8,0.03647104560032561,0.9204399697006891,5.498773049647573,1.2535923841543066
2022-08-05,1419368834941407.0,0.014184841374122485,0.8375547477206312,5.44449276726903,1.2255920592179208
2022-08-08,1534817469468071.5,0.08133800861664715,0.7185019875012169,5.377810544144784,1.2212525396322185
2022-08-09,1546610525745723.0,0.007683686504909785,0.9190020443960413,5.370284464116371,1.219210214913088
2022-08-10,1508659490705535.5,-0.024538197825783366,0.7799403951282642,5.305389645672659,1.111795403765843
2022-08-11,1518843019772852.2,0.006750051373457446,0.6916810730665796,5.279042384389612,1.050767242724131
2022-08-12,1561457280687473.2,0.0280570541918111,0.587874359757541,5.221774039944138,0.9509474797164388
2022-08-15,1565337985299340.5,0.0024853094989308287,0.5512830717970683,5.186463938829572,0.8971367561507141
2022-08-16,1568414994161800.8,0.0019657153224144942,0.4669218737460356,5.1342074129613975,0.8275224953759581
2022-08-17,1520273555638113.8,-0.030694324335642217,0.3955312977988828,5.086207666857611,0.7752468800978928
2022-08-18,1477793083083067.2,-0.02794265045096836,0.4240569397672551,5.08943607374602,0.7775631062928702
2022-08-19,1393612390521792.2,-0.056963788452475364,0.4300557691777662,5.088008275905718,0.7698069067488846
2022-08-22,1495232081432523.0,0.07291818844455204,0.6046487868617756,5.132974494325593,0.7823906093088498
2022-08-23,1412848473259244.2,-0.0550975391688694,0.802236316210724,5.141182877841991,0.8010172809316779
2022-08-24,1369227713143017.8,-0.030874337157755855,0.8236756436390942,5.178369528042638,0.7271230729431214
2022-08-25,1326986844141151.2,-0.0308501417232522,0.7441628890336709,5.173621074851143,0.7171221319010584
2022-08-26,1376445249965430.2,0.03727121036854703,0.6815816696137463,5.1692628715750955,0.7253933464921725
2022-08-29,1360071592343375.0,-0.011895611265661733,0.6574100775890098,5.1459589799070935,0.6020247779023995
2022-08-30,1425454401499856.5,0.04807306433320062,0.5651866381498871,5.114100780460764,0.614766259655497
2022-08-31,1388364344616009.8,-0.0260198129416282,0.6282233156066013,5.104281611633644,0.6234489785577906
2022-09-01,1402926552651313.0,0.010488751091725132,0.5753930943007382,5.098481574472458,0.611160123036475
2022-09-02,1361633707864966.2,-0.02943336178812046,0.49486685303104494,5.060358766164584,0.6180790965053468
2022-09-05,1462139898735187.2,0.07381294270969113,0.48744956636652886,5.063879535230299,0.6051668708536755
2022-09-06,1395292657457101.5,-0.04571877242110127,0.7493432081507474,5.078972903528148,0.623546567505728
2022-09-07,1412103276352381.2,0.01204809529057292,0.7428717789001457,5.106769734101901,0.621403278188692
2022-09-08,1444981054598233.2,0.0232828425487255,0.6365898476644453,5.069141358010849,0.6274378069538119
2022-09-09,1466124460089851.8,0.014632306371309071,0.5735412579670349,5.043702915070493,0.6207518883443346
2022-09-12,1457156712021722.2,-0.006116634918961733,0.5008480911883847,5.013674701736993,0.6206002451836313
2022-09-13,1451293333693554.8,-0.004023848828196576,0.4269962909383872,4.984382022164421,0.6203472070501113
2022-09-14,1453307930642749.5,0.0013881390497863734,0.3630657071161574,4.954337090683912,0.6118521129644205
2022-09-15,1447402785089671.2,-0.004063244566804504,0.3077089962735263,4.921640243712803,0.6040120471037812
2022-09-16,1484671311321997.8,0.02574855224561255,0.2630360073118997,4.89707580351666,0.5716932446232512
2022-09-19,1570665677857481.2,0.05792148462740324,0.3120835244430734,4.8885596963989,0.5496932443872845
2022-09-20,1544848079023326.5,-0.016437361048961263,0.5575976238718725,4.906335950205611,0.5112588146045461
2022-09-21,1484973152998606.2,-0.03875780851057812,0.49191955233194234,4.902673743819723,0.5192905444663521
2022-09-22,1481299371577094.8,-0.0024739716095829576,0.5302822902115544,4.934863072338798,0.5031389960816453
2022-09-23,1585802680749739.0,0.07054840579685298,0.449193402992833,4.906652438547146,0.5428789464982543
2022-09-26,1544393388248945.2,-0.026112512611730657,0.7085544394402135,4.932934322221939,0.5519378812830343
2022-09-27,1624608744478096.8,0.05193971745767509,0.6388976509175286,4.942343590610208,0.5559161910969946
2022-09-28,1715418224657714.0,0.05589621531231488,0.6970572960076851,4.950709917613611,0.5670570401918906
2022-09-29,1682180952998738.2,-0.019375608339247695,0.7563587617657914,4.961495767991367,0.5773884261032929
2022-09-30,1714495050444657.8,0.019209644116059438,0.6604848202437293,4.957725905596599,0.5591517808943257
2022-10-03,1856722884778513.0,0.08295610669565262,0.5819569350436055,4.93880786480647,0.5732845741593877
2022-10-04,1814162833174763.8,-0.022922134451327285,0.8583239170577611,4.972204291372572,0.5476517092439708
2022-10-05,1792823666670792.0,-0.011762541991133411,0.7514730480736473,4.973130887240696,0.5551125693418955
2022-10-06,1735451935424278.0,-0.03200076634031229,0.6433868459353439,4.956289929548883,0.5752866185823666
2022-10-07,1640510250583125.8,-0.05470718197559365,0.6081010593692217,4.973041173589626,0.6185990129341284
2022-10-10,1580419254643252.5,-0.03662945471905076,0.6925568373072535,5.0246175766938945,0.6359876297011992
2022-10-11,1472559411557315.2,-0.06824761389678495,0.6629952399535033,5.042747520727263,0.6866680318732443
2022-10-12,1475734046494098.2,0.002155862039838408,0.8056665600386735,5.109882550874615,0.6866702102761328
2022-10-13,1410535803501526.5,-0.04418021197482233,0.681665564223905,5.064190703705447,0.7055974461466445
2022-10-14,1429691147609924.2,0.013580189925591681,0.6875250509021422,5.090850689264135,0.7009319201441545
2022-10-17,1307840709877118.2,-0.08522850402795634,0.5928511810034851,5.055839087640238,0.7251748885326982
2022-10-18,1335765626643881.2,0.021351925013396278,0.8793864739773063,5.14918187981655,0.7318072717067693
2022-10-19,1404243949926668.8,0.051265223417104724,0.7654298674968446,5.115111981627766,0.748329822483395
2022-10-20,1229917146111207.5,-0.12414281993136927,0.7796893399660814,5.107732008753042,0.8653890360173131
2022-10-21,1267230093591855.5,0.03033777323832368,1.2417176744481344,5.259600116633993,0.828057887846015
2022-10-24,1387925612812306.8,0.09524357086434897,1.0810413923996216,5.222655725900673,0.9048928104355457
2022-10-25,1245964863661189.2,-0.10228267843798011,1.2195566285337565,5.240503486823768,0.943736737053459
2022-10-26,1437867173498572.0,0.15401903812398848,1.3472169087682762,5.344482689293365,1.0896361876020297
2022-10-27,1504749034816769.5,0.04651463121969923,1.7325362705617986,5.398011122030421,1.1043662316513807
2022-10-28,1391784429804601.5,-0.07507205680043748,1.5170778723182547,5.3610766352910435,1.1293349992507793
2022-10-31,1383665081576378.0,-0.005833768545149781,1.431924235759915,5.409940732868385,1.0772811352060632
2022-11-01,1461093752215152.5,0.0559591129889335,1.21182818463622,5.344500379225951,1.1031658288256199
2022-11-02,1472058055315861.2,0.007504174926547823,1.129176575479363,5.319984632070872,1.104525219835515
2022-11-03,1545314754860191.5,0.04976481686967944,0.9569971191584081,5.259571422708324,1.1185332584664105
2022-11-04,1417669801667706.8,-0.08260126475271573,0.9126364419635804,5.237963543799727,1.1396757458901265
2022-11-07,1439980328746955.8,0.01573746372604078,1.0420220495207293,5.31040973499429,1.1354451244993735
2022-11-08,1261950538266969.0,-0.12363348785111879,0.8912429478232,5.25733820454557,1.193696768703504
2022-11-09,1248100809223693.5,-0.010974858858014446,1.290754902324748,5.39440929935647,1.1935660655466125
2022-11-10,1142258828070059.0,-0.08480242971676875,1.0954310357236865,5.338479457252234,1.2193966714848774
2022-11-11,1061365308819472.8,-0.07081890484248879,1.1724670874477743,5.405081987316404,1.2365749723279484
2022-11-14,1187810637095081.8,0.11913459694311164,1.1589937532698986,5.442991623491135,1.2875366094953808
2022-11-15,1324433050956027.5,0.11502036569993229,1.4071342635646067,5.459365227550934,1.3511082450949552
2022-11-16,1414799207883259.8,0.06823006784827865,1.5381902170831316,5.470913749761684,1.3604529739356477
2022-11-17,1245121615821293.8,-0.11993051106936078,1.4234091562961768,5.4442828781896955,1.3552684715687642
2022-11-18,1199233737949666.5,-0.0368541331935348,1.5753807004098814,5.5574946972280586,1.3589813655497711
2022-11-21,1361339231441541.0,0.13517422697682505,1.3682278345876113,5.526970585331451,1.402513873637461
2022-11-22,1384830769608919.2,0.017256197151170508,1.6281958059623813,5.548114427545777,1.3469078549166065
2022-11-23,1753045428650419.5,0.26589144834316875,1.384496695266838,5.474097105700999,1.5502029938305484
2022-11-24,1863985967604375.5,0.06328446322087788,2.539427418196099,5.605541588094337,1.5559597160259744
2022-11-25,1919341932083067.8,0.029697629403206832,2.213128010008012,5.562197417596802,1.5194256693217798
2022-11-28,1832815224293935.8,-0.04508144502174459,1.8881301015000822,5.496594966436365,1.5347096335781902
2022-11-29,1867058320409525.2,0.018683332428549103,1.6415903195744581,5.484881363448482,1.5283000403089702
2022-11-30,1829718433949089.0,-0.01999931445753986,1.3970770733286924,5.417945494803536,1.5335645082117664
2022-12-01,1991264820379485.5,0.0882902983502933,1.1934566167937137,5.374020284788938,1.5510919724661443
2022-12-02,2227598765790782.8,0.11868534159422231,1.256358870399667,5.372361322195972,1.544061724494401
2022-12-05,2002913656986481.0,-0.10086426346377507,1.463034053667875,5.395029953994056,1.6095755292638678
2022-12-06,1658302646656321.2,-0.17205485075609805,1.5037326735713026,5.482140814463214,1.6752489611372807
2022-12-07,1219190144074162.8,-0.26479635877537333,1.9347062731745341,5.676726332373104,1.954316613501416
2022-12-08,1331032452261177.8,0.09173491824111385,2.7771351524604966,6.005586211435126,1.9457260414471145
2022-12-09,1074005888637141.5,-0.19310315326076077,2.473492045124137,5.945152194065063,2.0622194485508025
2022-12-12,643071085761974.2,-0.40124063325388426,2.6556279390483386,6.127022069490788,2.478577150560273
2022-12-13,705912498310762.5,0.09772078692408881,4.075003605358715,6.638106584431139,2.467080632812133
2022-12-14,1130171962630304.2,0.6010085744830808,3.5435935913726277,6.516010936639543,3.2986636185602616
2022-12-15,1127846921251235.2,-0.002057245672293675,5.909478454800078,6.812153724565005,3.264066569896893
2022-12-16,1442023979872259.8,0.2785635645238769,4.996514124783767,6.598670773560245,3.38783626554082
2022-12-19,1481925738906079.0,0.027670662617797718,4.839498070668514,6.623362257194965,3.3651298722537266
2022-12-20,1435393817971392.0,-0.03139963070554097,4.098539130620305,6.448503079358527,3.371034998316626
2022-12-21,1832131726928902.8,0.2763965568126878,3.475555002911982,6.319544310764353,3.381284154236441
2022-12-22,1667742204307553.2,-0.0897258205865504,3.7580343662765134,6.372854565997342,3.400705843770207
2022-12-23,1799260855168455.2,0.07886030018380981,3.2671880857121853,6.3433763709595485,3.4079159658433866
2022-12-26,1961575602158722.5,0.0902119036959043,2.842158891387557,6.238020916736654,3.408610045555643
2022-12-27,1611332604003520.8,-0.1785518731828423,2.521797433668158,6.152543995595105,3.484234890373515
2022-12-28,2034418585093511.5,0.26256899415973495,2.614652584469763,6.2887523038171755,3.5896160564407253
2022-12-29,1936396189316119.0,-0.048182019420986995,3.136784986440467,6.334295419931061,3.592353053277596
2022-12-30,1554407228081451.8,-0.19726797818662048,2.6834565319331354,6.243572026482558,3.6541884006425
2023-01-02,1772765764517226.2,0.1404770464849718,2.8183647754312924,6.400406621887621,3.6607507153081102
2023-01-03,1367169054452458.0,-0.22879317628024232,2.6638441732944083,6.337285764585686,3.7051607477626525
2023-01-04,1377342501387559.2,0.007441250152619806,2.972032270152565,6.5353307262000975,3.5549768394128933
2023-01-05,1374357246867252.5,-0.002167401729997702,2.5137012455786407,6.354263672182441,3.548660016629416
2023-01-06,1721466373552727.8,0.25256106261795136,2.125482847686544,6.1898730836120555,3.538928815175987
2023-01-09,1923209041411970.8,0.1171923372763249,2.7949125950613105,6.237905082346054,3.122556102844486
2023-01-10,1911880072832872.2,-0.005890658963822916,2.5633979552152804,6.173598146744854,3.1331536215694555
2023-01-11,2263948349281378.0,0.1841476782206527,2.167995398828765,6.033644058540572,2.4710665632308304
2023-01-12,2980931882781692.0,0.31669606496451164,2.407496777416022,6.043388312572179,2.641010917229862
2023-01-13,3409043357492287.5,0.14361665799323753,3.3686462658822083,6.158412161755803,2.5359627659923984
2023-01-16,3418178188418794.0,0.0026795877812555947,3.097412813308295,6.123174187948249,2.541184661832051
2023-01-17,2356177738898658.5,-0.31069195079364875,2.619014926973141,5.981304449780439,2.8420398820566413
2023-01-18,1695882354018420.8,-0.2802400574367865,3.4405311161568424,6.35462596568327,2.915348957064957
2023-01-19,1552043682984210.8,-0.08481642060452003,3.755440328191456,6.635489288308937,2.9131114561534432
2023-01-20,1301351211857151.8,-0.1615241077783564,3.2556160743575258,6.5699495741998755,2.9655182820514527
2023-01-23,1238104507699116.0,-0.04860079552834674,3.074280965364113,6.633355364189465,2.9510158199895766
2023-01-24,1255499357802068.5,0.014049581432571507,2.6317915917608854,6.511370054924421,2.8799582550773644
2023-01-25,1410368859014282.5,0.1233529115326156,2.2284287659040367,6.3379519597032505,2.7535884843421146
2023-01-26,1387973614585383.2,-0.01587899809738531,2.1548075318425117,6.267993805837061,2.7489884041292374
2023-01-27,1532374728024100.5,0.10403736203721195,1.8269352580215592,6.133825119387462,2.6716304136686837
2023-01-30,1552937337345511.0,0.013418786505259562,1.7786984111698556,6.069964835141261,2.629194315635396
2023-01-31,954013501429005.6,-0.38567160535934203,1.5082842972246717,5.9418256107415806,2.8642823481099984
2023-02-01,811044885225732.9,-0.1498601602483841,3.5086218582197057,6.447357926176553,2.9122905963119945
2023-02-02,792826900062561.5,-0.022462363668196792,3.2270333358089163,6.505526915908164,2.912579694911149
2023-02-03,651201706828233.1,-0.17863318364090933,2.7351411001102632,6.356629440653767,2.7975246852684887
2023-02-06,709174460907140.8,0.08902426616980445,2.764098785478688,6.470969315625358,2.7794286019429317
2023-02-07,863505417030693.9,0.21762057805372834,2.455876388767267,6.360052742362764,2.9177752804387054
2023-02-08,1018822998911776.5,0.179868682717901,2.7773336916890954,6.3621707611050375,2.9138123730767806
2023-02-09,986683365385202.2,-0.03154584609976734,2.7997007711053548,6.3341593481143565,2.62533219705217
2023-02-10,1192790871265459.5,0.20888920712653591,2.382257766780538,6.217473531405021,2.6948908601184463
2023-02-13,1218553667173539.8,0.02159875341831544,2.6816927144325815,6.227771720457073,2.6993115111341295
2023-02-14,1162504764546931.8,-0.04599625288282494,2.274812263337901,6.089871747333195,2.4965303029317676
2023-02-15,1070172897555990.2,-0.07942493640181021,1.9625366142029308,6.021063449899231,2.3159013391873953
2023-02-16,1030013390411635.9,-0.037526185942541285,1.7907464793241379,6.012016994180466,2.302122220531491
2023-02-17,983005013736350.5,-0.04563860733548226,1.5472167354483781,5.937839154039765,2.2362749055451854
2023-02-20,1001823254908845.9,0.019143586156257837,1.364268670735261,5.883878045116726,2.2310643883929893
2023-02-21,1018902919751550.2,0.017048580933827807,1.1649760375033837,5.778813538468696,2.231341705943417
2023-02-22,1019294210334646.6,0.0003840312708022482,0.9956843451830548,5.682443432574185,2.1834081286094373
2023-02-23,1061314920912827.4,0.041225300950532145,0.8420424881832433,5.582415797730572,2.189409860820878
2023-02-24,1174623894481227.0,0.10676281972078909,0.7932554065769154,5.523935713411451,2.191201453628543
2023-02-27,1274831054343292.0,0.08530999610417561,1.126437857232989,5.522778529572161,2.213134642686705
2023-02-28,1108261373065433.5,-0.13066020058921796,1.1958805578155913,5.504733676762352,1.762115465144379
2023-03-01,850989456379076.4,-0.23214010966992998,1.4996391444138768,5.629477149284765,1.8831803886986398
2023-03-02,936961609440356.1,0.10102610839279659,2.340666531876624,5.908626317936064,1.906563214399359
2023-03-03,801467739720875.6,-0.14460984137910465,2.156377528764665,5.8652707065941225,1.8640081304109954
2023-03-06,782089712405619.2,-0.02417817505917947,2.196925738484995,5.9765348284769955,1.8492617783398704
2023-03-07,688760513937472.5,-0.11933311100727402,1.8688490882338022,5.885036175861831,1.7339954865008094
2023-03-08,562179434464044.6,-0.18378097598800405,1.8761428969024747,5.953542152025178,1.6985160901996175
2023-03-09,595528925679050.1,0.05932179153226993,2.2231954853824907,6.119301302869438,1.7233734105414054
2023-03-10,642853837249373.6,0.07946702423624764,1.945862765786713,6.021905840411798,1.5486315335310676
2023-03-13,605406438019669.6,-0.058251809446970164,1.7778264285466616,5.950188572576248,1.542279149058846
2023-03-14,453496123469072.8,-0.2509228594388705,1.5822459301701925,5.914856533782186,1.7311645138428962
2023-03-15,424864104833835.75,-0.06313619268939508,2.5124540143770377,6.195298014137725,1.727185365815173
2023-03-16,443315004026261.1,0.04342776662585234,2.1907023659100755,6.1425638584228075,1.7518451106294755
2023-03-17,374447317834380.3,-0.15534706826164915,1.888531853833118,6.030389637633791,1.8032309776033668
2023-03-20,381923974787259.94,0.01996717988560037,2.0696192354516563,6.141921891049195,1.8035943852806453
2023-03-21,381355312676640.94,-0.001488940595928138,1.7581120896745444,6.011559663172523,1.7969482275775615
2023-03-22,402744810882779.1,0.05608810863551503,1.486639761686482,5.88119416617354,1.8247695955053784
2023-03-23,407235770244151.4,0.011150880756299341,1.3439501070402544,5.805268419868388,1.8103945647996174
2023-03-24,372633883595645.25,-0.08496769973757745,1.1403684101366531,5.701711272510761,1.7303042158723019
2023-03-27,410963418870901.7,0.10286111103317917,1.2035438360474855,5.73357142660759,1.7494765500051581
2023-03-28,405387162920349.94,-0.013568740414590158,1.3400669190503938,5.709024941080672,1.7260024936899652
2023-03-29,404519478073293.1,-0.0021403856027559453,1.1389830653400894,5.627326552271053,1.578349546271351
2023-03-30,375586514499681.0,-0.07152427791961567,0.9633422519207483,5.535626084754444,1.5033658729108754
2023-03-31,363101968721307.1,-0.033240133222047524,1.015471590978252,5.562215339262017,1.451719949289127
2023-04-03,340146660707434.6,-0.06322000427238507,0.903789912808954,5.525538000654216,1.454657273794312
2023-04-04,336065858147626.5,-0.011997185423843187,0.933446892951538,5.53986440319282,1.4230790229982937
2023-04-05,374044091591204.9,0.11300830632695626,0.7959480996805055,5.471908098128385,1.3902232372082437
2023-04-06,338172423257450.56,-0.09590224559129952,1.1706880465744482,5.480666576585434,1.3875312987037265
2023-04-07,299253614820167.5,-0.11508569522729592,1.2808843529679956,5.551584691742578,1.366843560656832
2023-04-10,332210370254819.6,0.11012984907285757,1.4575699589369362,5.646535360082396,1.4546148357625923
2023-04-11,326873006375401.44,-0.016066216943571562,1.5460355419629745,5.636237502990519,1.1854359363941915
2023-04-12,310951896599263.4,-0.0487073250638913,1.3143624766162358,5.565471021499566,1.1785175925900613
2023-04-13,333665872499021.7,0.07304659064045117,1.1856166205197418,5.552926831592732,1.2017315737547118
2023-04-14,319680109452828.6,-0.04191547352878915,1.1783262569624602,5.522316600068346,1.0830531505549672
2023-04-17,358520892390071.9,0.12149890402541462,1.0578603752988756,5.503145726109769,1.1713088802114549
2023-04-18,375932891654894.9,0.048566205301861995,1.3640455368680708,5.51568243491945,1.1842112954647712
2023-04-19,363332798142856.0,-0.033516869078872136,1.224675134682129,5.46931708196936,1.172486677869173
2023-04-20,414826337891295.4,0.1417255475190903,1.0738636332587335,5.441891927949738,1.2794957156588387
2023-04-21,396322428582512.7,-0.044606399397985115,1.505798498090462,5.476384587008611,1.2499749680723224
2023-04-24,417160245425675.75,0.05257793993060536,1.3282103960401035,5.465834653442876,1.2103948073063024
2023-04-25,425730615132988.4,0.020544550448634718,1.208306993472202,5.4273327101445705,1.21008897980901
2023-04-26,461660475134814.5,0.08439576277736673,1.036504573660559,5.367239390489593,1.2417388476409912
2023-04-27,508987843397414.2,0.1025155299439031,1.1313398761431992,5.363123206083338,1.2448190810172841
2023-04-28,510141791044946.8,0.0022671418630162018,1.2923480790509585,5.373781838636738,1.2316743122738547
2023-05-01,485399579996070.6,-0.04850065507904305,1.0929907538742267,5.304318968546912,1.219537915120682
2023-05-02,499363703411450.75,0.028768305517473152,1.011571527873636,5.316057095248946,1.2136125936644344
2023-05-03,479300099309322.2,-0.04017833888418837,0.889532216147226,5.272717098237668,1.1839401808826624
2023-05-04,534530467186827.8,0.1152312881993836,0.8257829314833912,5.274140631220343,1.1583758573365595
2023-05-05,539173309959920.4,0.008685833751492745,1.2006423694414408,5.303193831287073,1.0357827634953956
2023-05-08,527492892366504.2,-0.021663567868900106,1.017961024351226,5.245243548250553,1.0089310253348744
2023-05-09,533038498854095.4,0.010513139736749586,0.8802280814664376,5.219854311668246,0.9988617605213077
2023-05-10,494747330441776.44,-0.07183565257413056,0.7497558017392771,5.170904953976572,1.025009016512538
2023-05-11,468673766779896.0,-0.05270076675016816,0.8791035044726525,5.232213227627898,1.0444946312776657
2023-05-12,498746132670811.6,0.06416481574706633,0.8673366518103658,5.257282021675694,1.030054450132007
2023-05-15,481247099062571.1,-0.03508605372944384,0.9131340068505682,5.24727853976622,0.9832250710774787
2023-05-16,455347990006470.56,-0.05381665490877725,0.8275282597071736,5.242950930797357,1.0059695980066463
2023-05-17,467825399195486.2,0.027401919988355006,0.8353968391013459,5.268814600089084,0.9929910576516968
2023-05-18,494852410631704.8,0.05777157777815533,0.7437371194472806,5.228717991821068,0.889693441890887
2023-05-19,512226911822520.7,0.035110470955646025,0.7971631478056866,5.216255397820204,0.8691790965881654
2023-05-22,536263023727756.0,0.046924734625351905,0.736977700536443,5.187008384978102,0.866103989451106
2023-05-23,517510058278803.5,-0.03496971564176469,0.7394219272681082,5.169739053906457,0.882817984052605
2023-05-24,484579159435977.44,-0.06363335033980118,0.6920993792692397,5.172269717582456,0.876497208969036
2023-05-25,518057726858004.1,0.06908792252022128,0.7959789845120273,5.220295023579726,0.8335691286059855
2023-05-26,510148470971493.9,-0.015267132360865554,0.8922366265895942,5.217567598749395,0.8358645230174797
2023-05-29,504419757759690.3,-0.011229501875981705,0.7656060729444422,5.184591306932316,0.8166615061901848
2023-05-30,533044406950842.5,0.05674767641593696,0.6545179419486156,5.148221000024796,0.8341481535643861
2023-05-31,545935196657295.1,0.02418333170437224,0.7333937170365851,5.142222298198969,0.8195193132226024
2023-06-01,556296368162326.3,0.018978757128083328,0.6533185499075893,5.111007173330582,0.7169382859632435
2023-06-02,603892524537081.2,0.0855589917510778,0.5755953722914123,5.078466150141669,0.7746733363823829
2023-06-05,586680420978145.5,-0.028501931816642196,0.8734765371185951,5.101618865685198,0.7783786832114155
2023-06-06,609961789612959.9,0.03968322071494791,0.7772263168632411,5.099993570378599,0.7872248814343843
2023-06-07,611464418937719.0,0.0024634810743026027,0.7384197073308423,5.084787830546352,0.7294337178420239
2023-06-08,617993285825254.8,0.010677427312742321,0.6249334764226422,5.0415559152789315,0.6888469234329498
2023-06-09,653326112749275.0,0.057173480253653035,0.5363668040563035,5.008596565761391,0.6826224092077003
2023-06-12,666242675796845.9,0.01977046806412855,0.6639018497344573,5.015338334884896,0.6571065133122779
2023-06-13,679569451644788.8,0.02000288533304125,0.5860709912046304,4.991851298750057,0.6011465532487087
2023-06-14,705409723879903.0,0.03802447589804399,0.5240193870581858,4.97059723979167,0.6038476290588177
2023-06-15,696437395145252.4,-0.012719315358031575,0.5481494009363131,4.96545964266396,0.5994023182440786
2023-06-16,677033294042865.0,-0.027861946009289824,0.476161565383488,4.950798673543844,0.616851262299737
2023-06-19,654167028641883.0,-0.03377421110923137,0.4670714049373626,4.961439730909131,0.6274520368838173
2023-06-20,612998553047001.4,-0.0629326667232855,0.4880584308833488,4.980567157494458,0.6613914739445735
2023-06-21,657296370644148.6,0.07226414707988839,0.6745905066324146,5.044688432474984,0.6380789361678988
2023-06-22,629129414374097.8,-0.04285274881777822,0.8370922243319178,5.060251283217675,0.6385449985167607
2023-06-23,623795600974252.8,-0.008478086190186154,0.795701221684388,5.085143987584253,0.6353554915840196
2023-06-26,617528753123109.8,-0.010046316199337383,0.6768227006184971,5.053298917227224,0.6348235842275929
2023-06-27,624154209434798.0,0.010728984323694268,0.5788239027977524,5.026737204726869,0.6113425769088764
2023-06-28,640920050365582.4,0.0268616964803726,0.4980864608771737,4.99511630364243,0.6123202340714962
2023-06-29,658563101401248.0,0.027527694016752726,0.47905511236466664,4.979001330301841,0.6149603966155212
2023-06-30,646677053458654.8,-0.018048457190059382,0.4677624800266304,4.96481714127054,0.5509198348860002
2023-07-03,643509332194114.9,-0.004898459358651811,0.4244134737974792,4.958653973745722,0.5386870327064762
2023-07-04,648680189157192.6,0.008035403224763196,0.36167001676312305,4.932218689087152,0.5232941722679435
2023-07-05,644429748818700.4,-0.006552443576263243,0.31378508588939125,4.906672851463196,0.5245301071901046
2023-07-06,670631183295189.9,0.04065832548003749,0.27163482228223085,4.887326701044659,0.5407843624343398
2023-07-07,679394815568987.2,0.01306773751667304,0.4144879235866649,4.89147601302082,0.5054714080387606
2023-07-10,692051015867429.4,0.018628638324009888,0.36796065315785575,4.873401726657437,0.5049681404030639
2023-07-11,703299495312697.4,0.01625382982953776,0.34932873205359066,4.861271418276387,0.5034059246606787
2023-07-12,722738393145171.8,0.027639573129270605,0.32638410990216393,4.848294644018582,0.49487992227652905
2023-07-13,725871321953374.2,0.0043348033505853905,0.36240844051599014,4.845444390623744,0.49199490339230817
2023-07-14,705008596293951.2,-0.02874163095916212,0.30912009044362176,4.824384139316712,0.4927249471066596
2023-07-17,711408924008359.5,0.009078368332036147,0.35771477595396733,4.847305390570973,0.4740259153663996
2023-07-18,701544931099170.0,-0.013865433193629137,0.3125845472891538,4.829837539282828,0.4087825428221691
2023-07-19,693961969997250.6,-0.01080894575068561,0.2897808200366684,4.828627186561589,0.33228864222341326
2023-07-20,702032018054195.2,0.011628948567565897,0.2621761968135876,4.822670970641191,0.28575546788204315
2023-07-21,718507075782368.8,0.023467672847510397,0.24324023347088042,4.809305874661372,0.28730213817134587
2023-07-24,718855367876954.4,0.000484744140071776,0.2866505213259663,4.8064501639033645,0.2812629870781064
2023-07-25,722903018739978.5,0.005630688792070061,0.24304619775007288,4.785637806660836,0.28113475924985337
2023-07-26,743943707408249.0,0.029105824879448367,0.2117085801170421,4.770641630881694,0.2832872051159228
2023-07-27,747241936017735.8,0.0044334384129374295,0.3052941943135727,4.775516092821641,0.2734651154242875
2023-07-28,780597746445596.4,0.044638568608211616,0.26144916435159266,4.7604200942015815,0.288990032655234
2023-07-31,789714459229544.5,0.011679143099580364,0.4385251883045327,4.778510994894346,0.2838970068543288
2023-08-01,762459160085757.6,-0.03451285312716381,0.38416728221144714,4.768900506360366,0.32576335275292834
2023-08-02,774569536648813.0,0.015883311785110047,0.4374642756951183,4.805745425719681,0.32189668422096807
2023-08-03,780627241894274.0,0.007820737788978752,0.39400931516805265,4.797177249202345,0.30001014116379915
2023-08-04,800125655942050.5,0.024977880608498444,0.3401273456077561,4.782945717176765,0.3057124074224888
2023-08-07,810717899507875.0,0.013238225130218363,0.3575311057030098,4.783508656690509,0.30391097879229007
2023-08-08,808668771084580.5,-0.002527548021991946,0.3229291462937628,4.774714289481894,0.3045542712788467
2023-08-09,791105749742317.6,-0.021718436485073274,0.2744494902853268,4.76017724873998,0.31090385270066656
2023-08-10,788206587894811.5,-0.003664695710340187,0.2967171514573217,4.7773311924250494,0.3123258109657148
2023-08-11,776901284942446.4,-0.014343070872523516,0.2534113487862768,4.764375154885338,0.2958636950130721
2023-08-14,769506344553375.8,-0.009518507090148998,0.2469787886421486,4.769441641833184,0.29982749402579356
2023-08-15,776750273384865.4,0.009413735029948394,0.22456309184730228,4.766423272533376,0.29262595984716316
2023-08-16,796551601512182.8,0.025492528043831376,0.206712377880757,4.756029921209099,0.29454278551290214
2023-08-17,801670583017775.0,0.006426427987683737,0.27845990892107264,4.759258004687492,0.29405575397713857
2023-08-18,787064529108816.8,-0.01821952085852492,0.24230591433034188,4.747097430297437,0.2999277463919913
2023-08-21,792503088779303.8,0.006909928562839557,0.2571569356059742,4.7597757142506,0.299586789500509
2023-08-22,806457571593013.1,0.01760811157872402,0.22587278506923988,4.747954748753913,0.3028894218992388
2023-08-23,799289018819321.8,-0.008888939760998369,0.24301512005911483,4.745598601520068,0.29376416512502507
2023-08-24,797838928047583.0,-0.0018142258151886837,0.21956273479090604,4.743573600811643,0.2944095860426429
2023-08-25,798059492884814.1,0.00027645283963642045,0.18711919528943433,4.730504295850402,0.2509931338146195
2023-08-28,790199672044695.1,-0.009848665306526757,0.15921862513225638,4.7158671744024545,0.2507341991775694
2023-08-29,796559816199188.5,0.008048781060660405,0.15938734720079095,4.717837812094018,0.21577415156841065
2023-08-30,795482148999725.2,-0.0013529017878474497,0.152082028467425,4.710404756416381,0.20995495103638845
2023-08-31,799290150564624.8,0.004787035849500552,0.13030966277269276,4.699353926597586,0.2090014849009028
2023-09-01,791760006202538.4,-0.009421039852382802,0.11874292363519734,4.690863742512867,0.19223105232454865
2023-09-04,788190303701749.2,-0.004508566324169613,0.12949789854097202,4.694223745943295,0.18567327258624328
2023-09-05,793958595292263.0,0.007318399583733489,0.1173166039293017,4.68950940244204,0.18811354633930308
2023-09-06,791146790668152.4,-0.0035415003260663,0.11832535536463694,4.6838366790859425,0.1717209900579593
2023-09-07,803867333209070.0,0.016078612327017974,0.10594656942960896,4.678444222532429,0.18013861924763125
2023-09-08,800756940589132.0,-0.0038692860021082905,0.16403722527108683,4.68063304919675,0.171920969056646
2023-09-11,802517992938531.8,0.0021992345743567275,0.14361814767994638,4.6760238391134035,0.16685503873698898
2023-09-12,809290344321182.4,0.008438877934502959,0.12412652887272829,4.6674027472489605,0.16632758352576282
2023-09-13,799224574650208.4,-0.012437773095411109,0.12823591213884492,4.664435384074109,0.14920518679557873
2023-09-14,786494082925951.5,-0.01592855391093115,0.1522571508301718,4.674768165213042,0.15770970749909619
2023-09-15,774869842756027.2,-0.014779818974198892,0.18738007639538054,4.689806687156481,0.1531074986217755
2023-09-18,784855890610974.6,0.01288738740874119,0.20274416764372932,4.701774698830652,0.1584439608277402
2023-09-19,780469867655830.2,-0.005588316285337485,0.20403250314998345,4.69950679145807,0.14415451770809454
2023-09-20,800223408205101.8,0.025309805500373678,0.17977077817744452,4.696069142319912,0.1700062367922958
2023-09-21,794977652193488.9,-0.006555364361783866,0.2634950287486514,4.704138935240127,0.17154500181258828
2023-09-22,796697237766059.4,0.0021630615248439218,0.230292434092167,4.7018528373837425,0.1717340773335404
2023-09-25,809909421258342.5,0.016583694364662477,0.19637661646368862,4.6910781187708555,0.177232795055033
2023-09-26,828104917603798.5,0.022466088019060134,0.21825897599990282,4.692626956783317,0.1913496570189706
2023-09-27,849198658938792.8,0.025472305364434965,0.2657487434523098,4.698720735451779,0.20805491556138267
2023-09-28,863314272398141.8,0.01662227478902123,0.31209811809798205,4.7067003732329455,0.2133113939104262
2023-09-29,875553179545390.2,0.01417665332145014,0.29965448215336565,4.706989049602662,0.21012180383595833
2023-10-02,882686006819374.0,0.008146652242970901,0.2809638580935483,4.7053129774268045,0.20720773622763702
