date,return,price
2010-01-05,0.0,0.88251131772995
2010-01-06,0.0,0.88251131772995
2010-01-07,0.0,0.88251131772995
2010-01-08,0.0,0.88251131772995
2010-01-11,0.0,0.88251131772995
2010-01-12,0.0,0.88251131772995
2010-01-13,0.0,0.88251131772995
2010-01-14,0.0,0.88251131772995
2010-01-15,0.0,0.88251131772995
2010-01-19,0.0,0.88251131772995
2010-01-20,0.0,0.88251131772995
2010-01-21,0.0,0.88251131772995
2010-01-22,0.0,0.88251131772995
2010-01-25,0.0,0.88251131772995
2010-01-26,0.0,0.88251131772995
2010-01-27,0.0,0.88251131772995
2010-01-28,0.0,0.88251131772995
2010-01-29,0.0,0.88251131772995
2010-02-01,0.0,0.88251131772995
2010-02-02,0.0,0.88251131772995
2010-02-03,0.0,0.88251131772995
2010-02-04,0.0,0.88251131772995
2010-02-05,0.0,0.88251131772995
2010-02-08,0.0,0.88251131772995
2010-02-09,0.0,0.88251131772995
2010-02-10,0.0,0.88251131772995
2010-02-11,0.0,0.88251131772995
2010-02-12,0.0,0.88251131772995
2010-02-16,0.0,0.88251131772995
2010-02-17,0.0,0.88251131772995
2010-02-18,0.0,0.88251131772995
2010-02-19,0.0,0.88251131772995
2010-02-22,0.6687115694272414,1.4726568460464478
2010-02-23,0.018382340739387937,1.499727725982666
2010-02-24,0.0,1.499727725982666
2010-02-25,-0.02527083703611621,1.461828351020813
2010-02-26,0.011111088458867657,1.478070855140686
2010-03-01,0.007326100090515597,1.4888993501663208
2010-03-02,0.00727273862745359,1.499727725982666
2010-03-03,-0.0036102331298564216,1.494313359260559
2010-03-04,0.0,1.494313359260559
2010-03-05,0.014492698127330783,1.51596999168396
2010-03-08,0.00357155270342302,1.521384358406067
2010-03-09,0.003558528688056617,1.5267982482910156
2010-03-10,0.007092289395639106,1.5376267433166504
2010-03-11,0.007042188004417138,1.548454999923706
2010-03-12,0.0,1.548454999923706
2010-03-15,0.0034966251666168624,1.553869366645813
2010-03-16,0.010453247425871615,1.5701123476028442
2010-03-17,0.01724121306285431,1.5971829891204834
2010-03-18,0.023728737910077458,1.6350821256637573
2010-03-19,0.009933681406975259,1.6513245105743408
2010-03-22,0.0,1.6513245105743408
2010-03-23,0.003278730181830891,1.6567387580871582
2010-03-24,0.0,1.6567387580871582
2010-03-25,0.02941184935786656,1.7054665088653564
2010-03-26,0.0317460816734223,1.7596083879470825
2010-03-29,0.0,1.7596083879470825
2010-03-30,0.0,1.7596083879470825
2010-03-31,0.015384537214278682,1.7866791486740112
2010-04-01,0.0,1.7866791486740112
2010-04-05,0.0,1.7866791486740112
2010-04-06,0.015151572774327438,1.813750147819519
2010-04-07,-0.014925429049890027,1.7866791486740112
2010-04-08,0.0,1.7866791486740112
2010-04-09,0.015151572774327438,1.813750147819519
2010-04-12,0.029850595198542607,1.8678916692733765
2010-04-13,-0.014492618583266004,1.8408210277557373
2010-04-14,0.011764724167179663,1.8624777793884277
2010-04-15,0.0,1.8624777793884277
2010-04-16,-0.011627924838814363,1.8408210277557373
2010-04-19,0.005882297324828478,1.851649284362793
2010-04-20,0.036451474174583165,1.919144630432129
2010-04-21,0.014705677736041478,1.9473669528961182
2010-04-22,0.0,1.9473669528961182
2010-04-23,0.014492860972331822,1.9755898714065552
2010-04-26,0.005714484322745461,1.9868793487548828
2010-04-27,0.0,1.9868793487548828
2010-04-28,-0.01988666090043456,1.9473669528961182
2010-04-29,0.0,1.9473669528961182
2010-04-30,0.008695802285277221,1.9643008708953857
2010-05-03,-0.008620837189543429,1.9473669528961182
2010-05-04,-0.034782474553581966,1.8796327114105225
2010-05-05,0.0,1.8796327114105225
2010-05-06,0.0,1.8796327114105225
2010-05-07,-0.009009036434560191,1.862699031829834
2010-05-10,0.01515162569377182,1.890921950340271
2010-05-11,0.0029850834716969032,1.8965665102005005
2010-05-12,0.0,1.8965665102005005
2010-05-13,0.0029760735578177044,1.9022108316421509
2010-05-14,-0.005934610987434197,1.890921950340271
2010-05-17,-0.014925480401429714,1.862699031829834
2010-05-18,0.009090937017373957,1.8796327114105225
2010-05-19,-0.039039094461506996,1.8062535524368286
2010-05-20,-0.031249964938513175,1.7498081922531128
2010-05-21,0.019354966173211086,1.7836756706237793
2010-05-24,0.006328998868909919,1.7949645519256592
2010-05-25,0.0,1.7949645519256592
2010-05-26,0.03773583151350168,1.862699031829834
2010-05-27,0.0,1.862699031829834
2010-05-28,0.0,1.862699031829834
2010-06-01,0.0,1.862699031829834
2010-06-02,0.0,1.862699031829834
2010-06-03,0.0,1.862699031829834
2010-06-04,0.0,1.862699031829834
2010-06-07,0.0,1.862699031829834
2010-06-08,0.0,1.862699031829834
2010-06-09,0.0,1.862699031829834
2010-06-10,0.01515162569377182,1.890921950340271
2010-06-11,0.0,1.890921950340271
2010-06-14,0.0,1.890921950340271
2010-06-15,0.03283579210277421,1.9530118703842163
2010-06-16,0.020231152304903466,1.9925235509872437
2010-06-17,0.01983002900655295,2.0320353507995605
2010-06-18,0.008333241424882898,2.04896879196167
2010-06-21,0.005509891903628494,2.060258388519287
2010-06-22,0.0,2.060258388519287
2010-06-23,0.0,2.060258388519287
2010-06-24,-0.04109606716543135,1.9755898714065552
2010-06-25,0.0,1.9755898714065552
2010-06-28,0.0,1.9755898714065552
2010-06-29,0.0,1.9755898714065552
2010-06-30,-0.025714304506232022,1.9247889518737793
2010-07-01,-0.005864873066894538,1.9135003089904785
2010-07-02,0.01769879197119484,1.9473669528961182
2010-07-06,0.005797242333936303,1.9586563110351562
2010-07-07,0.002881853150258129,1.9643008708953857
2010-07-08,0.0028734505621217377,1.9699451923370361
2010-07-09,0.0,1.9699451923370361
2010-07-12,0.0,1.9699451923370361
2010-07-13,0.008596257643978866,1.9868793487548828
2010-07-14,-0.005682014539736602,1.9755898714065552
2010-07-15,0.0,1.9755898714065552
2010-07-16,0.0,1.9755898714065552
2010-07-19,0.0,1.9755898714065552
2010-07-20,0.0,1.9755898714065552
2010-07-21,-0.028571335473713044,1.919144630432129
2010-07-22,0.0,1.919144630432129
2010-07-23,0.0,1.919144630432129
2010-07-26,0.014705677736041478,1.9473669528961182
2010-07-27,0.0,1.9473669528961182
2010-07-28,0.0,1.9473669528961182
2010-07-29,0.0,1.9473669528961182
2010-07-30,0.02029016452189558,1.9868793487548828
2010-08-02,0.017045263641922714,2.0207462310791016
2010-08-03,0.01117310064722088,2.0433242321014404
2010-08-04,0.02209940045433534,2.0884804725646973
2010-08-05,0.0,2.0884804725646973
2010-08-06,-0.013513214232141135,2.060258388519287
2010-08-09,-0.013698785490693033,2.0320353507995605
2010-08-10,-0.005555572503213035,2.0207462310791016
2010-08-11,-0.0167595919781246,1.9868793487548828
2010-08-12,0.0,1.9868793487548828
2010-08-13,-0.005682014539736602,1.9755898714065552
2010-08-16,0.00857145494911471,1.9925235509872437
2010-08-17,0.005665560182210649,2.003812313079834
2010-08-18,-0.005633642441911002,1.9925235509872437
2010-08-19,0.002832750176957166,1.998167872428894
2010-08-20,0.0,1.998167872428894
2010-08-23,0.0112995304157113,2.0207462310791016
2010-08-24,0.013966405305379181,2.04896879196167
2010-08-25,0.005509891903628494,2.060258388519287
2010-08-26,-0.008219433306138502,2.0433242321014404
2010-08-27,0.02209940045433534,2.0884804725646973
2010-08-30,0.0,2.0884804725646973
2010-08-31,0.0,2.0884804725646973
2010-09-01,0.018919093551142296,2.127992630004883
2010-09-02,0.021219999265022826,2.1731486320495605
2010-09-03,0.025974108613573854,2.2295942306518555
2010-09-07,0.012658374035833031,2.257817268371582
2010-09-08,0.009999923970208213,2.280395269393921
2010-09-09,0.0,2.280395269393921
2010-09-10,0.0,2.280395269393921
2010-09-13,0.014851634729516672,2.314262866973877
2010-09-14,0.0,2.314262866973877
2010-09-15,-0.01219515712925534,2.2860400676727295
2010-09-16,0.0,2.2860400676727295
2010-09-17,0.012345715064338014,2.314262866973877
2010-09-20,0.024389902172947675,2.3707075119018555
2010-09-21,0.02380980157023682,2.4271535873413086
2010-09-22,0.046511470282567524,2.540044069290161
2010-09-23,0.0,2.540044069290161
2010-09-24,0.011111239391847993,2.5682671070098877
2010-09-27,0.004395524620888436,2.5795559883117676
2010-09-28,0.04595190768618207,2.698091506958008
2010-09-29,0.0,2.698091506958008
2010-09-30,0.0062761694838811,2.7150251865386963
2010-10-01,0.00831594533055613,2.737603187561035
2010-10-04,0.010309396865098908,2.7658262252807617
2010-10-05,0.03673445673525677,2.867427349090576
2010-10-06,-0.003936770871736939,2.8561389446258545
2010-10-07,0.0019762903590003766,2.861783504486084
2010-10-08,0.0,2.861783504486084
2010-10-11,0.013806496439696447,2.901294708251953
2010-10-12,-0.007782207645186334,2.878716230392456
2010-10-13,0.01372570017204433,2.9182286262512207
2010-10-14,0.0019341601240137063,2.923872947692871
2010-10-15,-0.005791360652962596,2.906939744949341
2010-10-18,0.0,2.906939744949341
2010-10-19,-0.038835148137938535,2.794048309326172
2010-10-20,0.0,2.794048309326172
2010-10-21,0.0,2.794048309326172
2010-10-22,0.006060625195407621,2.8109819889068604
2010-10-25,-0.006024115290498067,2.794048309326172
2010-10-26,0.02020242530818095,2.850494861602783
2010-10-27,0.02970271771741384,2.935162305831909
2010-10-28,0.0,2.935162305831909
2010-10-29,0.0192306645710818,2.991607427597046
2010-11-01,0.0,2.991607427597046
2010-11-02,0.011320789903433326,3.025474786758423
2010-11-03,0.01679093877339377,3.07627534866333
2010-11-04,0.0,3.07627534866333
2010-11-05,0.02752286823189376,3.1609432697296143
2010-11-08,0.010714395890709216,3.1948108673095703
2010-11-09,0.007067383840367869,3.2173898220062256
2010-11-10,0.014035054177892414,3.2625460624694824
2010-11-11,0.0034602908044438774,3.2738354206085205
2010-11-12,-0.006896789788064073,3.2512564659118652
2010-11-15,0.006944685826352659,3.2738354206085205
2010-11-16,-0.03448314786023132,3.1609432697296143
2010-11-17,0.0178575024794545,3.2173898220062256
2010-11-18,0.010526123901430706,3.2512564659118652
2010-11-19,0.008680728953318617,3.279479742050171
2010-11-22,0.02065388671212598,3.3472137451171875
2010-11-23,-0.0016863458058105074,3.341569185256958
2010-11-24,0.010135094880638684,3.375436305999756
2010-11-26,0.04515057136072298,3.527839183807373
2010-11-29,-0.008000024329535393,3.4996163845062256
2010-11-30,-0.07258073141894017,3.2456116676330566
2010-12-01,0.06086961057018536,3.4431707859039307
2010-12-02,-0.0016392801265501245,3.4375264644622803
2010-12-03,0.0,3.4375264644622803
2010-12-06,0.0016419717782545362,3.4431707859039307
2010-12-07,0.024590240556776388,3.527839183807373
2010-12-08,0.0,3.527839183807373
2010-12-09,0.0,3.527839183807373
2010-12-10,0.016000048659070787,3.584284782409668
2010-12-13,0.0,3.584284782409668
2010-12-14,0.015747679528096414,3.6407289505004883
2010-12-15,0.0,3.6407289505004883
2010-12-16,0.0,3.6407289505004883
2010-12-17,-0.007751701928524923,3.6125071048736572
2010-12-20,-0.04687501340586264,3.4431707859039307
2010-12-21,0.024590240556776388,3.527839183807373
2010-12-22,-0.008000024329535393,3.4996163845062256
2010-12-23,0.0016128400434514134,3.505260705947876
2010-12-27,0.006441312003179878,3.527839183807373
2010-12-28,0.00799988916544958,3.5560615062713623
2010-12-29,-0.00793639885424291,3.527839183807373
2010-12-30,0.0,3.527839183807373
2010-12-31,0.00799988916544958,3.5560615062713623
2011-01-03,0.0,3.5560615062713623
2011-01-04,0.0,3.5560615062713623
2011-01-05,0.0,3.5560615062713623
2011-01-06,0.0,3.5560615062713623
2011-01-07,-0.019047612023785354,3.4883270263671875
2011-01-10,-0.00485417915148445,3.4713940620422363
2011-01-11,0.008129967949356276,3.4996163845062256
2011-01-12,-0.01774192174857636,3.4375264644622803
2011-01-13,-0.014778300865076477,3.386725664138794
2011-01-14,-0.008333288161308738,3.3585031032562256
2011-01-18,-0.008403457389205005,3.330280065536499
2011-01-19,0.0,3.330280065536499
2011-01-20,-0.016948918354374287,3.2738354206085205
2011-01-21,0.0,3.2738354206085205
2011-01-24,0.017241136977339755,3.330280065536499
2011-01-25,-0.00847453076833693,3.3020575046539307
2011-01-26,0.0,3.3020575046539307
2011-01-27,0.04273495572112673,3.4431707859039307
2011-01-28,0.0,3.4431707859039307
2011-01-31,0.03278684892123196,3.5560615062713623
2011-02-01,0.0,3.5560615062713623
2011-02-02,0.01587306589122517,3.6125071048736572
2011-02-03,0.0,3.6125071048736572
2011-02-04,0.031250030936605944,3.725398063659668
2011-02-07,0.030303123391246523,3.838289260864258
2011-02-08,0.0,3.838289260864258
2011-02-09,-0.016176456703517084,3.7761993408203125
2011-02-10,-0.05829613711577242,3.5560615062713623
2011-02-11,-0.02539683838027551,3.4657487869262695
2011-02-14,0.017915434931500274,3.527839183807373
2011-02-15,-0.03199996215405598,3.4149484634399414
2011-02-16,-0.016528905425078455,3.3585031032562256
2011-02-17,0.0,3.3585031032562256
2011-02-18,0.008403315410131729,3.386725664138794
2011-02-22,0.008333358559269088,3.4149484634399414
2011-02-23,-0.011570352485022362,3.375436305999756
2011-02-24,-0.013377897364851066,3.330280065536499
2011-02-25,-0.00847453076833693,3.3020575046539307
2011-02-28,-0.022222289611723123,3.2286782264709473
2011-03-01,-0.01923082887401606,3.166588068008423
2011-03-02,-0.028520514006071362,3.07627534866333
2011-03-03,0.0,3.07627534866333
2011-03-04,-0.00917426357651352,3.0480527877807617
2011-03-07,0.0,3.0480527877807617
2011-03-08,0.0,3.0480527877807617
2011-03-09,-0.014814704727458161,3.002896785736084
2011-03-10,0.0,3.002896785736084
2011-03-11,-0.009398365803995223,2.9746744632720947
2011-03-14,-0.02277046418324602,2.906939744949341
2011-03-15,-0.02524295701265744,2.833559989929199
2011-03-16,0.015936221792990812,2.878716230392456
2011-03-17,0.009804201698976334,2.906939744949341
2011-03-18,-0.01165060185330613,2.8730721473693848
2011-03-21,0.0,2.8730721473693848
2011-03-22,0.03143411522373518,2.9633846282958984
2011-03-23,0.0,2.9633846282958984
2011-03-24,0.009523839407028722,2.991607427597046
2011-03-25,0.015094466233721793,3.036764144897461
2011-03-28,0.0,3.036764144897461
2011-03-29,-0.06877336086861763,2.827915668487549
2011-03-30,0.06786448315498905,3.0198307037353516
2011-03-31,0.009345584840402266,3.0480527877807617
2011-04-01,-0.012962925301498895,3.0085411071777344
2011-04-04,0.0,3.0085411071777344
2011-04-05,-0.01876178406458462,2.9520955085754395
2011-04-06,-0.0038240230605979253,2.9408066272735596
2011-04-07,-0.04030706375874704,2.8222713470458984
2011-04-08,0.0,2.8222713470458984
2011-04-11,0.0019999216048303126,2.827915668487549
2011-04-12,0.0,2.827915668487549
2011-04-13,0.0,2.827915668487549
2011-04-14,0.0,2.827915668487549
2011-04-15,-0.011976085262645153,2.794048309326172
2011-04-18,0.052525333029327825,2.9408066272735596
2011-04-19,0.036679798521837226,3.0486748218536377
2011-04-20,-0.0019193608793383055,3.042823314666748
2011-04-21,0.0249999882468408,3.11889386177063
2011-04-25,0.0,3.11889386177063
2011-04-26,0.0037522964526710556,3.130596876144409
2011-04-27,0.0037384216729148267,3.1423003673553467
2011-04-28,-0.0037244979291357616,3.130596876144409
2011-04-29,0.0,3.130596876144409
2011-05-02,0.0,3.130596876144409
2011-05-03,-0.009345825709645594,3.1013388633728027
2011-05-04,0.018867988349900777,3.1598548889160156
2011-05-05,0.09259259818165799,3.4524340629577637
2011-05-06,0.01694920872524386,3.5109500885009766
2011-05-09,0.0,3.5109500885009766
2011-05-10,0.0,3.5109500885009766
2011-05-11,-0.048333314319334186,3.341254234313965
2011-05-12,-0.019264624914265727,3.276886224746704
2011-05-13,0.07142874292877388,3.5109500885009766
2011-05-16,0.0,3.5109500885009766
2011-05-17,0.0,3.5109500885009766
2011-05-18,-0.025000081488567916,3.4231760501861572
2011-05-19,0.0,3.4231760501861572
2011-05-20,-0.017094004593030343,3.3646602630615234
2011-05-23,-0.026087043401806453,3.276886224746704
2011-05-24,0.0017857640467577873,3.282737970352173
2011-05-25,0.0035651615561878014,3.2944414615631104
2011-05-26,0.0,3.2944414615631104
2011-05-27,0.003552496332833499,3.306144952774048
2011-05-31,-0.04424792800911115,3.1598548889160156
2011-06-01,0.0,3.1598548889160156
2011-06-02,0.11481468291287245,3.5226526260375977
2011-06-03,-0.008305405671009791,3.4933955669403076
2011-06-06,-0.12897830882295236,3.042823314666748
2011-06-07,0.10769231733592544,3.370512008666992
2011-06-08,0.041666690245535154,3.5109500885009766
2011-06-09,0.07499970120858412,3.7742702960968018
2011-06-10,-0.05426337883155086,3.5694656372070312
2011-06-13,-0.024589978882436303,3.4816925525665283
2011-06-14,0.008403250859378986,3.5109500885009766
2011-06-15,-0.04166673457380665,3.3646602630615234
2011-06-16,-0.01739114968898292,3.306144952774048
2011-06-17,0.0,3.306144952774048
2011-06-20,0.0,3.306144952774048
2011-06-21,-0.00884980194313445,3.276886224746704
2011-06-22,-0.033928571038798205,3.165706157684326
2011-06-23,0.0,3.165706157684326
2011-06-24,0.025878122304268114,3.247628688812256
2011-06-27,0.0,3.247628688812256
2011-06-28,-0.02702704290013569,3.1598548889160156
2011-06-29,-0.009259289999118736,3.130596876144409
2011-06-30,0.0,3.130596876144409
2011-07-01,0.009345825709645483,3.1598548889160156
2011-07-05,0.05185170709505904,3.3236987590789795
2011-07-06,0.029929695293668512,3.4231760501861572
2011-07-07,0.025641111362077362,3.5109500885009766
2011-07-08,-0.016666720992378647,3.4524340629577637
2011-07-11,0.0,3.4524340629577637
2011-07-12,0.008474742478846498,3.4816925525665283
2011-07-13,0.008403250859378986,3.5109500885009766
2011-07-14,0.0,3.5109500885009766
2011-07-15,0.0,3.5109500885009766
2011-07-18,0.0,3.5109500885009766
2011-07-19,0.01499980442743687,3.5636136531829834
2011-07-20,0.0016421488392326378,3.5694656372070312
2011-07-21,0.021311666812722674,3.6455368995666504
2011-07-22,-0.009630953618883331,3.610426902770996
2011-07-25,0.0,3.610426902770996
2011-07-26,-0.019448957646282516,3.540207862854004
2011-07-27,-0.013223035970536978,3.4933955669403076
2011-07-28,0.0,3.4933955669403076
2011-07-29,0.0,3.4933955669403076
2011-08-01,0.005025059780459973,3.5109500885009766
2011-08-02,0.0,3.5109500885009766
2011-08-03,-0.008333224681909335,3.4816925525665283
2011-08-04,-0.10084051682372386,3.130596876144409
2011-08-05,0.009345825709645483,3.1598548889160156
2011-08-08,-0.055555739994712305,2.984306812286377
2011-08-09,0.029411947984715248,3.0720810890197754
2011-08-10,-0.0038095520441137065,3.060377836227417
2011-08-11,0.013384303944600218,3.1013388633728027
2011-08-12,0.018867988349900777,3.1598548889160156
2011-08-15,0.0,3.1598548889160156
2011-08-16,0.0,3.1598548889160156
2011-08-17,0.0,3.1598548889160156
2011-08-18,-0.027777794544973866,3.0720810890197754
2011-08-19,0.0,3.0720810890197754
2011-08-22,0.0,3.0720810890197754
2011-08-23,0.0,3.0720810890197754
2011-08-24,-0.009523763698035315,3.042823314666748
2011-08-25,0.009615337904110843,3.0720810890197754
2011-08-26,0.0,3.0720810890197754
2011-08-29,0.0,3.0720810890197754
2011-08-30,0.0,3.0720810890197754
2011-08-31,0.015238130568288932,3.11889386177063
2011-09-01,0.013133190470974165,3.1598548889160156
2011-09-02,0.0,3.1598548889160156
2011-09-06,0.0,3.1598548889160156
2011-09-07,0.0,3.1598548889160156
2011-09-08,0.01851850454585513,3.2183706760406494
2011-09-09,-0.009090939396577125,3.189112663269043
2011-09-12,0.04587163919430082,3.335402488708496
2011-09-13,-0.017543988816908884,3.276886224746704
2011-09-14,0.0017857640467577873,3.282737970352173
2011-09-15,0.016042863863019008,3.335402488708496
2011-09-16,0.017544060298110953,3.393918991088867
2011-09-19,0.0,3.393918991088867
2011-09-20,0.0,3.393918991088867
2011-09-21,0.008620435306236907,3.4231760501861572
2011-09-22,-0.06837608802047601,3.189112663269043
2011-09-23,0.04587163919430082,3.335402488708496
2011-09-26,0.0,3.335402488708496
2011-09-27,-0.008771815705449382,3.306144952774048
2011-09-28,-0.026548828919237377,3.2183706760406494
2011-09-29,0.0,3.2183706760406494
2011-09-30,0.0,3.2183706760406494
2011-10-03,-0.01818180471263242,3.1598548889160156
2011-10-04,-0.018518579998237472,3.1013388633728027
2011-10-05,0.009433994174950389,3.130596876144409
2011-10-06,0.0,3.130596876144409
2011-10-07,0.0,3.130596876144409
2011-10-10,0.009345825709645483,3.1598548889160156
2011-10-11,0.0,3.1598548889160156
2011-10-12,0.0,3.1598548889160156
2011-10-13,0.009259214546736505,3.189112663269043
2011-10-14,0.0,3.189112663269043
2011-10-17,0.0,3.189112663269043
2011-10-18,0.031192705680905153,3.2885897159576416
2011-10-19,-0.008896826694322568,3.259331703186035
2011-10-20,0.023339381336395126,3.335402488708496
2011-10-21,0.02631573304115631,3.4231760501861572
2011-10-24,0.0,3.4231760501861572
2011-10-25,0.025641111362077362,3.5109500885009766
2011-10-26,-0.008333224681909335,3.4816925525665283
2011-10-27,0.01680657019653875,3.540207862854004
2011-10-28,0.008264422736308008,3.5694656372070312
2011-10-31,-0.016393363784233173,3.5109500885009766
2011-11-01,0.0,3.5109500885009766
2011-11-02,0.0,3.5109500885009766
2011-11-03,0.0,3.5109500885009766
2011-11-04,-0.016666720992378647,3.4524340629577637
2011-11-07,0.0,3.4524340629577637
2011-11-08,0.0016948241911671769,3.458285331726074
2011-11-09,-0.010152222321804016,3.4231760501861572
2011-11-10,0.00854703712069238,3.4524340629577637
2011-11-11,0.0,3.4524340629577637
2011-11-14,-0.016948932492794833,3.393918991088867
2011-11-15,0.0,3.393918991088867
2011-11-16,0.008620435306236907,3.4231760501861572
2011-11-17,0.0,3.4231760501861572
2011-11-18,0.0,3.4231760501861572
2011-11-21,0.0,3.4231760501861572
2011-11-22,-0.025640972065368306,3.335402488708496
2011-11-23,0.0,3.335402488708496
2011-11-25,0.0,3.335402488708496
2011-11-28,0.0,3.335402488708496
2011-11-29,0.0,3.335402488708496
2011-11-30,0.0,3.335402488708496
2011-12-01,0.014035119572325172,3.3822152614593506
2011-12-02,0.029411874590222098,3.4816925525665283
2011-12-05,0.0,3.4816925525665283
2011-12-06,0.0,3.4816925525665283
2011-12-07,-0.016806912585442313,3.4231760501861572
2011-12-08,0.0,3.4231760501861572
2011-12-09,-0.008546758527274378,3.393918991088867
2011-12-12,0.0,3.393918991088867
2011-12-13,0.0,3.393918991088867
2011-12-14,0.0,3.393918991088867
2011-12-15,-0.017241573100010066,3.335402488708496
2011-12-16,0.0,3.335402488708496
2011-12-19,0.0,3.335402488708496
2011-12-20,-0.017543988816908884,3.276886224746704
2011-12-21,0.017857276679270395,3.335402488708496
2011-12-22,0.0,3.335402488708496
2011-12-23,0.0,3.335402488708496
2011-12-27,0.00877188718665134,3.3646602630615234
2011-12-28,-0.008695610274306098,3.335402488708496
2011-12-29,0.0,3.335402488708496
2011-12-30,0.02631573304115631,3.4231760501861572
2012-01-03,0.0,3.4231760501861572
2012-01-04,0.029059731194961635,3.5226526260375977
2012-01-05,0.004983527665103127,3.540207862854004
2012-01-06,0.0,3.540207862854004
2012-01-09,0.0,3.540207862854004
2012-01-10,-0.008264422736308119,3.5109500885009766
2012-01-11,0.0,3.5109500885009766
2012-01-12,0.0,3.5109500885009766
2012-01-13,0.0,3.5109500885009766
2012-01-17,0.0,3.5109500885009766
2012-01-18,0.0,3.5109500885009766
2012-01-19,0.008333292589049357,3.540207862854004
2012-01-20,0.008264422736308008,3.5694656372070312
2012-01-23,0.016393363784233284,3.627981185913086
2012-01-24,-0.01612895594201591,3.5694656372070312
2012-01-25,0.0,3.5694656372070312
2012-01-26,-0.008196681892116642,3.540207862854004
2012-01-27,0.0,3.540207862854004
2012-01-30,-0.008264422736308119,3.5109500885009766
2012-01-31,-0.008333224681909335,3.4816925525665283
2012-02-01,0.008403250859378986,3.5109500885009766
2012-02-02,0.0,3.5109500885009766
2012-02-03,0.03333317035619743,3.627981185913086
2012-02-06,0.012903453906641493,3.6747946739196777
2012-02-07,0.0,3.6747946739196777
2012-02-08,0.0,3.6747946739196777
2012-02-09,0.0,3.6747946739196777
2012-02-10,0.0,3.6747946739196777
2012-02-13,0.0,3.6747946739196777
2012-02-14,0.007961679095186192,3.704052209854126
2012-02-15,0.0031596453148803327,3.7157557010650635
2012-02-16,0.0,3.7157557010650635
2012-02-17,0.0,3.7157557010650635
2012-02-21,0.0,3.7157557010650635
2012-02-22,0.0,3.7157557010650635
2012-02-23,0.007873976845313324,3.745013475418091
2012-02-24,-0.007812461702760953,3.7157557010650635
2012-02-27,0.0,3.7157557010650635
2012-02-28,0.020472237135057192,3.791825532913208
2012-02-29,0.010802518525290683,3.832786798477173
2012-03-01,-0.0015267600086166233,3.826935052871704
2012-03-02,0.01681979105904574,3.891303300857544
2012-03-05,0.0,3.891303300857544
2012-03-06,-0.016541565385472468,3.826935052871704
2012-03-07,0.0,3.826935052871704
2012-03-08,-0.021406576365109675,3.745013475418091
2012-03-09,0.007812207050989173,3.7742702960968018
2012-03-12,0.0,3.7742702960968018
2012-03-13,0.01240351103383941,3.821084499359131
2012-03-14,0.018376668066406365,3.891303300857544
2012-03-15,0.009022438089984153,3.926412343978882
2012-03-16,0.0,3.926412343978882
2012-03-19,0.0,3.926412343978882
2012-03-20,0.0014903543216602255,3.9322640895843506
2012-03-21,0.0,3.9322640895843506
2012-03-22,0.0014880758396642602,3.9381155967712402
2012-03-23,0.0,3.9381155967712402
2012-03-26,0.004457654821925727,3.9556703567504883
2012-03-27,0.0,3.9556703567504883
2012-03-28,0.0,3.9556703567504883
2012-03-29,0.0,3.9556703567504883
2012-03-30,0.0,3.9556703567504883
2012-04-02,0.05029568537311513,4.154623508453369
2012-04-03,0.0,4.154623508453369
2012-04-04,0.014084670310392289,4.21314001083374
2012-04-05,0.0,4.21314001083374
2012-04-09,0.0,4.21314001083374
2012-04-10,-0.016666789276783334,4.14292049407959
2012-04-11,-0.011299404465804352,4.0961079597473145
2012-04-12,0.004285833525122573,4.113663196563721
2012-04-13,0.002845029029288071,4.125366687774658
2012-04-16,0.0,4.125366687774658
2012-04-17,0.01418444225009674,4.183882713317871
2012-04-18,0.00839149792836702,4.218991756439209
2012-04-19,0.01248266955188182,4.271656036376953
2012-04-20,0.006849281427125931,4.3009138107299805
2012-04-23,-0.008954762203051803,4.262400150299072
2012-04-24,0.019773907329323714,4.346684455871582
2012-04-25,-0.0027701785213969377,4.334643363952637
2012-04-26,-0.006944354300566946,4.304542064666748
2012-04-27,0.006992915583976078,4.334643363952637
2012-04-30,0.0,4.334643363952637
2012-05-01,0.0,4.334643363952637
2012-05-02,-0.008333181158245329,4.298521995544434
2012-05-03,-0.029411666826036797,4.17209529876709
2012-05-04,-0.02597423080905714,4.063728332519531
2012-05-07,0.019259336964296825,4.141993045806885
2012-05-08,-0.033430116933515164,4.003525733947754
2012-05-09,0.012030130531174299,4.0516886711120605
2012-05-10,0.0,4.0516886711120605
2012-05-11,0.028231587899127275,4.166074275970459
2012-05-14,-0.020231109670476588,4.081789970397949
2012-05-15,0.0,4.081789970397949
2012-05-16,-0.004424930731224519,4.063728332519531
2012-05-17,-0.014814621855996801,4.003525733947754
2012-05-18,0.0,4.003525733947754
2012-05-21,0.03007502856716804,4.123931884765625
2012-05-22,0.014598465030747576,4.1841349601745605
2012-05-23,0.0,4.1841349601745605
2012-05-24,-0.02158256737757258,4.093830585479736
2012-05-25,0.0,4.093830585479736
2012-05-29,0.02205864967034099,4.1841349601745605
2012-05-30,-0.007194379064424106,4.1540327072143555
2012-05-31,0.0,4.1540327072143555
2012-06-01,-0.02173896573755707,4.063728332519531
2012-06-04,-0.022222226133549627,3.9734232425689697
2012-06-05,0.0,3.9734232425689697
2012-06-06,0.0,3.9734232425689697
2012-06-07,0.0,3.9734232425689697
2012-06-08,0.053030272574073445,4.1841349601745605
2012-06-11,0.0,4.1841349601745605
2012-06-12,0.0,4.1841349601745605
2012-06-13,-0.004316467890258524,4.166074275970459
2012-06-14,0.0,4.166074275970459
2012-06-15,0.001445250947962995,4.17209529876709
2012-06-18,0.0,4.17209529876709
2012-06-19,0.024530722720954357,4.274439811706543
2012-06-20,-0.0028166641566684802,4.262400150299072
2012-06-21,0.0,4.262400150299072
2012-06-22,-0.0042374336621470166,4.244338512420654
2012-06-25,0.0,4.244338512420654
2012-06-26,0.014184437002353611,4.304542064666748
2012-06-27,-0.008391454390630937,4.268420696258545
2012-06-28,-0.012694147043292192,4.214236736297607
2012-06-29,0.0,4.214236736297607
2012-07-02,0.007142877348056187,4.244338512420654
2012-07-03,0.0,4.244338512420654
2012-07-05,0.0,4.244338512420654
2012-07-06,0.0,4.244338512420654
2012-07-09,0.0,4.244338512420654
2012-07-10,-0.009928858739046031,4.202197074890137
2012-07-11,0.0,4.202197074890137
2012-07-12,-0.024355454650056285,4.099850654602051
2012-07-13,0.0,4.099850654602051
2012-07-16,0.0,4.099850654602051
2012-07-17,0.002937074974325382,4.111892223358154
2012-07-18,0.004392188896476856,4.129952430725098
2012-07-19,-0.008746310242372268,4.093830585479736
2012-07-20,0.0,4.093830585479736
2012-07-23,0.0,4.093830585479736
2012-07-24,-0.013235399460827857,4.039647102355957
2012-07-25,-0.0014902462937427252,4.033627033233643
2012-07-26,0.004477765973305292,4.0516886711120605
2012-07-27,0.0,4.0516886711120605
2012-07-30,0.007429321877691741,4.081789970397949
2012-07-31,0.0,4.081789970397949
2012-08-01,0.0,4.081789970397949
2012-08-02,-0.026548825053439584,3.9734232425689697
2012-08-03,0.0,3.9734232425689697
2012-08-06,0.01515161788446906,4.033627033233643
2012-08-07,0.022388002358162407,4.123931884765625
2012-08-08,0.0,4.123931884765625
2012-08-09,-0.014598580657574356,4.063728332519531
2012-08-10,0.0,4.063728332519531
2012-08-13,-0.013333323946147613,4.00954532623291
2012-08-14,0.0015014343603818592,4.015565395355225
2012-08-15,0.004497906546188979,4.033627033233643
2012-08-16,0.0,4.033627033233643
2012-08-17,0.022388002358162407,4.123931884765625
2012-08-20,0.0,4.123931884765625
2012-08-21,-0.005839386012298942,4.099850654602051
2012-08-22,-0.004405205390549671,4.081789970397949
2012-08-23,-0.00147497691040821,4.075769424438477
2012-08-24,0.0,4.075769424438477
2012-08-27,0.0,4.075769424438477
2012-08-28,0.007385544418326395,4.105871200561523
2012-08-29,0.0,4.105871200561523
2012-08-30,-0.00733139805236227,4.075769424438477
2012-08-31,-0.005908271744232363,4.0516886711120605
2012-09-04,0.002971516911778549,4.063728332519531
2012-09-05,0.0,4.063728332519531
2012-09-06,0.002963065178985369,4.075769424438477
2012-09-07,-0.005908271744232363,4.0516886711120605
2012-09-10,0.0,4.0516886711120605
2012-09-11,0.013372826455244846,4.105871200561523
2012-09-12,0.004398745923065439,4.123931884765625
2012-09-13,0.021897755359534754,4.214236736297607
2012-09-14,0.025714381082825755,4.322603225708008
2012-09-17,0.0,4.322603225708008
2012-09-18,-0.00417830647371098,4.304542064666748
2012-09-19,-0.013986052718654163,4.244338512420654
2012-09-20,-0.01843967822574999,4.166074275970459
2012-09-21,0.026011426719184216,4.274439811706543
2012-09-24,0.0,4.274439811706543
2012-09-25,0.0,4.274439811706543
2012-09-26,-0.014084436338079986,4.214236736297607
2012-09-27,0.0,4.214236736297607
2012-09-28,0.0,4.214236736297607
2012-10-01,0.0,4.214236736297607
2012-10-02,0.0,4.214236736297607
2012-10-03,-0.0014285075801421243,4.208216667175293
2012-10-04,0.0014305511332797227,4.214236736297607
2012-10-05,0.0,4.214236736297607
2012-10-08,0.0,4.214236736297607
2012-10-09,0.0,4.214236736297607
2012-10-10,0.0,4.214236736297607
2012-10-11,0.007142877348056187,4.244338512420654
2012-10-12,0.005673954555560634,4.268420696258545
2012-10-15,0.0014101504692998201,4.274439811706543
2012-10-16,0.011267772181411617,4.322603225708008
2012-10-17,0.009749197917829466,4.364745140075684
2012-10-18,0.02896553396753654,4.4911723136901855
2012-10-19,0.018766660391896117,4.575456619262695
2012-10-22,0.014473872348372607,4.64168119430542
2012-10-23,-0.015564224319522979,4.569437026977539
2012-10-24,0.0,4.569437026977539
2012-10-25,-0.014492835291215367,4.503212928771973
2012-10-26,-0.017379537865729988,4.4249491691589355
2012-10-31,0.0,4.4249491691589355
2012-11-01,0.0,4.4249491691589355
2012-11-02,0.0,4.4249491691589355
2012-11-05,0.0,4.4249491691589355
2012-11-06,0.032652998327225236,4.569437026977539
2012-11-07,0.011857594082066214,4.623619556427002
2012-11-08,-0.003906178694783935,4.6055588722229
2012-11-09,0.006536069518459087,4.6356611251831055
2012-11-12,0.0,4.6356611251831055
2012-11-13,0.0,4.6356611251831055
2012-11-14,0.0,4.6356611251831055
2012-11-15,0.006493420997139898,4.665762424468994
2012-11-16,0.0,4.665762424468994
2012-11-19,0.03225815352833017,4.8162713050842285
2012-11-20,0.0,4.8162713050842285
2012-11-21,0.0,4.8162713050842285
2012-11-23,0.00874980557802707,4.858412742614746
2012-11-26,0.0,4.858412742614746
2012-11-27,0.016109013498115,4.936676979064941
2012-11-28,-0.018292639343214012,4.846372127532959
2012-11-29,0.012422395693485466,4.906575679779053
2012-11-30,-0.015950887453491713,4.828311443328857
2012-12-03,0.0,4.828311443328857
2012-12-04,0.011222035645327644,4.882494926452637
2012-12-05,0.011097206126882808,4.936676979064941
2012-12-06,0.0,4.936676979064941
2012-12-07,-0.012195060698571125,4.876473903656006
2012-12-10,0.0,4.876473903656006
2012-12-11,-0.006172857010570465,4.846372127532959
2012-12-12,0.0,4.846372127532959
2012-12-13,-0.011180018377384582,4.792189598083496
2012-12-14,0.0,4.792189598083496
2012-12-17,0.006281424285693005,4.822291374206543
2012-12-18,0.017478061575318504,4.906575679779053
2012-12-19,-0.006134986615431659,4.876473903656006
2012-12-20,0.0,4.876473903656006
2012-12-21,-0.00493795314562151,4.852394104003906
2012-12-24,-0.001241032022930355,4.846372127532959
2012-12-26,0.0,4.846372127532959
2012-12-27,0.0,4.846372127532959
2012-12-28,0.0,4.846372127532959
2012-12-31,0.031056186014788656,4.99688196182251
2013-01-02,0.012048032959701915,5.057084560394287
2013-01-03,0.0,5.057084560394287
2013-01-04,0.011904888748500264,5.117288589477539
2013-01-07,0.0,5.117288589477539
2013-01-08,0.012941061144650323,5.183511734008789
2013-01-09,0.0,5.183511734008789
2013-01-10,-0.0011612961625343532,5.177492141723633
2013-01-11,0.005813692186802832,5.207592487335205
2013-01-14,0.00809267333833108,5.2497358322143555
2013-01-15,0.0034403942633511875,5.267796993255615
2013-01-16,0.0,5.267796993255615
2013-01-17,0.0,5.267796993255615
2013-01-18,0.0,5.267796993255615
2013-01-22,0.011428510909971212,5.328000068664551
2013-01-23,0.00564964318655381,5.3581013679504395
2013-01-24,0.01685397908096764,5.44840669631958
2013-01-25,-0.0055249643864764275,5.418304443359375
2013-01-28,-0.033333427205190724,5.237693786621094
2013-01-29,0.011494377398891586,5.297897815704346
2013-01-30,0.0,5.297897815704346
2013-01-31,0.00113649281395789,5.303918838500977
2013-02-01,0.0,5.303918838500977
2013-02-04,0.004540271240345728,5.328000068664551
2013-02-05,0.022598841235602407,5.44840669631958
2013-02-06,-0.004419866486810031,5.424325466156006
2013-02-07,0.0,5.424325466156006
2013-02-08,0.01553820951533691,5.508609771728516
2013-02-11,0.0,5.508609771728516
2013-02-12,0.007650277102785319,5.55075216293335
2013-02-13,0.005423008493165904,5.5808539390563965
2013-02-14,-0.01186613110724899,5.5146307945251465
2013-02-15,-0.010916972985517748,5.454427719116211
2013-02-19,-0.006622743506203954,5.418304443359375
2013-02-20,0.0,5.418304443359375
2013-02-21,0.022222284803460557,5.5387115478515625
2013-02-22,0.0,5.5387115478515625
2013-02-25,0.0,5.5387115478515625
2013-02-26,-0.016304306651790057,5.44840669631958
2013-02-27,0.005525051905118872,5.478509426116943
2013-02-28,-0.010989299839580746,5.418304443359375
2013-03-01,0.02777803201405815,5.568814277648926
2013-03-04,0.0,5.568814277648926
2013-03-05,0.0,5.568814277648926
2013-03-06,0.01081075295517886,5.629017353057861
2013-03-07,0.0,5.629017353057861
2013-03-08,0.02887672539507946,5.79156494140625
2013-03-11,0.0,5.79156494140625
2013-03-12,0.003118446289875454,5.809625625610352
2013-03-13,-0.041450407217268226,5.568814277648926
2013-03-14,-0.023783999006734557,5.436365604400635
2013-03-15,0.02214836830649558,5.556772232055664
2013-03-18,0.018418236194839732,5.659118175506592
2013-03-19,0.0,5.659118175506592
2013-03-20,-0.010638158933019337,5.5989155769348145
2013-03-21,0.0,5.5989155769348145
2013-03-22,0.013978463396128182,5.67717981338501
2013-03-25,0.0021207956486144486,5.689219951629639
2013-03-26,0.010581872222136912,5.749422550201416
2013-03-27,0.010471151647538424,5.809625625610352
2013-03-28,0.0,5.809625625610352
2013-04-01,0.025906648145697986,5.9601335525512695
2013-04-02,-0.010100720792018403,5.899931907653809
2013-04-03,0.005101893194679352,5.930032730102539
2013-04-04,0.0,5.930032730102539
2013-04-05,0.0,5.930032730102539
2013-04-08,0.0,5.930032730102539
2013-04-09,-0.014212965717768644,5.845749378204346
2013-04-10,0.01441788664639665,5.930032730102539
2013-04-11,0.0,5.930032730102539
2013-04-12,-0.0010149418872997806,5.924014091491699
2013-04-15,0.0,5.924014091491699
2013-04-16,0.008130038109855464,5.972176551818848
2013-04-17,-0.004032156972834655,5.948095798492432
2013-04-18,-0.008097362999908375,5.899931907653809
2013-04-19,-0.0051022972986297654,5.869828701019287
2013-04-22,0.007179736217683974,5.911972522735596
2013-04-23,0.016524597515547468,6.009665489196777
2013-04-24,0.0,6.009665489196777
2013-04-25,0.0,6.009665489196777
2013-04-26,0.005075940345858676,6.040170192718506
2013-04-29,0.0030306726332787193,6.058475971221924
2013-04-30,-0.0030215154092170238,6.040170192718506
2013-05-01,0.0,6.040170192718506
2013-05-02,0.020202247465985756,6.162195205688477
2013-05-03,0.019802043788390566,6.284219264984131
2013-05-06,0.009708730497232532,6.345231056213379
2013-05-07,-0.010576832464687103,6.27811861038208
2013-05-08,0.0009717329315763745,6.284219264984131
2013-05-09,0.0,6.284219264984131
2013-05-10,-0.0009707895833686031,6.27811861038208
2013-05-13,0.010689897721956942,6.345231056213379
2013-05-14,-0.019230905076864535,6.223206520080566
2013-05-15,-0.049019577795128555,5.918147563934326
2013-05-16,-0.03092773454416975,5.73511266708374
2013-05-17,0.005319103384163748,5.765618324279785
2013-05-20,0.017989347450720672,5.869338035583496
2013-05-21,0.029105864426162142,6.040170192718506
2013-05-22,0.0,6.040170192718506
2013-05-23,0.0,6.040170192718506
2013-05-24,-0.008080504264769806,5.991362571716309
2013-05-28,0.002036721959238763,6.003565311431885
2013-05-29,-0.010162831346990142,5.942552089691162
2013-05-30,-0.016426805836901037,5.844934940338135
2013-05-31,-0.03131545621423626,5.661898136138916
2013-06-03,0.0,5.661898136138916
2013-06-04,-0.014008585749824776,5.582582950592041
2013-06-05,0.051366023134693295,5.869338035583496
2013-06-06,0.008316019294666077,5.918147563934326
2013-06-07,0.0,5.918147563934326
2013-06-10,-0.0010308385413079213,5.912046909332275
2013-06-11,-0.024767832072061235,5.765618324279785
2013-06-12,-0.03703680424183253,5.5520782470703125
2013-06-13,0.05384593979569119,5.851035118103027
2013-06-14,0.02189778582960278,5.979159832000732
2013-06-17,0.010203835059106936,6.040170192718506
2013-06-18,0.0,6.040170192718506
2013-06-19,0.004040607381847083,6.064576148986816
2013-06-20,-0.024144900064772656,5.918147563934326
2013-06-21,-0.0051546761387144535,5.887641429901123
2013-06-24,-0.015543991514243793,5.79612398147583
2013-06-25,-0.002105327586948702,5.783921241760254
2013-06-26,-0.01898709966444523,5.67410135269165
2013-06-27,-0.021505274234034144,5.5520782470703125
2013-06-28,0.027472458576214498,5.7046074867248535
2013-07-01,0.026737651888935954,5.85713529586792
2013-07-02,0.005208371070875684,5.887641429901123
2013-07-03,-0.005181384497750519,5.85713529586792
2013-07-05,0.0,5.85713529586792
2013-07-08,0.010416742141751367,5.918147563934326
2013-07-09,-0.0051546761387144535,5.887641429901123
2013-07-10,0.0,5.887641429901123
2013-07-11,-0.010362607016493275,5.826630115509033
2013-07-12,0.0,5.826630115509033
2013-07-15,-0.01151830841120649,5.759517192840576
2013-07-16,-0.026483073387002398,5.606987476348877
2013-07-17,0.0,5.606987476348877
2013-07-18,0.0,5.606987476348877
2013-07-19,0.0065291203410580145,5.643596172332764
2013-07-22,-0.016216242705512807,5.5520782470703125
2013-07-23,-0.01098934414515429,5.491064548492432
2013-07-24,-0.01222203243131903,5.423952579498291
2013-07-25,-0.004499398805417498,5.399548053741455
2013-07-26,-0.011299425548583097,5.338536262512207
2013-07-29,0.0,5.338536262512207
2013-07-30,-0.009142956568589322,5.289726257324219
2013-07-31,-0.006920446104696887,5.253118991851807
2013-08-01,0.05110347676581206,5.521571636199951
2013-08-02,-0.017679578050144307,5.423952579498291
2013-08-05,0.006749098208126192,5.460559368133545
2013-08-06,0.005586457046306892,5.491064548492432
2013-08-07,-0.0011111017518240507,5.484963417053223
2013-08-08,0.0,5.484963417053223
2013-08-09,-0.0100109521141023,5.4300537109375
2013-08-12,0.010112184711013272,5.484963417053223
2013-08-13,0.00222484921499988,5.497166633605957
2013-08-14,0.00443956027179504,5.521571636199951
2013-08-15,0.005524986884233751,5.5520782470703125
2013-08-16,0.0,5.5520782470703125
2013-08-19,0.0,5.5520782470703125
2013-08-20,0.00219752529125139,5.564279079437256
2013-08-21,0.002193049547186021,5.576481819152832
2013-08-22,0.006564580798359643,5.613089084625244
2013-08-23,-0.0032608415868120577,5.594785690307617
2013-08-26,0.005452600997041257,5.62529182434082
2013-08-27,0.0010843350208677993,5.631391525268555
2013-08-28,0.00975098485302639,5.68630313873291
2013-08-29,0.02360511602390991,5.820528984069824
2013-08-30,0.0,5.820528984069824
2013-09-03,0.02201247299192377,5.948653221130371
2013-09-04,-0.005128161965751388,5.918147563934326
2013-09-05,0.005154595566685183,5.948653221130371
2013-09-06,0.0,5.948653221130371
2013-09-09,0.005128322283436848,5.979159832000732
2013-09-10,0.0,5.979159832000732
2013-09-11,-0.010204154058546133,5.918147563934326
2013-09-12,-0.041236925677540226,5.67410135269165
2013-09-13,-0.010752763173231594,5.613089084625244
2013-09-16,0.013043451298181852,5.68630313873291
2013-09-17,-0.034334889554267445,5.491064548492432
2013-09-18,-0.02444441221762106,5.356838703155518
2013-09-19,0.03644678414524338,5.5520782470703125
2013-09-20,-0.015384824149881404,5.466660499572754
2013-09-23,0.015625215340194343,5.5520782470703125
2013-09-24,-0.0010990632411828072,5.545976161956787
2013-09-25,-0.004400402209486787,5.521571636199951
2013-09-26,-0.02209942938320275,5.399548053741455
2013-09-27,0.016948917546453446,5.491064548492432
2013-09-30,-0.01111093067949498,5.4300537109375
2013-10-01,0.0,5.4300537109375
2013-10-02,-0.02247206798102641,5.3080291748046875
2013-10-03,-0.001149325748058927,5.301928520202637
2013-10-04,-0.002301476308464334,5.289726257324219
2013-10-07,0.0,5.289726257324219
2013-10-08,0.0,5.289726257324219
2013-10-09,-0.008073658476782541,5.247018814086914
2013-10-10,-0.0023258337395567485,5.2348151206970215
2013-10-11,0.0,5.2348151206970215
2013-10-14,-0.015151386798003319,5.155500411987305
2013-10-15,0.005917108865924003,5.18600606918335
2013-10-16,0.0,5.18600606918335
2013-10-17,0.0,5.18600606918335
2013-10-18,0.0,5.18600606918335
2013-10-21,0.0011764605281632257,5.192107200622559
2013-10-22,0.0,5.192107200622559
2013-10-23,0.0,5.192107200622559
2013-10-24,-0.0023500643514826614,5.179905414581299
2013-10-25,0.0,5.179905414581299
2013-10-28,0.0011777540541333398,5.18600606918335
2013-10-29,0.011764881122318549,5.247018814086914
2013-10-30,0.005813721010458517,5.277523517608643
2013-10-31,0.0,5.277523517608643
2013-11-01,0.0,5.277523517608643
2013-11-04,0.005780297727572714,5.3080291748046875
2013-11-05,0.0,5.3080291748046875
2013-11-06,0.0,5.3080291748046875
2013-11-07,-0.0057470779062113175,5.277523517608643
2013-11-08,-0.011560595455145428,5.216512203216553
2013-11-11,-0.0058479943772378196,5.18600606918335
2013-11-12,0.005882394587711559,5.216512203216553
2013-11-13,-0.0058479943772378196,5.18600606918335
2013-11-14,0.0,5.18600606918335
2013-11-15,0.0,5.18600606918335
2013-11-18,-0.011764789175423007,5.124993801116943
2013-11-19,-0.01666661859522023,5.039577484130859
2013-11-20,0.0012108326804658454,5.045679569244385
2013-11-21,0.009673529141316362,5.094489097595215
2013-11-22,0.005987784631068971,5.124993801116943
2013-11-25,0.0,5.124993801116943
2013-11-26,0.023809787427133466,5.247018814086914
2013-11-27,0.005813721010458517,5.277523517608643
2013-11-29,0.0,5.277523517608643
2013-12-02,0.005780297727572714,5.3080291748046875
2013-12-03,0.0011494155812421525,5.3141303062438965
2013-12-04,0.0,5.3141303062438965
2013-12-05,0.0,5.3141303062438965
2013-12-06,0.0,5.3141303062438965
2013-12-09,0.004592652957650323,5.338536262512207
2013-12-10,0.015999950695453125,5.423952579498291
2013-12-11,0.006749098208126192,5.460559368133545
2013-12-12,0.0,5.460559368133545
2013-12-13,-0.005586544370173585,5.4300537109375
2013-12-16,-0.0033709331373783513,5.411749362945557
2013-12-17,0.0202933036785391,5.521571636199951
2013-12-18,-0.0044199376920137645,5.497166633605957
2013-12-19,0.009989075668302094,5.5520782470703125
2013-12-20,-0.009890280903971593,5.497166633605957
2013-12-23,0.009989075668302094,5.5520782470703125
2013-12-24,0.0,5.5520782470703125
2013-12-26,0.0,5.5520782470703125
2013-12-27,0.0,5.5520782470703125
2013-12-30,0.0,5.5520782470703125
2013-12-31,0.0,5.5520782470703125
2014-01-02,0.006593262949313061,5.588684558868408
2014-01-03,0.004366774596020084,5.613089084625244
2014-01-06,0.021739113813947775,5.73511266708374
2014-01-07,-0.005319020240695305,5.7046074867248535
2014-01-08,-0.0032086954333911955,5.68630313873291
2014-01-09,-0.004291892640713502,5.661898136138916
2014-01-10,0.01293109292756589,5.73511266708374
2014-01-13,-0.010638206768327274,5.67410135269165
2014-01-14,0.0,5.67410135269165
2014-01-15,0.0,5.67410135269165
2014-01-16,0.0,5.67410135269165
2014-01-17,0.010752595098278972,5.73511266708374
2014-01-21,-0.012766014408929327,5.661898136138916
2014-01-22,-0.003232478466776767,5.643596172332764
2014-01-23,-0.0021625656215519262,5.631391525268555
2014-01-24,-0.004333573471170471,5.606987476348877
2014-01-27,-0.020674725660691395,5.491064548492432
2014-01-28,-0.016666439438615344,5.399548053741455
2014-01-29,-0.02824851971617337,5.247018814086914
2014-01-30,0.005813721010458517,5.277523517608643
2014-01-31,0.0,5.277523517608643
2014-02-03,-0.0034680882840977256,5.259220600128174
2014-02-04,0.005800414075671556,5.289726257324219
2014-02-05,-0.0023068754642416867,5.277523517608643
2014-02-06,0.0,5.277523517608643
2014-02-07,0.0,5.277523517608643
2014-02-10,-0.008092507171047703,5.2348151206970215
2014-02-11,-0.009323930337232778,5.18600606918335
2014-02-12,0.0,5.18600606918335
2014-02-13,0.0,5.18600606918335
2014-02-14,0.0011764605281632257,5.192107200622559
2014-02-18,0.00587539047583352,5.2226128578186035
2014-02-19,0.0035047344409959713,5.240916728973389
2014-02-20,0.0011643163646908317,5.247018814086914
2014-02-21,0.0,5.247018814086914
2014-02-24,-0.011628078165025979,5.18600606918335
2014-02-25,0.007058763168979132,5.2226128578186035
2014-02-26,0.0,5.2226128578186035
2014-02-27,0.0046731314253503076,5.247018814086914
2014-02-28,0.008139372994555805,5.289726257324219
2014-03-03,-0.008073658476782541,5.247018814086914
2014-03-04,-0.0058140845213778825,5.216512203216553
2014-03-05,-0.004678413783628432,5.192107200622559
2014-03-06,-0.012926042724535458,5.124993801116943
2014-03-07,-0.005952144471878196,5.094489097595215
2014-03-10,0.01197594365662491,5.155500411987305
2014-03-11,0.005917108865924003,5.18600606918335
2014-03-12,0.0,5.18600606918335
2014-03-13,-0.03529427557937348,5.002969741821289
2014-03-14,-0.018292529499652543,4.911452770233154
2014-03-17,0.009937706206263108,4.960261344909668
2014-03-18,0.0,4.960261344909668
2014-03-19,0.0,4.960261344909668
2014-03-20,0.0,4.960261344909668
2014-03-21,-0.015990026168905658,4.880946636199951
2014-03-24,0.0,4.880946636199951
2014-03-25,-0.022499906458395724,4.771125793457031
2014-03-26,-0.040920764166617385,4.575887680053711
2014-03-27,0.026666751421272172,4.697911739349365
2014-03-28,0.038960905824922065,4.880946636199951
2014-03-31,0.0,4.880946636199951
2014-04-01,0.01249989375823013,4.941957950592041
2014-04-02,-0.012345575377625484,4.880946636199951
2014-04-03,-0.0012499893758229907,4.874845504760742
2014-04-04,0.010012528254108366,4.923655033111572
2014-04-07,0.003717343590763811,4.941957950592041
2014-04-08,-0.006172691201314695,4.911452770233154
2014-04-09,0.0037265791481080335,4.929755687713623
2014-04-10,0.014851456896765924,5.002969741821289
2014-04-11,0.0,5.002969741821289
2014-04-14,0.012195400909722709,5.063982963562012
2014-04-15,-0.014457988565285906,4.990767955780029
2014-04-16,-0.002444966984346819,4.978565692901611
2014-04-17,0.0,4.978565692901611
2014-04-21,0.011029413525331266,5.03347635269165
2014-04-22,0.018181757897075324,5.124993801116943
2014-04-23,0.01573443571394617,5.20563268661499
2014-04-24,0.011904915662293014,5.267605304718018
2014-04-25,0.0,5.267605304718018
2014-04-28,-0.005882337499091395,5.236619472503662
2014-04-29,-0.0035502682711243683,5.2180280685424805
2014-04-30,0.009501144019216756,5.267605304718018
2014-05-01,0.0,5.267605304718018
2014-05-02,0.029411687495456862,5.422534465789795
2014-05-05,0.010285723230083699,5.478309154510498
2014-05-06,-0.00226262913937314,5.465913772583008
2014-05-07,0.0,5.465913772583008
2014-05-08,-0.007936332075124009,5.422534465789795
2014-05-09,0.0,5.422534465789795
2014-05-12,-0.011428630220212455,5.360562324523926
2014-05-13,-0.005780065565347714,5.329577922821045
2014-05-14,-0.004651364618296516,5.304788112640381
2014-05-15,-0.0070092918195475695,5.267605304718018
2014-05-16,-0.0011765218133589217,5.261407852172852
2014-05-19,0.0011779076474003336,5.267605304718018
2014-05-20,0.0,5.267605304718018
2014-05-21,0.0,5.267605304718018
2014-05-22,0.0058823374990912836,5.298591136932373
2014-05-23,0.00467829636757755,5.3233795166015625
2014-05-27,0.0,5.3233795166015625
2014-05-28,-0.0011640159886262547,5.317183017730713
2014-05-29,-0.012820622044363739,5.249013423919678
2014-05-30,0.003541976233784494,5.267605304718018
2014-06-02,-0.011764856043318339,5.20563268661499
2014-06-03,0.010714387455971197,5.261407852172852
2014-06-04,-0.0011780889057901867,5.255209445953369
2014-06-05,-0.009433831296020823,5.20563268661499
2014-06-06,0.00476192962482469,5.230421543121338
2014-06-09,-0.0023694982281411425,5.2180280685424805
2014-06-10,0.004750434935654635,5.242815971374512
2014-06-11,0.0,5.242815971374512
2014-06-12,0.0,5.242815971374512
2014-06-13,-0.001181902798931378,5.236619472503662
2014-06-16,-0.002366966925020031,5.22422456741333
2014-06-17,-0.0035587828506279395,5.20563268661499
2014-06-18,-0.005952274630683929,5.174647331237793
2014-06-19,-0.005987916353284217,5.143661975860596
2014-06-20,0.0,5.143661975860596
2014-06-23,-0.00963869517136351,5.094083786010742
2014-06-24,0.0072993076520715405,5.131267070770264
2014-06-25,-0.0036232533878906015,5.112675189971924
2014-06-26,0.0,5.112675189971924
2014-06-27,-0.0024243482384024295,5.100280284881592
2014-06-30,-0.0012149330085284848,5.094083786010742
2014-07-01,0.0,5.094083786010742
2014-07-02,0.0,5.094083786010742
2014-07-03,0.003649607023001211,5.112675189971924
2014-07-07,0.009696926625180291,5.162252426147461
2014-07-08,0.010804516670379849,5.2180280685424805
2014-07-09,0.015439370454056522,5.298591136932373
2014-07-10,0.009356682728352661,5.34816837310791
2014-07-11,0.0023174198251378897,5.360562324523926
2014-07-14,-0.0023120618072687282,5.34816837310791
2014-07-15,-0.006952437793344091,5.310985565185547
2014-07-16,-0.0023337341254364707,5.298591136932373
2014-07-17,0.0,5.298591136932373
2014-07-18,0.0,5.298591136932373
2014-07-21,0.0,5.298591136932373
2014-07-22,0.0,5.298591136932373
2014-07-23,-0.005847937954369997,5.267605304718018
2014-07-24,0.0,5.267605304718018
2014-07-25,-0.0011765218133589217,5.261407852172852
2014-07-28,0.0,5.261407852172852
2014-07-29,0.0,5.261407852172852
2014-07-30,0.0,5.261407852172852
2014-07-31,-0.01648998203004326,5.174647331237793
2014-08-01,-0.008383230332559277,5.131267070770264
2014-08-04,-0.00966207098621541,5.081688404083252
2014-08-05,0.0,5.081688404083252
2014-08-06,-0.0060973590027956215,5.050703525543213
2014-08-07,-0.012269907373358646,4.988731861114502
2014-08-08,-0.024844751962052825,4.864788055419922
2014-08-11,-0.019108231557899313,4.7718305587768555
2014-08-12,0.019480468867883127,4.864788055419922
2014-08-13,0.0,4.864788055419922
2014-08-14,0.006369410519299734,4.895773887634277
2014-08-15,-0.00759497591452063,4.858590602874756
2014-08-18,-0.0012753696241011303,4.852394104003906
2014-08-19,0.0,4.852394104003906
2014-08-20,0.0025541930746697528,4.864788055419922
2014-08-21,0.0,4.864788055419922
2014-08-22,0.0012739409147046743,4.870985507965088
2014-08-25,-0.0012723200541311375,4.864788055419922
2014-08-26,0.0,4.864788055419922
2014-08-27,0.0,4.864788055419922
2014-08-28,-0.01783429064319464,4.7780280113220215
2014-08-29,0.014267107680236757,4.84619665145874
2014-09-02,-0.0025574594485935354,4.833802700042725
2014-09-03,0.0064101406904595315,4.864788055419922
2014-09-04,-0.006369312501225188,4.833802700042725
2014-09-05,0.012820380027303235,4.895773887634277
2014-09-08,0.0,4.895773887634277
2014-09-09,0.0,4.895773887634277
2014-09-10,-0.00886065913704459,4.852394104003906
2014-09-11,0.0012769982689033732,4.858590602874756
2014-09-12,-0.005101871068816655,4.833802700042725
2014-09-15,0.0064101406904595315,4.864788055419922
2014-09-16,0.006369410519299734,4.895773887634277
2014-09-17,0.006329097896579539,4.926759719848633
2014-09-18,0.0062893891347446385,4.9577460289001465
2014-09-19,0.003749971025705401,4.976337432861328
2014-09-22,0.002490672793072024,4.988731861114502
2014-09-23,0.006211068511963402,5.019717216491699
2014-09-24,-0.0012344318621160255,5.01352071762085
2014-09-25,0.0,5.01352071762085
2014-09-26,-0.004944400931509718,4.988731861114502
2014-09-29,-0.0037266793403140097,4.97014045715332
2014-09-30,-0.0024937782664341546,4.9577460289001465
2014-10-01,-0.0024999165636496734,4.945352077484131
2014-10-02,-0.03634108255059343,4.765632629394531
2014-10-03,0.0078025818029876515,4.802816867828369
2014-10-06,0.0,4.802816867828369
2014-10-07,-0.0025806581000824558,4.790422439575195
2014-10-08,0.0,4.790422439575195
2014-10-09,-0.009055722715872738,4.747041702270508
2014-10-10,0.0,4.747041702270508
2014-10-13,0.0026109794332005443,4.759436130523682
2014-10-14,0.0,4.759436130523682
2014-10-15,-0.0039064202408893856,4.740843772888184
2014-10-16,0.003921740206210389,4.759436130523682
2014-10-17,0.001301939704812849,4.765632629394531
2014-10-20,0.0013005470342164482,4.7718305587768555
2014-10-21,0.0,4.7718305587768555
2014-10-22,-0.0012988578085456615,4.765632629394531
2014-10-23,0.0013005470342164482,4.7718305587768555
2014-10-24,0.016883152960842196,4.852394104003906
2014-10-27,0.0025541930746697528,4.864788055419922
2014-10-28,0.019108329575973748,4.9577460289001465
2014-10-29,-0.012500063719403043,4.895773887634277
2014-10-30,0.0,4.895773887634277
2014-10-31,-0.018987196292030273,4.802816867828369
2014-11-03,-0.006451694891611459,4.7718305587768555
2014-11-04,-0.0012988578085456615,4.765632629394531
2014-11-05,0.0,4.765632629394531
2014-11-06,-0.011703422445852874,4.709858417510986
2014-11-07,0.006578829474362946,4.740843772888184
2014-11-10,-0.013071763289470129,4.678872585296631
2014-11-11,0.013244897453779325,4.740843772888184
2014-11-12,-0.00653583135440905,4.709858417510986
2014-11-13,0.0,4.709858417510986
2014-11-14,0.0,4.709858417510986
2014-11-17,0.0,4.709858417510986
2014-11-18,0.0,4.709858417510986
2014-11-19,0.0,4.709858417510986
2014-11-20,0.0026315925351581004,4.72225284576416
2014-11-21,0.0039368766839114056,4.740843772888184
2014-11-24,-0.005228685199657579,4.716055393218994
2014-11-25,0.018397043159019244,4.802816867828369
2014-11-26,-0.025806581000824336,4.678872585296631
2014-11-28,-0.014569458538139957,4.610703945159912
2014-12-01,-0.005376267911369803,4.585915565490723
2014-12-02,0.0,4.585915565490723
2014-12-03,0.0,4.585915565490723
2014-12-04,0.0,4.585915565490723
2014-12-05,-0.01621640112954048,4.5115485191345215
2014-12-08,0.0,4.5115485191345215
2014-12-09,0.004120847616362999,4.530139923095703
2014-12-10,0.0,4.530139923095703
2014-12-11,-0.015047905391693317,4.461970806121826
2014-12-12,0.0,4.461970806121826
2014-12-15,-0.019444225664073778,4.375211238861084
2014-12-16,0.00849840820368808,4.412393569946289
2014-12-17,-0.015449356240800793,4.34422492980957
2014-12-18,0.019971351737006815,4.430984973907471
2014-12-19,0.0013985548911810142,4.4371819496154785
2014-12-22,-0.016759542396951432,4.36281681060791
2014-12-23,0.0298294221863733,4.49295711517334
2014-12-24,0.0,4.49295711517334
2014-12-26,0.013793280575444822,4.554929733276367
2014-12-29,-0.03401382692062083,4.399999141693115
2014-12-30,0.0014086205889438652,4.4061970710754395
2014-12-31,0.0,4.4061970710754395
2015-01-02,0.0,4.4061970710754395
2015-01-05,0.008438752811682049,4.443379878997803
2015-01-06,0.0,4.443379878997803
2015-01-07,0.0,4.443379878997803
2015-01-08,0.0,4.443379878997803
2015-01-09,-0.020920447761498373,4.350422382354736
2015-01-12,0.0056980344269308425,4.375211238861084
2015-01-13,-0.00849884414804103,4.338027000427246
2015-01-14,-0.03571408942806498,4.183098316192627
2015-01-15,-0.0029630919843197656,4.170703411102295
2015-01-16,0.0,4.170703411102295
2015-01-20,0.0089152366536982,4.207886219024658
2015-01-21,-0.013254572995396785,4.1521124839782715
2015-01-22,-0.0044776919869295995,4.133520603179932
2015-01-23,-0.0029984007837001725,4.121126651763916
2015-01-26,0.0,4.121126651763916
2015-01-27,-0.007518892688787138,4.090140342712402
2015-01-28,0.0075758547275091015,4.121126651763916
2015-01-29,0.03007499222748078,4.24506950378418
2015-01-30,0.014598616397358155,4.307041645050049
2015-02-02,-0.007194226285219818,4.276055812835693
2015-02-03,0.015942055005280675,4.34422492980957
2015-02-04,0.0028529718456726805,4.356618881225586
2015-02-05,0.019914755028516362,4.443379878997803
2015-02-06,-0.016736379672011692,4.369013786315918
2015-02-09,0.0,4.369013786315918
2015-02-10,0.007092070863737199,4.399999141693115
2015-02-11,-0.007042127595796366,4.369013786315918
2015-02-12,0.014184250868159554,4.430984973907471
2015-02-13,0.006992989684420081,4.461970806121826
2015-02-17,-0.027777816368616537,4.338027000427246
2015-02-18,-0.04999976916740445,4.121126651763916
2015-02-19,-0.037594116327335114,3.9661965370178223
2015-02-20,-0.015624960551074318,3.9042248725891113
2015-02-23,-0.04603186002313453,3.724506139755249
2015-02-24,0.0,3.724506139755249
2015-02-25,-0.00998334945512691,3.6873230934143066
2015-02-26,-0.00840327603814206,3.6563374996185303
2015-02-27,-0.00847468513361982,3.6253511905670166
2015-03-02,0.0,3.6253511905670166
2015-03-03,-0.025640963249281112,3.53239369392395
2015-03-04,-0.008771772928508836,3.501408338546753
2015-03-05,0.008849397836887984,3.53239369392395
2015-03-06,-0.007017512835674977,3.5076050758361816
2015-03-09,-0.04593642914520846,3.346478223800659
2015-03-10,0.0,3.346478223800659
2015-03-11,-0.018518401096825232,3.2845067977905273
2015-03-12,-0.007547208160148422,3.2597179412841797
2015-03-13,0.019011357898130576,3.3216896057128906
2015-03-16,-0.0018656095070863632,3.315492630004883
2015-03-17,0.0280373825055098,3.4084503650665283
2015-03-18,0.0090908855625218,3.439436197280884
2015-03-19,0.0,3.439436197280884
2015-03-20,0.01981978284963981,3.5076050758361816
2015-03-23,0.0017667256073663484,3.5138020515441895
2015-03-24,0.005291032934422235,3.53239369392395
2015-03-25,0.0035086551754790474,3.544787645339966
2015-03-26,0.0034965220750156067,3.5571820735931396
2015-03-27,0.008710981566032894,3.5881686210632324
2015-03-30,0.003454315552227305,3.6005632877349854
2015-03-31,0.0327019385761631,3.718308687210083
2015-04-01,0.03333351073246593,3.8422529697418213
2015-04-02,0.0,3.8422529697418213
2015-04-06,0.008064681767211868,3.873239517211914
2015-04-07,-0.0032000159551444085,3.8608450889587402
2015-04-08,-0.020866816298184765,3.7802815437316895
2015-04-09,0.0,3.7802815437316895
2015-04-10,0.0,3.7802815437316895
2015-04-13,-0.01639371454339622,3.718308687210083
2015-04-14,0.008333570043621563,3.749295473098755
2015-04-15,0.008264504853047638,3.7802815437316895
2015-04-16,0.0,3.7802815437316895
2015-04-17,-0.01639371454339622,3.718308687210083
2015-04-20,0.016666947726738046,3.7802815437316895
2015-04-21,-0.01639371454339622,3.718308687210083
2015-04-22,0.0,3.718308687210083
2015-04-23,-0.008333249442779689,3.6873230934143066
2015-04-24,0.00840327603814206,3.718308687210083
2015-04-27,0.008333570043621563,3.749295473098755
2015-04-28,0.004958830092298028,3.767887592315674
2015-04-29,-0.00493436143234105,3.749295473098755
2015-04-30,0.0,3.749295473098755
2015-05-01,0.0,3.749295473098755
2015-05-04,-0.006611731062907578,3.724506139755249
2015-05-05,-0.00831938319688541,3.6935205459594727
2015-05-06,0.0,3.6935205459594727
2015-05-07,-0.00503351848997291,3.674929141998291
2015-05-08,-0.013490859147372802,3.6253511905670166
2015-05-11,-0.0017091476457212762,3.619154930114746
2015-05-12,-0.006849349360559587,3.5943660736083984
2015-05-13,0.0,3.5943660736083984
2015-05-14,0.0,3.5943660736083984
2015-05-15,-0.008620865775918363,3.5633795261383057
2015-05-18,-0.008695630646992969,3.53239369392395
2015-05-19,0.0035086551754790474,3.544787645339966
2015-05-20,0.0,3.544787645339966
2015-05-21,-0.0034963875571809577,3.53239369392395
2015-05-22,0.0,3.53239369392395
2015-05-26,0.017544018321357102,3.5943660736083984
2015-05-27,0.0,3.5943660736083984
2015-05-28,-0.025862066678234874,3.501408338546753
2015-05-29,0.010619250167387628,3.538590669631958
2015-06-01,-0.0017512553122320806,3.53239369392395
2015-06-02,-0.017543613351923226,3.4704227447509766
2015-06-03,0.0,3.4704227447509766
2015-06-04,0.021428196522013554,3.544787645339966
2015-06-05,-0.0017481937785904789,3.538590669631958
2015-06-08,0.0,3.538590669631958
2015-06-09,0.0,3.538590669631958
2015-06-10,0.003502914884693231,3.5509860515594482
2015-06-11,0.001744873661492008,3.5571820735931396
2015-06-12,0.019163797512624647,3.6253511905670166
2015-06-15,0.0,3.6253511905670166
2015-06-16,-0.035897427466119014,3.4952104091644287
2015-06-17,0.01950358032670585,3.5633795261383057
2015-06-18,0.02608702575696853,3.6563374996185303
2015-06-19,0.01016947870507634,3.6935205459594727
2015-06-22,0.015100749121403245,3.749295473098755
2015-06-23,0.008264504853047638,3.7802815437316895
2015-06-24,0.0,3.7802815437316895
2015-06-25,0.00491793146291708,3.798872709274292
2015-06-26,-0.00489386377627643,3.7802815437316895
2015-06-29,0.0,3.7802815437316895
2015-06-30,-0.01639371454339622,3.718308687210083
2015-07-01,0.006666766266661517,3.7430977821350098
2015-07-02,-0.008278061541342585,3.7121121883392334
2015-07-06,0.0,3.7121121883392334
2015-07-07,0.0,3.7121121883392334
2015-07-08,-0.003338979546654852,3.6997175216674805
2015-07-09,0.0,3.6997175216674805
2015-07-10,-0.020100542991440817,3.6253511905670166
2015-07-13,0.008547119278302873,3.6563374996185303
2015-07-14,-0.00508483716294772,3.6377456188201904
2015-07-15,0.0,3.6377456188201904
2015-07-16,-0.011924842954208814,3.5943660736083984
2015-07-17,-0.008620865775918363,3.5633795261383057
2015-07-20,-0.017391127477996093,3.501408338546753
2015-07-21,-0.019469124649640124,3.433238983154297
2015-07-22,-0.007220184266052421,3.4084503650665283
2015-07-23,-0.0090908855625218,3.377464532852173
2015-07-24,0.0,3.377464532852173
2015-07-27,0.0,3.377464532852173
2015-07-28,0.0,3.377464532852173
2015-07-29,0.0,3.377464532852173
2015-07-30,-0.020183377049159512,3.309295892715454
2015-07-31,-0.007490745986024838,3.2845067977905273
2015-08-03,0.0,3.2845067977905273
2015-08-04,0.0,3.2845067977905273
2015-08-05,0.0,3.2845067977905273
2015-08-06,-0.01886794781151868,3.2225348949432373
2015-08-07,0.01923079341810552,3.2845067977905273
2015-08-10,0.0,3.2845067977905273
2015-08-11,-0.01886794781151868,3.2225348949432373
2015-08-12,-0.019230867402899254,3.160562753677368
2015-08-13,-0.013725410766951773,3.117182731628418
2015-08-14,-0.07554680088098797,2.8816895484924316
2015-08-17,-0.05376339015124254,2.726760149002075
2015-08-18,-0.011363607549309207,2.6957743167877197
2015-08-19,-0.011494046509842648,2.6647889614105225
2015-08-20,-0.01860492165338712,2.615210771560669
2015-08-21,0.0,2.615210771560669
2015-08-24,-0.07582923093459204,2.4169013500213623
2015-08-25,0.012820380027303235,2.4478869438171387
2015-08-26,0.06835439363985163,2.615210771560669
2015-08-27,0.0165878550885592,2.6585915088653564
2015-08-28,0.0,2.6585915088653564
2015-08-31,0.08391587759275199,2.8816895484924316
2015-09-01,-0.03225798444933026,2.7887320518493652
2015-09-02,0.0,2.7887320518493652
2015-09-03,0.022222336213610694,2.8507041931152344
2015-09-04,-0.010869536126964618,2.819718360900879
2015-09-08,0.0,2.819718360900879
2015-09-09,0.04615373818484114,2.9498589038848877
2015-09-10,0.03991576551583109,3.0676047801971436
2015-09-11,0.020202204692243875,3.129577159881592
2015-09-14,0.0,3.129577159881592
2015-09-15,0.0019802081271647065,3.1357743740081787
2015-09-16,0.0,3.1357743740081787
2015-09-17,0.017786575840088803,3.191549062728882
2015-09-18,0.009708712479532311,3.2225348949432373
2015-09-21,-0.009615359716655947,3.191549062728882
2015-09-22,-0.011650544619147607,3.1543657779693604
2015-09-23,0.00196457105618153,3.160562753677368
2015-09-24,0.0,3.160562753677368
2015-09-25,0.0,3.160562753677368
2015-09-28,0.0,3.160562753677368
2015-09-29,-0.0039215890394053154,3.1481683254241943
2015-09-30,0.0,3.1481683254241943
2015-10-01,0.013779675297013405,3.191549062728882
2015-10-02,0.0,3.191549062728882
2015-10-05,0.0330097270147367,3.296901226043701
2015-10-06,0.0,3.296901226043701
2015-10-07,0.015037453159144398,3.346478223800659
2015-10-08,0.0,3.346478223800659
2015-10-09,0.0,3.346478223800659
2015-10-12,0.0,3.346478223800659
2015-10-13,-0.009259164926101127,3.315492630004883
2015-10-14,0.0,3.315492630004883
2015-10-15,0.0,3.315492630004883
2015-10-16,-0.01308417895232794,3.2721121311187744
2015-10-19,0.0,3.2721121311187744
2015-10-20,-0.0018938763280978987,3.2659151554107666
2015-10-21,0.0,3.2659151554107666
2015-10-22,0.015180270225936265,3.315492630004883
2015-10-23,0.0280373825055098,3.4084503650665283
2015-10-26,0.0,3.4084503650665283
2015-10-27,0.0,3.4084503650665283
2015-10-28,0.0,3.4084503650665283
2015-10-29,0.02727279658608439,3.501408338546753
2015-10-30,-0.012389442958861907,3.4580278396606445
2015-11-02,0.0,3.4580278396606445
2015-11-03,-0.014336921763759336,3.4084503650665283
2015-11-04,0.0,3.4084503650665283
2015-11-05,0.0,3.4084503650665283
2015-11-06,0.0363635422500872,3.53239369392395
2015-11-09,0.008771907918320165,3.5633795261383057
2015-11-10,0.0,3.5633795261383057
2015-11-11,0.008695831370977514,3.5943660736083984
2015-11-12,0.0,3.5943660736083984
2015-11-13,0.0,3.5943660736083984
2015-11-16,0.0,3.5943660736083984
2015-11-17,0.0,3.5943660736083984
2015-11-18,0.0,3.5943660736083984
2015-11-19,-0.01724153255826666,3.53239369392395
2015-11-20,0.0,3.53239369392395
2015-11-23,0.017544018321357102,3.5943660736083984
2015-11-24,0.0,3.5943660736083984
2015-11-25,-0.008620865775918363,3.5633795261383057
2015-11-27,-0.017391127477996093,3.501408338546753
2015-11-30,0.010619250167387628,3.538590669631958
2015-12-01,0.0,3.538590669631958
2015-12-02,0.0070052907557476285,3.5633795261383057
2015-12-03,-0.017391127477996093,3.501408338546753
2015-12-04,0.008849397836887984,3.53239369392395
2015-12-07,0.0,3.53239369392395
2015-12-08,0.0,3.53239369392395
2015-12-09,0.03508776666309177,3.6563374996185303
2015-12-10,0.0,3.6563374996185303
2015-12-11,0.008474489512800387,3.6873230934143066
2015-12-14,0.0,3.6873230934143066
2015-12-15,0.0,3.6873230934143066
2015-12-16,0.0,3.6873230934143066
2015-12-17,-0.016806746053247723,3.6253511905670166
2015-12-18,0.020512862669404663,3.6997175216674805
2015-12-21,-0.0150753266906134,3.6439430713653564
2015-12-22,-0.013605316215431928,3.5943660736083984
2015-12-23,0.0,3.5943660736083984
2015-12-24,0.0,3.5943660736083984
2015-12-28,-0.0034482932454152904,3.5819716453552246
2015-12-29,0.0,3.5819716453552246
2015-12-30,0.0,3.5819716453552246
2015-12-31,0.0,3.5819716453552246
2016-01-04,-0.01384096702595694,3.53239369392395
2016-01-05,0.0,3.53239369392395
2016-01-06,-0.008771772928508836,3.501408338546753
2016-01-07,-0.017699204226945597,3.439436197280884
2016-01-08,-0.009008985902646427,3.4084503650665283
2016-01-11,-0.0090908855625218,3.377464532852173
2016-01-12,0.009174287964524908,3.4084503650665283
2016-01-13,0.0,3.4084503650665283
2016-01-14,0.0,3.4084503650665283
2016-01-15,0.0,3.4084503650665283
2016-01-19,-0.027272726636824896,3.315492630004883
2016-01-20,-0.018691612307157768,3.2535207271575928
2016-01-21,-0.013333328447988069,3.2101404666900635
2016-01-22,0.0,3.2101404666900635
2016-01-25,-0.01544409458936058,3.160562753677368
2016-01-26,0.0,3.160562753677368
2016-01-27,-0.019607794326059746,3.0985910892486572
2016-01-28,0.01999994921683501,3.160562753677368
2016-01-29,0.0,3.160562753677368
2016-02-01,0.019607945197026577,3.2225348949432373
2016-02-02,0.0,3.2225348949432373
2016-02-03,-0.009615359716655947,3.191549062728882
2016-02-04,-0.009708861885713738,3.160562753677368
2016-02-05,0.009804048033996704,3.191549062728882
2016-02-08,-0.02912628684477825,3.0985910892486572
2016-02-09,0.0,3.0985910892486572
2016-02-10,0.010000051552606859,3.129577159881592
2016-02-11,-0.003960416254329635,3.117182731628418
2016-02-12,0.005964245275428048,3.1357743740081787
2016-02-16,0.0019762186206295773,3.1419713497161865
2016-02-17,0.005917114413809266,3.160562753677368
2016-02-18,0.019607945197026577,3.2225348949432373
2016-02-19,0.0,3.2225348949432373
2016-02-22,0.0673076659861791,3.439436197280884
2016-02-23,0.0,3.439436197280884
2016-02-24,0.0,3.439436197280884
2016-02-25,-0.010810935585168546,3.402252674102783
2016-02-26,0.001821643351453739,3.4084503650665283
2016-02-29,-0.005454573307068777,3.3898587226867676
2016-03-01,0.0,3.3898587226867676
2016-03-02,-0.003656255569486122,3.377464532852173
2016-03-03,0.0,3.377464532852173
2016-03-04,0.031192395542799956,3.482815742492676
2016-03-07,0.016014320384162506,3.538590669631958
2016-03-08,0.0,3.538590669631958
2016-03-09,0.0017512553122320806,3.544787645339966
2016-03-10,0.001748597332094315,3.5509860515594482
2016-03-11,-0.013961674952489012,3.501408338546753
2016-03-14,0.012389102497887272,3.544787645339966
2016-03-15,0.0,3.544787645339966
2016-03-16,-0.012237490967968112,3.501408338546753
2016-03-17,0.017698931858165956,3.5633795261383057
2016-03-18,0.034782589495966576,3.6873230934143066
2016-03-21,0.0033613621424470885,3.6997175216674805
2016-03-22,0.0,3.6997175216674805
2016-03-23,0.005025022973706328,3.718308687210083
2016-03-24,0.0,3.718308687210083
2016-03-28,0.0,3.718308687210083
2016-03-29,0.0,3.718308687210083
2016-03-30,-0.016666498885559378,3.6563374996185303
2016-03-31,0.016948979025600996,3.718308687210083
2016-04-01,0.0,3.718308687210083
2016-04-04,-0.0033332869530782183,3.7059144973754883
2016-04-05,0.0,3.7059144973754883
2016-04-06,0.0033444349143436636,3.718308687210083
2016-04-07,-0.008333249442779689,3.6873230934143066
2016-04-08,-0.016806746053247723,3.6253511905670166
2016-04-11,0.11111143262532619,4.02816915512085
2016-04-12,0.0,4.02816915512085
2016-04-13,0.015384455122191554,4.090140342712402
2016-04-14,0.022727331018323582,4.183098316192627
2016-04-15,-0.014814775973306826,4.121126651763916
2016-04-18,0.022556446655294327,4.214084625244141
2016-04-19,0.0,4.214084625244141
2016-04-20,0.0,4.214084625244141
2016-04-21,-0.013564805553015868,4.15692138671875
2016-04-22,-0.03458631730218631,4.013148784637451
2016-04-25,-0.021806975917705196,3.9256341457366943
2016-04-26,0.0,3.9256341457366943
2016-04-27,-0.0031846969351246868,3.9131321907043457
2016-04-28,0.006389804193856152,3.938136339187622
2016-04-29,-0.007936375803446749,3.906881809234619
2016-05-02,0.023999902359542746,4.000646591186523
2016-05-03,0.0,4.000646591186523
2016-05-04,0.0,4.000646591186523
2016-05-05,0.015624858461847912,4.0631561279296875
2016-05-06,0.0,4.0631561279296875
2016-05-09,0.0,4.0631561279296875
2016-05-10,0.0,4.0631561279296875
2016-05-11,0.0,4.0631561279296875
2016-05-12,0.0,4.0631561279296875
2016-05-13,0.0,4.0631561279296875
2016-05-16,-0.00461527303658138,4.044403553009033
2016-05-17,0.0,4.044403553009033
2016-05-18,-0.007727905477762809,4.013148784637451
2016-05-19,-0.003115307735109818,4.000646591186523
2016-05-20,-0.015625037246882134,3.938136339187622
2016-05-23,0.0,3.938136339187622
2016-05-24,0.022222227603641453,4.025650501251221
2016-05-25,0.0,4.025650501251221
2016-05-26,0.0,4.025650501251221
2016-05-27,0.0,4.025650501251221
2016-05-31,0.009316662404450948,4.0631561279296875
2016-06-01,0.0,4.0631561279296875
2016-06-02,0.0,4.0631561279296875
2016-06-03,0.0,4.0631561279296875
2016-06-06,-0.007692239083982089,4.0319013595581055
2016-06-07,0.0,4.0319013595581055
2016-06-08,0.0,4.0319013595581055
2016-06-09,0.0,4.0319013595581055
2016-06-10,-0.007751868308357501,4.000646591186523
2016-06-13,-0.02187506406463724,3.9131321907043457
2016-06-14,-0.00958461489906759,3.8756263256073
2016-06-15,0.0,3.8756263256073
2016-06-16,-0.016129070954513658,3.8131160736083984
2016-06-17,0.008196647510392951,3.8443708419799805
2016-06-20,-0.0016259769319406647,3.8381199836730957
2016-06-21,0.0016286250386843282,3.8443708419799805
2016-06-22,0.024390336172498195,3.938136339187622
2016-06-23,0.00793643634441299,3.969391107559204
2016-06-24,-0.015747830493584747,3.906881809234619
2016-06-27,0.0,3.906881809234619
2016-06-28,0.003199860862348247,3.9193832874298096
2016-06-29,0.0,3.9193832874298096
2016-06-30,0.028708106321002624,4.0319013595581055
2016-07-01,0.0,4.0319013595581055
2016-07-05,-0.0031008182829894704,4.019399166107178
2016-07-06,-0.012441675106482863,3.969391107559204
2016-07-07,0.0,3.969391107559204
2016-07-08,0.011023775660432111,4.013148784637451
2016-07-11,0.004672783374600975,4.0319013595581055
2016-07-12,0.001550468274533312,4.038152694702148
2016-07-13,0.0,4.038152694702148
2016-07-14,0.0030960180052947983,4.050654888153076
2016-07-15,0.00308622682548787,4.0631561279296875
2016-07-18,0.03076942576131403,4.188177108764648
2016-07-19,0.008955119543530898,4.225682735443115
2016-07-20,0.03550288713513883,4.375706672668457
2016-07-21,0.02285713476195017,4.475722789764404
2016-07-22,-0.0013967208063777603,4.469471454620361
2016-07-25,0.001398674363963126,4.475722789764404
2016-07-26,-0.0013967208063777603,4.469471454620361
2016-07-27,0.04895125561163405,4.688257694244385
2016-07-28,0.0,4.688257694244385
2016-07-29,0.0,4.688257694244385
2016-08-01,0.0400000447518809,4.87578821182251
2016-08-02,0.0,4.87578821182251
2016-08-03,-0.030769361666671102,4.725763320922852
2016-08-04,0.0,4.725763320922852
2016-08-05,0.01851857457497208,4.813277721405029
2016-08-08,-0.01818187221838341,4.725763320922852
2016-08-09,-0.01587293419075486,4.65075159072876
2016-08-10,0.0,4.65075159072876
2016-08-11,0.008064525224351415,4.688257694244385
2016-08-12,0.0,4.688257694244385
2016-08-15,0.013333212638866776,4.750767230987549
2016-08-16,0.0013157576456519493,4.757018089294434
2016-08-17,0.014454716680416091,4.825779438018799
2016-08-18,0.01683946463343866,4.907042980194092
2016-08-19,0.0,4.907042980194092
2016-08-22,0.0,4.907042980194092
2016-08-23,-0.0063693691899038285,4.87578821182251
2016-08-24,-0.006410198108235621,4.844533443450928
2016-08-25,0.0064515538464975375,4.87578821182251
2016-08-26,0.0,4.87578821182251
2016-08-29,-0.012820591810347448,4.813277721405029
2016-08-30,0.0,4.813277721405029
2016-08-31,-0.025973989949649168,4.688257694244385
2016-09-01,0.0,4.688257694244385
2016-09-02,0.013333212638866776,4.750767230987549
2016-09-06,0.026315955877504127,4.87578821182251
2016-09-07,0.025641085823756793,5.0008087158203125
2016-09-08,-0.0012501601913752491,4.994556903839111
2016-09-09,-0.011264093363355876,4.938297748565674
2016-09-12,0.012658403854403977,5.0008087158203125
2016-09-13,-0.012500171633616386,4.938297748565674
2016-09-14,0.0,4.938297748565674
2016-09-15,-0.007594945753629068,4.900791645050049
2016-09-16,-0.01785709942054181,4.813277721405029
2016-09-19,0.0064936460879665425,4.844533443450928
2016-09-20,-0.012903501404516682,4.782021999359131
2016-09-21,-0.019607669125594196,4.688257694244385
2016-09-22,0.013333212638866776,4.750767230987549
2016-09-23,-0.0026316156618619857,4.738265037536621
2016-09-26,-0.007915376101630511,4.7007598876953125
2016-09-27,-0.005319222317078265,4.675755500793457
2016-09-28,-0.0066845336980165815,4.644500255584717
2016-09-29,-0.010767104613518597,4.594492435455322
2016-09-30,-0.0027211261366868467,4.5819902420043945
2016-10-03,0.0027285508677685755,4.594492435455322
2016-10-04,0.0,4.594492435455322
2016-10-05,0.0013605111760870425,4.600743293762207
2016-10-06,0.012228275233203023,4.6570024490356445
2016-10-07,0.024160999471455336,4.769520282745361
2016-10-10,-0.003931852816656423,4.750767230987549
2016-10-11,0.0,4.750767230987549
2016-10-12,0.0,4.750767230987549
2016-10-13,0.0,4.750767230987549
2016-10-14,0.006578888598818056,4.782021999359131
2016-10-17,0.0,4.782021999359131
2016-10-18,0.009150405135219364,4.825779438018799
2016-10-19,-0.0025906108586889465,4.813277721405029
2016-10-20,0.0,4.813277721405029
2016-10-21,0.002597339554743172,4.825779438018799
2016-10-24,-0.006476625957114512,4.794524669647217
2016-10-25,0.010430392426657553,4.844533443450928
2016-10-26,-0.005161262762774177,4.8195295333862305
2016-10-27,0.0,4.8195295333862305
2016-10-28,0.011673064361689134,4.87578821182251
2016-10-31,0.0,4.87578821182251
2016-11-01,0.0,4.87578821182251
2016-11-02,0.006410198108235621,4.907042980194092
2016-11-03,0.0063693691899038285,4.938297748565674
2016-11-04,-0.005063168423734887,4.913294315338135
2016-11-07,-0.01399486118154003,4.844533443450928
2016-11-08,-0.012903501404516682,4.782021999359131
2016-11-09,-0.02091492683893814,4.682006359100342
2016-11-10,-0.014686096040087637,4.613245964050293
2016-11-11,-0.005420128711260519,4.5882415771484375
2016-11-14,0.0,4.5882415771484375
2016-11-15,-0.0013624686143767217,4.5819902420043945
2016-11-16,-0.005457205803230836,4.556985378265381
2016-11-17,0.0,4.556985378265381
2016-11-18,0.0,4.556985378265381
2016-11-21,-0.009602068330973546,4.513228893280029
2016-11-22,-0.008310259550866061,4.475722789764404
2016-11-23,0.019553238980634546,4.56323766708374
2016-11-25,0.0,4.56323766708374
2016-11-28,0.012328780435710174,4.619496822357178
2016-11-29,-0.0027063972401539793,4.60699462890625
2016-11-30,-0.004070560803380974,4.5882415771484375
2016-12-01,0.0,4.5882415771484375
2016-12-02,-0.005449562679791797,4.56323766708374
2016-12-05,-0.0054795276349993705,4.538233280181885
2016-12-06,0.0,4.538233280181885
2016-12-07,0.0,4.538233280181885
2016-12-08,0.0,4.538233280181885
2016-12-09,-0.008264577432934406,4.500726699829102
2016-12-12,-0.013888871231104938,4.438216686248779
2016-12-13,-0.00845060737901171,4.4007110595703125
2016-12-14,-0.001420528423570988,4.3944597244262695
2016-12-15,-0.004267430567988839,4.375706672668457
2016-12-16,0.011428621867849209,4.42571496963501
2016-12-19,0.0,4.42571496963501
2016-12-20,0.014124166868414223,4.488224506378174
2016-12-21,0.016713326305082488,4.56323766708374
2016-12-22,0.0,4.56323766708374
2016-12-23,0.0,4.56323766708374
2016-12-27,0.0,4.56323766708374
2016-12-28,0.006849252800710692,4.594492435455322
2016-12-29,-0.006802659664948307,4.56323766708374
2016-12-30,0.0,4.56323766708374
2017-01-03,-0.0013701431471473402,4.556985378265381
2017-01-04,0.0013720230150791046,4.56323766708374
2017-01-05,0.013698610096780417,4.6257476806640625
2017-01-06,0.00675669546400659,4.6570024490356445
2017-01-09,0.006711451314613814,4.688257694244385
2017-01-10,0.0026667035530654193,4.7007598876953125
2017-01-11,0.001329754860112553,4.707010746002197
2017-01-12,-0.017264261698818895,4.6257476806640625
2017-01-13,-0.0040540585117085914,4.60699462890625
2017-01-17,-0.023066649222983293,4.500726699829102
2017-01-18,0.002777816624902396,4.513228893280029
2017-01-19,0.0,4.513228893280029
2017-01-20,0.006925357163346302,4.544484615325928
2017-01-23,0.011004068527539212,4.594492435455322
2017-01-24,0.008163274625548,4.631998538970947
2017-01-25,0.005398082459294518,4.6570024490356445
2017-01-26,-0.013422800237793853,4.594492435455322
2017-01-27,-0.009523785801635154,4.5507354736328125
2017-01-30,0.009615360434821918,4.594492435455322
2017-01-31,0.021768801524469916,4.694509029388428
2017-02-01,0.00798915277540635,4.732014179229736
2017-02-02,-0.001320972015325217,4.725763320922852
2017-02-03,-0.0013227192904921026,4.719512462615967
2017-02-06,-0.0052978847763609505,4.694509029388428
2017-02-07,-0.0013316270359495785,4.688257694244385
2017-02-08,0.0,4.688257694244385
2017-02-09,0.006666606319433388,4.719512462615967
2017-02-10,0.006622457005708959,4.750767230987549
2017-02-13,0.009210604631238128,4.794524669647217
2017-02-14,0.016949238511535736,4.87578821182251
2017-02-15,0.012820396216471242,4.938297748565674
2017-02-16,0.006329057088682033,4.969552516937256
2017-02-17,-0.012578504106781963,4.907042980194092
2017-02-21,0.0,4.907042980194092
2017-02-22,0.0063693691899038285,4.938297748565674
2017-02-23,0.006329057088682033,4.969552516937256
2017-02-24,-0.006289252053391037,4.938297748565674
2017-02-27,-0.006329057088682033,4.907042980194092
2017-02-28,-0.02038225349498557,4.807026386260986
2017-03-01,0.0078025486394541765,4.844533443450928
2017-03-02,-0.0025808774510880372,4.832030296325684
2017-03-03,0.0,4.832030296325684
2017-03-06,-0.027166718869745088,4.7007598876953125
2017-03-07,-0.005319222317078265,4.675755500793457
2017-03-08,-0.010695131539899427,4.6257476806640625
2017-03-09,-0.0013513184761489994,4.619496822357178
2017-03-10,-0.028417016187494593,4.488224506378174
2017-03-13,0.0013929365548261963,4.494476318359375
2017-03-14,-0.01947154557800035,4.406961917877197
2017-03-15,0.0042553242136582625,4.42571496963501
2017-03-16,0.01694906488753789,4.500726699829102
2017-03-17,0.034722336997818015,4.6570024490356445
2017-03-20,0.013422800237793853,4.719512462615967
2017-03-21,-0.019867472052384816,4.6257476806640625
2017-03-22,0.0,4.6257476806640625
2017-03-23,0.013513494011274885,4.688257694244385
2017-03-24,0.021333323298063034,4.788273811340332
2017-03-27,-0.0013056504760431409,4.782021999359131
2017-03-28,-0.019607669125594196,4.688257694244385
2017-03-29,0.0,4.688257694244385
2017-03-30,0.006666606319433388,4.719512462615967
2017-03-31,0.01986757308764253,4.813277721405029
2017-04-03,0.0,4.813277721405029
2017-04-04,-0.0064936460879665425,4.782021999359131
2017-04-05,0.0,4.782021999359131
2017-04-06,0.0,4.782021999359131
2017-04-07,0.0,4.782021999359131
2017-04-10,-0.006535889708531362,4.750767230987549
2017-04-11,0.0,4.750767230987549
2017-04-12,0.0,4.750767230987549
2017-04-13,0.0,4.750767230987549
2017-04-17,0.006578888598818056,4.782021999359131
2017-04-18,0.006536089137625822,4.813277721405029
2017-04-19,0.0,4.813277721405029
2017-04-20,0.0,4.813277721405029
2017-04-21,0.024086564776219843,4.929213047027588
2017-04-24,0.0,4.929213047027588
2017-04-25,0.015524059501365484,5.005734443664551
2017-04-26,0.0025475847954987696,5.018486976623535
2017-04-27,-0.015247711774302508,4.941966533660889
2017-04-28,-0.006451721840534441,4.9100823402404785
2017-05-01,0.0,4.9100823402404785
2017-05-02,0.024675472111854946,5.031240940093994
2017-05-03,-0.0050696233261623425,5.005734443664551
2017-05-04,0.0,5.005734443664551
2017-05-05,-0.003821662967791517,4.9866042137146
2017-05-08,0.0,4.9866042137146
2017-05-09,0.010230006367577094,5.037617206573486
2017-05-10,0.0012659199562616852,5.043994426727295
2017-05-11,-0.0012643194290653526,5.037617206573486
2017-05-12,0.0012659199562616852,5.043994426727295
2017-05-15,0.0,5.043994426727295
2017-05-16,-0.013906473827859922,4.973850250244141
2017-05-17,0.0038459694830370594,4.992979526519775
2017-05-18,-0.016602749087793356,4.9100823402404785
2017-05-19,0.012987136586499526,4.973850250244141
2017-05-22,0.0,4.973850250244141
2017-05-23,-0.006410268701130817,4.941966533660889
2017-05-24,0.0025805536539511564,4.954719543457031
2017-05-25,0.0,4.954719543457031
2017-05-26,0.009009027216383636,4.999356746673584
2017-05-30,0.010204292830565231,5.0503716468811035
2017-05-31,0.0,5.0503716468811035
2017-06-01,-0.0025254458878276598,5.037617206573486
2017-06-02,-0.001265730645665597,5.031240940093994
2017-06-05,-0.0012673347500971044,5.024864673614502
2017-06-06,-0.0025382654332146704,5.012110233306885
2017-06-07,0.0025447246197540796,5.024864673614502
2017-06-08,-0.0038071134632547965,5.005734443664551
2017-06-09,0.0,5.005734443664551
2017-06-12,0.0025475847954987696,5.018486976623535
2017-06-13,-0.01270650565868503,4.954719543457031
2017-06-14,-0.0025739115371290477,4.941966533660889
2017-06-15,0.0,4.941966533660889
2017-06-16,-0.01032250407779578,4.890953063964844
2017-06-19,0.003911155152269474,4.9100823402404785
2017-06-20,0.0,4.9100823402404785
2017-06-21,0.019480753436690312,5.005734443664551
2017-06-22,0.019108124322595232,5.10138463973999
2017-06-23,0.015000122915817427,5.177906036376953
2017-06-26,0.016009789613196768,5.26080322265625
2017-06-27,0.0,5.26080322265625
2017-06-28,-0.006060708236167667,5.22891902923584
2017-06-29,0.0,5.22891902923584
2017-06-30,-0.007316996658166985,5.190659046173096
2017-07-03,0.0024570990614114496,5.203413009643555
2017-07-05,-0.0012256757207522728,5.197035312652588
2017-07-06,-0.0024539009317666727,5.184282302856445
2017-07-07,0.001230014675924762,5.190659046173096
2017-07-10,0.0,5.190659046173096
2017-07-11,0.0,5.190659046173096
2017-07-12,0.007370929726342235,5.22891902923584
2017-07-13,0.013414752251492246,5.299063682556152
2017-07-14,0.010830345375689054,5.356454372406006
2017-07-17,-0.001190478416002283,5.3500776290893555
2017-07-18,-0.010727076096580301,5.292686939239502
2017-07-19,-0.004819196132750725,5.267180442810059
2017-07-20,-0.007264116729937986,5.22891902923584
2017-07-21,-0.0012194234494435907,5.222542762756348
2017-07-24,0.0,5.222542762756348
2017-07-25,-0.010989123362720288,5.165151596069336
2017-07-26,-0.009876378632857064,5.114138603210449
2017-07-27,0.03491269007002806,5.292686939239502
2017-07-28,0.0,5.292686939239502
2017-07-31,0.0012048215565847453,5.299063682556152
2017-08-01,0.012033537113754322,5.36283016204834
2017-08-02,0.010701745494444026,5.42022180557251
2017-08-03,0.017646915478090275,5.515872001647949
2017-08-04,0.006936516424896899,5.55413293838501
2017-08-07,0.0034442375299637007,5.573262691497803
2017-08-08,0.001144167011251529,5.579639434814453
2017-08-09,-0.0011428593892398586,5.573262691497803
2017-08-10,-0.016018252599529825,5.4839887619018555
2017-08-11,0.011627842269179123,5.547755718231201
2017-08-14,0.002298855119267307,5.560509204864502
2017-08-15,-0.0022935825053834735,5.547755718231201
2017-08-16,-0.006896479406440559,5.509495735168457
2017-08-17,-0.010416773048878114,5.452104568481445
2017-08-18,0.008187150971864954,5.496741771697998
2017-08-21,0.002320276993204917,5.509495735168457
2017-08-22,-0.004629638444728079,5.4839887619018555
2017-08-23,-0.011627842269179123,5.42022180557251
2017-08-24,0.023529279286610416,5.547755718231201
2017-08-25,0.0,5.547755718231201
2017-08-28,0.0057471377981686,5.579639434814453
2017-08-29,0.0,5.579639434814453
2017-08-30,0.0,5.579639434814453
2017-08-31,0.0,5.579639434814453
2017-09-01,0.0,5.579639434814453
2017-09-05,0.011428679352608162,5.643407344818115
2017-09-06,0.0033897523152139897,5.662537097930908
2017-09-07,-0.002252340823536425,5.649783134460449
2017-09-08,0.01580147080792149,5.739058017730713
2017-09-11,0.001111030148117198,5.745434284210205
2017-09-12,0.009988921117342953,5.802824974060059
2017-09-13,0.0,5.802824974060059
2017-09-14,0.002197888705496309,5.815578937530518
2017-09-18,0.0142543308533436,5.8984761238098145
2017-09-19,0.010810831785704744,5.962243556976318
2017-09-20,0.013903770002729576,6.045141220092773
2017-09-21,0.005274192708702996,6.077024459838867
2017-09-22,-0.0010491630705897759,6.070648670196533
2017-09-25,-0.006302768038483508,6.032386779785156
2017-09-26,-0.00634250774968792,5.994126319885254
2017-09-27,-0.009574249235954957,5.936737060546875
2017-09-28,-0.0010741158403372308,5.930360317230225
2017-09-29,-0.003225732011124638,5.911230564117432
2017-10-02,0.0,5.911230564117432
2017-10-03,0.0,5.911230564117432
2017-10-04,0.02481094035218434,6.057893753051758
2017-10-05,-0.024210261010345735,5.911230564117432
2017-10-06,0.03559852667824437,6.12166166305542
2017-10-09,0.016666621228838885,6.223689079284668
2017-10-10,0.004098292203307707,6.249195575714111
2017-10-11,0.010204102655119174,6.312963008880615
2017-10-12,0.013131490977240867,6.395861625671387
2017-10-13,-0.0029911070480830304,6.376730918884277
2017-10-16,0.006000161220682809,6.414992332458496
2017-10-17,-0.006958337241940837,6.370354652404785
2017-10-18,-0.009009175572745387,6.312963008880615
2017-10-19,0.0050505153504623035,6.344846725463867
2017-10-20,0.0,6.344846725463867
2017-10-23,0.0030150814949043703,6.363976955413818
2017-10-24,0.0010021558902002514,6.370354652404785
2017-10-25,0.017016899156127474,6.478758335113525
2017-10-26,0.019685078488233643,6.606293201446533
2017-10-27,-0.005791444898989084,6.568033218383789
2017-10-30,-0.019417512380424662,6.440498352050781
2017-10-31,0.004950430541751816,6.472381591796875
2017-11-01,0.0,6.472381591796875
2017-11-02,0.06601005719351027,6.899623870849609
2017-11-03,-0.006469719880908609,6.854985237121582
2017-11-06,-0.02325572174519852,6.695567607879639
2017-11-07,-0.009523970270388205,6.631799221038818
2017-11-08,0.0,6.631799221038818
2017-11-09,-0.009615188959994025,6.568033218383789
2017-11-10,-0.009708756190212386,6.504265785217285
2017-11-13,0.0,6.504265785217285
2017-11-14,-0.0196078805117198,6.376730918884277
2017-11-15,-0.015000029163296014,6.2810797691345215
2017-11-16,-0.005076228067838029,6.249195575714111
2017-11-17,0.015306153982678872,6.344846725463867
2017-11-20,0.0261307062891718,6.510642051696777
2017-11-21,0.005876749676976489,6.548903465270996
2017-11-22,0.0029210620089665795,6.568033218383789
2017-11-24,0.004854232895731503,6.599915981292725
2017-11-27,-0.012560339633756912,6.517018795013428
2017-11-28,-0.00391375572091357,6.491512775421143
2017-11-29,0.011787767444959352,6.568033218383789
2017-11-30,-0.004854450694793511,6.536149024963379
2017-12-01,0.0009756116778083523,6.542525768280029
2017-12-04,-0.0009746607873624136,6.536149024963379
2017-12-05,-0.006829135836982636,6.491512775421143
2017-12-06,0.0029468133141574704,6.510642051696777
2017-12-07,0.000979433866278745,6.517018795013428
2017-12-08,0.0,6.517018795013428
2017-12-11,0.01956958345244475,6.644554138183594
2017-12-12,0.012475959192343788,6.727451324462891
2017-12-13,0.008530822012961181,6.784842014312744
2017-12-14,-0.06484974711580593,6.344846725463867
2017-12-15,-0.004020033506416776,6.319340229034424
2017-12-18,0.016145339445031937,6.42136812210083
2017-12-19,0.022840163263366353,6.568033218383789
2017-12-20,0.0,6.568033218383789
2017-12-21,0.0,6.568033218383789
2017-12-22,0.029126123371262302,6.759334564208984
2017-12-26,-0.000943398089867542,6.752957820892334
2017-12-27,-0.005665733581443622,6.714697360992432
2017-12-28,-0.0028489374999867145,6.695567607879639
2017-12-29,0.009523756619872259,6.759334564208984
2018-01-02,0.01415090080302761,6.854985237121582
2018-01-03,-0.0046511026126558885,6.823101997375488
2018-01-04,0.014018788906234425,6.918753623962402
2018-01-05,0.02764968319765604,7.110054969787598
2018-01-08,0.004484246589031127,7.141938209533691
2018-01-09,0.004464361421924412,7.173822402954102
2018-01-10,-0.004444519480616194,7.141938209533691
2018-01-11,-0.004464227890341177,7.110054969787598
2018-01-12,0.013452873897465079,7.205705642700195
2018-01-16,0.039823087908117394,7.492659091949463
2018-01-17,-0.011914916365142858,7.403384685516357
2018-01-18,0.0,7.403384685516357
2018-01-19,-0.018087890247232008,7.269473075866699
2018-01-22,0.004385973543130639,7.301356792449951
2018-01-23,0.002620157777646348,7.3204874992370605
2018-01-24,0.011323998065420726,7.403384685516357
2018-01-25,0.0,7.403384685516357
2018-01-26,0.002583984321033128,7.422514915466309
2018-01-29,-0.0017180878858743531,7.409762382507324
2018-01-30,-0.010327234040855338,7.333240032196045
2018-01-31,-0.029565342011359852,7.116430282592773
2018-02-01,0.008960860710055751,7.18019962310791
2018-02-02,-0.0053287395312914265,7.141938209533691
2018-02-05,0.0,7.141938209533691
2018-02-06,-0.004464227890341177,7.110054969787598
2018-02-07,0.0,7.110054969787598
2018-02-08,0.0,7.110054969787598
2018-02-09,-0.001793658396500919,7.097301959991455
2018-02-12,-0.011680165728295222,7.014404296875
2018-02-13,-0.0009090926394834664,7.00802755355835
2018-02-14,0.0009099198409134868,7.014404296875
2018-02-15,0.0,7.014404296875
2018-02-16,0.0,7.014404296875
2018-02-20,0.0,7.014404296875
2018-02-21,0.013636321612543911,7.110054969787598
2018-02-22,0.013452873897465079,7.205705642700195
2018-02-26,-0.00884957509069273,7.141938209533691
2018-02-27,-0.004464227890341177,7.110054969787598
2018-02-28,-0.013452873897465079,7.014404296875
2018-03-01,0.009090926394834886,7.078171730041504
2018-03-02,-0.0045045130012781875,7.046288013458252
2018-03-05,-0.004524895451669675,7.014404296875
2018-03-06,0.0,7.014404296875
2018-03-07,0.004545463197417332,7.046288013458252
2018-03-08,-0.004524895451669675,7.014404296875
2018-03-09,0.009090926394834886,7.078171730041504
2018-03-12,0.01351347163655725,7.173822402954102
2018-03-13,0.013333292565649524,7.269473075866699
2018-03-14,0.001754520606171539,7.282227516174316
2018-03-15,0.007005070345361464,7.333240032196045
2018-03-16,0.004347899875147165,7.365124225616455
2018-03-19,-0.008658025474263642,7.301356792449951
2018-03-20,-0.004366820782710112,7.269473075866699
2018-03-21,-0.010526270909053892,7.192952632904053
2018-03-22,-0.0026595795810527845,7.173822402954102
2018-03-23,0.0,7.173822402954102
2018-03-26,0.007111058349456467,7.2248358726501465
2018-03-27,-0.0026478428419902666,7.205705642700195
2018-03-28,-0.004424721370403617,7.173822402954102
2018-03-29,0.0,7.173822402954102
2018-04-02,-0.008888906023132859,7.110054969787598
2018-04-03,-0.013452873897465079,7.014404296875
2018-04-04,0.0,7.014404296875
2018-04-05,0.006363512516967651,7.059040546417236
2018-04-06,0.007226821128864858,7.110054969787598
2018-04-09,0.0,7.110054969787598
2018-04-10,0.003587383858187687,7.135561466217041
2018-04-11,0.0,7.135561466217041
2018-04-12,0.008042978391921585,7.192952632904053
2018-04-13,0.0,7.192952632904053
2018-04-16,0.0,7.192952632904053
2018-04-17,0.013297964197533707,7.288604259490967
2018-04-18,0.013123383619737972,7.384255409240723
2018-04-19,0.014680380986427322,7.492659091949463
2018-04-20,0.005243283612010208,7.53194522857666
2018-04-23,0.004329044342253008,7.56455135345459
2018-04-24,-0.0034483075973079647,7.538466453552246
2018-04-25,0.009515658811168892,7.610199928283691
2018-04-26,0.011139713627021486,7.69497537612915
2018-04-27,0.0008472794447578202,7.701495170593262
2018-04-30,0.011854408890580759,7.792791843414307
2018-05-01,0.0,7.792791843414307
2018-05-02,0.0,7.792791843414307
2018-05-03,-0.02259416745208509,7.616720199584961
2018-05-04,-0.023972574439287242,7.4341278076171875
2018-05-07,0.008771882562299549,7.4993391036987305
2018-05-08,0.013043408595041495,7.597156047821045
2018-05-09,0.012017217001516034,7.68845272064209
2018-05-10,0.013570886960400319,7.792791843414307
2018-05-11,-0.004184016698863591,7.760186672210693
2018-05-14,-0.02521013050583898,7.56455135345459
2018-05-15,0.004310195389388927,7.597156047821045
2018-05-16,-0.0042916973353215315,7.56455135345459
2018-05-17,0.017241474950791202,7.69497537612915
2018-05-18,0.016101469784755906,7.818875789642334
2018-05-21,-0.007506081310229562,7.760186672210693
2018-05-22,-0.0016805647631592535,7.747145175933838
2018-05-23,-0.0025254600235207203,7.7275800704956055
2018-05-24,0.007595007006703014,7.786271095275879
2018-05-25,-0.011725217119927911,7.69497537612915
2018-05-29,-0.012712104136363367,7.597156047821045
2018-05-30,0.00858389679238969,7.662369251251221
2018-05-31,-0.012766011998267768,7.56455135345459
2018-06-01,0.002586293733729761,7.584115505218506
2018-06-04,-0.002579622073326071,7.56455135345459
2018-06-05,-0.007758692093942976,7.505860328674316
2018-06-06,0.003475271156151427,7.53194522857666
2018-06-07,0.02943737491005427,7.753665924072266
2018-06-08,-0.007569393435033489,7.69497537612915
2018-06-11,0.0,7.69497537612915
2018-06-12,0.008474529533107678,7.760186672210693
2018-06-13,0.0,7.760186672210693
2018-06-14,-0.004201780587553716,7.7275800704956055
2018-06-15,-0.012658221599404218,7.629762649536133
2018-06-18,-0.0042736062984960466,7.597156047821045
2018-06-19,0.004291948396194956,7.629762649536133
2018-06-20,-0.008546962609054076,7.56455135345459
2018-06-21,-0.0034483075973079647,7.538466453552246
2018-06-22,0.014705954908847962,7.649326801300049
2018-06-25,-0.015345346822342454,7.53194522857666
2018-06-26,-0.012987006409492685,7.4341278076171875
2018-06-27,-0.01578923467220028,7.31674861907959
2018-06-28,-0.015151651417389611,7.205887794494629
2018-06-29,0.0,7.205887794494629
2018-07-02,0.013574519903000626,7.303704261779785
2018-07-03,0.02589283604115633,7.4928178787231445
2018-07-05,-0.020017210593284318,7.342832565307617
2018-07-06,-0.0008882374195371412,7.336310386657715
2018-07-09,0.0017779891764624356,7.349354267120361
2018-07-10,0.011534828423782395,7.4341278076171875
2018-07-11,-0.009649083646857681,7.362395286560059
2018-07-12,0.009743095591196571,7.4341278076171875
2018-07-13,-0.004385877139508554,7.401522636413574
2018-07-16,0.00528626312465863,7.440649032592773
2018-07-17,0.01665208509621663,7.56455135345459
2018-07-18,-0.008620768993269912,7.4993391036987305
2018-07-19,-0.004347739281123086,7.466733932495117
2018-07-20,-0.0043668523845517004,7.4341278076171875
2018-07-23,0.013157887985090433,7.53194522857666
2018-07-24,0.0,7.53194522857666
2018-07-25,0.004329044342253008,7.56455135345459
2018-07-26,0.012931090454156191,7.662369251251221
2018-07-27,0.004255358076433735,7.69497537612915
2018-07-30,-0.004237326733894209,7.662369251251221
2018-07-31,-0.0008511338463202955,7.655847549438477
2018-08-01,-0.007666231757937347,7.597156047821045
2018-08-02,-0.005149948931080117,7.55803108215332
2018-08-03,0.0,7.55803108215332
2018-08-06,-0.012079488515703729,7.466733932495117
2018-08-07,0.0,7.466733932495117
2018-08-08,0.0,7.466733932495117
2018-08-09,0.0,7.466733932495117
2018-08-10,-0.0043668523845517004,7.4341278076171875
2018-08-13,-0.008771946703940658,7.368916034698486
2018-08-14,-0.004424754996154023,7.336310386657715
2018-08-15,0.0,7.336310386657715
2018-08-16,-0.008888905932510682,7.271098613739014
2018-08-17,0.0,7.271098613739014
2018-08-20,-0.004484215238396705,7.2384934425354
2018-08-21,-0.0072072732010950435,7.186323642730713
2018-08-22,-0.0018148324181316289,7.173281669616699
2018-08-23,0.0,7.173281669616699
2018-08-27,0.009090926011579015,7.2384934425354
2018-08-28,0.0,7.2384934425354
2018-08-29,-0.00450447987549063,7.205887794494629
2018-08-30,0.0,7.205887794494629
2018-08-31,0.0,7.205887794494629
2018-09-04,0.0,7.205887794494629
2018-09-05,-0.04977381314600826,6.847223281860352
2018-09-06,0.0,6.847223281860352
2018-09-07,0.0,6.847223281860352
2018-09-10,-0.01428577596640812,6.749405384063721
2018-09-11,-0.028985351614313704,6.553771495819092
2018-09-12,0.004975024110073667,6.586376667022705
2018-09-13,0.009901081133481204,6.6515889167785645
2018-09-14,-0.004902148788839766,6.618981838226318
2018-09-17,-0.003940851282374203,6.592897415161133
2018-09-18,-0.0009890565145806995,6.586376667022705
2018-09-19,0.004950395771754712,6.618981838226318
2018-09-20,-0.004926010072321074,6.586376667022705
2018-09-21,0.010891044451843523,6.658109188079834
2018-09-24,0.004897133273083831,6.6907148361206055
2018-09-25,0.014620018492748299,6.7885332107543945
2018-09-26,0.003842353777794738,6.814617156982422
2018-09-27,0.004784733188499146,6.847223281860352
2018-09-28,0.004761878895807259,6.879828929901123
2018-10-01,0.0,6.879828929901123
2018-10-02,0.004739310871388236,6.9124345779418945
2018-10-03,-0.004716955751714269,6.879828929901123
2018-10-04,-0.004739310871388236,6.847223281860352
2018-10-05,-0.009523966710093812,6.782010555267334
2018-10-08,0.0,6.782010555267334
2018-10-09,-0.004807596646733359,6.749405384063721
2018-10-10,-0.009661854520203406,6.6841936111450195
2018-10-11,-0.014634068043633208,6.586376667022705
2018-10-12,-0.004950395771754712,6.553771495819092
2018-10-15,0.0,6.553771495819092
2018-10-16,0.0,6.553771495819092
2018-10-17,-0.004975242383090217,6.521164894104004
2018-10-18,-0.0050001191879948115,6.488558292388916
2018-10-19,0.007035388517194097,6.534207820892334
2018-10-22,-0.006986237621255165,6.488558292388916
2018-10-23,0.0,6.488558292388916
2018-10-24,0.0010051814834663997,6.495080471038818
2018-10-25,0.0,6.495080471038818
2018-10-26,-0.006024151668017397,6.455953121185303
2018-10-29,-0.005050551679337989,6.423346996307373
2018-10-30,0.0,6.423346996307373
2018-10-31,-0.010152155765813853,6.358136177062988
2018-11-01,0.0,6.358136177062988
2018-11-02,0.002051225823231473,6.371178150177002
2018-11-05,0.01842361639324941,6.488558292388916
2018-11-06,0.0020102159890877935,6.501601696014404
2018-11-07,0.0010028715393726184,6.508121967315674
2018-11-08,0.0020040999314137053,6.521164894104004
2018-11-09,-0.0029999545184461462,6.501601696014404
2018-11-12,-0.017051309780007018,6.390740871429443
2018-11-13,0.0010204176803256804,6.397262096405029
2018-11-14,0.0,6.397262096405029
2018-11-15,0.0,6.397262096405029
2018-11-16,0.01019377489512352,6.462474346160889
2018-11-19,0.00403621659922293,6.488558292388916
2018-11-20,-0.009045163572746318,6.429868221282959
2018-11-21,0.0,6.429868221282959
2018-11-23,0.0,6.429868221282959
2018-11-26,0.004056832738189353,6.455953121185303
2018-11-27,0.010101029498604586,6.521164894104004
2018-11-28,0.020000111144633292,6.6515889167785645
2018-11-29,0.009803867451436687,6.716800212860107
2018-11-30,0.0,6.716800212860107
2018-12-03,-0.004854484379728685,6.6841936111450195
2018-12-04,0.019512233400890366,6.814617156982422
2018-12-06,-0.01913879280859776,6.6841936111450195
2018-12-07,-0.009756116700445183,6.618981838226318
2018-12-10,-0.0019703175798938544,6.605940341949463
2018-12-11,0.0,6.605940341949463
2018-12-12,0.002961383276232965,6.625503063201904
2018-12-13,0.0,6.625503063201904
2018-12-14,-0.00590542269861849,6.586376667022705
2018-12-17,0.014851404507743027,6.6841936111450195
2018-12-18,-0.014634068043633208,6.586376667022705
2018-12-19,0.0,6.586376667022705
2018-12-20,0.0,6.586376667022705
2018-12-21,-0.009901008735988315,6.521164894104004
2018-12-24,0.0,6.521164894104004
2018-12-26,-0.0020000915480794523,6.508121967315674
2018-12-27,-0.0030060399951027383,6.488558292388916
2018-12-28,0.0,6.488558292388916
2018-12-31,0.0,6.488558292388916
2019-01-02,-0.005025025550261186,6.455953121185303
2019-01-03,0.0,6.455953121185303
2019-01-04,0.010101029498604586,6.521164894104004
2019-01-07,0.0,6.521164894104004
2019-01-08,0.0,6.521164894104004
2019-01-09,0.010000019011582095,6.586376667022705
2019-01-10,0.004950395771754712,6.618981838226318
2019-01-11,-0.00295569249242722,6.5994181632995605
2019-01-14,0.00790535653114599,6.6515889167785645
2019-01-15,0.0,6.6515889167785645
2019-01-16,0.0,6.6515889167785645
2019-01-17,0.0,6.6515889167785645
2019-01-18,-0.003921747706154721,6.625503063201904
2019-01-22,-0.000984261106421469,6.618981838226318
2019-01-23,0.004926298235769622,6.6515889167785645
2019-01-24,0.007842993598359493,6.703757286071777
2019-01-25,0.02626462091567139,6.879828929901123
2019-01-28,-0.009478691052226318,6.814617156982422
2019-01-29,0.0,6.814617156982422
2019-01-30,0.0019140332207985278,6.82766056060791
2019-01-31,0.00859578722619081,6.886349678039551
2019-02-01,0.0700757845913389,7.368916034698486
2019-02-04,0.022123904399304894,7.53194522857666
2019-02-05,-0.017315924134479133,7.401522636413574
2019-02-06,-0.0044053910684096476,7.368916034698486
2019-02-07,0.01415935834808102,7.473255157470703
2019-02-08,0.0,7.473255157470703
2019-02-11,-0.005235650199150732,7.4341278076171875
2019-02-12,-0.007894681477741305,7.3754377365112305
2019-02-13,0.0044207777719016406,7.408042907714844
2019-02-14,0.003521159397602558,7.4341278076171875
2019-02-15,-0.004385877139508554,7.401522636413574
2019-02-19,-0.0079294591111857,7.342832565307617
2019-02-20,-0.005328775125923446,7.303704261779785
2019-02-21,0.0,7.303704261779785
2019-02-22,0.005357323095978916,7.342832565307617
2019-02-25,0.0035522353477190904,7.368916034698486
2019-02-26,-0.0008848992318168936,7.362395286560059
2019-02-27,-0.003542990954310987,7.336310386657715
2019-02-28,0.0,7.336310386657715
2019-03-01,0.004444420467824006,7.368916034698486
2019-03-04,-0.004424754996154023,7.336310386657715
2019-03-05,-0.02311099943205741,7.1667609214782715
2019-03-06,0.005459491874369116,7.205887794494629
2019-03-07,0.009049657877577166,7.271098613739014
2019-03-08,0.004484280818191966,7.303704261779785
2019-03-11,0.0,7.303704261779785
2019-03-12,0.0,7.303704261779785
2019-03-13,-0.0008928654203198549,7.297183036804199
2019-03-14,-0.004468120670950593,7.264578342437744
2019-03-15,0.004488174375653298,7.297183036804199
2019-03-18,0.005361980048488979,7.336310386657715
2019-03-19,-0.0008888970929372686,7.329789161682129
2019-03-20,-0.0035587517358217635,7.303704261779785
2019-03-21,-0.0017856002665800341,7.29066276550293
2019-03-22,-0.002683453122600543,7.271098613739014
2019-03-25,-0.00896849605658856,7.205887794494629
2019-03-26,-0.004524928198693434,7.173281669616699
2019-03-27,-0.009090926011579015,7.108069896697998
2019-03-28,-0.004587131037627867,7.075464248657227
2019-03-29,0.0,7.075464248657227
2019-04-01,0.0,7.075464248657227
2019-04-02,0.018433213885880928,7.205887794494629
2019-04-03,0.009049657877577166,7.271098613739014
2019-04-04,0.004484280818191966,7.303704261779785
2019-04-05,-0.004464261814569381,7.271098613739014
2019-04-08,-0.004484215238396705,7.2384934425354
2019-04-09,-0.00450447987549063,7.205887794494629
2019-04-10,0.0,7.205887794494629
2019-04-11,0.0,7.205887794494629
2019-04-12,0.0045248620254234595,7.2384934425354
2019-04-15,-0.00450447987549063,7.205887794494629
2019-04-16,0.0,7.205887794494629
2019-04-17,-0.004524928198693434,7.173281669616699
2019-04-18,0.0,7.173281669616699
2019-04-22,0.0045454962428197465,7.205887794494629
2019-04-23,-0.004524928198693434,7.173281669616699
2019-04-24,-0.002770705307062915,7.153406620025635
2019-04-25,-0.0009336224812240834,7.146728038787842
2019-04-26,0.0,7.146728038787842
2019-04-29,-0.004672941780884732,7.1133317947387695
2019-04-30,0.004694880684994018,7.146728038787842
2019-05-01,0.0,7.146728038787842
2019-05-02,0.0,7.146728038787842
2019-05-03,0.0009344949467149366,7.153406620025635
2019-05-06,0.0,7.153406620025635
2019-05-07,0.0,7.153406620025635
2019-05-08,0.0037348898774085537,7.180123805999756
2019-05-09,0.0,7.180123805999756
2019-05-10,0.009302414540865112,7.2469162940979
2019-05-13,-0.004608338594482064,7.213520050048828
2019-05-14,0.0,7.213520050048828
2019-05-15,-0.004629673698466563,7.180123805999756
2019-05-16,-0.004651140859717295,7.146728038787842
2019-05-17,-0.01869156696040608,7.013144493103027
2019-05-20,0.003809451284809251,7.039860725402832
2019-05-21,0.0009488840773743679,7.0465407371521
2019-05-22,-0.004739381392204867,7.013144493103027
2019-05-23,-0.004761950089851363,6.979748249053955
2019-05-24,0.0,6.979748249053955
2019-05-28,0.009569469515923856,7.0465407371521
2019-05-29,0.005687162933093459,7.086615562438965
2019-05-30,0.0,7.086615562438965
2019-05-31,0.002827467364118874,7.106652736663818
2019-06-03,0.0009398317776938558,7.1133317947387695
2019-06-04,0.0,7.1133317947387695
2019-06-05,-0.004694746616410561,7.079936504364014
2019-06-06,-0.004716958576016728,7.0465407371521
2019-06-07,0.0,7.0465407371521
2019-06-10,0.002843682971067185,7.0665788650512695
2019-06-11,0.0,7.0665788650512695
2019-06-12,-0.0009452964265784791,7.059898853302002
2019-06-13,0.0009461908574148747,7.0665788650512695
2019-06-14,0.0009450939931940905,7.0732574462890625
2019-06-17,-0.003777143606016997,7.0465407371521
2019-06-18,0.004739313722524674,7.079936504364014
2019-06-19,-0.010377430098110096,7.006464958190918
2019-06-20,0.0,7.006464958190918
2019-06-21,-0.004766489841646959,6.973068714141846
2019-06-24,-0.0038314818151636842,6.946351528167725
2019-06-25,-0.011538312366076497,6.866202354431152
2019-06-26,0.0,6.866202354431152
2019-06-27,0.003891184883888066,6.892920017242432
2019-06-28,0.0009688353243515468,6.899598121643066
2019-07-01,0.0,6.899598121643066
2019-07-02,0.0019361407362490368,6.912956714630127
2019-07-03,-0.0009661651809298455,6.906277656555176
2019-07-05,-0.0058027354411367416,6.866202354431152
2019-07-08,-0.012645951552383572,6.779372692108154
2019-07-09,0.009852240656239353,6.846164703369141
2019-07-10,0.0,6.846164703369141
2019-07-11,0.029268363012702636,7.0465407371521
2019-07-12,0.014217941167574022,7.146728038787842
2019-07-15,-0.014018625179521349,7.0465407371521
2019-07-16,0.009478559775369044,7.1133317947387695
2019-07-17,0.0,7.1133317947387695
2019-07-18,0.0,7.1133317947387695
2019-07-19,0.009389694335696142,7.180123805999756
2019-07-22,-0.004651140859717295,7.146728038787842
2019-07-23,0.01401875862160984,7.2469162940979
2019-07-24,0.004608338594481953,7.280312538146973
2019-07-25,0.0,7.280312538146973
2019-07-26,0.0,7.280312538146973
2019-07-29,0.0,7.280312538146973
2019-07-30,-0.01926601406530637,7.140049934387207
2019-07-31,-0.008419189021869555,7.079936504364014
2019-08-01,-0.055660461419520635,6.685863971710205
2019-08-02,0.013986033935720288,6.779372692108154
2019-08-05,-0.019704410976006503,6.64578914642334
2019-08-06,-0.015075448995245155,6.545600891113281
2019-08-07,-0.0051018713320784,6.512206077575684
2019-08-08,0.010256287468644487,6.5789971351623535
2019-08-09,-0.015228427131763422,6.478809356689453
2019-08-12,-0.010309156190513202,6.412018299102783
2019-08-13,0.005208308157290675,6.445414066314697
2019-08-14,0.0051812482535897875,6.478809356689453
2019-08-15,0.0,6.478809356689453
2019-08-16,-0.005154541295504411,6.445414066314697
2019-08-19,0.0,6.445414066314697
2019-08-20,0.0051812482535897875,6.478809356689453
2019-08-21,-0.0144328628264212,6.38530158996582
2019-08-22,0.0,6.38530158996582
2019-08-23,-0.011506429567197163,6.311829566955566
2019-08-26,-0.005291056055111487,6.278433322906494
2019-08-27,0.0,6.278433322906494
2019-08-28,0.005319200241759026,6.311829566955566
2019-08-29,0.005290980508528165,6.3452253341674805
2019-08-30,0.0,6.3452253341674805
2019-09-03,0.0,6.3452253341674805
2019-09-04,-0.010526341893853264,6.278433322906494
2019-09-05,-0.005318972396466948,6.2450385093688965
2019-09-06,0.005347415150042334,6.278433322906494
2019-09-09,-0.004255238675918149,6.2517170906066895
2019-09-10,0.0042734231112195875,6.278433322906494
2019-09-11,0.0,6.278433322906494
2019-09-12,0.0,6.278433322906494
2019-09-13,0.0,6.278433322906494
2019-09-16,-0.0010636577721181428,6.271755218505859
2019-09-17,0.0,6.271755218505859
2019-09-18,0.0010647903446439066,6.278433322906494
2019-09-19,-0.015957296931554232,6.17824649810791
2019-09-20,0.005405456719685731,6.211642742156982
2019-09-23,0.005376318084951093,6.2450385093688965
2019-09-24,-0.005347567859159463,6.211642742156982
2019-09-25,-0.004301069820973891,6.1849260330200195
2019-09-26,-0.0010799700556560765,6.17824649810791
2019-09-27,0.005405456719685731,6.211642742156982
2019-09-30,0.0,6.211642742156982
2019-10-01,-0.02365592239788883,6.064700603485107
2019-10-02,-0.0033039802575739463,6.044662952423096
2019-10-03,-0.0055248352926818844,6.011267185211182
2019-10-04,0.001110931222133127,6.017945289611816
2019-10-07,0.0011100946028801406,6.024625778198242
2019-10-08,0.0,6.024625778198242
2019-10-09,-0.0022173315785690706,6.011267185211182
2019-10-10,0.0,6.011267185211182
2019-10-11,0.022222194018168828,6.144850730895996
2019-10-14,0.010869590521566108,6.211642742156982
2019-10-15,0.0,6.211642742156982
2019-10-16,-0.004301069820973891,6.1849260330200195
2019-10-17,0.00539954189162839,6.218321800231934
2019-10-18,0.010741086834929803,6.285113334655762
2019-10-21,-0.0010628307547668747,6.278433322906494
2019-10-22,-0.008510477351836188,6.225000858306885
2019-10-23,-0.009656774575858229,6.164887428283691
2019-10-24,0.0,6.164887428283691
2019-10-25,-0.003250131915753962,6.144850730895996
2019-10-28,0.003260729717477373,6.164887428283691
2019-10-29,-0.003250131915753962,6.144850730895996
2019-10-30,0.0,6.144850730895996
2019-10-31,0.0,6.144850730895996
2019-11-01,0.0,6.144850730895996
2019-11-04,0.0,6.144850730895996
2019-11-05,0.0,6.144850730895996
2019-11-06,0.0,6.144850730895996
2019-11-07,0.0,6.144850730895996
2019-11-08,-0.0217391034436627,6.011267185211182
2019-11-11,0.0,6.011267185211182
2019-11-12,0.0,6.011267185211182
2019-11-13,0.0,6.011267185211182
2019-11-14,0.0,6.011267185211182
2019-11-15,0.0,6.011267185211182
2019-11-18,-0.007777787737334174,5.964512825012207
2019-11-19,-0.008958555349206865,5.911079406738281
2019-11-20,0.00451984893717805,5.937796592712402
2019-11-21,0.0011245968869448841,5.944474220275879
2019-11-22,0.0,5.944474220275879
2019-11-25,0.0,5.944474220275879
2019-11-26,0.0,5.944474220275879
2019-11-27,-0.011235822565914044,5.877683162689209
2019-11-29,0.0,5.877683162689209
2019-12-02,0.0,5.877683162689209
2019-12-03,-0.017045535211227647,5.77749490737915
2019-12-04,-0.017340958883024005,5.677307605743408
2019-12-05,0.0,5.677307605743408
2019-12-06,0.00470587662185773,5.704024314880371
2019-12-09,0.00936767014378459,5.757457733154297
2019-12-10,0.038283161607200134,5.977871417999268
2019-12-11,-0.016759854520857265,5.877683162689209
2019-12-12,-0.005681790985929025,5.844287395477295
2019-12-13,0.0,5.844287395477295
2019-12-16,-0.00571442138729783,5.8108906745910645
2019-12-17,0.0,5.8108906745910645
2019-12-18,0.010344877670627639,5.8710036277771
2019-12-19,0.04664400168708149,6.144850730895996
2019-12-20,0.0,6.144850730895996
2019-12-23,0.0,6.144850730895996
2019-12-24,-0.0010870133717854058,6.138171195983887
2019-12-26,0.0010881962556663627,6.144850730895996
2019-12-27,0.0,6.144850730895996
2019-12-30,0.0,6.144850730895996
2019-12-31,0.0,6.144850730895996
2020-01-02,-0.0010870133717854058,6.138171195983887
2020-01-03,-0.004352551970926322,6.111454486846924
2020-01-06,0.0,6.111454486846924
2020-01-07,-0.002185750737185632,6.0980963706970215
2020-01-08,-0.0054764249663861175,6.064700603485107
2020-01-09,-0.00881056160352256,6.011267185211182
2020-01-10,0.0,6.011267185211182
2020-01-13,-0.008889036255067873,5.9578328132629395
2020-01-14,0.008968759886865296,6.011267185211182
2020-01-15,0.005555528673567123,6.044662952423096
2020-01-16,-0.0055248352926818844,6.011267185211182
2020-01-17,0.0,6.011267185211182
2020-01-21,0.01111097802323413,6.078058242797852
2020-01-22,0.007692397007142082,6.124813079833984
2020-01-23,0.003271553074490674,6.144850730895996
2020-01-24,0.002173871544631334,6.158208847045898
2020-01-27,-0.0032538115480809093,6.138171195983887
2020-01-28,0.0010881962556663627,6.144850730895996
2020-01-29,0.010869590521566108,6.211642742156982
2020-01-30,0.0,6.211642742156982
2020-01-31,-0.021505502634999285,6.078058242797852
2020-02-03,-0.0054944011789171965,6.044662952423096
2020-02-04,0.0055247564070333155,6.078058242797852
2020-02-05,0.0054945580833558605,6.111454486846924
2020-02-06,0.0,6.111454486846924
2020-02-07,0.0,6.111454486846924
2020-02-10,0.005464532889993379,6.144850730895996
2020-02-11,0.005434756461048185,6.17824649810791
2020-02-12,-0.010810836259356305,6.111454486846924
2020-02-13,0.0,6.111454486846924
2020-02-14,0.0,6.111454486846924
2020-02-18,-0.008743080972257289,6.058021545410156
2020-02-19,0.003307465521128039,6.078058242797852
2020-02-20,0.0,6.078058242797852
2020-02-21,0.0,6.078058242797852
2020-02-24,-0.0054944011789171965,6.044662952423096
2020-02-25,-0.0055248352926818844,6.011267185211182
2020-02-26,-0.011111295318834924,5.944474220275879
2020-02-27,-0.03146055987318297,5.757457733154297
2020-02-28,-0.0139210969712108,5.677307605743408
2020-03-02,0.005882324779818093,5.710703372955322
2020-03-03,0.017543776150273915,5.8108906745910645
2020-03-04,0.005747263673753444,5.844287395477295
2020-03-05,0.004571341293119868,5.8710036277771
2020-03-06,-0.02161546741505116,5.744099140167236
2020-03-09,-0.033720787275773545,5.550403594970703
2020-03-10,0.010830203332634625,5.610515594482422
2020-03-11,-0.020238134900048443,5.496969223022461
2020-03-12,-0.10085053929656362,4.942596912384033
2020-03-13,-0.02027027092212852,4.842409133911133
2020-03-16,-0.03448259563410838,4.6754302978515625
2020-03-17,0.021428466526766554,4.775617599487305
2020-03-18,0.006992873629233065,4.8090128898620605
2020-03-19,0.013888923317671109,4.875804901123047
2020-03-20,0.034246707970736034,5.042785167694092
2020-03-23,0.026490033035830862,5.176368713378906
2020-03-24,0.0193548381153672,5.276556491851807
2020-03-25,0.0,5.276556491851807
2020-03-26,0.012658257589799105,5.343348503112793
2020-03-27,0.0,5.343348503112793
2020-03-30,-0.05000002677181681,5.076180934906006
2020-03-31,-0.03289467318796835,4.909201622009277
2020-04-01,-0.006802882313185932,4.875804901123047
2020-04-02,-0.00684928291618514,4.842409133911133
2020-04-03,-0.03448259563410838,4.6754302978515625
2020-04-06,0.0,4.6754302978515625
2020-04-07,0.0,4.6754302978515625
2020-04-08,-0.0014287480132764152,4.668750286102295
2020-04-09,0.0,4.668750286102295
2020-04-13,0.0014307922548679741,4.6754302978515625
2020-04-14,0.0,4.6754302978515625
2020-04-15,0.01714273242626696,4.755579948425293
2020-04-16,0.018258379930000235,4.842409133911133
2020-04-17,0.048275929300930276,5.076180934906006
2020-04-20,0.0,5.076180934906006
2020-04-21,-0.018421077104431638,4.982672214508057
2020-04-22,-0.034852648773554096,4.8090128898620605
2020-04-23,-0.013888824162778257,4.742221355438232
2020-04-24,-0.014084339928602474,4.6754302978515625
2020-04-27,-0.027142948640542564,4.548525333404541
2020-04-28,-0.0014684007640674013,4.54184627532959
2020-04-29,0.007352800678471327,4.575241565704346
2020-04-30,0.0014600347661073432,4.581921577453613
2020-05-01,0.0,4.581921577453613
2020-05-04,-0.00874639634192409,4.54184627532959
2020-05-05,0.038235298440662424,4.715505123138428
2020-05-06,0.0339941901871863,4.875804901123047
2020-05-07,-0.02054784874855553,4.775617599487305
2020-05-08,0.04755233946494908,5.00270938873291
2020-05-11,0.00801081490990474,5.042785167694092
2020-05-12,0.03443709022572672,5.21644401550293
2020-05-13,-0.026888639115088986,5.076180934906006
2020-05-14,0.0,5.076180934906006
2020-05-15,0.0,5.076180934906006
2020-05-18,0.051315750292399986,5.336668968200684
2020-05-19,-0.005006251895359859,5.309952259063721
2020-05-20,-0.007547205731580298,5.269876956939697
2020-05-21,-0.017743914008780393,5.176368713378906
2020-05-22,-0.003871078164771946,5.156330585479736
2020-05-26,-0.015543931725291671,5.076180934906006
2020-05-27,-0.006578915850353195,5.042785167694092
2020-05-28,0.026490033035830862,5.176368713378906
2020-05-29,0.006451674117177175,5.2097649574279785
2020-06-01,-0.006410316841925168,5.176368713378906
2020-06-02,0.006451674117177175,5.2097649574279785
2020-06-03,0.015384595670983714,5.289915084838867
2020-06-04,0.02651509551859621,5.430177688598633
2020-06-05,0.06396056237897252,5.77749490737915
2020-06-08,-0.005780319627674668,5.744099140167236
2020-06-09,-0.01744186094775224,5.643911361694336
2020-06-10,0.0,5.643911361694336
2020-06-11,-0.026035514956734174,5.496969223022461
2020-06-12,-0.0036451312372158817,5.476932048797607
2020-06-15,-0.006097705903355566,5.443535327911377
2020-06-16,0.036809907847119794,5.643911361694336
2020-06-17,-0.009467529109997042,5.590477466583252
2020-06-18,-0.01194729036757769,5.523686408996582
2020-06-19,-0.004836839747203281,5.496969223022461
2020-06-22,0.0,5.496969223022461
2020-06-23,-0.004860174982954546,5.470252990722656
2020-06-24,-0.004884173155536242,5.443535327911377
2020-06-25,-0.0245397633708222,5.309952259063721
2020-06-26,0.0,5.309952259063721
2020-06-29,0.0,5.309952259063721
2020-06-30,0.010062881108341193,5.3633856773376465
2020-07-01,0.008717322044642373,5.410140037536621
2020-07-02,0.0,5.410140037536621
2020-07-06,0.0024691769333835545,5.423498630523682
2020-07-07,0.0,5.423498630523682
2020-07-08,-0.008620701024213195,5.376744270324707
2020-07-09,0.006211150378907071,5.410140037536621
2020-07-10,-0.012345620253896405,5.343348503112793
2020-07-13,-0.01874999888450768,5.243160724639893
2020-07-14,0.010190979114117704,5.29659366607666
2020-07-15,-0.003783030280987254,5.276556491851807
2020-07-16,-0.0025315972965570532,5.263198375701904
2020-07-17,-0.02284283711673607,5.142971992492676
2020-07-20,0.010389784744354369,5.196406364440918
2020-07-21,0.0411310544452963,5.410140037536621
2020-07-22,-0.0024691769333835545,5.3967814445495605
2020-07-23,-0.0037128007555484732,5.376744270324707
2020-07-24,-0.012422389442924509,5.309952259063721
2020-07-27,0.0,5.309952259063721
2020-07-28,0.0,5.309952259063721
2020-07-29,0.0,5.309952259063721
2020-07-30,-0.0062892782425509886,5.276556491851807
2020-07-31,-0.01265816722079438,5.2097649574279785
2020-08-03,0.0,5.2097649574279785
2020-08-04,-0.01282072521142641,5.142971992492676
2020-08-05,0.01298723093044285,5.2097649574279785
2020-08-06,-0.010256580169141105,5.156330585479736
2020-08-07,-0.009067278093742748,5.10957670211792
2020-08-10,0.010457503896903475,5.163010120391846
2020-08-11,0.005508691339932037,5.191451549530029
2020-08-12,0.006666689323110875,5.2260613441467285
2020-08-13,0.01986743425659765,5.32988977432251
2020-08-14,0.0,5.32988977432251
2020-08-17,0.006493439685427704,5.364499092102051
2020-08-18,-0.009032130181143905,5.316046237945557
2020-08-19,-0.016927033695930294,5.2260613441467285
2020-08-20,0.006622538913643394,5.260671138763428
2020-08-21,0.003947363531161319,5.281436920166016
2020-08-24,0.009174180225742568,5.32988977432251
2020-08-25,0.001298848973602551,5.336812496185303
2020-08-26,0.005187852474962895,5.364499092102051
2020-08-27,-0.0064515469544015325,5.32988977432251
2020-08-28,-0.02077907856515393,5.219139575958252
2020-08-31,0.055703030945894794,5.509861469268799
2020-09-01,0.0,5.509861469268799
2020-09-02,-0.027638384262004934,5.357577800750732
2020-09-03,0.005168012011760759,5.385265827178955
2020-09-04,-0.005141440983002843,5.357577800750732
2020-09-08,-0.005168012011760759,5.32988977432251
2020-09-09,-0.01038953928257691,5.274514675140381
2020-09-10,-0.013123314022137622,5.205295562744141
2020-09-11,0.005319111903891116,5.232983112335205
2020-09-14,0.001322810503499916,5.23990535736084
2020-09-15,0.002642034973907359,5.253749370574951
2020-09-16,-0.002635073018832701,5.23990535736084
2020-09-17,0.013209992867333709,5.30912446975708
2020-09-18,0.0,5.30912446975708
2020-09-21,-0.00912642588616297,5.260671138763428
2020-09-22,-0.00657896943256453,5.2260613441467285
2020-09-23,0.0,5.2260613441467285
2020-09-24,-0.005297885143448644,5.198374271392822
2020-09-25,0.010652387898821392,5.253749370574951
2020-09-28,0.0,5.253749370574951
2020-09-29,0.0,5.253749370574951
2020-09-30,0.0,5.253749370574951
2020-10-01,0.01449258393900621,5.32988977432251
2020-10-02,0.0,5.32988977432251
2020-10-05,0.0,5.32988977432251
2020-10-06,0.0,5.32988977432251
2020-10-07,0.0,5.32988977432251
2020-10-08,0.0,5.32988977432251
2020-10-09,0.0,5.32988977432251
2020-10-12,0.015584577318060289,5.412953853607178
2020-10-13,-0.015345425350211328,5.32988977432251
2020-10-14,-0.012986879370855409,5.260671138763428
2020-10-15,0.0,5.260671138763428
2020-10-16,-0.01315793886512917,5.191451549530029
2020-10-19,0.0,5.191451549530029
2020-10-20,-0.006666597472661406,5.156842231750488
2020-10-21,0.0,5.156842231750488
2020-10-22,-0.006711339270077499,5.122232913970947
2020-10-23,0.0,5.122232913970947
2020-10-26,-0.002702916310319603,5.1083879470825195
2020-10-27,0.0,5.1083879470825195
2020-10-28,-0.017615218649824405,5.018402576446533
2020-10-29,-0.030344668218559412,4.8661208152771
2020-10-30,-0.004267518014462568,4.8453545570373535
2020-11-02,0.007142881745657137,4.879964351654053
2020-11-03,0.0,4.879964351654053
2020-11-04,-0.014184250246750407,4.810745716094971
2020-11-05,0.007194069897852762,4.8453545570373535
2020-11-06,-0.014285566668913674,4.7761359214782715
2020-11-09,0.04347810460227608,4.983793258666992
2020-11-10,-0.04305547422963307,4.769213676452637
2020-11-11,0.015965080566771928,4.8453545570373535
2020-11-12,0.0,4.8453545570373535
2020-11-13,0.0014286353958516962,4.852276802062988
2020-11-16,-0.001426597308441191,4.8453545570373535
2020-11-17,0.0,4.8453545570373535
2020-11-18,0.021428645236971633,4.949183940887451
2020-11-19,0.0,4.949183940887451
2020-11-20,0.006992934227725511,4.983793258666992
2020-11-23,0.01388893672766689,5.053012847900391
2020-11-24,0.013698771040987712,5.122232913970947
2020-11-25,-0.013513650635010754,5.053012847900391
2020-11-27,-0.02739735334817539,4.914573669433594
2020-11-30,0.0,4.914573669433594
2020-12-01,0.0,4.914573669433594
2020-12-02,-0.0014083197886248788,4.907652378082275
2020-12-03,0.0,4.907652378082275
2020-12-04,0.0014103059504029236,4.914573669433594
2020-12-07,0.049295946833332493,5.156842231750488
2020-12-08,0.0,5.156842231750488
2020-12-09,-0.013422771007043921,5.087623119354248
2020-12-10,-0.006802837128834005,5.053012847900391
2020-12-11,-0.01369867667408764,4.983793258666992
2020-12-14,-0.0027778064810445313,4.969949245452881
2020-12-15,0.0,4.969949245452881
2020-12-16,-0.0027854482396614255,4.956105709075928
2020-12-17,0.0,4.956105709075928
2020-12-18,0.005586553478946543,4.983793258666992
2020-12-21,-0.009722179167322098,4.93533992767334
2020-12-22,0.0,4.93533992767334
2020-12-23,-0.00140258728417475,4.928417682647705
2020-12-24,0.0,4.928417682647705
2020-12-28,0.004213575142557602,4.949183940887451
2020-12-29,0.005594366651504812,4.976871490478516
2020-12-30,-0.0027815740075743944,4.9630279541015625
2020-12-31,-0.002789428820901607,4.949183940887451
2021-01-04,0.03496515287174118,5.122232913970947
2021-01-05,0.01351337136003461,5.191451549530029
2021-01-06,0.002666694099334288,5.205295562744141
2021-01-07,0.07047875946200066,5.572158336639404
2021-01-08,0.0062112008535588625,5.6067681312561035
2021-01-11,0.012345634914053827,5.675987243652344
2021-01-12,-0.006097665475299219,5.641376972198486
2021-01-13,0.004908026278809707,5.669064998626709
2021-01-14,0.0012210558579432984,5.675987243652344
2021-01-15,-0.01219507892193561,5.6067681312561035
2021-01-19,0.012345634914053827,5.675987243652344
2021-01-20,0.0,5.675987243652344
2021-01-21,0.0,5.675987243652344
2021-01-22,0.0,5.675987243652344
2021-01-25,0.0,5.675987243652344
2021-01-26,-0.002439049388208825,5.662143230438232
2021-01-27,-0.003667561450602652,5.641376972198486
2021-01-28,-0.0024538440894865676,5.627533912658691
2021-01-29,0.00861004691320666,5.675987243652344
2021-02-01,0.0,5.675987243652344
2021-02-02,-0.001219566698881569,5.669064998626709
2021-02-03,-0.006104858729043761,5.634456157684326
2021-02-04,0.0012283021325352195,5.641376972198486
2021-02-05,0.015950958618693223,5.731362342834473
2021-02-08,0.004830967712735612,5.759050369262695
2021-02-09,0.0,5.759050369262695
2021-02-10,-0.0024038708339833015,5.745206356048584
2021-02-11,-0.003614287536671368,5.7244415283203125
2021-02-12,0.0,5.7244415283203125
2021-02-16,-0.006046052052873896,5.689831256866455
2021-02-17,-0.002433114900798561,5.675987243652344
2021-02-18,0.0,5.675987243652344
2021-02-19,-0.010975596232608353,5.61368989944458
2021-02-22,0.003699217201470484,5.634456157684326
2021-02-23,0.0012283021325352195,5.641376972198486
2021-02-24,0.0,5.641376972198486
2021-02-25,0.0024540976643641077,5.655221462249756
2021-02-26,-0.008567892754880124,5.6067681312561035
2021-03-01,0.012345634914053827,5.675987243652344
2021-03-02,0.004878014766863448,5.703674793243408
2021-03-03,0.007281544672633533,5.745206356048584
2021-03-04,-0.006024116884898678,5.710596561431885
2021-03-05,-0.004848451347107985,5.68290901184082
2021-03-08,-0.01339822271059965,5.6067681312561035
2021-03-09,-0.01111101188995467,5.544471263885498
2021-03-10,0.004993636261449996,5.572158336639404
2021-03-11,0.0012422915156804493,5.579080581665039
2021-03-12,-0.0012407501423055134,5.572158336639404
2021-03-15,0.0,5.572158336639404
2021-03-16,-0.0037267033971457586,5.551392555236816
2021-03-17,0.0037406436666056475,5.572158336639404
2021-03-18,-0.01490698473847829,5.489094257354736
2021-03-19,0.0025221811472302402,5.502938747406006
2021-03-22,-0.005031411553347964,5.475251197814941
2021-03-23,-0.0012641918952026598,5.468329429626465
2021-03-24,0.0,5.468329429626465
2021-03-25,-0.0012658792991020462,5.46140718460083
2021-03-26,-0.020278867386202548,5.350656032562256
2021-03-29,0.0,5.350656032562256
2021-03-30,-0.0038810676884049045,5.32988977432251
2021-03-31,-0.006493439685427704,5.295280456542969
2021-04-01,0.0,5.295280456542969
2021-04-05,0.00653588002818184,5.32988977432251
2021-04-06,0.005194859106020022,5.357577800750732
2021-04-07,0.0,5.357577800750732
2021-04-08,0.0,5.357577800750732
2021-04-09,-0.0025839170035035774,5.343734264373779
2021-04-12,-0.01554402249455522,5.260671138763428
2021-04-13,0.01315775758135529,5.32988977432251
2021-04-14,-0.001298580579407571,5.322968482971191
2021-04-15,-0.0013004482457071864,5.316046237945557
2021-04-16,-0.005208207663108366,5.28835916519165
2021-04-19,-0.06413619304389806,4.949183940887451
2021-04-20,-0.006993126920970982,4.914573669433594
2021-04-21,-0.007042181093915634,4.879964351654053
2021-04-22,-0.03120570231053721,4.727681636810303
2021-04-23,-0.024228146038591136,4.613138675689697
2021-04-26,0.06875003682378744,4.930292129516602
2021-04-27,-0.020467868495910646,4.829379558563232
2021-04-28,0.008955125438600886,4.872627258300781
2021-04-29,0.0355029632123256,5.045619964599609
2021-04-30,-0.014285684584090297,4.97353982925415
2021-05-03,-0.014492723054410184,4.901459693908691
2021-05-04,-0.029411896326392628,4.757298469543457
2021-05-05,0.0,4.757298469543457
2021-05-06,-0.006060473631867902,4.728466987609863
2021-05-07,0.0182926841566331,4.814963340759277
2021-05-10,0.026946010531100573,4.94470739364624
2021-05-11,0.02040819868998467,5.045619964599609
2021-05-12,0.015714319196116433,5.124908447265625
2021-05-13,0.05766520353355209,5.420437335968018
2021-05-14,-0.009308482679671992,5.369981288909912
2021-05-17,-0.03355702135394345,5.1897807121276855
2021-05-18,-0.0041666670495000835,5.168156623840332
2021-05-19,-0.03765690724008408,4.97353982925415
2021-05-20,0.011594235968410693,5.0312042236328125
2021-05-21,-0.047277939949958325,4.793339252471924
2021-05-24,-0.08270683872176898,4.396897315979004
2021-05-25,0.0016395252469318944,4.404106140136719
2021-05-26,-0.0032733583944704048,4.389689922332764
2021-05-27,-0.006568108290307184,4.360857963562012
2021-05-28,0.09090883245773651,4.757298469543457
2021-06-01,-0.03787876206125862,4.5770978927612305
2021-06-02,0.009448924717180285,4.620346546173096
2021-06-03,0.014040562588490735,4.685218811035156
2021-06-04,0.04923070472121038,4.915875434875488
2021-06-07,-0.15102638016136438,4.17344856262207
2021-06-08,0.01554404322676084,4.238320827484131
2021-06-09,0.028911717886779043,4.360857963562012
2021-06-10,0.07438005323342423,4.685218811035156
2021-06-11,-0.023077026417478552,4.5770978927612305
2021-06-14,0.0236221555245566,4.685218811035156
2021-06-15,-0.00769234213915948,4.649178504943848
2021-06-16,-0.031007789306170652,4.5050177574157715
2021-06-17,-0.03999997036317915,4.324817180633545
2021-06-18,0.008333481260168973,4.360857963562012
2021-06-21,0.018181744622586482,4.440145969390869
2021-06-22,0.0,4.440145969390869
2021-06-23,-0.02597409849864596,4.324817180633545
2021-06-24,0.016666631752258132,4.396897315979004
2021-06-25,0.0,4.396897315979004
2021-06-28,0.032787034584894625,4.541058540344238
2021-06-29,0.0,4.541058540344238
2021-06-30,0.0,4.541058540344238
2021-07-01,-0.047619152624775674,4.324817180633545
2021-07-02,0.0,4.324817180633545
2021-07-06,0.0,4.324817180633545
2021-07-07,0.0,4.324817180633545
2021-07-08,-0.008333371004142442,4.288776874542236
2021-07-09,0.0,4.288776874542236
2021-07-12,0.0,4.288776874542236
2021-07-13,0.0,4.288776874542236
2021-07-14,-0.008403177286027241,4.252737522125244
2021-07-15,0.0,4.252737522125244
2021-07-16,0.008474389079855982,4.288776874542236
2021-07-19,-0.0016804130921013183,4.281569957733154
2021-07-20,0.0016832416333791844,4.288776874542236
2021-07-21,0.00840339965113146,4.324817180633545
2021-07-22,0.016666631752258132,4.396897315979004
2021-07-23,0.009836175444601025,4.440145969390869
2021-07-26,-0.0016233408840806707,4.432938098907471
2021-07-27,0.0,4.432938098907471
2021-07-28,0.0,4.432938098907471
2021-07-29,0.0,4.432938098907471
2021-07-30,-0.0975610831765995,4.000455856323242
2021-08-02,-0.009008990216893276,3.9644157886505127
2021-08-03,-0.023636325912401168,3.8707115650177
2021-08-04,-0.003724374483405901,3.856295585632324
2021-08-05,0.003738297302490645,3.8707115650177
2021-08-06,-0.0018622796350168391,3.8635032176971436
2021-08-09,-0.011193969752122057,3.8202552795410156
2021-08-10,-0.009433942246147353,3.784215211868286
2021-08-11,-0.08571429111458062,3.4598538875579834
2021-08-12,0.054166647429287895,3.6472625732421875
2021-08-13,-0.001976306546959128,3.64005446434021
2021-08-16,-0.01386134398603045,3.5895984172821045
2021-08-17,-0.02610444154428304,3.495893955230713
2021-08-18,-0.01030925655476611,3.4598538875579834
2021-08-19,-0.010416713324488458,3.423813581466675
2021-08-20,-0.04210510556202196,3.279653549194336
2021-08-23,0.04395587220112085,3.423813581466675
2021-08-24,0.12983294819162117,3.868337392807007
2021-08-25,-0.021505353811464678,3.7851474285125732
2021-08-26,-0.01098918818580863,3.743551731109619
2021-08-27,0.048888985411290165,3.926570177078247
2021-08-30,0.0,3.926570177078247
2021-08-31,0.014830384591774104,3.984802722930908
2021-09-01,0.0,3.984802722930908
2021-09-02,0.0,3.984802722930908
2021-09-03,0.0,3.984802722930908
2021-09-07,0.0,3.984802722930908
2021-09-08,0.0,3.984802722930908
2021-09-09,0.0,3.984802722930908
2021-09-10,0.0,3.984802722930908
2021-09-13,0.0,3.984802722930908
2021-09-14,0.0,3.984802722930908
2021-09-15,0.0,3.984802722930908
2021-09-16,0.0,3.984802722930908
2021-09-17,0.0,3.984802722930908
2021-09-20,0.0,3.984802722930908
2021-09-21,0.0,3.984802722930908
2021-09-22,0.0,3.984802722930908
2021-09-23,0.0,3.984802722930908
2021-09-24,0.08559501154577442,4.3258819580078125
2021-09-27,0.013461702956956145,4.384115695953369
2021-09-28,-0.013282892602334284,4.3258819580078125
2021-09-29,0.009615486365127435,4.3674774169921875
2021-09-30,-0.009523909344680948,4.3258819580078125
2021-10-01,-0.005769159544410818,4.300925254821777
2021-10-04,-0.011605271753121538,4.251011848449707
2021-10-05,0.019569337941886422,4.334201335906982
2021-10-06,-0.001919471952132823,4.3258819580078125
2021-10-07,0.04423088454714441,4.517219543457031
2021-10-08,0.0,4.517219543457031
2021-10-11,0.0036830898137247825,4.5338568687438965
2021-10-12,0.029357962774606783,4.666961669921875
2021-10-13,0.05169337330883361,4.908212661743164
2021-10-14,0.04237284019030696,5.116187572479248
2021-10-15,0.016260240648541924,5.19937801361084
2021-10-18,0.009599971973294652,5.249291896820068
2021-10-19,0.014263169498144324,5.324163436889648
2021-10-20,0.0,5.324163436889648
2021-10-21,-0.02656261474997268,5.182739734649658
2021-10-22,0.019261582006723232,5.282567501068115
2021-10-25,0.004724531556919098,5.307525157928467
2021-10-26,-0.026645794639630016,5.166101932525635
2021-10-27,0.03059589346637992,5.324163436889648
2021-10-28,0.0,5.324163436889648
2021-10-29,0.00781231248175196,5.365757465362549
2021-11-01,0.0,5.365757465362549
2021-11-02,-0.023255615553414266,5.240973472595215
2021-11-03,-0.023809679779618453,5.116187572479248
2021-11-04,0.004878081514728239,5.141144752502441
2021-11-05,0.03398053119703448,5.31584358215332
2021-11-08,0.0015651052570959667,5.324163436889648
2021-11-09,0.006249921634164934,5.357439041137695
2021-11-10,-0.004658416051318004,5.332481861114502
2021-11-11,0.0,5.332481861114502
2021-11-12,0.0015600430116180508,5.340800762176514
2021-11-15,-0.00311513685451259,5.324163436889648
2021-11-16,-0.00468762034753234,5.299205780029297
2021-11-17,-0.00313976842037067,5.282567501068115
2021-11-18,-0.007873828108110326,5.240973472595215
2021-11-19,0.0,5.240973472595215
2021-11-22,-0.007936590254057907,5.19937801361084
2021-11-23,-0.004800031841858954,5.1744208335876465
2021-11-24,-0.0032154862343590773,5.157782554626465
2021-11-26,-0.016129017346769192,5.074592590332031
2021-11-29,0.008196713609376793,5.116187572479248
2021-11-30,-0.021138228961613326,5.008040428161621
2021-12-01,-0.02657793453863233,4.874937057495117
2021-12-02,-0.0017065610901332295,4.866617679595947
2021-12-03,-0.04273509884394888,4.658642292022705
2021-12-06,-0.008928460848192543,4.6170477867126465
2021-12-07,0.0036036618483925587,4.633686065673828
2021-12-08,0.0,4.633686065673828
2021-12-09,0.023339230571016722,4.741832733154297
2021-12-10,-0.008772021563212218,4.700237274169922
2021-12-13,-0.008849549442067839,4.658642292022705
2021-12-14,0.0,4.658642292022705
2021-12-15,-0.02142851074644614,4.558814525604248
2021-12-16,0.02189774685014756,4.658642292022705
2021-12-17,-0.008928460848192543,4.6170477867126465
2021-12-20,0.014414337561066803,4.683599472045898
2021-12-21,0.012433441727023098,4.741832733154297
2021-12-22,-0.008772021563212218,4.700237274169922
2021-12-23,0.017699200333728626,4.783427715301514
2021-12-27,0.05391296979786331,5.041316509246826
2021-12-28,0.009901056590046142,5.091230869293213
2021-12-29,-0.01960787986608703,4.991402626037598
2021-12-30,0.008333420904054645,5.032998085021973
2021-12-31,0.0,5.032998085021973
2022-01-03,0.0,5.032998085021973
2022-01-04,0.024793267848808975,5.157782554626465
2022-01-05,0.02419352602015379,5.282567501068115
2022-01-06,0.01574801728091746,5.365757465362549
2022-01-07,0.027907076357556626,5.515500068664551
2022-01-10,-0.018099495091227102,5.415672302246094
2022-01-11,0.010752553733712977,5.473904609680176
2022-01-12,0.033434759543224946,5.656923294067383
2022-01-13,0.027941080773617788,5.81498384475708
2022-01-14,-0.005722389801314565,5.781708240509033
2022-01-18,-0.015827305970802286,5.690199375152588
2022-01-19,0.0087718202968472,5.740112781524658
2022-01-20,0.0,5.740112781524658
2022-01-21,-0.010144885037567608,5.681879997253418
2022-01-24,-0.004392331974293562,5.656923294067383
2022-01-25,-0.007352933738882239,5.615328311920166
2022-01-26,0.0014814629884334352,5.623647212982178
2022-01-27,0.013313528313515954,5.698517799377441
2022-01-28,-0.007299179676968359,5.656923294067383
2022-01-31,0.010294073517367774,5.715156078338623
2022-02-01,0.004366757940456711,5.740112781524658
2022-02-02,-0.03623176787890303,5.532138347625732
2022-02-03,0.0,5.532138347625732
2022-02-04,-0.0015038267983193965,5.5238189697265625
2022-02-07,-0.010542123952719362,5.465586185455322
2022-02-08,0.027397267444675633,5.615328311920166
2022-02-09,-0.007407484776282169,5.573732852935791
2022-02-10,-0.004477556396139448,5.548776149749756
2022-02-11,-0.004497781015065594,5.5238189697265625
2022-02-14,-0.013554221027654023,5.448947906494141
2022-02-15,0.0,5.448947906494141
2022-02-16,-0.041221386871687304,5.224334716796875
2022-02-17,-0.01273887791998407,5.157782554626465
2022-02-18,0.016129202246831564,5.240973472595215
2022-02-22,-0.011111244552192034,5.182739734649658
2022-02-23,0.00321032500434959,5.19937801361084
2022-02-24,0.006399920175247598,5.232653617858887
2022-02-25,0.009538923623546136,5.282567501068115
2022-02-28,-0.03622038558640561,5.091230869293213
2022-03-01,0.016339853059144982,5.1744208335876465
2022-03-02,-0.0032154862343590773,5.157782554626465
2022-03-03,0.0,5.157782554626465
2022-03-04,-0.008064508673384596,5.116187572479248
2022-03-07,-0.04065036861721272,4.908212661743164
2022-03-08,-0.006779576709748492,4.874937057495117
2022-03-09,-0.0017065610901332295,4.866617679595947
2022-03-10,-0.0170940003450899,4.783427715301514
2022-03-11,0.006956534741553444,4.816703796386719
2022-03-14,0.0,4.816703796386719
2022-03-15,-0.02072542707120628,4.7168755531311035
2022-03-16,0.028218748373054714,4.849979877471924
2022-03-17,0.0,4.849979877471924
2022-03-18,0.0,4.849979877471924
2022-03-21,0.0,4.849979877471924
2022-03-22,-0.008576418879093772,4.808384418487549
2022-03-23,0.0,4.808384418487549
2022-03-24,0.0,4.808384418487549
2022-03-25,-0.013840758047000246,4.741832733154297
2022-03-28,0.008771921003537297,4.783427715301514
2022-03-29,-0.008695643505631012,4.741832733154297
2022-03-30,-0.012280749740757213,4.683599472045898
2022-03-31,-0.014209516789483456,4.6170477867126465
2022-04-01,0.02522521982874326,4.733513832092285
2022-04-04,0.014059679065907549,4.800065517425537
2022-04-05,-0.0017330807322966102,4.791746616363525
2022-04-06,-0.01041663660569525,4.741832733154297
2022-04-07,0.0,4.741832733154297
2022-04-08,-0.017543942566749515,4.658642292022705
2022-04-11,0.0053571788643076435,4.683599472045898
2022-04-12,-0.03730012156111351,4.5089006423950195
2022-04-13,-0.07564576426233494,4.167821407318115
2022-04-14,0.0,4.167821407318115
2022-04-18,0.0,4.167821407318115
2022-04-19,0.013971996057458691,4.2260541915893555
2022-04-20,0.053149623623920395,4.450667381286621
2022-04-21,0.04672892690443242,4.658642292022705
2022-04-22,-0.017857126407169188,4.5754523277282715
2022-04-25,-0.0495152947463785,4.348897457122803
2022-04-26,0.010060415782421117,4.392649173736572
2022-04-27,0.035856502345351204,4.550154209136963
2022-04-28,-0.01923066241964122,4.46265172958374
2022-04-29,0.0039215250491539955,4.480152130126953
2022-05-02,-0.007812519956234665,4.445150852203369
2022-05-03,-0.01574796476823981,4.375148773193359
2022-05-04,0.01999999564049415,4.46265172958374
2022-05-05,-0.029411811845867053,4.33139705657959
2022-05-06,0.0,4.33139705657959
2022-05-09,-0.03030297025473827,4.200142860412598
2022-05-10,0.02083332860296694,4.2876458168029785
2022-05-11,0.0,4.2876458168029785
2022-05-12,-0.01836742070175812,4.208892822265625
2022-05-13,0.018711095260192767,4.2876458168029785
2022-05-16,0.012244872993251166,4.340147495269775
2022-05-17,-0.02217744792900944,4.243894100189209
2022-05-18,0.0,4.243894100189209
2022-05-19,0.02061855322602879,4.33139705657959
2022-05-20,0.0,4.33139705657959
2022-05-23,-0.02020201686600398,4.243894100189209
2022-05-24,0.014432998494060323,4.305146217346191
2022-05-25,-0.004064995626095302,4.2876458168029785
2022-05-26,0.006122325284744212,4.313896179199219
2022-05-27,0.016227333662286014,4.383899211883545
2022-05-31,0.007983942922672238,4.418900012969971
2022-06-01,0.00990104245068979,4.46265172958374
2022-06-02,0.005882447849679062,4.488903045654297
2022-06-03,0.0038984855605193047,4.506402969360352
2022-06-06,-0.005825231212539417,4.480152130126953
2022-06-07,0.005859363358863057,4.506402969360352
2022-06-08,0.05825241793864788,4.768911838531494
2022-06-09,-0.007339468438225971,4.73391056060791
2022-06-10,0.009242193331204573,4.77766227722168
2022-06-13,-0.0018315314441342823,4.768911838531494
2022-06-14,0.0,4.768911838531494
2022-06-15,-0.009174260556279012,4.725160598754883
2022-06-16,0.0,4.725160598754883
2022-06-17,-0.009259307847716003,4.681408882141113
2022-06-21,0.0037382764427977833,4.698909282684326
2022-06-22,-0.02234622415107601,4.593906402587891
2022-06-23,-0.019047717902621053,4.506402969360352
2022-06-24,0.009708683416481456,4.550154209136963
2022-06-27,0.0,4.550154209136963
2022-06-28,0.0,4.550154209136963
2022-06-29,0.0,4.550154209136963
2022-06-30,-0.00961533120982061,4.506402969360352
2022-07-01,0.0,4.506402969360352
2022-07-05,-0.01941747264621596,4.418900012969971
2022-07-06,-0.00990093454212504,4.375148773193359
2022-07-07,0.009999943326425065,4.418900012969971
2022-07-08,0.00990104245068979,4.46265172958374
2022-07-11,0.0,4.46265172958374
2022-07-12,-0.009803972898833058,4.418900012969971
2022-07-13,-0.0019801221632861354,4.410150051116943
2022-07-14,-0.017857214295329493,4.33139705657959
2022-07-15,0.0,4.33139705657959
2022-07-18,0.0101010634772698,4.375148773193359
2022-07-19,0.009999943326425065,4.418900012969971
2022-07-20,0.0,4.418900012969971
2022-07-21,0.06732685126584848,4.7164106369018555
2022-07-22,-0.0074212695745539126,4.681408882141113
2022-07-25,-0.028037429822647564,4.550154209136963
2022-07-26,0.017307763850995084,4.628907203674316
2022-07-27,0.0018904927539695748,4.63765811920166
2022-07-28,0.0,4.63765811920166
2022-07-29,0.0,4.63765811920166
2022-08-01,-0.018868124345431614,4.550154209136963
2022-08-02,0.03846163922675361,4.725160598754883
2022-08-03,0.0,4.725160598754883
2022-08-04,0.007407426095275449,4.760161876678467
2022-08-05,0.007352959590527064,4.795163154602051
2022-08-08,0.003649494947686849,4.8126630783081055
2022-08-09,0.034545619558171925,4.978919506072998
2022-08-10,0.054481465445124,5.250178337097168
2022-08-11,0.0,5.250178337097168
2022-08-12,0.0,5.250178337097168
2022-08-15,0.016666663639232082,5.337681293487549
2022-08-16,-0.008196675179912294,5.2939300537109375
2022-08-17,0.0,5.2939300537109375
2022-08-18,-0.004958757634539346,5.267678737640381
2022-08-19,-0.0033222224465139227,5.250178337097168
2022-08-22,-0.03333323645542374,5.0751729011535645
2022-08-23,0.018965352172410244,5.1714253425598145
2022-08-24,-0.0033840574665533474,5.153924942016602
2022-08-25,-0.01358228530635519,5.083922863006592
2022-08-26,0.0,5.083922863006592
2022-08-29,-0.03614459865393693,4.9001665115356445
2022-08-30,0.0,4.9001665115356445
2022-08-31,-0.03571427876354294,4.725160598754883
2022-09-01,0.001851780837953454,4.73391056060791
2022-09-02,0.03327175497319135,4.891416072845459
2022-09-06,0.010733431318234787,4.943917751312256
2022-09-07,0.03539822496729639,5.118923664093018
2022-09-08,0.0,5.118923664093018
2022-09-09,0.025641068634182584,5.250178337097168
2022-09-12,0.0,5.250178337097168
2022-09-13,-0.01833335725006724,5.153924942016602
2022-09-14,0.00169782035800492,5.162675380706787
2022-09-15,0.016949149411443543,5.250178337097168
2022-09-16,0.0,5.250178337097168
2022-09-19,-0.008333286408095941,5.206427097320557
2022-09-20,-0.00840340521358418,5.162675380706787
2022-09-21,0.0,5.162675380706787
2022-09-22,0.016949149411443543,5.250178337097168
2022-09-23,-0.025000040870368112,5.118923664093018
2022-09-26,-0.008546867624994126,5.0751729011535645
2022-09-27,-0.008620828157595017,5.031420707702637
2022-09-28,-0.008695603551822306,4.987669467926025
2022-09-29,-0.008771975948911992,4.943917751312256
2022-09-30,0.008849604466449001,4.987669467926025
2022-10-03,-0.0070175616384896555,4.952668190002441
2022-10-04,0.007067155840207118,4.987669467926025
2022-10-05,0.008771880345712635,5.031420707702637
2022-10-06,0.024347841580097285,5.153924942016602
2022-10-07,0.00169782035800492,5.162675380706787
2022-10-10,0.0,5.162675380706787
2022-10-11,-0.008474620886928519,5.118923664093018
2022-10-12,0.008547053928674275,5.162675380706787
2022-10-13,0.016949149411443543,5.250178337097168
2022-10-14,-0.01666666363923197,5.162675380706787
2022-10-17,0.00847462088692863,5.206427097320557
2022-10-18,0.008403313627329378,5.250178337097168
2022-10-19,0.004999990009465494,5.276429176330566
2022-10-20,0.0033168032386141633,5.2939300537109375
2022-10-21,0.009917335124213444,5.346431732177734
2022-10-24,-0.009819947414798746,5.2939300537109375
2022-10-25,0.00826441591270033,5.337681293487549
2022-10-26,0.016393350359824588,5.4251837730407715
2022-10-27,0.006451717808100055,5.460185527801514
2022-10-28,0.0016025899936240595,5.468935966491699
2022-10-31,0.008000041851255357,5.512687683105469
2022-11-01,0.0,5.512687683105469
2022-11-02,0.03174593700998818,5.687693119049072
2022-11-03,0.07692306402513016,6.125207901000977
2022-11-04,-0.02857134627463087,5.950202465057373
2022-11-07,-0.014705958955414378,5.862699031829834
2022-11-08,-0.007462563352121809,5.818948268890381
2022-11-09,0.015037507726444854,5.9064507484436035
2022-11-10,0.007407446278172802,5.950202465057373
2022-11-11,0.058823435131797774,6.300213813781738
2022-11-14,0.0,6.300213813781738
2022-11-15,-0.02777777357300726,6.125207901000977
2022-11-16,0.028571424122953104,6.300213813781738
2022-11-17,-0.009722152633270364,6.238962173461914
2022-11-18,-0.016830260228253402,6.13395881652832
2022-11-21,-0.015691965791873708,6.037704944610596
2022-11-22,0.00724641515528579,6.081456661224365
2022-11-23,0.03597117676628003,6.300213813781738
2022-11-25,-0.020833292336820852,6.168959617614746
2022-11-28,-0.035460947407199295,5.950202465057373
2022-11-29,0.002941143708299787,5.967702865600586
2022-11-30,-0.0175953522042831,5.862699031829834
2022-12-01,0.0,5.862699031829834
2022-12-02,-0.007462563352121809,5.818948268890381
2022-12-05,-0.022556507426442107,5.687693119049072
2022-12-06,0.015384612805026121,5.775196075439453
2022-12-07,0.0742425523454473,6.203961372375488
2022-12-08,0.0,6.203961372375488
2022-12-09,0.0,6.203961372375488
2022-12-12,-0.055007167205327945,5.862699031829834
2022-12-13,-0.02089553525583754,5.740194797515869
2022-12-14,-0.0015243318670672412,5.731444835662842
2022-12-15,-0.013740513395039233,5.652691841125488
2022-12-16,-0.02476769686991176,5.512687683105469
2022-12-19,0.0,5.512687683105469
2022-12-20,0.007936376129838552,5.556438446044922
2022-12-21,0.009448800517922962,5.608940124511719
2022-12-22,-0.0015599177066685233,5.60019063949585
2022-12-23,0.023437451439833223,5.731444835662842
2022-12-27,0.03053434479414685,5.9064507484436035
2022-12-28,0.007407446278172802,5.950202465057373
2022-12-29,0.002941143708299787,5.967702865600586
2022-12-30,-0.01026393547675708,5.9064507484436035
2023-01-03,0.0,5.9064507484436035
2023-01-04,0.0,5.9064507484436035
2023-01-05,0.007407446278172802,5.950202465057373
2023-01-06,-0.007352979477707189,5.9064507484436035
2023-01-09,0.0,5.9064507484436035
2023-01-10,0.0,5.9064507484436035
2023-01-11,0.0,5.9064507484436035
2023-01-12,-0.007407446278172802,5.862699031829834
2023-01-13,0.0,5.862699031829834
2023-01-17,-0.008955206157053919,5.810197353363037
2023-01-18,-0.015060238244701374,5.722694396972656
2023-01-19,0.0,5.722694396972656
2023-01-20,0.009174293580060944,5.775196075439453
2023-01-23,0.0045454455382107906,5.801446914672852
2023-01-24,-0.009049673711027828,5.748945713043213
2023-01-25,-0.0030441890137639094,5.731444835662842
2023-01-26,-0.007633627796874598,5.687693119049072
2023-01-27,-0.01538452896837239,5.60019063949585
2023-01-30,-0.010937590867380664,5.538938045501709
2023-01-31,-0.020537198922692346,5.4251837730407715
2023-02-01,0.01129050616417504,5.48643684387207
2023-02-02,0.0031896701272704497,5.503936767578125
2023-02-03,-0.0031795284802581536,5.48643684387207
2023-02-06,0.012759028157051988,5.556438446044922
2023-02-07,-0.007873886008868625,5.512687683105469
2023-02-08,0.0,5.512687683105469
2023-02-09,0.0,5.512687683105469
2023-02-10,0.0,5.512687683105469
2023-02-13,0.007936376129838552,5.556438446044922
2023-02-14,0.0078741434600198,5.60019063949585
2023-02-15,0.0,5.60019063949585
2023-02-16,0.03124990687091289,5.775196075439453
2023-02-17,0.007575880174353733,5.818948268890381
2023-02-21,-0.022556507426442107,5.687693119049072
2023-02-22,-0.00769234832083987,5.643941402435303
2023-02-23,0.0,5.643941402435303
2023-02-24,0.0015504127463850104,5.652691841125488
2023-02-27,-0.001548012687782263,5.643941402435303
2023-02-28,-0.007751810272263793,5.60019063949585
2023-03-01,0.0,5.60019063949585
2023-03-02,0.0,5.60019063949585
2023-03-03,-0.010937590867380664,5.538938045501709
2023-03-06,-0.004739241020678797,5.512687683105469
2023-03-07,0.007936376129838552,5.556438446044922
2023-03-08,0.0,5.556438446044922
2023-03-09,0.0,5.556438446044922
2023-03-10,0.0078741434600198,5.60019063949585
2023-03-13,-0.004687575434560554,5.573939323425293
2023-03-14,0.006279365284679317,5.608940124511719
2023-03-15,0.00624026592307958,5.643941402435303
2023-03-16,0.007751979245371077,5.687693119049072
2023-03-17,0.015384612805026121,5.775196075439453
2023-03-20,0.0015151760348708354,5.783946514129639
2023-03-21,0.006051534998678942,5.818948268890381
2023-03-22,-0.015037671617628146,5.731444835662842
2023-03-23,-0.02137414119191383,5.608940124511719
2023-03-24,0.003120175468425801,5.62644100189209
2023-03-27,-0.0015551503783803877,5.6176910400390625
2023-03-28,-0.003115230157458293,5.60019063949585
2023-03-29,-0.007812625724267552,5.556438446044922
2023-03-30,0.015748029468888536,5.643941402435303
2023-03-31,0.007751979245371077,5.687693119049072
2023-04-03,-0.013846210210180954,5.608940124511719
2023-04-04,0.00624026592307958,5.643941402435303
2023-04-05,0.015503958490742376,5.731444835662842
2023-04-06,0.0,5.731444835662842
2023-04-10,-0.007633627796874598,5.687693119049072
2023-04-11,0.007692348320839759,5.731444835662842
2023-04-12,0.007633544600198716,5.775196075439453
2023-04-13,-0.007575715041550746,5.731444835662842
2023-04-14,0.007633544600198716,5.775196075439453
2023-04-17,0.006060621573081404,5.810197353363037
2023-04-18,-0.004518063266509165,5.783946514129639
2023-04-19,0.007564336306860486,5.827698230743408
2023-04-20,0.014382114113171474,5.911512851715088
2023-04-21,0.0,5.911512851715088
2023-04-24,0.0,5.911512851715088
2023-04-25,0.007751984881274154,5.957338809967041
2023-04-26,-0.0015384867824687065,5.948173522949219
2023-04-27,-0.012326618473421647,5.874852657318115
2023-04-28,0.0,5.874852657318115
2023-05-01,0.0,5.874852657318115
2023-05-02,-0.020280819083120183,5.755705833435059
2023-05-03,-0.06050955255708301,5.407430648803711
2023-05-04,-0.008474627087837194,5.361604690551758
2023-05-05,0.008547060236034909,5.407430648803711
2023-05-08,0.013559368067805444,5.480751991271973
2023-05-09,0.011705616075211589,5.544907569885254
2023-05-10,0.0,5.544907569885254
2023-05-11,0.0,5.544907569885254
2023-05-12,0.008264426563875604,5.590733051300049
2023-05-15,0.0,5.590733051300049
2023-05-16,0.0032786572047514007,5.609063148498535
2023-05-17,0.0,5.609063148498535
2023-05-18,-0.008169814345895476,5.563238143920898
2023-05-19,-0.011532142574292692,5.499082088470459
2023-05-22,-0.0016666939809897308,5.489916801452637
2023-05-23,0.0,5.489916801452637
2023-05-24,0.006677819092710147,5.526577472686768
2023-05-25,-0.008291837333552654,5.480751991271973
2023-05-26,0.003344449306897479,5.499082088470459
2023-05-30,0.016666592961350313,5.590733051300049
2023-05-31,0.016393456605021672,5.682384490966797
2023-06-01,0.0,5.682384490966797
2023-06-02,0.0,5.682384490966797
2023-06-05,0.0,5.682384490966797
2023-06-06,0.0,5.682384490966797
2023-06-07,0.0,5.682384490966797
2023-06-08,-0.008064397023905046,5.63655948638916
2023-06-12,0.0032520010199037497,5.6548895835876465
2023-06-13,0.01944884305916017,5.764870643615723
2023-06-14,-0.014308413449012014,5.682384490966797
2023-06-15,0.008064564853857092,5.72821044921875
2023-06-16,0.007999964704691553,5.774035930633545
2023-06-20,0.047619004361290296,6.048989772796631
2023-06-21,-0.007575645901026329,6.003164768218994
2023-06-22,0.0,6.003164768218994
2023-06-23,-0.007633633262001727,5.957338809967041
2023-06-26,-0.015384547656791203,5.865687847137451
2023-06-27,-0.02343755779397505,5.72821044921875
2023-06-28,0.0,5.72821044921875
2023-06-29,0.0,5.72821044921875
2023-06-30,0.0016000262383990549,5.737375736236572
2023-07-03,-0.001597470244093513,5.72821044921875
2023-07-05,-0.008000047948343636,5.682384490966797
2023-07-06,0.0,5.682384490966797
2023-07-07,0.03225817550045207,5.865687847137451
2023-07-10,0.10937491743717853,6.507246971130371
2023-07-11,0.004225421468626145,6.534742832183838
2023-07-12,0.0028050219678439348,6.553072929382324
2023-07-13,0.0,6.553072929382324
2023-07-14,0.0027971758281979398,6.5714030265808105
2023-07-17,-0.005578746920358535,6.534742832183838
2023-07-18,0.0,6.534742832183838
2023-07-19,-0.004207642406071188,6.507246971130371
2023-07-20,0.0014084738228754556,6.516412258148193
2023-07-21,-0.0014064928145640643,6.507246971130371
2023-07-24,-0.007042222558649058,6.461421489715576
2023-07-25,0.0,6.461421489715576
2023-07-26,-0.002836852111824273,6.44309139251709
2023-07-27,-0.004267495116614395,6.415595531463623
2023-07-28,0.0,6.415595531463623
2023-07-31,0.014285725965308638,6.507246971130371
2023-08-01,0.021126740953810952,6.644723892211914
2023-08-02,0.006896593296474629,6.690549850463867
2023-08-03,-0.05342467803664719,6.333109378814697
2023-08-04,0.027496381619144694,6.507246971130371
2023-08-07,0.0,6.507246971130371
2023-08-08,-0.07183099252082159,6.039824962615967
2023-08-09,-0.013657043566573712,5.957338809967041
2023-08-10,-0.015384547656791203,5.865687847137451
2023-08-11,0.0,5.865687847137451
2023-08-14,0.0,5.865687847137451
2023-08-15,0.0,5.865687847137451
2023-08-16,-0.02343755779397505,5.72821044921875
2023-08-17,0.007999964704691553,5.774035930633545
2023-08-18,0.015873111564418396,5.865687847137451
2023-08-21,-0.02343755779397505,5.72821044921875
2023-08-22,0.007999964704691553,5.774035930633545
2023-08-23,0.0,5.774035930633545
2023-08-24,-0.007936473199217975,5.72821044921875
2023-08-25,0.0,5.72821044921875
2023-08-28,0.007999964704691553,5.774035930633545
2023-08-29,-0.006349145526177935,5.737375736236572
2023-08-30,0.0,5.737375736236572
2023-08-31,0.01437689975415024,5.81986141204834
2023-09-01,0.0,5.81986141204834
2023-09-05,-0.015747963111261254,5.72821044921875
2023-09-06,0.0,5.72821044921875
2023-09-07,0.0,5.72821044921875
2023-09-08,0.0,5.72821044921875
2023-09-11,-0.001600026238399166,5.719045162200928
2023-09-12,-0.006410278323457419,5.682384490966797
2023-09-13,0.00483878926129977,5.709880352020264
2023-09-14,0.0032102419084842904,5.72821044921875
2023-09-15,-0.009599990943090608,5.673219680786133
2023-09-18,0.0,5.673219680786133
2023-09-19,0.0,5.673219680786133
2023-09-20,0.0,5.673219680786133
2023-09-21,0.0016154513127180081,5.682384490966797
2023-09-22,0.0,5.682384490966797
2023-09-25,0.0,5.682384490966797
2023-09-26,-0.008064397023905046,5.63655948638916
2023-09-27,0.0,5.63655948638916
2023-09-28,0.011382045868264301,5.700715065002441
2023-09-29,-0.003215486798871736,5.682384490966797
2023-10-02,0.0,5.682384490966797
2023-10-03,-0.001612845838790622,5.673219680786133
2023-10-04,-0.0016155353632546499,5.6640543937683105
2023-10-05,-0.004854280250098042,5.63655948638916
2023-10-06,-0.008130214042763262,5.590733051300049
2023-10-09,-0.022950771014524363,5.462421417236328
2023-10-10,0.006711432244764337,5.499082088470459
2023-10-11,-0.0016666939809897308,5.489916801452637
2023-10-12,0.0,5.489916801452637
2023-10-13,-0.006677819092710147,5.453256130218506
2023-10-16,-0.0336133858596136,5.269953727722168
2023-10-17,0.005217386268815183,5.297449111938477
2023-10-18,0.0,5.297449111938477
2023-10-19,0.010380612870577455,5.352439880371094
2023-10-20,0.01027396283969173,5.407430648803711
2023-10-23,0.0,5.407430648803711
2023-10-24,0.0,5.407430648803711
2023-10-25,0.0,5.407430648803711
2023-10-26,0.0,5.407430648803711
2023-10-27,0.008474538906002138,5.453256130218506
2023-10-30,-0.01680673665021415,5.361604690551758
2023-10-31,-0.008546971300504302,5.315779209136963
2023-11-01,0.0,5.315779209136963
2023-11-02,-0.032758620225678214,5.141641616821289
2023-11-03,-0.001782560454590465,5.132476329803467
2023-11-06,0.017857157788442768,5.224127769470215
2023-11-07,0.0,5.224127769470215
2023-11-08,0.017543874061112907,5.315779209136963
2023-11-09,0.0086206517637204,5.361604690551758
2023-11-10,0.008547060236034909,5.407430648803711
2023-11-13,-0.008474627087837194,5.361604690551758
2023-11-14,-0.017093942601008494,5.269953727722168
2023-11-15,-0.00869570410284426,5.224127769470215
2023-11-16,0.00877198266852508,5.269953727722168
2023-11-17,0.02608693134407547,5.407430648803711
2023-11-20,-0.02542370489984136,5.269953727722168
2023-11-21,0.0,5.269953727722168
2023-11-22,0.0,5.269953727722168
2023-11-24,0.0,5.269953727722168
2023-11-27,0.00869561362061555,5.315779209136963
2023-11-28,0.0086206517637204,5.361604690551758
2023-11-29,0.0,5.361604690551758
2023-11-30,-0.011965742033599791,5.297449111938477
2023-12-01,-0.005190306435288727,5.269953727722168
2023-12-04,0.012173931454644737,5.334109783172607
2023-12-05,0.013745661152758215,5.407430648803711
2023-12-06,0.0,5.407430648803711
2023-12-07,-0.008474627087837194,5.361604690551758
2023-12-08,0.0,5.361604690551758
2023-12-11,0.008547060236034909,5.407430648803711
2023-12-12,0.0,5.407430648803711
2023-12-13,0.008474538906002138,5.453256130218506
2023-12-14,0.025210061254913763,5.590733051300049
2023-12-15,0.016393456605021672,5.682384490966797
2023-12-18,0.0,5.682384490966797
2023-12-19,0.0,5.682384490966797
2023-12-20,0.008064564853857092,5.72821044921875
2023-12-21,-0.00640002170994447,5.691549777984619
2023-12-22,0.0,5.691549777984619
2023-12-26,-0.0016103324007240571,5.682384490966797
2023-12-27,0.0,5.682384490966797
2023-12-28,0.0,5.682384490966797
2023-12-29,0.016129045792738106,5.774035930633545
2024-01-02,0.0,5.774035930633545
2024-01-03,0.0,5.774035930633545
2024-01-04,-0.007936473199217975,5.72821044921875
2024-01-05,0.007999964704691553,5.774035930633545
2024-01-08,0.0,5.774035930633545
2024-01-09,-0.007936473199217975,5.72821044921875
2024-01-10,-0.008000047948343636,5.682384490966797
2024-01-11,0.0032258595075331797,5.700715065002441
2024-01-12,-0.003215486798871736,5.682384490966797
2024-01-16,0.0,5.682384490966797
2024-01-17,0.0032258595075331797,5.700715065002441
2024-01-18,0.011253952860605487,5.764870643615723
2024-01-19,0.0,5.764870643615723
2024-01-22,-0.00635923972337038,5.72821044921875
2024-01-23,0.020800008124580494,5.847357273101807
2024-01-24,0.015673993461687408,5.939008712768555
2024-01-25,-0.0030864703054290787,5.92067813873291
2024-01-26,0.0061919716584992734,5.957338809967041
2024-01-29,-0.0015384867824687065,5.948173522949219
2024-01-30,0.0015408573711679363,5.957338809967041
2024-01-31,0.0,5.957338809967041
2024-02-01,0.0,5.957338809967041
2024-02-02,-0.0030768935229634753,5.939008712768555
2024-02-05,0.0030863900164141977,5.957338809967041
2024-02-06,0.0,5.957338809967041
2024-02-07,-0.007692353870369595,5.911512851715088
2024-02-08,0.007751984881274154,5.957338809967041
2024-02-09,-0.007692353870369595,5.911512851715088
2024-02-12,0.0,5.911512851715088
2024-02-13,0.007751984881274154,5.957338809967041
2024-02-14,0.0,5.957338809967041
2024-02-15,0.007692353870369706,6.003164768218994
2024-02-16,-0.004580227615778809,5.975668907165527
2024-02-20,-0.003067455289650689,5.957338809967041
2024-02-21,0.0,5.957338809967041
2024-02-22,0.0,5.957338809967041
2024-02-23,0.0,5.957338809967041
2024-02-26,0.007692353870369706,6.003164768218994
2024-02-27,-0.007633633262001727,5.957338809967041
2024-02-28,0.0,5.957338809967041
2024-02-29,0.0,5.957338809967041
2024-03-01,0.02769228183259309,6.122311115264893
2024-03-04,0.01497007223926139,6.213962554931641
2024-03-05,0.0,6.213962554931641
2024-03-06,0.013274324059687315,6.296448707580566
2024-03-07,0.01164487251043389,6.369770050048828
2024-03-08,-0.0043165426695580544,6.3422746658325195
2024-03-11,0.0014450352063806182,6.351439476013184
2024-03-12,0.0,6.351439476013184
2024-03-13,-0.0014429500926956829,6.3422746658325195
2024-03-14,-0.0014451103903143636,6.333109378814697
2024-03-15,-0.0014471264638696857,6.323944568634033
2024-03-18,0.0,6.323944568634033
2024-03-19,0.0,6.323944568634033
2024-03-20,-0.007246495378280926,6.278118133544922
2024-03-21,-0.00729916252018048,6.232293128967285
2024-03-22,0.0,6.232293128967285
2024-03-25,-0.007352985057611838,6.186467170715332
2024-03-26,-0.022222278745690827,6.048989772796631
2024-03-27,-0.045454506039934395,5.774035930633545
2024-03-28,0.0,5.774035930633545
2024-04-01,-0.025396747270694076,5.627394199371338
2024-04-02,0.0,5.627394199371338
2024-04-03,-0.0065147645202080495,5.590733051300049
2024-04-04,-0.004917943161810712,5.563238143920898
2024-04-05,-0.01482700371887924,5.480751991271973
2024-04-08,-0.04682281230941099,5.224127769470215
2024-04-09,-0.02982450375554846,5.0683207511901855
2024-04-10,-0.016274848554041488,4.98583459854126
2024-04-11,-0.007352965789289678,4.949173927307129
2024-04-12,-0.029629729544847994,4.8025312423706055
2024-04-15,0.0,4.8025312423706055
2024-04-16,0.011450471115026284,4.857522487640381
2024-04-17,0.03018868332004354,5.004164695739746
2024-04-18,0.0,5.004164695739746
2024-04-19,0.053113566028052395,5.269953727722168
2024-04-22,0.0,5.269953727722168
2024-04-23,0.0,5.269953727722168
2024-04-24,0.00869561362061555,5.315779209136963
2024-04-25,0.0017240765314163742,5.324944019317627
2024-04-26,0.0206541164195162,5.4349260330200195
2024-04-29,0.011804402683800674,5.499082088470459
2024-04-30,0.006666602499685537,5.535742282867432
2024-05-02,0.01821204788267461,5.63655948638916
2024-05-03,0.008129960251158863,5.682384490966797
2024-05-06,0.008064564853857092,5.72821044921875
2024-05-07,0.03999999001076171,5.957338809967041
2024-05-08,0.0,5.957338809967041
2024-05-09,0.023076981569134958,6.094816207885742
2024-05-10,-0.015037605161606904,6.003164768218994
2024-05-13,0.00763347440007589,6.048989772796631
2024-05-14,-0.007575645901026329,6.003164768218994
2024-05-15,0.0,6.003164768218994
2024-05-16,0.0,6.003164768218994
2024-05-17,-0.007633633262001727,5.957338809967041
2024-05-20,0.015384547656791314,6.048989772796631
2024-05-21,-0.003030274126254895,6.0306596755981445
2024-05-22,0.04863230704637633,6.323944568634033
2024-05-23,-0.05072463822754969,6.003164768218994
2024-05-24,0.0,6.003164768218994
2024-05-28,-0.007633633262001727,5.957338809967041
2024-05-29,-0.030769255397530504,5.774035930633545
2024-05-30,-0.015873028981427173,5.682384490966797
2024-05-31,0.0,5.682384490966797
2024-06-03,0.0,5.682384490966797
2024-06-04,0.0,5.682384490966797
2024-06-05,-0.001612845838790622,5.673219680786133
2024-06-06,0.0,5.673219680786133
2024-06-10,0.0016154513127180081,5.682384490966797
2024-06-11,0.0,5.682384490966797
2024-06-12,0.0016129297537665899,5.691549777984619
2024-06-13,0.0,5.691549777984619
2024-06-14,0.008051578223775113,5.737375736236572
2024-06-17,0.0031948573775142375,5.755705833435059
2024-06-18,0.0031846827702706193,5.774035930633545
2024-06-20,-0.015873028981427173,5.682384490966797
2024-06-21,-0.011290256531438225,5.618228912353516
2024-06-24,0.011419182025889762,5.682384490966797
2024-06-25,0.0,5.682384490966797
2024-06-26,0.016129045792738106,5.774035930633545
2024-06-27,0.0,5.774035930633545
2024-06-28,0.006349228109169047,5.810696601867676
2024-07-01,-0.006309169751238963,5.774035930633545
2024-07-02,-0.015873028981427173,5.682384490966797
2024-07-03,0.0,5.682384490966797
2024-07-05,0.06129032366341902,6.0306596755981445
2024-07-08,0.0,6.0306596755981445
2024-07-09,-0.0015197027644832106,6.0214948654174805
2024-07-10,0.0,6.0214948654174805
2024-07-11,-0.009132411413059427,5.966504096984863
2024-07-12,0.006144413988194097,6.003164768218994
2024-07-15,0.00763347440007589,6.048989772796631
2024-07-16,0.0,6.048989772796631
2024-07-17,-0.003030274126254895,6.0306596755981445
2024-07-18,-0.0030394845977887996,6.012329578399658
2024-07-19,0.004573166500234871,6.039824962615967
2024-07-22,-0.004552347855524608,6.012329578399658
2024-07-23,0.0,6.012329578399658
2024-07-24,0.0030487512301953235,6.0306596755981445
2024-07-25,0.009118611931010934,6.08565092086792
2024-07-26,0.018072271692105124,6.195632457733154
2024-07-29,0.0,6.195632457733154
2024-07-30,-0.004437865609989489,6.168137073516846
2024-07-31,-0.011887035705790305,6.094816207885742
2024-08-01,-0.007518919935570634,6.048989772796631
2024-08-02,-0.006060548252509901,6.012329578399658
2024-08-05,-0.012195084230665176,5.939008712768555
2024-08-06,0.0,5.939008712768555
2024-08-07,0.010802485490972069,6.003164768218994
2024-08-08,0.0,6.003164768218994
2024-08-09,0.004580068753852862,6.0306596755981445
2024-08-12,0.0,6.0306596755981445
2024-08-13,0.001519781833305478,6.039824962615967
2024-08-14,0.0,6.039824962615967
2024-08-15,0.0,6.039824962615967
2024-08-16,-0.010622171312503093,5.975668907165527
2024-08-19,0.004601302629149373,6.003164768218994
2024-08-20,0.0030534056462228065,6.0214948654174805
2024-08-21,-0.003044110741297734,6.003164768218994
2024-08-22,0.006106811292445835,6.039824962615967
2024-08-23,-0.006069744508141239,6.003164768218994
2024-08-26,0.012213781446817507,6.076486110687256
2024-08-27,0.0,6.076486110687256
2024-08-28,0.0,6.076486110687256
2024-08-29,-0.007541601223857386,6.0306596755981445
2024-08-30,0.0,6.0306596755981445
2024-09-03,-0.0030394845977887996,6.012329578399658
2024-09-04,0.013719578810588162,6.094816207885742
2024-09-05,0.0,6.094816207885742
2024-09-06,-0.022556446860666046,5.957338809967041
2024-09-09,0.015384547656791314,6.048989772796631
2024-09-10,-0.01212117533424184,5.975668907165527
2024-09-11,-0.003067455289650689,5.957338809967041
2024-09-12,0.007692353870369706,6.003164768218994
2024-09-13,0.004580068753852862,6.0306596755981445
2024-09-16,0.0,6.0306596755981445
2024-09-17,-0.00455918736227201,6.003164768218994
2024-09-18,-0.007633633262001727,5.957338809967041
2024-09-19,0.0,5.957338809967041
2024-09-20,-0.006153867087900888,5.92067813873291
2024-09-23,0.02167177999836034,6.048989772796631
2024-09-24,-0.01818172358675163,5.939008712768555
2024-09-25,0.0,5.939008712768555
2024-09-26,0.026234596151073042,6.094816207885742
2024-09-27,0.015037526925095523,6.186467170715332
2024-09-30,0.0,6.186467170715332
2024-10-01,0.0,6.186467170715332
2024-10-02,-0.022222278745690827,6.048989772796631
2024-10-03,-0.009090822378764796,5.993999481201172
2024-10-04,-0.006116228629833631,5.957338809967041
2024-10-07,0.0,5.957338809967041
2024-10-09,-0.012307654133827728,5.8840179443359375
2024-10-10,0.00934578530399488,5.939008712768555
2024-10-11,-0.009259250338257585,5.8840179443359375
2024-10-14,0.015576254813739032,5.975668907165527
2024-10-15,0.0,5.975668907165527
2024-10-16,0.0,5.975668907165527
2024-10-17,0.0,5.975668907165527
2024-10-18,0.004601302629149373,6.003164768218994
2024-10-21,0.0030534056462228065,6.0214948654174805
2024-10-22,-0.0076103956369937276,5.975668907165527
2024-10-23,-0.003067455289650689,5.957338809967041
2024-10-24,0.015384547656791314,6.048989772796631
2024-10-25,-0.007575645901026329,6.003164768218994
2024-10-28,0.0,6.003164768218994
2024-10-29,0.00763347440007589,6.048989772796631
2024-10-30,0.0,6.048989772796631
2024-10-31,-0.015151449460496735,5.957338809967041
2024-11-04,0.0,5.957338809967041
2024-11-05,-0.004615380305432182,5.929843425750732
2024-11-06,0.043276647718925254,6.186467170715332
2024-11-07,-0.010370386470994752,6.122311115264893
2024-11-08,0.005988044472735821,6.158971786499023
2024-11-11,-0.013392767278554985,6.076486110687256
2024-11-12,-0.004525039206831227,6.048989772796631
2024-11-13,0.0,6.048989772796631
2024-11-14,0.0,6.048989772796631
2024-11-15,0.0060607059109540895,6.08565092086792
2024-11-18,-0.006024195036487656,6.048989772796631
2024-11-19,-0.009090822378764796,5.993999481201172
2024-11-20,0.012232377707248387,6.067320346832275
2024-11-21,0.004531796490327533,6.094816207885742
2024-11-22,0.00751868522603627,6.140641212463379
2024-11-25,-0.017910431998861887,6.0306596755981445
2024-11-26,0.010638393764316412,6.094816207885742
2024-11-27,-0.015037605161606904,6.003164768218994
2024-11-29,0.0,6.003164768218994
2024-12-02,0.0,6.003164768218994
2024-12-03,-0.004580227615778809,5.975668907165527
2024-12-04,0.0,5.975668907165527
2024-12-05,0.0,5.975668907165527
2024-12-06,0.0,5.975668907165527
2024-12-10,0.001533767543049791,5.98483419418335
2024-12-11,-0.0015314187027486437,5.975668907165527
2024-12-12,0.001533767543049791,5.98483419418335
2024-12-13,0.0030628374054972873,6.003164768218994
2024-12-16,0.022900661493116203,6.140641212463379
2024-12-17,-0.005970092231176949,6.103981018066406
2024-12-18,0.013513500845560467,6.186467170715332
2024-12-19,0.007407451941049414,6.232293128967285
2024-12-20,0.0,6.232293128967285
2024-12-23,0.0073528320361961885,6.278118133544922
2024-12-24,0.00437971017839045,6.305614471435547
2024-12-26,0.010174357931951983,6.369770050048828
2024-12-27,0.0,6.369770050048828
2024-12-30,0.0,6.369770050048828
