Date,return,price
2010-01-05,0.0,0.8825111389160156
2010-01-06,0.0,0.8825111389160156
2010-01-07,0.0,0.8825111389160156
2010-01-08,0.0,0.8825111389160156
2010-01-11,0.0,0.8825111389160156
2010-01-12,0.0,0.8825111389160156
2010-01-13,0.0,0.8825111389160156
2010-01-14,0.0,0.8825111389160156
2010-01-15,0.0,0.8825111389160156
2010-01-19,0.0,0.8825111389160156
2010-01-20,0.0,0.8825111389160156
2010-01-21,0.0,0.8825111389160156
2010-01-22,0.0,0.8825111389160156
2010-01-25,0.0,0.8825111389160156
2010-01-26,0.0,0.8825111389160156
2010-01-27,0.0,0.8825111389160156
2010-01-28,0.0,0.8825111389160156
2010-01-29,0.0,0.8825111389160156
2010-02-01,0.0,0.8825111389160156
2010-02-02,0.0,0.8825111389160156
2010-02-03,0.0,0.8825111389160156
2010-02-04,0.0,0.8825111389160156
2010-02-05,0.0,0.8825111389160156
2010-02-08,0.0,0.8825111389160156
2010-02-09,0.0,0.8825111389160156
2010-02-10,0.0,0.8825111389160156
2010-02-11,0.0,0.8825111389160156
2010-02-12,0.0,0.8825111389160156
2010-02-16,0.0,0.8825111389160156
2010-02-17,0.0,0.8825111389160156
2010-02-18,0.0,0.8825111389160156
2010-02-19,0.0,0.8825111389160156
2010-02-22,0.6687116373814002,1.4726566076278687
2010-02-23,0.018382424663895947,1.4997276067733765
2010-02-24,0.0,1.4997276067733765
2010-02-25,-0.025270600582943947,1.461828589439392
2010-02-26,0.011111005098629612,1.4780709743499756
2010-03-01,0.007325857543835523,1.4888991117477417
2010-03-02,0.007272819857433888,1.4997276067733765
2010-03-03,-0.0036101539295299023,1.494313359260559
2010-03-04,0.0,1.494313359260559
2010-03-05,0.014492857677921522,1.515970230102539
2010-03-08,0.0035713948704398923,1.521384358406067
2010-03-09,0.003558763755458827,1.5267986059188843
2010-03-10,0.007092131578505523,1.53762686252594
2010-03-11,0.007042032402249321,1.5484548807144165
2010-03-12,0.0,1.5484548807144165
2010-03-15,0.0034966254358079762,1.5538692474365234
2010-03-16,0.010453018074692455,1.570111870765686
2010-03-17,0.017241370147094592,1.5971827507019043
2010-03-18,0.023728965363849053,1.6350822448730469
2010-03-19,0.009933680682738144,1.6513246297836304
2010-03-22,0.0,1.6513246297836304
2010-03-23,0.0032788021352387897,1.6567389965057373
2010-03-24,0.0,1.6567389965057373
2010-03-25,0.02941206098778415,1.7054671049118042
2010-03-26,0.031745721086821055,1.7596083879470825
2010-03-29,0.0,1.7596083879470825
2010-03-30,0.0,1.7596083879470825
2010-03-31,0.015384333971403041,1.7866787910461426
2010-04-01,0.0,1.7866787910461426
2010-04-05,0.0,1.7866787910461426
2010-04-06,0.015151709249448198,1.8137500286102295
2010-04-07,-0.01492556148149593,1.7866787910461426
2010-04-08,0.0,1.7866787910461426
2010-04-09,0.015151709249448198,1.8137500286102295
2010-04-12,0.029850662885796186,1.8678916692733765
2010-04-13,-0.014492810043977844,1.8408206701278687
2010-04-14,0.011764920729108619,1.8624777793884277
2010-04-15,0.0,1.8624777793884277
2010-04-16,-0.011628116856068238,1.8408206701278687
2010-04-19,0.005882622261489168,1.851649522781372
2010-04-20,0.036451083200785606,1.9191441535949707
2010-04-21,0.014705991969164778,1.9473670721054077
2010-04-22,0.0,1.9473670721054077
2010-04-23,0.01449286008514239,1.9755899906158447
2010-04-26,0.0057143029546022905,1.9868791103363037
2010-04-27,0.0,1.9868791103363037
2010-04-28,-0.019886483291984502,1.9473670721054077
2010-04-29,0.0,1.9473670721054077
2010-04-30,0.008695740537334906,1.9643008708953857
2010-05-03,-0.008620776501646166,1.9473670721054077
2010-05-04,-0.03478253363997463,1.8796327114105225
2010-05-05,0.0,1.8796327114105225
2010-05-06,0.0,1.8796327114105225
2010-05-07,-0.009009099856147174,1.8626989126205444
2010-05-10,0.015151690661600714,1.890921950340271
2010-05-11,0.0029850204287513726,1.896566390991211
2010-05-12,0.0,1.896566390991211
2010-05-13,0.002976136600201018,1.9022108316421509
2010-05-14,-0.005934610987434197,1.890921950340271
2010-05-17,-0.014925543444375244,1.8626989126205444
2010-05-18,0.009091001597329784,1.8796327114105225
2010-05-19,-0.03903915788309398,1.806253433227539
2010-05-20,-0.031249835004757198,1.7498083114624023
2010-05-21,0.019354760473444976,1.7836754322052002
2010-05-24,0.0063290665483981545,1.7949644327163696
2010-05-25,0.0,1.7949644327163696
2010-05-26,0.03773583401965808,1.8626989126205444
2010-05-27,0.0,1.8626989126205444
2010-05-28,0.0,1.8626989126205444
2010-06-01,0.0,1.8626989126205444
2010-06-02,0.0,1.8626989126205444
2010-06-03,0.0,1.8626989126205444
2010-06-04,0.0,1.8626989126205444
2010-06-07,0.0,1.8626989126205444
2010-06-08,0.0,1.8626989126205444
2010-06-09,0.0,1.8626989126205444
2010-06-10,0.015151690661600714,1.890921950340271
2010-06-11,0.0,1.890921950340271
2010-06-14,0.0,1.890921950340271
2010-06-15,0.03283547688804633,1.9530112743377686
2010-06-16,0.02023146367287265,1.9925235509872437
2010-06-17,0.019830148663145586,2.0320355892181396
2010-06-18,0.00833335777706723,2.048969268798828
2010-06-21,0.005509541540609675,2.060258150100708
2010-06-22,0.0,2.060258150100708
2010-06-23,0.0,2.060258150100708
2010-06-24,-0.04109589833716931,1.9755899906158447
2010-06-25,0.0,1.9755899906158447
2010-06-28,0.0,1.9755899906158447
2010-06-29,0.0,1.9755899906158447
2010-06-30,-0.02571430295460242,1.9247890710830688
2010-07-01,-0.005865120438421134,1.9134999513626099
2010-07-02,0.017699044475376624,1.9473670721054077
2010-07-06,0.005797119547807483,1.9586561918258667
2010-07-07,0.0028819141884504074,1.9643008708953857
2010-07-08,0.0028733898742243635,1.9699450731277466
2010-07-09,0.0,1.9699450731277466
2010-07-12,0.0,1.9699450731277466
2010-07-13,0.008596197650156068,1.9868791103363037
2010-07-14,-0.005681835226778453,1.9755899906158447
2010-07-15,0.0,1.9755899906158447
2010-07-16,0.0,1.9755899906158447
2010-07-19,0.0,1.9755899906158447
2010-07-20,0.0,1.9755899906158447
2010-07-21,-0.02857163545522845,1.9191441535949707
2010-07-22,0.0,1.9191441535949707
2010-07-23,0.0,1.9191441535949707
2010-07-26,0.014705991969164778,1.9473670721054077
2010-07-27,0.0,1.9473670721054077
2010-07-28,0.0,1.9473670721054077
2010-07-29,0.0,1.9473670721054077
2010-07-30,0.020289979632949873,1.9868791103363037
2010-08-02,0.017045385683815084,2.0207462310791016
2010-08-03,0.011173336618047314,2.0433247089385986
2010-08-04,0.022099511978833863,2.0884811878204346
2010-08-05,0.0,2.0884811878204346
2010-08-06,-0.013513666239522326,2.060258150100708
2010-08-09,-0.013698555630608178,2.0320355892181396
2010-08-10,-0.0055556891813011156,2.0207462310791016
2010-08-11,-0.016759709963537817,1.9868791103363037
2010-08-12,0.0,1.9868791103363037
2010-08-13,-0.005681835226778453,1.9755899906158447
2010-08-16,0.008571394090795215,1.9925235509872437
2010-08-17,0.005665679838803506,2.003812551498413
2010-08-18,-0.005633760754082395,1.9925235509872437
2010-08-19,0.0028328698335498004,1.9981681108474731
2010-08-20,0.0,1.9981681108474731
2010-08-23,0.011299409748888767,2.0207462310791016
2010-08-24,0.013966641276205838,2.048969268798828
2010-08-25,0.005509541540609675,2.060258150100708
2010-08-26,-0.008219087089295862,2.0433247089385986
2010-08-27,0.022099511978833863,2.0884811878204346
2010-08-30,0.0,2.0884811878204346
2010-08-31,0.0,2.0884811878204346
2010-09-01,0.018918630436457695,2.1279923915863037
2010-09-02,0.02122022572090798,2.1731488704681396
2010-09-03,0.02597410576392556,2.2295944690704346
2010-09-07,0.012658265748620279,2.257817268371582
2010-09-08,0.009999923970208213,2.280395269393921
2010-09-09,0.0,2.280395269393921
2010-09-10,0.0,2.280395269393921
2010-09-13,0.014851530178089822,2.314262628555298
2010-09-14,0.0,2.314262628555298
2010-09-15,-0.012195055364216167,2.2860400676727295
2010-09-16,0.0,2.2860400676727295
2010-09-17,0.012345610771074433,2.314262628555298
2010-09-20,0.024390110728432335,2.3707077503204346
2010-09-21,0.02380959803867233,2.4271533489227295
2010-09-22,0.046511671310803804,2.5400443077087402
2010-09-23,0.0,2.5400443077087402
2010-09-24,0.011111144484958313,2.5682671070098877
2010-09-27,0.004395524620888436,2.5795559883117676
2010-09-28,0.045951815259973605,2.6980912685394287
2010-09-29,0.0,2.6980912685394287
2010-09-30,0.00627643513541809,2.7150256633758545
2010-10-01,0.008315856055550741,2.7376034259796143
2010-10-04,0.010309221786741984,2.7658259868621826
2010-10-05,0.036734546103408316,2.867427349090576
2010-10-06,-0.003936854018945279,2.8561387062072754
2010-10-07,0.0019762070481323946,2.861783027648926
2010-10-08,0.0,2.861783027648926
2010-10-11,0.013806665362568582,2.901294708251953
2010-10-12,-0.007782043291955754,2.8787167072296143
2010-10-13,0.013725449435089576,2.9182283878326416
2010-10-14,0.0019339968825002885,2.923872232437134
2010-10-15,-0.005791198985551471,2.9069395065307617
2010-10-18,0.0,2.9069395065307617
2010-10-19,-0.03883506930604064,2.794048309326172
2010-10-20,0.0,2.794048309326172
2010-10-21,0.0,2.794048309326172
2010-10-22,0.006060710526279767,2.8109822273254395
2010-10-25,-0.0060241995963736805,2.794048309326172
2010-10-26,0.020202254646436657,2.850494384765625
2010-10-27,0.02970288996841708,2.935162305831909
2010-10-28,0.0,2.935162305831909
2010-10-29,0.019230583342667806,2.991607189178467
2010-11-01,0.0,2.991607189178467
2010-11-02,0.011320950197287072,3.025475025177002
2010-11-03,0.01679093745020599,3.076275587081909
2010-11-04,0.0,3.076275587081909
2010-11-05,0.02752294360115437,3.1609437465667725
2010-11-08,0.01071416799523961,3.194810628890991
2010-11-09,0.0070672351141309875,3.2173891067504883
2010-11-10,0.01403535371050646,3.2625463008880615
2010-11-11,0.003459998241756468,3.273834705352783
2010-11-12,-0.0068965728184144925,3.2512564659118652
2010-11-15,0.006944465832714686,3.273834705352783
2010-11-16,-0.034482791266593815,3.1609437465667725
2010-11-17,0.017857122653645252,3.2173891067504883
2010-11-18,0.010526348550854214,3.2512564659118652
2010-11-19,0.008680582290893524,3.2794792652130127
2010-11-22,0.020653962415339677,3.3472135066986084
2010-11-23,-0.0016862034679819837,3.341569423675537
2010-11-24,0.010135094157506908,3.375436544418335
2010-11-26,0.04515056817158447,3.527839422225952
2010-11-29,-0.008000023788877542,3.4996166229248047
2010-11-30,-0.07258052209305943,3.245612621307373
2010-12-01,0.06086937230838041,3.4431710243225098
2010-12-02,-0.0016392800130400342,3.4375267028808594
2010-12-03,0.0,3.4375267028808594
2010-12-06,0.001641971664371411,3.4431710243225098
2010-12-07,0.024590238854052204,3.527839422225952
2010-12-08,0.0,3.527839422225952
2010-12-09,0.0,3.527839422225952
2010-12-10,0.016000047577755083,3.584285020828247
2010-12-13,0.0,3.584285020828247
2010-12-14,0.01574794455160089,3.640730142593384
2010-12-15,0.0,3.640730142593384
2010-12-16,0.0,3.640730142593384
2010-12-17,-0.007752092309209591,3.612506866455078
2010-12-20,-0.046874884503329994,3.4431710243225098
2010-12-21,0.024590238854052204,3.527839422225952
2010-12-22,-0.008000023788877542,3.4996166229248047
2010-12-23,0.0016128399335733068,3.505260944366455
2010-12-27,0.006441311565059005,3.527839422225952
2010-12-28,0.00800022653499255,3.556062936782837
2010-12-29,-0.007936730889925858,3.527839422225952
2010-12-30,0.0,3.527839422225952
2010-12-31,0.00800022653499255,3.556062936782837
2011-01-03,0.0,3.556062936782837
2011-01-04,0.0,3.556062936782837
2011-01-05,0.0,3.556062936782837
2011-01-06,0.0,3.556062936782837
2011-01-07,-0.019048006635374648,3.4883270263671875
2011-01-10,-0.004854247499026743,3.4713938236236572
2011-01-11,0.008130105869603277,3.4996166229248047
2011-01-12,-0.017741920539871447,3.4375267028808594
2011-01-13,-0.014778230482495824,3.386726140975952
2011-01-14,-0.00833349818186735,3.3585028648376465
2011-01-18,-0.008403386996220896,3.330280065536499
2011-01-19,0.0,3.330280065536499
2011-01-20,-0.016949133127823757,3.273834705352783
2011-01-21,0.0,3.273834705352783
2011-01-24,0.017241359220557584,3.330280065536499
2011-01-25,-0.008474387586037357,3.302057981491089
2011-01-26,0.0,3.302057981491089
2011-01-27,0.04273487734691428,3.4431710243225098
2011-01-28,0.0,3.4431710243225098
2011-01-31,0.03278719287042686,3.556062936782837
2011-02-01,0.0,3.556062936782837
2011-02-02,0.01587259018629905,3.612506866455078
2011-02-03,0.0,3.612506866455078
2011-02-04,0.031250032999048605,3.725397825241089
2011-02-07,0.03030293333613221,3.8382883071899414
2011-02-08,0.0,3.8382883071899414
2011-02-09,-0.016176150143475176,3.7761995792388916
2011-02-10,-0.058295817749236645,3.556062936782837
2011-02-11,-0.025396962255104794,3.465749740600586
2011-02-14,0.01791522362333242,3.527839422225952
2011-02-15,-0.03199995999143335,3.4149487018585205
2011-02-16,-0.01652904390339871,3.3585028648376465
2011-02-17,0.0,3.3585028648376465
2011-02-18,0.008403528975304386,3.386726140975952
2011-02-22,0.008333286988015942,3.4149487018585205
2011-02-23,-0.011570351677224866,3.375436544418335
2011-02-24,-0.013377967053330386,3.330280065536499
2011-02-25,-0.008474387586037357,3.302057981491089
2011-02-28,-0.022222503011768757,3.228677988052368
2011-03-01,-0.01923068260604721,3.166588306427002
2011-03-02,-0.02852051185870652,3.076275587081909
2011-03-03,0.0,3.076275587081909
2011-03-04,-0.009174185363139187,3.04805326461792
2011-03-07,0.0,3.04805326461792
2011-03-08,0.0,3.04805326461792
2011-03-09,-0.014814937069702272,3.002896547317505
2011-03-10,0.0,3.002896547317505
2011-03-11,-0.009398445946391165,2.9746739864349365
2011-03-14,-0.022770387683845872,2.9069395065307617
2011-03-15,-0.025242959083010108,2.83355975151062
2011-03-16,0.015936475556910468,2.8787167072296143
2011-03-17,0.009803951611587536,2.9069395065307617
2011-03-18,-0.011650274740686695,2.873072862625122
2011-03-21,0.0,2.873072862625122
2011-03-22,0.03143402441433962,2.9633851051330566
2011-03-23,0.0,2.9633851051330566
2011-03-24,0.009523596510127907,2.991607189178467
2011-03-25,0.015094308045053628,3.0367634296417236
2011-03-28,0.0,3.0367634296417236
2011-03-29,-0.06877282749170166,2.8279166221618652
2011-03-30,0.06786420734192378,3.0198309421539307
2011-03-31,0.009345663053528241,3.04805326461792
2011-04-01,-0.012962923273580063,3.0085415840148926
2011-04-04,0.0,3.0085415840148926
2011-04-05,-0.018761860338173286,2.9520957469940186
2011-04-06,-0.003824022751760303,2.9408068656921387
2011-04-07,-0.040307384780972066,2.822270631790161
2011-04-08,0.0,2.822270631790161
2011-04-11,0.0020005134547012027,2.8279166221618652
2011-04-12,0.0,2.8279166221618652
2011-04-13,0.0,2.8279166221618652
2011-04-14,0.0,2.8279166221618652
2011-04-15,-0.011976418459537896,2.794048309326172
2011-04-18,0.05252541836019997,2.9408068656921387
2011-04-19,0.03667979554811418,3.048675060272217
2011-04-20,-0.0019192043212401533,3.0428240299224854
2011-04-21,0.02499990401588903,3.118894338607788
2011-04-25,0.0,3.118894338607788
2011-04-26,0.00375229587899506,3.1305973529815674
2011-04-27,0.003738116473354758,3.1422998905181885
2011-04-28,-0.0037241949986801526,3.1305973529815674
2011-04-29,0.0,3.1305973529815674
2011-05-02,0.0,3.1305973529815674
2011-05-03,-0.009345976601206507,3.1013388633728027
2011-05-04,0.018867757721849898,3.1598541736602783
2011-05-05,0.09259277004545785,3.4524338245391846
2011-05-06,0.016949209895724238,3.5109498500823975
2011-05-09,0.0,3.5109498500823975
2011-05-10,0.0,3.5109498500823975
2011-05-11,-0.04833324969436692,3.341254234313965
2011-05-12,-0.019264410846228097,3.2768869400024414
2011-05-13,0.07142843630722928,3.5109498500823975
2011-05-16,0.0,3.5109498500823975
2011-05-17,0.0,3.5109498500823975
2011-05-18,-0.024999947371962983,3.4231762886047363
2011-05-19,0.0,3.4231762886047363
2011-05-20,-0.017094003402461144,3.3646605014801025
2011-05-23,-0.026086899834039667,3.2768869400024414
2011-05-24,0.0017859091722653986,3.2827391624450684
2011-05-25,0.0035649423777195377,3.2944419384002686
2011-05-26,0.0,3.2944419384002686
2011-05-27,0.003552133968924842,3.3061442375183105
2011-05-31,-0.04424793758176804,3.1598541736602783
2011-06-01,0.0,3.1598541736602783
2011-06-02,0.11481508616399916,3.522653102874756
2011-06-03,-0.008305607591377884,3.4933953285217285
2011-06-06,-0.12897804463198492,3.0428240299224854
2011-06-07,0.10769213531267985,3.3705122470855713
2011-06-08,0.041666545824973644,3.5109498500823975
2011-06-09,0.07500018165161171,3.7742717266082764
2011-06-10,-0.054263674111962645,3.5694658756256104
2011-06-13,-0.02459031120952082,3.481691598892212
2011-06-14,0.008403458594521851,3.5109498500823975
2011-06-15,-0.041666601588986385,3.3646605014801025
2011-06-16,-0.01739143189514991,3.3061442375183105
2011-06-17,0.0,3.3061442375183105
2011-06-20,0.0,3.3061442375183105
2011-06-21,-0.008849371174994625,3.2768869400024414
2011-06-22,-0.033928781906046646,3.165706157684326
2011-06-23,0.0,3.165706157684326
2011-06-24,0.025878122304268114,3.247628688812256
2011-06-27,0.0,3.247628688812256
2011-06-28,-0.02702726313951831,3.1598541736602783
2011-06-29,-0.009258914833028764,3.1305973529815674
2011-06-30,0.0,3.1305973529815674
2011-07-01,0.009345443498457895,3.1598541736602783
2011-07-05,0.05185209609406316,3.3236992359161377
2011-07-06,0.029929619266882534,3.4231762886047363
2011-07-07,0.02564097027951684,3.5109498500823975
2011-07-08,-0.016666722124168087,3.4524338245391846
2011-07-11,0.0,3.4524338245391846
2011-07-12,0.008474535889745116,3.481691598892212
2011-07-13,0.008403458594521851,3.5109498500823975
2011-07-14,0.0,3.5109498500823975
2011-07-15,0.0,3.5109498500823975
2011-07-18,0.0,3.5109498500823975
2011-07-19,0.01500021288889819,3.563614845275879
2011-07-20,0.0016418806755975623,3.5694658756256104
2011-07-21,0.021311331419687773,3.645535945892334
2011-07-22,-0.009630759937911737,3.610426664352417
2011-07-25,0.0,3.610426664352417
2011-07-26,-0.01944882685837046,3.540208101272583
2011-07-27,-0.013223169771863663,3.4933953285217285
2011-07-28,0.0,3.4933953285217285
2011-07-29,0.0,3.4933953285217285
2011-08-01,0.005025060123412084,3.5109498500823975
2011-08-02,0.0,3.5109498500823975
2011-08-03,-0.008333428969228618,3.481691598892212
2011-08-04,-0.10084013357827382,3.1305973529815674
2011-08-05,0.009345443498457895,3.1598541736602783
2011-08-08,-0.05555545076055646,2.984307050704956
2011-08-09,0.02941186574420529,3.0720810890197754
2011-08-10,-0.0038094744359477017,3.060378074645996
2011-08-11,0.01338422499695402,3.1013388633728027
2011-08-12,0.018867757721849898,3.1598541736602783
2011-08-15,0.0,3.1598541736602783
2011-08-16,0.0,3.1598541736602783
2011-08-17,0.0,3.1598541736602783
2011-08-18,-0.02777757447547946,3.0720810890197754
2011-08-19,0.0,3.0720810890197754
2011-08-22,0.0,3.0720810890197754
2011-08-23,0.0,3.0720810890197754
2011-08-24,-0.0095235308735373,3.0428240299224854
2011-08-25,0.00961510058077053,3.0720810890197754
2011-08-26,0.0,3.0720810890197754
2011-08-29,0.0,3.0720810890197754
2011-08-30,0.0,3.0720810890197754
2011-08-31,0.015238285784620942,3.118894338607788
2011-09-01,0.013132806246579642,3.1598541736602783
2011-09-02,0.0,3.1598541736602783
2011-09-06,0.0,3.1598541736602783
2011-09-07,0.0,3.1598541736602783
2011-09-08,0.018518735094850136,3.2183706760406494
2011-09-09,-0.009090865316055297,3.189112901687622
2011-09-12,0.04587148624461723,3.335402250289917
2011-09-13,-0.017543704146145922,3.2768869400024414
2011-09-14,0.0017859091722653986,3.2827391624450684
2011-09-15,0.01604242226958541,3.335402250289917
2011-09-16,0.017543990070974402,3.393918514251709
2011-09-19,0.0,3.393918514251709
2011-09-20,0.0,3.393918514251709
2011-09-21,0.008620647263677172,3.4231762886047363
2011-09-22,-0.06837608325819433,3.189112901687622
2011-09-23,0.04587148624461723,3.335402250289917
2011-09-26,0.0,3.335402250289917
2011-09-27,-0.008771959294883613,3.3061442375183105
2011-09-28,-0.026548618321488138,3.2183706760406494
2011-09-29,0.0,3.2183706760406494
2011-09-30,0.0,3.2183706760406494
2011-10-03,-0.018182026954197905,3.1598541736602783
2011-10-04,-0.01851835783285316,3.1013388633728027
2011-10-05,0.009434147926984382,3.1305973529815674
2011-10-06,0.0,3.1305973529815674
2011-10-07,0.0,3.1305973529815674
2011-10-10,0.009345443498457895,3.1598541736602783
2011-10-11,0.0,3.1598541736602783
2011-10-12,0.0,3.1598541736602783
2011-10-13,0.009259518452223725,3.189112901687622
2011-10-14,0.0,3.189112901687622
2011-10-17,0.0,3.189112901687622
2011-10-18,0.03119255382862085,3.2885894775390625
2011-10-19,-0.0088967548405956,3.259331703186035
2011-10-20,0.023339308186866026,3.335402250289917
2011-10-21,0.02631587788465084,3.4231762886047363
2011-10-24,0.0,3.4231762886047363
2011-10-25,0.02564097027951684,3.5109498500823975
2011-10-26,-0.008333428969228618,3.481691598892212
2011-10-27,0.016806917189043924,3.540208101272583
2011-10-28,0.008264422179733,3.5694658756256104
2011-10-31,-0.016393496277074537,3.5109498500823975
2011-11-01,0.0,3.5109498500823975
2011-11-02,0.0,3.5109498500823975
2011-11-03,0.0,3.5109498500823975
2011-11-04,-0.016666722124168087,3.4524338245391846
2011-11-07,0.0,3.4524338245391846
2011-11-08,0.0016949624244426698,3.4582855701446533
2011-11-09,-0.010152221621896995,3.4231762886047363
2011-11-10,0.008546897228706163,3.4524338245391846
2011-11-11,0.0,3.4524338245391846
2011-11-14,-0.01694900272137323,3.393918514251709
2011-11-15,0.0,3.393918514251709
2011-11-16,0.008620647263677172,3.4231762886047363
2011-11-17,0.0,3.4231762886047363
2011-11-18,0.0,3.4231762886047363
2011-11-21,0.0,3.4231762886047363
2011-11-22,-0.025641109576216237,3.335402250289917
2011-11-23,0.0,3.335402250289917
2011-11-25,0.0,3.335402250289917
2011-11-28,0.0,3.335402250289917
2011-11-29,0.0,3.335402250289917
2011-11-30,0.0,3.335402250289917
2011-12-01,0.014035263537986564,3.3822154998779297
2011-12-02,0.029411520057746943,3.481691598892212
2011-12-05,0.0,3.481691598892212
2011-12-06,0.0,3.481691598892212
2011-12-07,-0.016806574800046548,3.4231762886047363
2011-12-08,0.0,3.4231762886047363
2011-12-09,-0.008546966877055806,3.393918514251709
2011-12-12,0.0,3.393918514251709
2011-12-13,0.0,3.393918514251709
2011-12-14,0.0,3.393918514251709
2011-12-15,-0.017241505273644875,3.335402250289917
2011-12-16,0.0,3.335402250289917
2011-12-19,0.0,3.335402250289917
2011-12-20,-0.017543704146145922,3.2768869400024414
2011-12-21,0.017856981750927314,3.335402250289917
2011-12-22,0.0,3.335402250289917
2011-12-23,0.0,3.335402250289917
2011-12-27,0.008772030776090789,3.3646605014801025
2011-12-28,-0.008695751377387095,3.335402250289917
2011-12-29,0.0,3.335402250289917
2011-12-30,0.02631587788465084,3.4231762886047363
2012-01-03,0.0,3.4231762886047363
2012-01-04,0.02905979881934906,3.522653102874756
2012-01-05,0.004983459308979699,3.540208101272583
2012-01-06,0.0,3.540208101272583
2012-01-09,0.0,3.540208101272583
2012-01-10,-0.008264556871577233,3.5109498500823975
2012-01-11,0.0,3.5109498500823975
2012-01-12,0.0,3.5109498500823975
2012-01-13,0.0,3.5109498500823975
2012-01-17,0.0,3.5109498500823975
2012-01-18,0.0,3.5109498500823975
2012-01-19,0.008333428969228729,3.540208101272583
2012-01-20,0.008264422179733,3.5694658756256104
2012-01-23,0.016393629864892567,3.6279823780059814
2012-01-24,-0.01612921350862051,3.5694658756256104
2012-01-25,0.0,3.5694658756256104
2012-01-26,-0.008196681344628143,3.540208101272583
2012-01-27,0.0,3.540208101272583
2012-01-30,-0.008264556871577233,3.5109498500823975
2012-01-31,-0.008333428969228618,3.481691598892212
2012-02-01,0.008403458594521851,3.5109498500823975
2012-02-02,0.0,3.5109498500823975
2012-02-03,0.03333358006262532,3.6279823780059814
2012-02-06,0.01290312108390812,3.6747946739196777
2012-02-07,0.0,3.6747946739196777
2012-02-08,0.0,3.6747946739196777
2012-02-09,0.0,3.6747946739196777
2012-02-10,0.0,3.6747946739196777
2012-02-13,0.0,3.6747946739196777
2012-02-14,0.007961484456900036,3.7040514945983887
2012-02-15,0.0031595815580385267,3.715754747390747
2012-02-16,0.0,3.715754747390747
2012-02-17,0.0,3.715754747390747
2012-02-21,0.0,3.715754747390747
2012-02-22,0.0,3.715754747390747
2012-02-23,0.007874235523184003,3.745013475418091
2012-02-24,-0.007812716354532512,3.715754747390747
2012-02-27,0.0,3.715754747390747
2012-02-28,0.02047249904635895,3.791825532913208
2012-02-29,0.010802581402281408,3.832787036895752
2012-03-01,-0.001526697708628455,3.8269355297088623
2012-03-02,0.01681960206290678,3.891303062438965
2012-03-05,0.0,3.891303062438965
2012-03-06,-0.016541382590169906,3.8269355297088623
2012-03-07,0.0,3.8269355297088623
2012-03-08,-0.02140669829810371,3.745013475418091
2012-03-09,0.007812589028646677,3.7742717266082764
2012-03-12,0.0,3.7742717266082764
2012-03-13,0.012403000977294187,3.8210840225219727
2012-03-14,0.0183767327551847,3.891303062438965
2012-03-15,0.009022561181983635,3.926412582397461
2012-03-16,0.0,3.926412582397461
2012-03-19,0.0,3.926412582397461
2012-03-20,0.0014902327876959998,3.9322638511657715
2012-03-21,0.0,3.9322638511657715
2012-03-22,0.0014881365612671171,3.9381155967712402
2012-03-23,0.0,3.9381155967712402
2012-03-26,0.004457533739355535,3.95566987991333
2012-03-27,0.0,3.95566987991333
2012-03-28,0.0,3.95566987991333
2012-03-29,0.0,3.95566987991333
2012-03-30,0.0,3.95566987991333
2012-04-02,0.050295932526492004,4.154623985290527
2012-04-03,0.0,4.154623985290527
2012-04-04,0.01408443914857993,4.213139533996582
2012-04-05,0.0,4.213139533996582
2012-04-09,0.0,4.213139533996582
2012-04-10,-0.016666451627360912,4.142921447753906
2012-04-11,-0.011299516961590816,4.096108436584473
2012-04-12,0.004285833026199004,4.113663673400879
2012-04-13,0.0028447968686138303,4.1253662109375
2012-04-16,0.0,4.1253662109375
2012-04-17,0.014184443889628584,4.183882236480713
2012-04-18,0.008391726824793944,4.218992233276367
2012-04-19,0.012482668141070796,4.271656513214111
2012-04-20,0.006849169034393032,4.3009138107299805
2012-04-23,-0.008954983940654193,4.262399196624756
2012-04-24,0.019774135494762923,4.346684455871582
2012-04-25,-0.0027701785213969377,4.334643363952637
2012-04-26,-0.006944464306654741,4.30454158782959
2012-04-27,0.006993027133982199,4.334643363952637
2012-04-30,0.0,4.334643363952637
2012-05-01,0.0,4.334643363952637
2012-05-02,-0.008333291164333012,4.298521518707275
2012-05-03,-0.02941178101919173,4.172094345092773
2012-05-04,-0.025973893870243847,4.0637288093566895
2012-05-07,0.019259100024793918,4.141992568969727
2012-05-08,-0.033430235904728156,4.0035247802734375
2012-05-09,0.012030014292520264,4.051687240600586
2012-05-10,0.0,4.051687240600586
2012-05-11,0.02823195093235209,4.166074275970459
2012-05-14,-0.020231224127667424,4.081789493560791
2012-05-15,0.0,4.081789493560791
2012-05-16,-0.004424697606917993,4.0637288093566895
2012-05-17,-0.014814972137075944,4.0035247802734375
2012-05-18,0.0,4.0035247802734375
2012-05-21,0.030075154835635942,4.123931407928467
2012-05-22,0.01459869797240243,4.184135437011719
2012-05-23,0.0,4.184135437011719
2012-05-24,-0.021582906807336655,4.09382963180542
2012-05-25,0.0,4.09382963180542
2012-05-29,0.022059004240113644,4.184135437011719
2012-05-30,-0.00719426428140324,4.154033660888672
2012-05-31,0.0,4.154033660888672
2012-06-01,-0.021739075535720076,4.0637288093566895
2012-06-04,-0.02222245820561386,3.9734227657318115
2012-06-05,0.0,3.9734227657318115
2012-06-06,0.0,3.9734227657318115
2012-06-07,0.0,3.9734227657318115
2012-06-08,0.05303051895136024,4.184135437011719
2012-06-11,0.0,4.184135437011719
2012-06-12,0.0,4.184135437011719
2012-06-13,-0.0043165813614672865,4.166074275970459
2012-06-14,0.0,4.166074275970459
2012-06-15,0.0014450220335815445,4.172094345092773
2012-06-18,0.0,4.172094345092773
2012-06-19,0.024531071204395793,4.274440288543701
2012-06-20,-0.0028169985088380978,4.262399196624756
2012-06-21,0.0,4.262399196624756
2012-06-22,-0.00423721086903428,4.244338512420654
2012-06-25,0.0,4.244338512420654
2012-06-26,0.014184324655716507,4.30454158782959
2012-06-27,-0.00839145532019725,4.268420219421387
2012-06-28,-0.012694036748594595,4.214236736297607
2012-06-29,0.0,4.214236736297607
2012-07-02,0.007142877348056187,4.244338512420654
2012-07-03,0.0,4.244338512420654
2012-07-05,0.0,4.244338512420654
2012-07-06,0.0,4.244338512420654
2012-07-09,0.0,4.244338512420654
2012-07-10,-0.009928971085683025,4.2021965980529785
2012-07-11,0.0,4.2021965980529785
2012-07-12,-0.024355457413750337,4.099850177764893
2012-07-13,0.0,4.099850177764893
2012-07-16,0.0,4.099850177764893
2012-07-17,0.0029367263979369618,4.1118903160095215
2012-07-18,0.004392538830156889,4.1299519538879395
2012-07-19,-0.00874642671048842,4.09382963180542
2012-07-20,0.0,4.09382963180542
2012-07-23,0.0,4.09382963180542
2012-07-24,-0.01323516958998805,4.039647102355957
2012-07-25,-0.0014904823723634886,4.033626079559326
2012-07-26,0.004477648816479496,4.051687240600586
2012-07-27,0.0,4.051687240600586
2012-07-30,0.007429559877811132,4.081789493560791
2012-07-31,0.0,4.081789493560791
2012-08-01,0.0,4.081789493560791
2012-08-02,-0.02654882815488968,3.9734227657318115
2012-08-03,0.0,3.9734227657318115
2012-08-06,0.015151499696113069,4.033626079559326
2012-08-07,0.022388125866889208,4.123931407928467
2012-08-08,0.0,4.123931407928467
2012-08-09,-0.014598351091881567,4.0637288093566895
2012-08-10,0.0,4.0637288093566895
2012-08-13,-0.013333557061233847,4.009544849395752
2012-08-14,0.0015017913154646845,4.015566349029541
2012-08-15,0.004497430489263321,4.033626079559326
2012-08-16,0.0,4.033626079559326
2012-08-17,0.022388125866889208,4.123931407928467
2012-08-20,0.0,4.123931407928467
2012-08-21,-0.005839386687488735,4.099850177764893
2012-08-22,-0.004405205902901499,4.081789493560791
2012-08-23,-0.0014749770827159336,4.075768947601318
2012-08-24,0.0,4.075768947601318
2012-08-27,0.0,4.075768947601318
2012-08-28,0.007385545282384776,4.105870723724365
2012-08-29,0.0,4.105870723724365
2012-08-30,-0.007331398903797415,4.075768947601318
2012-08-31,-0.005908506421813953,4.051687240600586
2012-09-04,0.0029719887150811974,4.0637288093566895
2012-09-05,0.0,4.0637288093566895
2012-09-06,0.0029628301516839706,4.075768947601318
2012-09-07,-0.005908506421813953,4.051687240600586
2012-09-10,0.0,4.051687240600586
2012-09-11,0.013373066553811208,4.105870723724365
2012-09-12,0.00439874643391569,4.123931407928467
2012-09-13,0.02189787351834327,4.214236736297607
2012-09-14,0.025714381082825755,4.322603225708008
2012-09-17,0.0,4.322603225708008
2012-09-18,-0.004178416786208672,4.30454158782959
2012-09-19,-0.01398594349260096,4.244338512420654
2012-09-20,-0.01843967822574999,4.166074275970459
2012-09-21,0.026011541176375053,4.274440288543701
2012-09-24,0.0,4.274440288543701
2012-09-25,0.0,4.274440288543701
2012-09-26,-0.01408454632234557,4.214236736297607
2012-09-27,0.0,4.214236736297607
2012-09-28,0.0,4.214236736297607
2012-10-01,0.0,4.214236736297607
2012-10-02,0.0,4.214236736297607
2012-10-03,-0.0014287338783726122,4.208215713500977
2012-10-04,0.001430778079487327,4.214236736297607
2012-10-05,0.0,4.214236736297607
2012-10-08,0.0,4.214236736297607
2012-10-09,0.0,4.214236736297607
2012-10-10,0.0,4.214236736297607
2012-10-11,0.007142877348056187,4.244338512420654
2012-10-12,0.00567384220892353,4.268420219421387
2012-10-15,0.0014103740524240571,4.274440288543701
2012-10-16,0.011267659368968674,4.322603225708008
2012-10-17,0.009749197917829466,4.364745140075684
2012-10-18,0.02896553396753654,4.4911723136901855
2012-10-19,0.01876676656398768,4.5754570960998535
2012-10-22,0.014473662407381571,4.641680717468262
2012-10-23,-0.015564020459590822,4.569437503814697
2012-10-24,0.0,4.569437503814697
2012-10-25,-0.014492938132415256,4.503212928771973
2012-10-26,-0.017379537865729988,4.4249491691589355
2012-10-31,0.0,4.4249491691589355
2012-11-01,0.0,4.4249491691589355
2012-11-02,0.0,4.4249491691589355
2012-11-05,0.0,4.4249491691589355
2012-11-06,0.032653106088272876,4.569437503814697
2012-11-07,0.011857592844683795,4.62362003326416
2012-11-08,-0.003906178291937068,4.605559349060059
2012-11-09,0.006535965306622371,4.6356611251831055
2012-11-12,0.0,4.6356611251831055
2012-11-13,0.0,4.6356611251831055
2012-11-14,0.0,4.6356611251831055
2012-11-15,0.006493523859955941,4.665762901306152
2012-11-16,0.0,4.665762901306152
2012-11-19,0.03225804803238974,4.8162713050842285
2012-11-20,0.0,4.8162713050842285
2012-11-21,0.0,4.8162713050842285
2012-11-23,0.008750003588947841,4.8584136962890625
2012-11-26,0.0,4.8584136962890625
2012-11-27,0.016108814042669506,4.936676979064941
2012-11-28,-0.01829234957106962,4.846373558044434
2012-11-29,0.0124222936362397,4.906576633453369
2012-11-30,-0.015950981536442255,4.828311920166016
2012-12-03,0.0,4.828311920166016
2012-12-04,0.011221935778490177,4.882494926452637
2012-12-05,0.011097206126882808,4.936676979064941
2012-12-06,0.0,4.936676979064941
2012-12-07,-0.012194867517141494,4.876474857330322
2012-12-10,0.0,4.876474857330322
2012-12-11,-0.006172758020199898,4.846373558044434
2012-12-12,0.0,4.846373558044434
2012-12-13,-0.01118031024888666,4.792189598083496
2012-12-14,0.0,4.792189598083496
2012-12-17,0.006281523788675525,4.822291851043701
2012-12-18,0.017478158728909454,4.906576633453369
2012-12-19,-0.006134985422995509,4.876474857330322
2012-12-20,0.0,4.876474857330322
2012-12-21,-0.004938245529426899,4.852393627166748
2012-12-24,-0.001240639071119487,4.846373558044434
2012-12-26,0.0,4.846373558044434
2012-12-27,0.0,4.846373558044434
2012-12-28,0.0,4.846373558044434
2012-12-31,0.031055684895344937,4.996881008148193
2013-01-02,0.01204803525911613,5.057083606719971
2013-01-03,0.0,5.057083606719971
2013-01-04,0.011905079575422972,5.117288589477539
2013-01-07,0.0,5.117288589477539
2013-01-08,0.01294078159983858,5.1835103034973145
2013-01-09,0.0,5.1835103034973145
2013-01-10,-0.0011612964830213235,5.177490711212158
2013-01-11,0.005814062185571345,5.207592964172363
2013-01-14,0.008092306334317234,5.249734401702881
2013-01-15,0.0034404860315522257,5.267796039581299
2013-01-16,0.0,5.267796039581299
2013-01-17,0.0,5.267796039581299
2013-01-18,0.0,5.267796039581299
2013-01-22,0.011428694017552976,5.328000068664551
2013-01-23,0.005649732683016273,5.358101844787598
2013-01-24,0.016853621606382152,5.4484052658081055
2013-01-25,-0.005524703281092225,5.418304443359375
2013-01-28,-0.03333325119545816,5.23769474029541
2013-01-29,0.011494193226988303,5.297897815704346
2013-01-30,0.0,5.297897815704346
2013-01-31,0.0011363128040087211,5.30391788482666
2013-02-01,0.0,5.30391788482666
2013-02-04,0.004540451862345751,5.328000068664551
2013-02-05,0.022598572746215018,5.4484052658081055
2013-02-06,-0.0044195175726102764,5.424325942993164
2013-02-07,0.0,5.424325942993164
2013-02-08,0.015538208149416866,5.508610248565674
2013-02-11,0.0,5.508610248565674
2013-02-12,0.007650103316256596,5.550751686096191
2013-02-13,0.005423266673939997,5.580854892730713
2013-02-14,-0.011866385404319502,5.514630317687988
2013-02-15,-0.010917233332451315,5.454425811767578
2013-02-19,-0.006622396133846631,5.418304443359375
2013-02-20,0.0,5.418304443359375
2013-02-21,0.022222284803460557,5.5387115478515625
2013-02-22,0.0,5.5387115478515625
2013-02-25,0.0,5.5387115478515625
2013-02-26,-0.016304564926925336,5.4484052658081055
2013-02-27,0.005525053355754483,5.478507995605469
2013-02-28,-0.01098904159570191,5.418304443359375
2013-03-01,0.027777856004325585,5.568813323974609
2013-03-04,0.0,5.568813323974609
2013-03-05,0.0,5.568813323974609
2013-03-06,0.010810754806549472,5.629016399383545
2013-03-07,0.0,5.629016399383545
2013-03-08,0.02887706912966581,5.791565895080566
2013-03-11,0.0,5.791565895080566
2013-03-12,0.0031182811103169783,5.809625625610352
2013-03-13,-0.04145057137144581,5.568813323974609
2013-03-14,-0.02378374620075885,5.436366081237793
2013-03-15,0.022148278651325848,5.556772232055664
2013-03-18,0.018418150382944143,5.659117698669434
2013-03-19,0.0,5.659117698669434
2013-03-20,-0.010638244089372861,5.598914623260498
2013-03-21,0.0,5.598914623260498
2013-03-22,0.013978465777107818,5.677178859710693
2013-03-25,0.002120879996794889,5.6892194747924805
2013-03-26,0.010582292179853736,5.749424457550049
2013-03-27,0.010470816427763818,5.809625625610352
2013-03-28,0.0,5.809625625610352
2013-04-01,0.025906976454053154,5.960135459899902
2013-04-02,-0.010101037577274319,5.899931907653809
2013-04-03,0.0051021356570495335,5.930034160614014
2013-04-04,0.0,5.930034160614014
2013-04-05,0.0,5.930034160614014
2013-04-08,0.0,5.930034160614014
2013-04-09,-0.014213364341775891,5.845748424530029
2013-04-10,0.014418296848065282,5.930034160614014
2013-04-11,0.0,5.930034160614014
2013-04-12,-0.0010151024635131067,5.924014568328857
2013-04-15,0.0,5.924014568328857
2013-04-16,0.008129876470985398,5.9721760749816895
2013-04-17,-0.004032316981010364,5.948094367980957
2013-04-18,-0.00809712444819477,5.899931907653809
2013-04-19,-0.005102054836259473,5.869830131530762
2013-04-22,0.007179328291656573,5.911971569061279
2013-04-23,0.01652484214976835,6.0096659660339355
2013-04-24,0.0,6.0096659660339355
2013-04-25,0.0,6.0096659660339355
2013-04-26,0.005076177978214025,6.040172100067139
2013-04-29,0.003030276954761435,6.058475494384766
2013-04-30,-0.00302112211802974,6.040172100067139
2013-05-01,0.0,6.040172100067139
2013-05-02,0.020202004253676797,6.162195682525635
2013-05-03,0.019801810112944684,6.2842183113098145
2013-05-06,0.009708959606147927,6.345231533050537
2013-05-07,-0.01057705711654433,6.278117656707764
2013-05-08,0.0009717330791869649,6.2842183113098145
2013-05-09,0.0,6.2842183113098145
2013-05-10,-0.000970789730692756,6.278117656707764
2013-05-13,0.010690127202548805,6.345231533050537
2013-05-14,-0.019230828482785123,6.223207473754883
2013-05-15,-0.04901964690554261,5.918148040771484
2013-05-16,-0.030927893196305067,5.735112190246582
2013-05-17,0.00531910382641243,5.765617847442627
2013-05-20,0.01798951434563656,5.869338512420654
2013-05-21,0.0291061057877251,6.040172100067139
2013-05-22,0.0,6.040172100067139
2013-05-23,0.0,6.040172100067139
2013-05-24,-0.008081054323230696,5.991361141204834
2013-05-28,0.0020369612078827704,6.003565311431885
2013-05-29,-0.010162672495663161,5.9425530433654785
2013-05-30,-0.016427124165201423,5.844933986663818
2013-05-31,-0.031315134998651906,5.661899089813232
2013-06-03,0.0,5.661899089813232
2013-06-04,-0.014008751827438104,5.582582950592041
2013-06-05,0.051366108549842915,5.869338512420654
2013-06-06,0.00831601861905562,5.918148040771484
2013-06-07,0.0,5.918148040771484
2013-06-10,-0.0010309996022964674,5.912046432495117
2013-06-11,-0.024767834069715056,5.765617847442627
2013-06-12,-0.03703697271204098,5.552076816558838
2013-06-13,0.05384603955374767,5.851034164428711
2013-06-14,0.02189795239121306,5.979159832000732
2013-06-17,0.010204154058546022,6.040172100067139
2013-06-18,0.0,6.040172100067139
2013-06-19,0.004040211384415349,6.064575672149658
2013-06-20,-0.024144744709941213,5.918148040771484
2013-06-21,-0.005154836867437118,5.887640953063965
2013-06-24,-0.015543992773144,5.796123504638672
2013-06-25,-0.0021051632235742357,5.783921718597412
2013-06-26,-0.018987345424638535,5.674100399017334
2013-06-27,-0.021505361886023144,5.552076816558838
2013-06-28,0.027472551539053924,5.704606533050537
2013-07-01,0.026737990711189985,5.857136249542236
2013-07-02,0.005208125988892975,5.887640953063965
2013-07-03,-0.005181141948857104,5.857136249542236
2013-07-05,0.0,5.857136249542236
2013-07-08,0.010416659034355957,5.918148040771484
2013-07-09,-0.005154836867437118,5.887640953063965
2013-07-10,0.0,5.887640953063965
2013-07-11,-0.010362364887224529,5.82663106918335
2013-07-12,0.0,5.82663106918335
2013-07-15,-0.011518470201028141,5.759517192840576
2013-07-16,-0.02648323896933935,5.6069865226745605
2013-07-17,0.0,5.6069865226745605
2013-07-18,0.0,5.6069865226745605
2013-07-19,0.006529121451575026,5.643595218658447
2013-07-22,-0.016216329937525975,5.552076816558838
2013-07-23,-0.010989003438728218,5.49106502532959
2013-07-24,-0.01222229188618773,5.423951625823975
2013-07-25,-0.00449931168329154,5.399547576904297
2013-07-26,-0.011299426546441782,5.338535785675049
2013-07-29,0.0,5.338535785675049
2013-07-30,-0.009142778745558244,5.289726734161377
2013-07-31,-0.00692062576887198,5.253118515014648
2013-08-01,0.05110329986017459,5.521570205688477
2013-08-02,-0.01767949627153753,5.423951625823975
2013-08-05,0.0067492752212754414,5.460559368133545
2013-08-06,0.005586544370173474,5.49106502532959
2013-08-07,-0.0011112753328138547,5.4849629402160645
2013-08-08,0.0,5.4849629402160645
2013-08-09,-0.01001086604906054,5.4300537109375
2013-08-12,0.010112096896567335,5.4849629402160645
2013-08-13,0.002225023279112559,5.497167110443115
2013-08-14,0.0044392129173227435,5.521570205688477
2013-08-15,0.005524988315630308,5.552076816558838
2013-08-16,0.0,5.552076816558838
2013-08-19,0.0,5.552076816558838
2013-08-20,0.0021977835108522026,5.564279079437256
2013-08-21,0.002193049547186021,5.576481819152832
2013-08-22,0.006564495289758776,5.613088607788086
2013-08-23,-0.0032608418638236936,5.594785213470459
2013-08-26,0.00545251623290155,5.625290870666504
2013-08-27,0.0010845895046998066,5.631392002105713
2013-08-28,0.009750814677704334,5.686302661895752
2013-08-29,0.02360528571767584,5.820529460906982
2013-08-30,0.0,5.820529460906982
2013-09-03,0.022012553111919075,5.9486541748046875
2013-09-04,-0.005128241302446268,5.918148040771484
2013-09-05,0.005154675723391788,5.9486541748046875
2013-09-06,0.0,5.9486541748046875
2013-09-09,0.005128161143616472,5.979159832000732
2013-09-10,0.0,5.979159832000732
2013-09-11,-0.010204074308686306,5.918148040771484
2013-09-12,-0.04123716407106581,5.674100399017334
2013-09-13,-0.010752680943011628,5.613088607788086
2013-09-16,0.0130434524062355,5.686302661895752
2013-09-17,-0.03433472471918542,5.49106502532959
2013-09-18,-0.02444441009489906,5.356839179992676
2013-09-19,0.03644642484235061,5.552076816558838
2013-09-20,-0.01538448457596564,5.466660976409912
2013-09-23,0.015624865071662164,5.552076816558838
2013-09-24,-0.0010988058709591186,5.545976161956787
2013-09-25,-0.004400660146310353,5.521570205688477
2013-09-26,-0.022099262390699814,5.399547576904297
2013-09-27,0.016949095664374525,5.49106502532959
2013-09-30,-0.011111016553373987,5.4300537109375
2013-10-01,0.0,5.4300537109375
2013-10-02,-0.022471892352134537,5.308030128479004
2013-10-03,-0.0011495052078982493,5.301928520202637
2013-10-04,-0.002301386371914571,5.289726734161377
2013-10-07,0.0,5.289726734161377
2013-10-08,0.0,5.289726734161377
2013-10-09,-0.00807401832501442,5.2470173835754395
2013-10-10,-0.002325379984883358,5.234816074371338
2013-10-11,0.0,5.234816074371338
2013-10-14,-0.01515165730645407,5.1554999351501465
2013-10-15,0.0059173868860946666,5.186007022857666
2013-10-16,0.0,5.186007022857666
2013-10-17,0.0,5.186007022857666
2013-10-18,0.0,5.186007022857666
2013-10-21,0.0011763683649408385,5.192107677459717
2013-10-22,0.0,5.192107677459717
2013-10-23,0.0,5.192107677459717
2013-10-24,-0.0023503396521824538,5.179904460906982
2013-10-25,0.0,5.179904460906982
2013-10-28,0.0011781224917832844,5.186007022857666
2013-10-29,0.011764419224437273,5.2470173835754395
2013-10-30,0.005814086106490812,5.277523994445801
2013-10-31,0.0,5.277523994445801
2013-11-01,0.0,5.277523994445801
2013-11-04,0.005780387557746458,5.308030128479004
2013-11-05,0.0,5.308030128479004
2013-11-06,0.0,5.308030128479004
2013-11-07,-0.005747166706822071,5.277523994445801
2013-11-08,-0.011560684763055273,5.216512203216553
2013-11-11,-0.005847811558856719,5.186007022857666
2013-11-12,0.005882209612218636,5.216512203216553
2013-11-13,-0.005847811558856719,5.186007022857666
2013-11-14,0.0,5.186007022857666
2013-11-15,0.0,5.186007022857666
2013-11-18,-0.011765062852587493,5.124993324279785
2013-11-19,-0.016666434062871827,5.039577960968018
2013-11-20,0.0012106433289578167,5.045679092407227
2013-11-21,0.009673530055504198,5.094488620758057
2013-11-22,0.005987785191517325,5.124993324279785
2013-11-25,0.0,5.124993324279785
2013-11-26,0.02380960355939621,5.2470173835754395
2013-11-27,0.005814086106490812,5.277523994445801
2013-11-29,0.0,5.277523994445801
2013-12-02,0.005780387557746458,5.308030128479004
2013-12-03,0.0011495052078982493,5.314131736755371
2013-12-04,0.0,5.314131736755371
2013-12-05,0.0,5.314131736755371
2013-12-06,0.0,5.314131736755371
2013-12-09,0.004592292801265385,5.338535785675049
2013-12-10,0.015999862804726872,5.423951625823975
2013-12-11,0.0067492752212754414,5.460559368133545
2013-12-12,0.0,5.460559368133545
2013-12-13,-0.005586544370173585,5.4300537109375
2013-12-16,-0.003370845322932303,5.411749839782715
2013-12-17,0.020292949444642217,5.521570205688477
2013-12-18,-0.0044195934012069005,5.497167110443115
2013-12-19,0.009988727832451971,5.552076816558838
2013-12-20,-0.00988993991436804,5.497167110443115
2013-12-23,0.009988727832451971,5.552076816558838
2013-12-24,0.0,5.552076816558838
2013-12-26,0.0,5.552076816558838
2013-12-27,0.0,5.552076816558838
2013-12-30,0.0,5.552076816558838
2013-12-31,0.0,5.552076816558838
2014-01-02,0.006593436417023701,5.58868408203125
2014-01-03,0.0043667749686016055,5.613088607788086
2014-01-06,0.021739115660705854,5.735112190246582
2014-01-07,-0.00531910382641243,5.704606533050537
2014-01-08,-0.0032086123817197665,5.686302661895752
2014-01-09,-0.004291641429157389,5.661899089813232
2014-01-10,0.012930838093718977,5.735112190246582
2014-01-13,-0.010638290796299965,5.674100399017334
2014-01-14,0.0,5.674100399017334
2014-01-15,0.0,5.674100399017334
2014-01-16,0.0,5.674100399017334
2014-01-17,0.010752680943011628,5.735112190246582
2014-01-21,-0.012765766039914528,5.661899089813232
2014-01-22,-0.0032328147966672605,5.643595218658447
2014-01-23,-0.002162312511781339,5.631392002105713
2014-01-24,-0.004333827128714662,5.6069865226745605
2014-01-27,-0.020674474047010172,5.49106502532959
2014-01-28,-0.016666611668799125,5.399547576904297
2014-01-29,-0.02824869883196901,5.2470173835754395
2014-01-30,0.005814086106490812,5.277523994445801
2014-01-31,0.0,5.277523994445801
2014-02-03,-0.0034682686756229986,5.259220123291016
2014-02-04,0.005800595935366859,5.289726734161377
2014-02-05,-0.002306875256290697,5.277523994445801
2014-02-06,0.0,5.277523994445801
2014-02-07,0.0,5.277523994445801
2014-02-10,-0.008092416087432275,5.234816074371338
2014-02-11,-0.009323928638607093,5.186007022857666
2014-02-12,0.0,5.186007022857666
2014-02-13,0.0,5.186007022857666
2014-02-14,0.0011763683649408385,5.192107677459717
2014-02-18,0.005875298097402171,5.2226128578186035
2014-02-19,0.0035047344409959713,5.240916728973389
2014-02-20,0.0011640434140700595,5.2470173835754395
2014-02-21,0.0,5.2470173835754395
2014-02-24,-0.011627626946453806,5.186007022857666
2014-02-25,0.007058577977159475,5.2226128578186035
2014-02-26,0.0,5.2226128578186035
2014-02-27,0.004672857518110085,5.2470173835754395
2014-02-28,0.008139738724638024,5.289726734161377
2014-03-03,-0.00807401832501442,5.2470173835754395
2014-03-04,-0.005813813473226959,5.216512203216553
2014-03-05,-0.004678322374437771,5.192107677459717
2014-03-06,-0.012926225215107223,5.124993324279785
2014-03-07,-0.00595214502567476,5.094488620758057
2014-03-10,0.011975944777556702,5.1554999351501465
2014-03-11,0.0059173868860946666,5.186007022857666
2014-03-12,0.0,5.186007022857666
2014-03-13,-0.035294452982733704,5.002969741821289
2014-03-14,-0.01829243418883053,4.9114532470703125
2014-03-17,0.009937705241443107,4.960261821746826
2014-03-18,0.0,4.960261821746826
2014-03-19,0.0,4.960261821746826
2014-03-20,0.0,4.960261821746826
2014-03-21,-0.01598992850031189,4.880947589874268
2014-03-24,0.0,4.880947589874268
2014-03-25,-0.022500195142891033,4.771125316619873
2014-03-26,-0.04092076825633195,4.575887203216553
2014-03-27,0.02666696261310708,4.697912216186523
2014-03-28,0.038961003370199476,4.880947589874268
2014-03-31,0.0,4.880947589874268
2014-04-01,0.012499793622349209,4.941958427429199
2014-04-02,-0.01234547769894323,4.880947589874268
2014-04-03,-0.0012502822122785195,4.874845027923584
2014-04-04,0.010012724865212208,4.9236555099487305
2014-04-07,0.003717343230753123,4.941958427429199
2014-04-08,-0.006172690605727227,4.9114532470703125
2014-04-09,0.00372648169953127,4.929755687713623
2014-04-10,0.014851456896765924,5.002969741821289
2014-04-11,0.0,5.002969741821289
2014-04-14,0.012195305598900807,5.0639824867248535
2014-04-15,-0.014457707439240908,4.990768909454346
2014-04-16,-0.0024451576047965773,4.978565692901611
2014-04-17,0.0,4.978565692901611
2014-04-21,0.011029317747312417,5.033475875854492
2014-04-22,0.018181759619490867,5.124993324279785
2014-04-23,0.01573453021941984,5.20563268661499
2014-04-24,0.011904915662293014,5.267605304718018
2014-04-25,0.0,5.267605304718018
2014-04-28,-0.005882337499091395,5.236619472503662
2014-04-29,-0.0035502682711243683,5.2180280685424805
2014-04-30,0.009501144019216756,5.267605304718018
2014-05-01,0.0,5.267605304718018
2014-05-02,0.029411778018024748,5.422534942626953
2014-05-05,0.010285634389388454,5.478309154510498
2014-05-06,-0.0022624550575005564,5.465914726257324
2014-05-07,0.0,5.465914726257324
2014-05-08,-0.00793641792872879,5.422534942626953
2014-05-09,0.0,5.422534942626953
2014-05-12,-0.011428629215222141,5.360562801361084
2014-05-13,-0.005780420862459779,5.32957649230957
2014-05-14,-0.004651097456797593,5.304788112640381
2014-05-15,-0.0070092918195475695,5.267605304718018
2014-05-16,-0.0011765218133589217,5.261407852172852
2014-05-19,0.0011779076474003336,5.267605304718018
2014-05-20,0.0,5.267605304718018
2014-05-21,0.0,5.267605304718018
2014-05-22,0.0058823374990912836,5.298591136932373
2014-05-23,0.004678386360774889,5.323379993438721
2014-05-27,0.0,5.323379993438721
2014-05-28,-0.001164195032630544,5.317182540893555
2014-05-29,-0.012820354158483482,5.249014377593994
2014-05-30,0.0035417939038957513,5.267605304718018
2014-06-02,-0.011764856043318339,5.20563268661499
2014-06-03,0.010714387455971197,5.261407852172852
2014-06-04,-0.0011779076474002226,5.2552103996276855
2014-06-05,-0.009434011056190572,5.20563268661499
2014-06-06,0.00476202122505609,5.230422019958496
2014-06-09,-0.002369589178219722,5.2180280685424805
2014-06-10,0.004750526318290538,5.24281644821167
2014-06-11,0.0,5.24281644821167
2014-06-12,0.0,5.24281644821167
2014-06-13,-0.0011819936420092159,5.236619472503662
2014-06-16,-0.002366875866817164,5.224225044250488
2014-06-17,-0.0035588738000403852,5.20563268661499
2014-06-18,-0.005952366230915218,5.174646854400635
2014-06-19,-0.005987916905063173,5.1436614990234375
2014-06-20,0.0,5.1436614990234375
2014-06-23,-0.009638603361070364,5.094083786010742
2014-06-24,0.007299120439933526,5.131266117095947
2014-06-25,-0.003623161133514463,5.112674713134766
2014-06-26,0.0,5.112674713134766
2014-06-27,-0.002424255198816394,5.100280284881592
2014-06-30,-0.0012149330085284848,5.094083786010742
2014-07-01,0.0,5.094083786010742
2014-07-02,0.0,5.094083786010742
2014-07-03,0.003649513416932315,5.112674713134766
2014-07-07,0.009697207326654578,5.162253379821777
2014-07-08,0.010804329934426482,5.2180280685424805
2014-07-09,0.015439370454056522,5.298591136932373
2014-07-10,0.00935677272155,5.348168849945068
2014-07-11,0.0023174196185191676,5.360562801361084
2014-07-14,-0.002312061601604354,5.348168849945068
2014-07-15,-0.006952615491386704,5.310985088348389
2014-07-16,-0.0023336445517812,5.298591136932373
2014-07-17,0.0,5.298591136932373
2014-07-18,0.0,5.298591136932373
2014-07-21,0.0,5.298591136932373
2014-07-22,0.0,5.298591136932373
2014-07-23,-0.005847937954369997,5.267605304718018
2014-07-24,0.0,5.267605304718018
2014-07-25,-0.0011765218133589217,5.261407852172852
2014-07-28,0.0,5.261407852172852
2014-07-29,0.0,5.261407852172852
2014-07-30,0.0,5.261407852172852
2014-07-31,-0.016490072659238186,5.174646854400635
2014-08-01,-0.008383323253797648,5.131266117095947
2014-08-04,-0.00966170107085329,5.081689357757568
2014-08-05,0.0,5.081689357757568
2014-08-06,-0.006097451692889444,5.050704002380371
2014-08-07,-0.012269906214956161,4.98873233795166
2014-08-08,-0.02484494075298238,4.864787578582764
2014-08-11,-0.019108135412767346,4.7718305587768555
2014-08-12,0.01948036894037064,4.864787578582764
2014-08-13,0.0,4.864787578582764
2014-08-14,0.006369705197869502,4.895774841308594
2014-08-15,-0.0075949744350544135,4.858591556549072
2014-08-18,-0.0012755656599312548,4.852394104003906
2014-08-19,0.0,4.852394104003906
2014-08-20,0.0025540948062381386,4.864787578582764
2014-08-21,0.0,4.864787578582764
2014-08-22,0.001274039057657994,4.870985507965088
2014-08-25,-0.00127241794749533,4.864787578582764
2014-08-26,0.0,4.864787578582764
2014-08-27,0.0,4.864787578582764
2014-08-28,-0.01783429239127765,4.778027534484863
2014-08-29,0.014267308699882797,4.846197128295898
2014-09-02,-0.002557655985135354,4.833802223205566
2014-09-03,0.006410141322796825,4.864787578582764
2014-09-04,-0.006369313125533016,4.833802223205566
2014-09-05,0.01282067723116942,4.895774841308594
2014-09-08,0.0,4.895774841308594
2014-09-09,0.0,4.895774841308594
2014-09-10,-0.00886085220640831,4.852394104003906
2014-09-11,0.0012771948057666016,4.858591556549072
2014-09-12,-0.005102164496641248,4.833802223205566
2014-09-15,0.006410141322796825,4.864787578582764
2014-09-16,0.006369705197869502,4.895774841308594
2014-09-17,0.006328901868321468,4.926759719848633
2014-09-18,0.006289292349598741,4.957745552062988
2014-09-19,0.0037500675666186645,4.976337432861328
2014-09-22,0.0024907686139774565,4.98873233795166
2014-09-23,0.006211163501122607,5.019718170166016
2014-09-24,-0.0012347166060359127,5.013520240783691
2014-09-25,0.0,5.013520240783691
2014-09-26,-0.004944211181274971,4.98873233795166
2014-09-29,-0.0037268701497686907,4.970139980316162
2014-09-30,-0.0024937785056882156,4.957745552062988
2014-10-01,-0.002499916804092228,4.945351600646973
2014-10-02,-0.03634089321207645,4.7656331062316895
2014-10-03,0.007802280849892096,4.802815914154053
2014-10-06,0.0,4.802815914154053
2014-10-07,-0.002580658612512554,4.790421485900879
2014-10-08,0.0,4.790421485900879
2014-10-09,-0.009055425899555325,4.747042179107666
2014-10-10,0.0,4.747042179107666
2014-10-13,0.0026109791709294505,4.75943660736084
2014-10-14,0.0,4.75943660736084
2014-10-15,-0.003906419849514009,4.740844249725342
2014-10-16,0.003921739811759251,4.75943660736084
2014-10-17,0.0013019395743745221,4.7656331062316895
2014-10-20,0.0013004468466240038,4.7718305587768555
2014-10-21,0.0,4.7718305587768555
2014-10-22,-0.0012987578810330636,4.7656331062316895
2014-10-23,0.0013004468466240038,4.7718305587768555
2014-10-24,0.016883152960842196,4.852394104003906
2014-10-27,0.0025540948062381386,4.864787578582764
2014-10-28,0.019108331448935756,4.957745552062988
2014-10-29,-0.012499776380941463,4.895774841308594
2014-10-30,0.0,4.895774841308594
2014-10-31,-0.018987582184170515,4.802815914154053
2014-11-03,-0.006451497607035561,4.7718305587768555
2014-11-04,-0.0012987578810330636,4.7656331062316895
2014-11-05,0.0,4.7656331062316895
2014-11-06,-0.011703521332301126,4.709858417510986
2014-11-07,0.00657893071671789,4.740844249725342
2014-11-10,-0.013071661394061795,4.678873538970947
2014-11-11,0.013244792841317965,4.740844249725342
2014-11-12,-0.006535931277672824,4.709858417510986
2014-11-13,0.0,4.709858417510986
2014-11-14,0.0,4.709858417510986
2014-11-17,0.0,4.709858417510986
2014-11-18,0.0,4.709858417510986
2014-11-19,0.0,4.709858417510986
2014-11-20,0.0026316937775132665,4.722253322601318
2014-11-21,0.003936876286378954,4.740844249725342
2014-11-24,-0.0052285840931111105,4.7160563468933105
2014-11-25,0.018396635001592943,4.802815914154053
2014-11-26,-0.02580618899380327,4.678873538970947
2014-11-28,-0.014569761306946205,4.610703468322754
2014-12-01,-0.005376165047770498,4.585915565490723
2014-12-02,0.0,4.585915565490723
2014-12-03,0.0,4.585915565490723
2014-12-04,0.0,4.585915565490723
2014-12-05,-0.01621650510815753,4.511548042297363
2014-12-08,0.0,4.511548042297363
2014-12-09,0.004121165129649995,4.5301408767700195
2014-12-10,0.0,4.5301408767700195
2014-12-11,-0.015048007482637016,4.461971282958984
2014-12-12,0.0,4.461971282958984
2014-12-15,-0.019444330453055936,4.375211238861084
2014-12-16,0.00849840820368808,4.412393569946289
2014-12-17,-0.015449356240800793,4.34422492980957
2014-12-18,0.01997146150046647,4.430985450744629
2014-12-19,0.0013984471264305576,4.4371819496154785
2014-12-22,-0.016759649860914716,4.362816333770752
2014-12-23,0.02982953474232275,4.49295711517334
2014-12-24,0.0,4.49295711517334
2014-12-26,0.01379306831561422,4.554928779602051
2014-12-29,-0.034013519984238516,4.399999618530273
2014-12-30,0.0014084036921071519,4.406196594238281
2014-12-31,0.0,4.406196594238281
2015-01-02,0.0,4.406196594238281
2015-01-05,0.008438861944594978,4.443379878997803
2015-01-06,0.0,4.443379878997803
2015-01-07,0.0,4.443379878997803
2015-01-08,0.0,4.443379878997803
2015-01-09,-0.020920555075563563,4.350421905517578
2015-01-12,0.005698144658582649,4.375211238861084
2015-01-13,-0.00849884414804103,4.338027000427246
2015-01-14,-0.03571419934834863,4.183097839355469
2015-01-15,-0.002963092322086802,4.170702934265137
2015-01-16,0.0,4.170702934265137
2015-01-20,0.008915466333310418,4.207886695861816
2015-01-21,-0.013254911452989626,4.152111530303955
2015-01-22,-0.004477463331208353,4.133520603179932
2015-01-23,-0.0029984007837001725,4.121126651763916
2015-01-26,0.0,4.121126651763916
2015-01-27,-0.007518892688787138,4.090140342712402
2015-01-28,0.0075758547275091015,4.121126651763916
2015-01-29,0.03007499222748078,4.24506950378418
2015-01-30,0.014598504070067131,4.307041168212891
2015-02-02,-0.007194116370625281,4.276055812835693
2015-02-03,0.015942055005280675,4.34422492980957
2015-02-04,0.00285319137259199,4.356619834899902
2015-02-05,0.019914531766780597,4.443379878997803
2015-02-06,-0.016736379672011692,4.369013786315918
2015-02-09,0.0,4.369013786315918
2015-02-10,0.007092180004422355,4.399999618530273
2015-02-11,-0.007042235204717029,4.369013786315918
2015-02-12,0.01418436000884471,4.430985450744629
2015-02-13,0.006992988931874722,4.461971282958984
2015-02-17,-0.027777920267013423,4.338027000427246
2015-02-18,-0.04999976916740445,4.121126651763916
2015-02-19,-0.037594174180101914,3.966196298599243
2015-02-20,-0.0156249013776798,3.9042248725891113
2015-02-23,-0.046031615755873445,3.7245070934295654
2015-02-24,0.0,3.7245070934295654
2015-02-25,-0.009983602952684745,3.6873230934143066
2015-02-26,-0.008403082061178568,3.6563382148742676
2015-02-27,-0.008474813889649324,3.6253514289855957
2015-03-02,0.0,3.6253514289855957
2015-03-03,-0.025641093091555822,3.532393455505371
2015-03-04,-0.008771638530738368,3.501408576965332
2015-03-05,0.008849261049932444,3.532393455505371
2015-03-06,-0.007017648299141754,3.5076043605804443
2015-03-09,-0.045936302568543086,3.34647798538208
2015-03-10,0.0,3.34647798538208
2015-03-11,-0.018518331171533786,3.2845067977905273
2015-03-12,-0.007547135571296049,3.259718179702759
2015-03-13,0.019011429648480016,3.321690082550049
2015-03-16,-0.001865752791846309,3.315492630004883
2015-03-17,0.02803731059505621,3.408450126647949
2015-03-18,0.009091026096951449,3.439436435699463
2015-03-19,0.0,3.439436435699463
2015-03-20,0.019819504199419358,3.5076043605804443
2015-03-23,0.0017669978552821153,3.5138022899627686
2015-03-24,0.005290896871377404,3.532393455505371
2015-03-25,0.00350885789702593,3.544788122177124
2015-03-26,0.0034965216046711767,3.557182550430298
2015-03-27,0.008710712300111778,3.588168144226074
2015-03-30,0.003454448902807661,3.6005632877349854
2015-03-31,0.0327022034442519,3.7183096408843994
2015-04-01,0.03333330982261096,3.8422532081604004
2015-04-02,0.0,3.8422532081604004
2015-04-06,0.008064557163261599,3.873239278793335
2015-04-07,-0.003200016152122509,3.860844850540161
2015-04-08,-0.02086687933972753,3.7802810668945312
2015-04-09,0.0,3.7802810668945312
2015-04-10,0.0,3.7802810668945312
2015-04-13,-0.016393338197215224,3.7183096408843994
2015-04-14,0.00833324730546292,3.749295234680176
2015-04-15,0.00826444178835084,3.7802810668945312
2015-04-16,0.0,3.7802810668945312
2015-04-17,-0.016393338197215224,3.7183096408843994
2015-04-20,0.016666558731077474,3.7802810668945312
2015-04-21,-0.016393338197215224,3.7183096408843994
2015-04-22,0.0,3.7183096408843994
2015-04-23,-0.008333503786070562,3.6873230934143066
2015-04-24,0.008403534674093383,3.7183096408843994
2015-04-27,0.00833324730546292,3.749295234680176
2015-04-28,0.004958830407631343,3.7678873538970947
2015-04-29,-0.0049343617445699595,3.749295234680176
2015-04-30,0.0,3.749295234680176
2015-05-01,0.0,3.749295234680176
2015-05-04,-0.006611413532155441,3.7245070934295654
2015-05-05,-0.008319701133966406,3.6935203075408936
2015-05-06,0.0,3.6935203075408936
2015-05-07,-0.005033583365388061,3.674928665161133
2015-05-08,-0.013490666266677942,3.6253514289855957
2015-05-11,-0.001709344826121284,3.619154453277588
2015-05-12,-0.006849284386113874,3.5943658351898193
2015-05-13,0.0,3.5943658351898193
2015-05-14,0.0,3.5943658351898193
2015-05-15,-0.008620667354167333,3.563380002975464
2015-05-18,-0.008695830207336441,3.532393455505371
2015-05-19,0.00350885789702593,3.544788122177124
2015-05-20,0.0,3.544788122177124
2015-05-21,-0.0034965888635793974,3.532393455505371
2015-05-22,0.0,3.532393455505371
2015-05-26,0.017544019505489006,3.5943658351898193
2015-05-27,0.0,3.5943658351898193
2015-05-28,-0.025861935731307684,3.501408576965332
2015-05-29,0.010619385628680256,3.5385913848876953
2015-06-01,-0.001751524465015586,3.532393455505371
2015-06-02,-0.01754374952584825,3.4704220294952393
2015-06-03,0.0,3.4704220294952393
2015-06-04,0.021428544439219488,3.544788122177124
2015-06-05,-0.001748126284519036,3.5385913848876953
2015-06-08,0.0,3.5385913848876953
2015-06-09,0.0,3.5385913848876953
2015-06-10,0.003502509916501362,3.550985336303711
2015-06-11,0.0017452097205892247,3.557182550430298
2015-06-12,0.019163727919179196,3.6253514289855957
2015-06-15,0.0,3.6253514289855957
2015-06-16,-0.03589735934108418,3.495210886001587
2015-06-17,0.019503577665913152,3.563380002975464
2015-06-18,0.026087089174093858,3.6563382148742676
2015-06-19,0.0101692158880069,3.6935203075408936
2015-06-22,0.015100750096164184,3.749295234680176
2015-06-23,0.00826444178835084,3.7802810668945312
2015-06-24,0.0,3.7802810668945312
2015-06-25,0.004918058221272226,3.798872709274292
2015-06-26,-0.004893989296975487,3.7802810668945312
2015-06-29,0.0,3.7802810668945312
2015-06-30,-0.016393338197215224,3.7183096408843994
2015-07-01,0.006666636316461361,3.743098258972168
2015-07-02,-0.008278060486791694,3.7121126651763916
2015-07-06,0.0,3.7121126651763916
2015-07-07,0.0,3.7121126651763916
2015-07-08,-0.0033389148905546007,3.6997182369232178
2015-07-09,0.0,3.6997182369232178
2015-07-10,-0.02010066799018384,3.6253514289855957
2015-07-13,0.008547250244741678,3.6563382148742676
2015-07-14,-0.005085031789028971,3.6377456188201904
2015-07-15,0.0,3.6377456188201904
2015-07-16,-0.011924908494409858,3.5943658351898193
2015-07-17,-0.008620667354167333,3.563380002975464
2015-07-20,-0.017391192058771487,3.501408576965332
2015-07-21,-0.019469259508325343,3.4332387447357178
2015-07-22,-0.007220184767452453,3.408450126647949
2015-07-23,-0.009091026096951338,3.3774638175964355
2015-07-24,0.0,3.3774638175964355
2015-07-27,0.0,3.3774638175964355
2015-07-28,0.0,3.3774638175964355
2015-07-29,0.0,3.3774638175964355
2015-07-30,-0.020183169550427094,3.309295892715454
2015-07-31,-0.007490745986024838,3.2845067977905273
2015-08-03,0.0,3.2845067977905273
2015-08-04,0.0,3.2845067977905273
2015-08-05,0.0,3.2845067977905273
2015-08-06,-0.018868020400371055,3.222534656524658
2015-08-07,0.019230868825691028,3.2845067977905273
2015-08-10,0.0,3.2845067977905273
2015-08-11,-0.018868020400371055,3.222534656524658
2015-08-12,-0.019230868825691028,3.160562515258789
2015-08-13,-0.013725185495867653,3.117183208465576
2015-08-14,-0.07554678932455405,2.88169002532959
2015-08-17,-0.05376362946197655,2.726759910583496
2015-08-18,-0.011363521106317664,2.6957743167877197
2015-08-19,-0.011494311834626236,2.664788246154785
2015-08-20,-0.018604568767171537,2.615211009979248
2015-08-21,0.0,2.615211009979248
2015-08-24,-0.07582940635372992,2.416901111602783
2015-08-25,0.01282067723116942,2.447887420654297
2015-08-26,0.06835428292704204,2.615211009979248
2015-08-27,0.01658767124411642,2.6585912704467773
2015-08-28,0.0,2.6585912704467773
2015-08-31,0.08391615415382025,2.88169002532959
2015-09-01,-0.03225814458291454,2.7887320518493652
2015-09-02,0.0,2.7887320518493652
2015-09-03,0.022222250720069336,2.8507039546966553
2015-09-04,-0.010869537036038102,2.8197181224823
2015-09-08,0.0,2.8197181224823
2015-09-09,0.046153826641373685,2.9498589038848877
2015-09-10,0.03991584633955414,3.0676050186157227
2015-09-11,0.020202125400692772,3.129577159881592
2015-09-14,0.0,3.129577159881592
2015-09-15,0.0019802081271647065,3.1357743740081787
2015-09-16,0.0,3.1357743740081787
2015-09-17,0.017786499808285727,3.1915488243103027
2015-09-18,0.009708713204803265,3.222534656524658
2015-09-21,-0.009615360428046449,3.1915488243103027
2015-09-22,-0.01165032138019051,3.1543662548065186
2015-09-23,0.0019643440081915653,3.160562515258789
2015-09-24,0.0,3.160562515258789
2015-09-25,0.0,3.160562515258789
2015-09-28,0.0,3.160562515258789
2015-09-29,-0.0039216647707214225,3.148167848587036
2015-09-30,0.0,3.148167848587036
2015-10-01,0.013779753116637927,3.1915488243103027
2015-10-02,0.0,3.1915488243103027
2015-10-05,0.033009878886858024,3.2969014644622803
2015-10-06,0.0,3.2969014644622803
2015-10-07,0.01503730743978604,3.34647798538208
2015-10-08,0.0,3.34647798538208
2015-10-09,0.0,3.34647798538208
2015-10-12,0.0,3.34647798538208
2015-10-13,-0.009259094341138918,3.315492630004883
2015-10-14,0.0,3.315492630004883
2015-10-15,0.0,3.315492630004883
2015-10-16,-0.013084107041874349,3.2721123695373535
2015-10-19,0.0,3.2721123695373535
2015-10-20,-0.0018939490539143788,3.2659151554107666
2015-10-21,0.0,3.2659151554107666
2015-10-22,0.015180270225936265,3.315492630004883
2015-10-23,0.02803731059505621,3.408450126647949
2015-10-26,0.0,3.408450126647949
2015-10-27,0.0,3.408450126647949
2015-10-28,0.0,3.408450126647949
2015-10-29,0.027272938392325363,3.501408576965332
2015-10-30,-0.012389578299618176,3.4580276012420654
2015-11-02,0.0,3.4580276012420654
2015-11-03,-0.014336922752238523,3.408450126647949
2015-11-04,0.0,3.408450126647949
2015-11-05,0.0,3.408450126647949
2015-11-06,0.036363544793690306,3.532393455505371
2015-11-09,0.008772110995109772,3.563380002975464
2015-11-10,0.0,3.563380002975464
2015-11-11,0.008695629483378653,3.5943658351898193
2015-11-12,0.0,3.5943658351898193
2015-11-13,0.0,3.5943658351898193
2015-11-16,0.0,3.5943658351898193
2015-11-17,0.0,3.5943658351898193
2015-11-18,0.0,3.5943658351898193
2015-11-19,-0.017241533701918055,3.532393455505371
2015-11-20,0.0,3.532393455505371
2015-11-23,0.017544019505489006,3.5943658351898193
2015-11-24,0.0,3.5943658351898193
2015-11-25,-0.008620667354167333,3.563380002975464
2015-11-27,-0.017391192058771487,3.501408576965332
2015-11-30,0.010619385628680256,3.5385913848876953
2015-12-01,0.0,3.5385913848876953
2015-12-02,0.007005221963076513,3.563380002975464
2015-12-03,-0.017391192058771487,3.501408576965332
2015-12-04,0.008849261049932444,3.532393455505371
2015-12-07,0.0,3.532393455505371
2015-12-08,0.0,3.532393455505371
2015-12-09,0.035088039010978234,3.6563382148742676
2015-12-10,0.0,3.6563382148742676
2015-12-11,0.008474292234233127,3.6873230934143066
2015-12-14,0.0,3.6873230934143066
2015-12-15,0.0,3.6873230934143066
2015-12-16,0.0,3.6873230934143066
2015-12-17,-0.016806681394259892,3.6253514289855957
2015-12-18,0.02051299284892516,3.6997182369232178
2015-12-21,-0.015075517103228186,3.6439430713653564
2015-12-22,-0.013605381644165138,3.5943658351898193
2015-12-23,0.0,3.5943658351898193
2015-12-24,0.0,3.5943658351898193
2015-12-28,-0.003448094480561381,3.581972122192383
2015-12-29,0.0,3.581972122192383
2015-12-30,0.0,3.581972122192383
2015-12-31,0.0,3.581972122192383
2016-01-04,-0.013841164865534106,3.532393455505371
2016-01-05,0.0,3.532393455505371
2016-01-06,-0.008771638530738368,3.501408576965332
2016-01-07,-0.017699203021767973,3.439436435699463
2016-01-08,-0.009009123916317474,3.408450126647949
2016-01-11,-0.009091026096951338,3.3774638175964355
2016-01-12,0.009174431089409962,3.408450126647949
2016-01-13,0.0,3.408450126647949
2016-01-14,0.0,3.408450126647949
2016-01-15,0.0,3.408450126647949
2016-01-19,-0.02727265859526773,3.315492630004883
2016-01-20,-0.018691540396704065,3.253520965576172
2016-01-21,-0.013333547311438432,3.2101399898529053
2016-01-22,0.0,3.2101399898529053
2016-01-25,-0.015444022612978947,3.160562515258789
2016-01-26,0.0,3.160562515258789
2016-01-27,-0.019607644934205193,3.0985913276672363
2016-01-28,0.019999793789588827,3.160562515258789
2016-01-29,0.0,3.160562515258789
2016-02-01,0.019607946676161392,3.222534656524658
2016-02-02,0.0,3.222534656524658
2016-02-03,-0.009615360428046449,3.1915488243103027
2016-02-04,-0.009708862610995683,3.160562515258789
2016-02-05,0.009804048773569773,3.1915488243103027
2016-02-08,-0.029126139614409463,3.0985913276672363
2016-02-09,0.0,3.0985913276672363
2016-02-10,0.009999973838977771,3.129577159881592
2016-02-11,-0.003960263889606241,3.117183208465576
2016-02-12,0.005964091392547388,3.1357743740081787
2016-02-16,0.001976294652432431,3.1419715881347656
2016-02-17,0.0059169622011316925,3.160562515258789
2016-02-18,0.019607946676161392,3.222534656524658
2016-02-19,0.0,3.222534656524658
2016-02-22,0.0673078189355214,3.439436435699463
2016-02-23,0.0,3.439436435699463
2016-02-24,0.0,3.439436435699463
2016-02-25,-0.010810934835764341,3.4022529125213623
2016-02-26,0.0018215030704447077,3.408450126647949
2016-02-29,-0.005454643637876622,3.3898582458496094
2016-03-01,0.0,3.3898582458496094
2016-03-02,-0.0036563264167016607,3.3774638175964355
2016-03-03,0.0,3.3774638175964355
2016-03-04,0.031192896285571647,3.482816696166992
2016-03-07,0.01601424754339953,3.5385913848876953
2016-03-08,0.0,3.5385913848876953
2016-03-09,0.0017511875815594546,3.544788122177124
2016-03-10,0.0017482608023355883,3.550985336303711
2016-03-11,-0.013961409198604113,3.501408576965332
2016-03-14,0.012389169746476414,3.544788122177124
2016-03-15,0.0,3.544788122177124
2016-03-16,-0.012237556580715792,3.501408576965332
2016-03-17,0.017698998745197203,3.563380002975464
2016-03-18,0.03478245102552879,3.6873230934143066
2016-03-21,0.0033615561194106913,3.6997182369232178
2016-03-22,0.0,3.6997182369232178
2016-03-23,0.005025086444594429,3.7183096408843994
2016-03-24,0.0,3.7183096408843994
2016-03-28,0.0,3.7183096408843994
2016-03-29,0.0,3.7183096408843994
2016-03-30,-0.016666558731077585,3.6563382148742676
2016-03-31,0.016949040916955482,3.7183096408843994
2016-04-01,0.0,3.7183096408843994
2016-04-04,-0.0033333502183067187,3.7059152126312256
2016-04-05,0.0,3.7059152126312256
2016-04-06,0.003344498603456536,3.7183096408843994
2016-04-07,-0.008333503786070562,3.6873230934143066
2016-04-08,-0.016806681394259892,3.6253514289855957
2016-04-11,0.11111122802536344,4.028168678283691
2016-04-12,0.0,4.028168678283691
2016-04-13,0.015384575319004723,4.090140342712402
2016-04-14,0.022727214436221832,4.183097839355469
2016-04-15,-0.01481466367066886,4.121126651763916
2016-04-18,0.022556446655294327,4.214084625244141
2016-04-19,0.0,4.214084625244141
2016-04-20,0.0,4.214084625244141
2016-04-21,-0.013564692399816392,4.156921863555908
2016-04-22,-0.03458642804401213,4.013148784637451
2016-04-25,-0.02180691650835065,3.9256343841552734
2016-04-26,0.0,3.9256343841552734
2016-04-27,-0.0031847574754768626,3.9131321907043457
2016-04-28,0.006389865121667393,3.938136577606201
2016-04-29,-0.007936617486821174,3.906881093978882
2016-05-02,0.02400008982923718,4.000646591186523
2016-05-03,0.0,4.000646591186523
2016-05-04,0.0,4.000646591186523
2016-05-05,0.015624858461847912,4.0631561279296875
2016-05-06,0.0,4.0631561279296875
2016-05-09,0.0,4.0631561279296875
2016-05-10,0.0,4.0631561279296875
2016-05-11,0.0,4.0631561279296875
2016-05-12,0.0,4.0631561279296875
2016-05-13,0.0,4.0631561279296875
2016-05-16,-0.004615390392927798,4.044403076171875
2016-05-17,0.0,4.044403076171875
2016-05-18,-0.0077277884883835135,4.013148784637451
2016-05-19,-0.003115307735109818,4.000646591186523
2016-05-20,-0.015624977651870764,3.938136577606201
2016-05-23,0.0,3.938136577606201
2016-05-24,0.022222044635398674,4.0256500244140625
2016-05-25,0.0,4.0256500244140625
2016-05-26,0.0,4.0256500244140625
2016-05-27,0.0,4.0256500244140625
2016-05-31,0.009316781957737108,4.0631561279296875
2016-06-01,0.0,4.0631561279296875
2016-06-02,0.0,4.0631561279296875
2016-06-03,0.0,4.0631561279296875
2016-06-06,-0.007692239083982089,4.0319013595581055
2016-06-07,0.0,4.0319013595581055
2016-06-08,0.0,4.0319013595581055
2016-06-09,0.0,4.0319013595581055
2016-06-10,-0.007751868308357501,4.000646591186523
2016-06-13,-0.02187506406463724,3.9131321907043457
2016-06-14,-0.00958461489906759,3.8756263256073
2016-06-15,0.0,3.8756263256073
2016-06-16,-0.016129070954513658,3.8131160736083984
2016-06-17,0.008196584984476063,3.8443706035614014
2016-06-20,-0.001625852997610644,3.838120222091675
2016-06-21,0.0016285007003560281,3.8443706035614014
2016-06-22,0.02439046172029702,3.938136577606201
2016-06-23,0.00793619370008325,3.969390392303467
2016-06-24,-0.015747833331231087,3.906881093978882
2016-06-27,0.0,3.906881093978882
2016-06-28,0.003200288625244685,3.919384241104126
2016-06-29,0.0,3.919384241104126
2016-06-30,0.028707856013189037,4.0319013595581055
2016-07-01,0.0,4.0319013595581055
2016-07-05,-0.0031007000169120946,4.019399642944336
2016-07-06,-0.012441970215292142,3.969390392303467
2016-07-07,0.0,3.969390392303467
2016-07-08,0.01102395783968002,4.013148784637451
2016-07-11,0.004672783374600975,4.0319013595581055
2016-07-12,0.001550468274533312,4.038152694702148
2016-07-13,0.0,4.038152694702148
2016-07-14,0.003095899922301415,4.050654411315918
2016-07-15,0.0030863449073426086,4.0631561279296875
2016-07-18,0.030769073692274773,4.188175678253174
2016-07-19,0.008955464161805482,4.225682735443115
2016-07-20,0.03550299997777007,4.375707149505615
2016-07-21,0.022857132271122627,4.4757232666015625
2016-07-22,-0.001396720657573125,4.4694719314575195
2016-07-25,0.0013986742147420461,4.4757232666015625
2016-07-26,-0.001396720657573125,4.4694719314575195
2016-07-27,0.04895103701397674,4.688257217407227
2016-07-28,0.0,4.688257217407227
2016-07-29,0.0,4.688257217407227
2016-08-01,0.040000048820238554,4.875787734985352
2016-08-02,0.0,4.875787734985352
2016-08-03,-0.030769169081925285,4.72576379776001
2016-08-04,0.0,4.72576379776001
2016-08-05,0.018518370903205517,4.813277244567871
2016-08-08,-0.01818167588551578,4.72576379776001
2016-08-09,-0.01587313439236293,4.650751113891602
2016-08-10,0.0,4.650751113891602
2016-08-11,0.008064526051199783,4.688257217407227
2016-08-12,0.0,4.688257217407227
2016-08-15,0.013333417412633164,4.750767707824707
2016-08-16,0.0013157575135887,4.757018566131592
2016-08-17,0.014454715231494664,4.825779914855957
2016-08-18,0.016839364159142445,4.907042980194092
2016-08-19,0.0,4.907042980194092
2016-08-22,0.0,4.907042980194092
2016-08-23,-0.006369466363937204,4.875787734985352
2016-08-24,-0.006410296532081139,4.844532489776611
2016-08-25,0.00645165354442323,4.875787734985352
2016-08-26,0.0,4.875787734985352
2016-08-29,-0.012820593064162278,4.813277244567871
2016-08-30,0.0,4.813277244567871
2016-08-31,-0.025973992522815625,4.688257217407227
2016-09-01,0.0,4.688257217407227
2016-09-02,0.013333417412633164,4.750767707824707
2016-09-06,0.02631575249506124,4.875787734985352
2016-09-07,0.025641088331376682,5.000808238983154
2016-09-08,-0.0012502556625988426,4.994555950164795
2016-09-09,-0.01126380910000746,4.938298225402832
2016-09-12,0.012658209514113228,5.000808238983154
2016-09-13,-0.012499982121496611,4.938298225402832
2016-09-14,0.0,4.938298225402832
2016-09-15,-0.00759504157927271,4.900791645050049
2016-09-16,-0.017857196718528145,4.813277244567871
2016-09-19,0.00649354766422694,4.844532489776611
2016-09-20,-0.0129031102330468,4.782022953033447
2016-09-21,-0.01960796435883705,4.688257217407227
2016-09-22,0.013333417412633164,4.750767707824707
2016-09-23,-0.0026317157682732573,4.738265037536621
2016-09-26,-0.007915577372413996,4.700758934020996
2016-09-27,-0.00531912195788975,4.675755023956299
2016-09-28,-0.006684330418144646,4.644500732421875
2016-09-29,-0.010767206175135158,4.594492435455322
2016-09-30,-0.0027211261366868467,4.5819902420043945
2016-10-03,0.0027285508677685755,4.594492435455322
2016-10-04,0.0,4.594492435455322
2016-10-05,0.0013605111760870425,4.600743293762207
2016-10-06,0.012228171589698578,4.657001972198486
2016-10-07,0.024161309119667962,4.769521236419678
2016-10-10,-0.003931952006371309,4.750767707824707
2016-10-11,0.0,4.750767707824707
2016-10-12,0.0,4.750767707824707
2016-10-13,0.0,4.750767707824707
2016-10-14,0.0065789883090392465,4.782022953033447
2016-10-17,0.0,4.782022953033447
2016-10-18,0.009150303595835574,4.825779914855957
2016-10-19,-0.00259080822347435,4.813277244567871
2016-10-20,0.0,4.813277244567871
2016-10-21,0.0025975379461460335,4.825779914855957
2016-10-24,-0.006476625317156648,4.794525146484375
2016-10-25,0.010430093025772136,4.844532489776611
2016-10-26,-0.005161263778798664,4.819528579711914
2016-10-27,0.0,4.819528579711914
2016-10-28,0.011673165610069036,4.875787734985352
2016-10-31,0.0,4.875787734985352
2016-11-01,0.0,4.875787734985352
2016-11-02,0.006410296532081139,4.907042980194092
2016-11-03,0.006369466363937093,4.938298225402832
2016-11-04,-0.005063361052848436,4.913293838500977
2016-11-07,-0.01399495959015229,4.844532489776611
2016-11-08,-0.0129031102330468,4.782022953033447
2016-11-09,-0.02091512209694868,4.682006359100342
2016-11-10,-0.014686197884707597,4.613245487213135
2016-11-11,-0.005420025908875359,4.5882415771484375
2016-11-14,0.0,4.5882415771484375
2016-11-15,-0.0013624686143767217,4.5819902420043945
2016-11-16,-0.005457101735536929,4.556985855102539
2016-11-17,0.0,4.556985855102539
2016-11-18,0.0,4.556985855102539
2016-11-21,-0.009601962687507348,4.513229846954346
2016-11-22,-0.00831036344805125,4.4757232666015625
2016-11-23,0.019553023820319648,4.563237190246582
2016-11-25,0.0,4.563237190246582
2016-11-28,0.012328677228640617,4.619495868682861
2016-11-29,-0.002706294576107937,4.606994152069092
2016-11-30,-0.0040704577218168,4.5882415771484375
2016-12-01,0.0,4.5882415771484375
2016-12-02,-0.00544966660569679,4.563237190246582
2016-12-05,-0.00547942371221477,4.538233280181885
2016-12-06,0.0,4.538233280181885
2016-12-07,0.0,4.538233280181885
2016-12-08,0.0,4.538233280181885
2016-12-09,-0.008264577432934406,4.500726699829102
2016-12-12,-0.013888871231104938,4.438216686248779
2016-12-13,-0.00845071481792059,4.400710582733154
2016-12-14,-0.0014204202229092244,4.3944597244262695
2016-12-15,-0.004267322059278267,4.375707149505615
2016-12-16,0.011428511648693185,4.42571496963501
2016-12-19,0.0,4.42571496963501
2016-12-20,0.014124274610815668,4.488224983215332
2016-12-21,0.016713112045803058,4.563237190246582
2016-12-22,0.0,4.563237190246582
2016-12-23,0.0,4.563237190246582
2016-12-27,0.0,4.563237190246582
2016-12-28,0.00684935801179587,4.594492435455322
2016-12-29,-0.006802763449460958,4.563237190246582
2016-12-30,0.0,4.563237190246582
2017-01-03,-0.0013699342995810992,4.556985855102539
2017-01-04,0.0013718135940763432,4.563237190246582
2017-01-05,0.013698611528221827,4.625747203826904
2017-01-06,0.0067566961605090015,4.657001972198486
2017-01-09,0.006711452001809004,4.688257217407227
2017-01-10,0.0026666021154622133,4.700758934020996
2017-01-11,0.0013299580065582184,4.707010746002197
2017-01-12,-0.017264363002424066,4.625747203826904
2017-01-13,-0.0040540589296141905,4.606994152069092
2017-01-17,-0.02306654810756892,4.500726699829102
2017-01-18,0.002778028518309883,4.513229846954346
2017-01-19,0.0,4.513229846954346
2017-01-20,0.006925038740385636,4.5444841384887695
2017-01-23,0.011004174608734152,4.594492435455322
2017-01-24,0.0081630670565227,4.631997585296631
2017-01-25,0.005398186514869341,4.657001972198486
2017-01-26,-0.013422699220729473,4.594492435455322
2017-01-27,-0.009523785801635154,4.5507354736328125
2017-01-30,0.009615360434821918,4.594492435455322
2017-01-31,0.021768697739957377,4.6945085525512695
2017-02-01,0.007989458307068098,4.732015132904053
2017-02-02,-0.0013210725174089832,4.72576379776001
2017-02-03,-0.0013228200586339334,4.719512462615967
2017-02-06,-0.005297985811618777,4.6945085525512695
2017-02-07,-0.0013316271712073835,4.688257217407227
2017-02-08,0.0,4.688257217407227
2017-02-09,0.006666708706316582,4.719512462615967
2017-02-10,0.006622558040966675,4.750767707824707
2017-02-13,0.009210603706764742,4.794525146484375
2017-02-14,0.016949037916833776,4.875787734985352
2017-02-15,0.012820593064162278,4.938298225402832
2017-02-16,0.006328959918550536,4.969552516937256
2017-02-17,-0.012578504106781963,4.907042980194092
2017-02-21,0.0,4.907042980194092
2017-02-22,0.006369466363937093,4.938298225402832
2017-02-23,0.006328959918550536,4.969552516937256
2017-02-24,-0.006289156101661586,4.938298225402832
2017-02-27,-0.006329153036558566,4.907042980194092
2017-02-28,-0.02038225349498557,4.807026386260986
2017-03-01,0.007802350247716916,4.844532489776611
2017-03-02,-0.002580582675449472,4.832030773162842
2017-03-03,0.0,4.832030773162842
2017-03-06,-0.0271670122365385,4.700758934020996
2017-03-07,-0.00531912195788975,4.675755023956299
2017-03-08,-0.010695132630597404,4.625747203826904
2017-03-09,-0.0013514216987196015,4.619495868682861
2017-03-10,-0.02841671238575172,4.488224983215332
2017-03-13,0.0013926176813998659,4.494475364685059
2017-03-14,-0.019471337521502652,4.406961917877197
2017-03-15,0.0042553242136582625,4.42571496963501
2017-03-16,0.01694906488753789,4.500726699829102
2017-03-17,0.03472223105111416,4.657001972198486
2017-03-20,0.013422904003618008,4.719512462615967
2017-03-21,-0.01986757308764253,4.625747203826904
2017-03-22,0.0,4.625747203826904
2017-03-23,0.013513495404289921,4.688257217407227
2017-03-24,0.021333325467850495,4.788273334503174
2017-03-27,-0.0013053518529712038,4.782022953033447
2017-03-28,-0.01960796435883705,4.688257217407227
2017-03-29,0.0,4.688257217407227
2017-03-30,0.006666708706316582,4.719512462615967
2017-03-31,0.019867472052384816,4.813277244567871
2017-04-03,0.0,4.813277244567871
2017-04-04,-0.0064933495301349176,4.782022953033447
2017-04-05,0.0,4.782022953033447
2017-04-06,0.0,4.782022953033447
2017-04-07,0.0,4.782022953033447
2017-04-10,-0.006535988119612313,4.750767707824707
2017-04-11,0.0,4.750767707824707
2017-04-12,0.0,4.750767707824707
2017-04-13,0.0,4.750767707824707
2017-04-17,0.0065789883090392465,4.782022953033447
2017-04-18,0.006535788690557709,4.813277244567871
2017-04-19,0.0,4.813277244567871
2017-04-20,0.0,4.813277244567871
2017-04-21,0.02408666622945077,4.929213047027588
2017-04-24,0.0,4.929213047027588
2017-04-25,0.015523962764390609,5.005733966827393
2017-04-26,0.0025475850381770915,5.018486499786377
2017-04-27,-0.01524771322308105,4.9419660568237305
2017-04-28,-0.006451529488364249,4.910082817077637
2017-05-01,0.0,4.910082817077637
2017-05-02,0.02467517837390587,5.031239986419678
2017-05-03,-0.005069529511836257,5.005733966827393
2017-05-04,0.0,5.005733966827393
2017-05-05,-0.0038215680736459756,4.9866042137146
2017-05-08,0.0,4.9866042137146
2017-05-09,0.010230101991199447,5.0376176834106445
2017-05-10,0.0012656358705682713,5.0439934730529785
2017-05-11,-0.0012640360611876345,5.0376176834106445
2017-05-12,0.0012656358705682713,5.0439934730529785
2017-05-15,0.0,5.0439934730529785
2017-05-16,-0.013906287385891947,4.973850250244141
2017-05-17,0.003846161220678601,4.992980480194092
2017-05-18,-0.016602841418124736,4.910082817077637
2017-05-19,0.012987038211395463,4.973850250244141
2017-05-22,0.0,4.973850250244141
2017-05-23,-0.006410364569951699,4.9419660568237305
2017-05-24,0.0025808433649612272,4.954720497131348
2017-05-25,0.0,4.954720497131348
2017-05-26,0.009008929243382813,4.999357223510742
2017-05-30,0.010204005718203346,5.050370693206787
2017-05-31,0.0,5.050370693206787
2017-06-01,-0.002525163115906781,5.0376176834106445
2017-06-02,-0.0012660144917248095,5.031239986419678
2017-06-05,-0.0012672402150450957,5.024864196777344
2017-06-06,-0.0025380758830219063,5.012110710144043
2017-06-07,0.0025445341036638425,5.024864196777344
2017-06-08,-0.003807113824532804,5.005733966827393
2017-06-09,0.0,5.005733966827393
2017-06-12,0.0025475850381770915,5.018486499786377
2017-06-13,-0.012706221817622487,4.954720497131348
2017-06-14,-0.0025741997585941867,4.9419660568237305
2017-06-15,0.0,4.9419660568237305
2017-06-16,-0.010322505073786736,4.8909525871276855
2017-06-19,0.003911350521021095,4.910082817077637
2017-06-20,0.0,4.910082817077637
2017-06-21,0.019480557317093306,5.005733966827393
2017-06-22,0.019108316659181,5.101385116577148
2017-06-23,0.014999934569532858,5.177905559539795
2017-06-26,0.016009883178290885,5.26080322265625
2017-06-27,0.0,5.26080322265625
2017-06-28,-0.006060708236167667,5.22891902923584
2017-06-29,0.0,5.22891902923584
2017-06-30,-0.007316814273564898,5.190659999847412
2017-07-03,0.0024569148810589247,5.203413009643555
2017-07-05,-0.0012255840814461294,5.197035789489746
2017-07-06,-0.002454084210128382,5.184281826019287
2017-07-07,0.0012302907214869485,5.190659999847412
2017-07-10,0.0,5.190659999847412
2017-07-11,0.0,5.190659999847412
2017-07-12,0.007370744643176774,5.22891902923584
2017-07-13,0.013414661059191202,5.299063205718994
2017-07-14,0.010830346350259479,5.356453895568848
2017-07-17,-0.001190478521979954,5.350077152252197
2017-07-18,-0.010726987925498643,5.292686939239502
2017-07-19,-0.004819196132750725,5.267180442810059
2017-07-20,-0.007264116729937986,5.22891902923584
2017-07-21,-0.0012195146417446345,5.2225422859191895
2017-07-24,0.0,5.2225422859191895
2017-07-25,-0.010988941758773074,5.165152072906494
2017-07-26,-0.009876377721088292,5.114139080047607
2017-07-27,0.034912593575815,5.292686939239502
2017-07-28,0.0,5.292686939239502
2017-07-31,0.001204731462996378,5.299063205718994
2017-08-01,0.012033718166954976,5.362830638885498
2017-08-02,0.010701566712496557,5.420221328735352
2017-08-03,0.017647092978041456,5.515872478485107
2017-08-04,0.006936429377063957,5.55413293838501
2017-08-07,0.0034443233826364494,5.573263168334961
2017-08-08,0.001144166913358946,5.579639911651611
2017-08-09,-0.0011428592915707636,5.573263168334961
2017-08-10,-0.016018251229040437,5.483989238739014
2017-08-11,0.011627841258129212,5.547756195068359
2017-08-14,0.0022987689703233283,5.560509204864502
2017-08-15,-0.002293496751158308,5.547756195068359
2017-08-16,-0.006896564765033086,5.509495735168457
2017-08-17,-0.010416686500638317,5.4521050453186035
2017-08-18,0.008187237715098439,5.4967427253723145
2017-08-21,0.002320103092559922,5.509495735168457
2017-08-22,-0.004629551896488282,5.483989238739014
2017-08-23,-0.011628015159695138,5.420221328735352
2017-08-24,0.0235294573040552,5.547756195068359
2017-08-25,0.0,5.547756195068359
2017-08-28,0.005747137304194183,5.579639911651611
2017-08-29,0.0,5.579639911651611
2017-08-30,0.0,5.579639911651611
2017-08-31,0.0,5.579639911651611
2017-09-01,0.0,5.579639911651611
2017-09-05,0.011428421995302696,5.643406391143799
2017-09-06,0.0033899218771717976,5.662537097930908
2017-09-07,-0.002252340823536425,5.649783134460449
2017-09-08,0.015801555207118234,5.739058494567871
2017-09-11,0.0011110300558057062,5.745434761047363
2017-09-12,0.009989003282416364,5.802825927734375
2017-09-13,0.0,5.802825927734375
2017-09-14,0.002197641824483121,5.815578460693359
2017-09-18,0.014254414015174577,5.8984761238098145
2017-09-19,0.01081091262644196,5.962244033813477
2017-09-20,0.013903528962392997,6.045140266418457
2017-09-21,0.005274351299593638,6.077024459838867
2017-09-22,-0.0010493200017199777,6.070647716522217
2017-09-25,-0.0063025333846618015,6.0323872566223145
2017-09-26,-0.006342507248336959,5.994126796722412
2017-09-27,-0.009574407575775101,5.936736583709717
2017-09-28,-0.0010740356068666967,5.930360317230225
2017-09-29,-0.0032258928233291906,5.911229610443115
2017-10-02,0.0,5.911229610443115
2017-10-03,0.0,5.911229610443115
2017-10-04,0.02481110568764522,6.057893753051758
2017-10-05,-0.024210418437061287,5.911229610443115
2017-10-06,0.035598613087772124,6.121661186218262
2017-10-09,0.01666685620733488,6.223690032958984
2017-10-10,0.004098291575314272,6.249196529388428
2017-10-11,0.0102041010978966,6.312963962554932
2017-10-12,0.01313126239449458,6.3958611488342285
2017-10-13,-0.002991107271082094,6.376730442047119
2017-10-16,0.006000161669361015,6.414991855621338
2017-10-17,-0.006958263427480071,6.370354652404785
2017-10-18,-0.009009025867686815,6.312963962554932
2017-10-19,0.0050502879884766205,6.344846248626709
2017-10-20,0.0,6.344846248626709
2017-10-23,0.0030153071818828092,6.363977909088135
2017-10-24,0.0010020058849582458,6.370354652404785
2017-10-25,0.017016899156127474,6.478758335113525
2017-10-26,0.01968515208831767,6.606293678283691
2017-10-27,-0.005791588839417217,6.568032741546631
2017-10-30,-0.019417441190437534,6.440498352050781
2017-10-31,0.004950430541751816,6.472381591796875
2017-11-01,0.0,6.472381591796875
2017-11-02,0.0660099098483169,6.899622917175293
2017-11-03,-0.006469444332715568,6.854986190795898
2017-11-06,-0.02325585763109328,6.695567607879639
2017-11-07,-0.009523756619872259,6.631800651550293
2017-11-08,0.0,6.631800651550293
2017-11-09,-0.009615474492399745,6.568032741546631
2017-11-10,-0.00970882949475771,6.504264831542969
2017-11-13,0.0,6.504264831542969
2017-11-14,-0.019607810075223386,6.376730442047119
2017-11-15,-0.014999880729587911,6.28108024597168
2017-11-16,-0.005076151766043813,6.249196529388428
2017-11-17,0.015305922735581179,6.344846248626709
2017-11-20,0.026130783406446367,6.510642051696777
2017-11-21,0.0058766764373245906,6.548902988433838
2017-11-22,0.002921062221654225,6.568032741546631
2017-11-24,0.004854523646917741,6.599917411804199
2017-11-27,-0.01256048140925925,6.517019271850586
2017-11-28,-0.003913901770518868,6.491512298583984
2017-11-29,0.01178776831083539,6.568032741546631
2017-11-30,-0.004854378447532559,6.536149024963379
2017-12-01,0.0009756846316466561,6.5425262451171875
2017-12-04,-0.0009747335990540895,6.536149024963379
2017-12-05,-0.006829208790820718,6.491512298583984
2017-12-06,0.0029468869860980185,6.510642051696777
2017-12-07,0.0009795071059308658,6.517019271850586
2017-12-08,0.0,6.517019271850586
2017-12-11,0.01956943568461078,6.6445536613464355
2017-12-12,0.012475960087663607,6.727450847625732
2017-12-13,0.008530964376265215,6.784842491149902
2017-12-14,-0.06484988311771733,6.344846248626709
2017-12-15,-0.00402010896199767,6.319339275360107
2017-12-18,0.016145492795195615,6.42136812210083
2017-12-19,0.022840089005490283,6.568032741546631
2017-12-20,0.0,6.568032741546631
2017-12-21,0.0,6.568032741546631
2017-12-22,0.029126343284887835,6.759335517883301
2017-12-26,-0.0009434685017389866,6.752958297729492
2017-12-27,-0.005665733181377197,6.71469783782959
2017-12-28,-0.002849008311613721,6.695567607879639
2017-12-29,0.009523899053549556,6.759335517883301
2018-01-02,0.014150898806477796,6.854986190795898
2018-01-03,-0.0046512410868486675,6.823101997375488
2018-01-04,0.014018928677604903,6.918754577636719
2018-01-05,0.02764954154743582,7.110054969787598
2018-01-08,0.004484313654216976,7.14193868637085
2018-01-09,0.00446436112385773,7.17382287979126
2018-01-10,-0.004444519185193174,7.14193868637085
2018-01-11,-0.0044642943580706085,7.110054969787598
2018-01-12,0.013453008027836777,7.205706596374512
2018-01-16,0.03982281793780107,7.4926581382751465
2018-01-17,-0.011914854241100947,7.403384208679199
2018-01-18,0.0,7.403384208679199
2018-01-19,-0.018087955820235257,7.269472122192383
2018-01-22,0.00438610530745831,7.301356792449951
2018-01-23,0.002620092469626023,7.320487022399902
2018-01-24,0.011323998803036028,7.403384208679199
2018-01-25,0.0,7.403384208679199
2018-01-26,0.002584048895460711,7.422514915466309
2018-01-29,-0.0017180236438804064,7.409762859344482
2018-01-30,-0.010327233376271505,7.333240509033203
2018-01-31,-0.029565145016685168,7.116432189941406
2018-02-01,0.0089604562778407,7.180198669433594
2018-02-02,-0.005328541008986054,7.14193868637085
2018-02-05,0.0,7.14193868637085
2018-02-06,-0.0044642943580706085,7.110054969787598
2018-02-07,0.0,7.110054969787598
2018-02-08,0.0,7.110054969787598
2018-02-09,-0.0017935242661291095,7.0973029136657715
2018-02-12,-0.0116803657158705,7.014403820037842
2018-02-13,-0.0009090927012833649,7.008027076721191
2018-02-14,0.0009099199028257399,7.014403820037842
2018-02-15,0.0,7.014403820037842
2018-02-16,0.0,7.014403820037842
2018-02-20,0.0,7.014403820037842
2018-02-21,0.01363639051925003,7.110054969787598
2018-02-22,0.013453008027836777,7.205706596374512
2018-02-26,-0.008849640094386602,7.14193868637085
2018-02-27,-0.0044642943580706085,7.110054969787598
2018-02-28,-0.013452940962651039,7.014403820037842
2018-03-01,0.009090994992546397,7.078171730041504
2018-03-02,-0.0045045130012781875,7.046288013458252
2018-03-05,-0.004524963123776926,7.014403820037842
2018-03-06,0.0,7.014403820037842
2018-03-07,0.004545531486129573,7.046288013458252
2018-03-08,-0.004524963123776926,7.014403820037842
2018-03-09,0.009090994992546397,7.078171730041504
2018-03-12,0.013513539003834785,7.17382287979126
2018-03-13,0.013333092272262315,7.269472122192383
2018-03-14,0.0017547176197498793,7.282227993011475
2018-03-15,0.007005069886672599,7.333240509033203
2018-03-16,0.004347899592429094,7.365124702453613
2018-03-19,-0.00865808965629844,7.301356792449951
2018-03-20,-0.0043669513987508735,7.269472122192383
2018-03-21,-0.01052614110104777,7.192952632904053
2018-03-22,-0.0026595132887826667,7.17382287979126
2018-03-23,0.0,7.17382287979126
2018-03-26,0.007110991407745848,7.2248358726501465
2018-03-27,-0.002647710842546558,7.205706596374512
2018-03-28,-0.004424786959726368,7.17382287979126
2018-03-29,0.0,7.17382287979126
2018-04-02,-0.00888897190134108,7.110054969787598
2018-04-03,-0.013452940962651039,7.014403820037842
2018-04-04,0.0,7.014403820037842
2018-04-05,0.0063637168886963025,7.059041500091553
2018-04-06,0.007226685052833748,7.110054969787598
2018-04-09,0.0,7.110054969787598
2018-04-10,0.003587316793001838,7.135560989379883
2018-04-11,0.0,7.135560989379883
2018-04-12,0.008043045754859035,7.192952632904053
2018-04-13,0.0,7.192952632904053
2018-04-16,0.0,7.192952632904053
2018-04-17,0.013297964197533707,7.288604259490967
2018-04-18,0.01312344904202467,7.384255886077881
2018-04-19,0.014680186313917654,7.4926581382751465
2018-04-20,0.0052435388417273465,7.531946182250977
2018-04-23,0.0043289804854960146,7.564551830291748
2018-04-24,-0.0034483704156860195,7.538466453552246
2018-04-25,0.009515595557301415,7.610199451446533
2018-04-26,0.011139714325009598,7.694974899291992
2018-04-27,0.000847465399294034,7.701496124267578
2018-04-30,0.01185428359290519,7.792791843414307
2018-05-01,0.0,7.792791843414307
2018-05-02,0.0,7.792791843414307
2018-05-03,-0.022594106262569524,7.616720676422119
2018-05-04,-0.02397251033451131,7.434128761291504
2018-05-07,0.008771753153747897,7.4993391036987305
2018-05-08,0.013043535762822911,7.597157001495361
2018-05-09,0.012017152727779257,7.688453197479248
2018-05-10,0.013570824098827483,7.792791843414307
2018-05-11,-0.004184139077894833,7.760185718536377
2018-05-14,-0.025209949264142995,7.564551830291748
2018-05-15,0.004310258153437108,7.597157001495361
2018-05-16,-0.004291759561793396,7.564551830291748
2018-05-17,0.01724134779247244,7.694974899291992
2018-05-18,0.016101532749865255,7.818875789642334
2018-05-21,-0.0075062032810016,7.760185718536377
2018-05-22,-0.0016805649696892688,7.7471442222595215
2018-05-23,-0.0025252141341824963,7.727581024169922
2018-05-24,0.007594882657637525,7.786271095275879
2018-05-25,-0.011725278360687708,7.694974899291992
2018-05-29,-0.012711919022066032,7.597157001495361
2018-05-30,0.008583581888797154,7.662367820739746
2018-05-31,-0.012765765457413702,7.564551830291748
2018-06-01,0.002586230534955991,7.584115505218506
2018-06-04,-0.0025795592001857104,7.564551830291748
2018-06-05,-0.007758565533378503,7.505861759185791
2018-06-06,0.0034752069651780015,7.531946182250977
2018-06-07,0.029437244565524212,7.753665924072266
2018-06-08,-0.00756945493331862,7.694974899291992
2018-06-11,0.0,7.694974899291992
2018-06-12,0.008474468090907683,7.760185718536377
2018-06-13,0.0,7.760185718536377
2018-06-14,-0.004201535317456928,7.727581024169922
2018-06-15,-0.012658281743107125,7.629763126373291
2018-06-18,-0.004273543534427993,7.597157001495361
2018-06-19,0.0042918850922142315,7.629763126373291
2018-06-20,-0.008546962074894804,7.564551830291748
2018-06-21,-0.0034483704156860195,7.538466453552246
2018-06-22,0.014705954908847962,7.649326801300049
2018-06-25,-0.015345222148061777,7.531946182250977
2018-06-26,-0.012987004765113608,7.434128761291504
2018-06-27,-0.015789553354870423,7.316747188568115
2018-06-28,-0.015151589209070115,7.2058868408203125
2018-06-29,0.0,7.2058868408203125
2018-07-02,0.013574654046099033,7.303704261779785
2018-07-03,0.02589283604115633,7.4928178787231445
2018-07-05,-0.020017274232514093,7.342832088470459
2018-07-06,-0.0008881075989501941,7.336310863494873
2018-07-09,0.001777859067181975,7.349353790283203
2018-07-10,0.011535023816704015,7.434128761291504
2018-07-11,-0.009649146550674614,7.362395763397217
2018-07-12,0.009743159726744555,7.434128761291504
2018-07-13,-0.004385940718506842,7.401523113250732
2018-07-16,0.005286133935708204,7.440648555755615
2018-07-17,0.016652214334231585,7.564551830291748
2018-07-18,-0.008620831485598113,7.4993391036987305
2018-07-19,-0.0043478028650137945,7.466733455657959
2018-07-20,-0.004366661078781253,7.434128761291504
2018-07-23,0.013157886297153532,7.531946182250977
2018-07-24,0.0,7.531946182250977
2018-07-25,0.0043289804854960146,7.564551830291748
2018-07-26,0.012930837496056391,7.662367820739746
2018-07-27,0.004255483332970211,7.694974899291992
2018-07-30,-0.00423745093115846,7.662367820739746
2018-07-31,-0.0008509473120855704,7.655847549438477
2018-08-01,-0.007666107189846061,7.597157001495361
2018-08-02,-0.005150073815025746,7.55803108215332
2018-08-03,0.0,7.55803108215332
2018-08-06,-0.012079551605833072,7.466733455657959
2018-08-07,0.0,7.466733455657959
2018-08-08,0.0,7.466733455657959
2018-08-09,0.0,7.466733455657959
2018-08-10,-0.004366661078781253,7.434128761291504
2018-08-13,-0.008772009720279583,7.3689165115356445
2018-08-14,-0.004424754709831391,7.336310863494873
2018-08-15,0.0,7.336310863494873
2018-08-16,-0.008888970351618064,7.271098613739014
2018-08-17,0.0,7.271098613739014
2018-08-20,-0.004484084078806183,7.238494396209717
2018-08-21,-0.007207404001904338,7.186323642730713
2018-08-22,-0.0018148324181316289,7.173281669616699
2018-08-23,0.0,7.173281669616699
2018-08-27,0.009091058959699527,7.238494396209717
2018-08-28,0.0,7.238494396209717
2018-08-29,-0.004504742782764137,7.2058868408203125
2018-08-30,0.0,7.2058868408203125
2018-08-31,0.0,7.2058868408203125
2018-09-04,0.0,7.2058868408203125
2018-09-05,-0.049773687386843735,6.847223281860352
2018-09-06,0.0,6.847223281860352
2018-09-07,0.0,6.847223281860352
2018-09-10,-0.01428570632691506,6.749405860900879
2018-09-11,-0.028985349566534535,6.55377197265625
2018-09-12,0.004974950990435545,6.586376667022705
2018-09-13,0.009900936338495425,6.651587963104248
2018-09-14,-0.004901862740817831,6.618982791900635
2018-09-17,-0.0039408507145696214,6.592898368835449
2018-09-18,-0.000989201023266495,6.586376667022705
2018-09-19,0.004950540566740713,6.618982791900635
2018-09-20,-0.004926153444276715,6.586376667022705
2018-09-21,0.010891044451843523,6.658109188079834
2018-09-24,0.0048972048905875365,6.690715312957764
2018-09-25,0.014619874913827546,6.788532733917236
2018-09-26,0.003842354047687735,6.814616680145264
2018-09-27,0.004784803496004297,6.847223281860352
2018-09-28,0.004761809256314198,6.879828453063965
2018-10-01,0.0,6.879828453063965
2018-10-02,0.00473958843768596,6.912436008453369
2018-10-03,-0.004717230705575837,6.879828453063965
2018-10-04,-0.004739241890412638,6.847223281860352
2018-10-05,-0.00952389707060075,6.782011032104492
2018-10-08,0.0,6.782011032104492
2018-10-09,-0.004807596308715523,6.749405860900879
2018-10-10,-0.009661853837605316,6.684194087982178
2018-10-11,-0.014634138337685787,6.586376667022705
2018-10-12,-0.0049503233742618225,6.55377197265625
2018-10-15,0.0,6.55377197265625
2018-10-16,0.0,6.55377197265625
2018-10-17,-0.004975242021103221,6.521165370941162
2018-10-18,-0.005000045700914946,6.488559246063232
2018-10-19,0.007035167016412602,6.534207344055176
2018-10-22,-0.006986019204528904,6.488559246063232
2018-10-23,0.0,6.488559246063232
2018-10-24,0.0010049608689917111,6.49507999420166
2018-10-25,0.0,6.49507999420166
2018-10-26,-0.00602407869514876,6.455953121185303
2018-10-29,-0.005050551679337989,6.423346996307373
2018-10-30,0.0,6.423346996307373
2018-10-31,-0.01015223000081289,6.35813570022583
2018-11-01,0.0,6.35813570022583
2018-11-02,0.0020513759698250755,6.37117862701416
2018-11-05,0.018423689857222314,6.488559246063232
2018-11-06,0.0020100687158068897,6.501601696014404
2018-11-07,0.0010029448808630548,6.508122444152832
2018-11-08,0.0020040997845773845,6.521165370941162
2018-11-09,-0.0030000274205489452,6.501601696014404
2018-11-12,-0.017051236438516693,6.390741348266602
2018-11-13,0.0010205668316825012,6.397263526916504
2018-11-14,0.0,6.397263526916504
2018-11-15,0.0,6.397263526916504
2018-11-16,0.010193474464957442,6.4624738693237305
2018-11-19,0.00403643825367328,6.488559246063232
2018-11-20,-0.009045235732219603,6.429868698120117
2018-11-21,0.0,6.429868698120117
2018-11-23,0.0,6.429868698120117
2018-11-26,0.004056758277632078,6.455953121185303
2018-11-27,0.010101103358675978,6.521165370941162
2018-11-28,0.019999890317804248,6.651587963104248
2018-11-29,0.009804012232505377,6.716800212860107
2018-11-30,0.0,6.716800212860107
2018-12-03,-0.004854413388014955,6.684194087982178
2018-12-04,0.019512089332890392,6.814616680145264
2018-12-06,-0.019138654202382144,6.684194087982178
2018-12-07,-0.009756044666445196,6.618982791900635
2018-12-10,-0.0019704613777107305,6.605940341949463
2018-12-11,0.0,6.605940341949463
2018-12-12,0.002961455459318696,6.6255035400390625
2018-12-13,0.0,6.6255035400390625
2018-12-14,-0.005905494243555576,6.586376667022705
2018-12-17,0.014851476905235916,6.684194087982178
2018-12-18,-0.014634138337685787,6.586376667022705
2018-12-19,0.0,6.586376667022705
2018-12-20,0.0,6.586376667022705
2018-12-21,-0.009900936338495314,6.521165370941162
2018-12-24,0.0,6.521165370941162
2018-12-26,-0.0020000914018298843,6.508122444152832
2018-12-27,-0.003005966506849589,6.488559246063232
2018-12-28,0.0,6.488559246063232
2018-12-31,0.0,6.488559246063232
2019-01-02,-0.005025171789517446,6.455953121185303
2019-01-03,0.0,6.455953121185303
2019-01-04,0.010101103358675978,6.521165370941162
2019-01-07,0.0,6.521165370941162
2019-01-08,0.0,6.521165370941162
2019-01-09,0.009999945158902124,6.586376667022705
2019-01-10,0.004950540566740713,6.618982791900635
2019-01-11,-0.0029557641074178242,6.599418640136719
2019-01-14,0.007905139196692668,6.651587963104248
2019-01-15,0.0,6.651587963104248
2019-01-16,0.0,6.651587963104248
2019-01-17,0.0,6.651587963104248
2019-01-18,-0.003921533205284766,6.6255035400390625
2019-01-22,-0.0009841890656342445,6.618982791900635
2019-01-23,0.004926009362573147,6.651587963104248
2019-01-24,0.007843209786004168,6.7037577629089355
2019-01-25,0.026264476787811075,6.879828453063965
2019-01-28,-0.009478691709189135,6.814616680145264
2019-01-29,0.0,6.814616680145264
2019-01-30,0.0019141033274330255,6.82766056060791
2019-01-31,0.008595996743266499,6.886351108551025
2019-02-01,0.07007563154678542,7.3689165115356445
2019-02-04,0.022123967676946465,7.531946182250977
2019-02-05,-0.017315985250609733,7.401523113250732
2019-02-06,-0.004405390784595786,7.3689165115356445
2019-02-07,0.014159292722576211,7.473255157470703
2019-02-08,0.0,7.473255157470703
2019-02-11,-0.005235522587514807,7.434128761291504
2019-02-12,-0.007894744606618764,7.375438213348389
2019-02-13,0.004420712834044993,7.408042907714844
2019-02-14,0.003521288132590783,7.434128761291504
2019-02-15,-0.004385940718506842,7.401523113250732
2019-02-19,-0.007929587448723963,7.342832088470459
2019-02-20,-0.005328710532835346,7.303704261779785
2019-02-21,0.0,7.303704261779785
2019-02-22,0.005357257808948912,7.342832088470459
2019-02-25,0.0035523654566667062,7.3689165115356445
2019-02-26,-0.0008848991745556978,7.362395763397217
2019-02-27,-0.003542990724843542,7.336310863494873
2019-02-28,0.0,7.336310863494873
2019-03-01,0.004444420178950637,7.3689165115356445
2019-03-04,-0.004424754709831391,7.336310863494873
2019-03-05,-0.023111192920490242,7.166759967803955
2019-03-06,0.005459492600858873,7.2058868408203125
2019-03-07,0.009049791421825493,7.271098613739014
2019-03-08,0.004484280818191966,7.303704261779785
2019-03-11,0.0,7.303704261779785
2019-03-12,0.0,7.303704261779785
2019-03-13,-0.0008928001332899616,7.297183513641357
2019-03-14,-0.004468185724349816,7.264578342437744
2019-03-15,0.004488240014309142,7.297183513641357
2019-03-18,0.005361979698108366,7.336310863494873
2019-03-19,-0.0008888970351618175,7.329789638519287
2019-03-20,-0.003558816558993594,7.303704261779785
2019-03-21,-0.0017856655536098165,7.2906622886657715
2019-03-22,-0.0026833878942893463,7.271098613739014
2019-03-25,-0.00896862721617897,7.2058868408203125
2019-03-26,-0.004524796450994684,7.173281669616699
2019-03-27,-0.009090926011579015,7.108069896697998
2019-03-28,-0.004586996869797466,7.075465202331543
2019-03-29,0.0,7.075465202331543
2019-04-01,0.0,7.075465202331543
2019-04-02,0.01843294182915245,7.2058868408203125
2019-04-03,0.009049791421825493,7.271098613739014
2019-04-04,0.004484280818191966,7.303704261779785
2019-04-05,-0.004464261814569381,7.271098613739014
2019-04-08,-0.004484084078806183,7.238494396209717
2019-04-09,-0.004504742782764137,7.2058868408203125
2019-04-10,0.0,7.2058868408203125
2019-04-11,0.0,7.2058868408203125
2019-04-12,0.0045251273173883,7.238494396209717
2019-04-15,-0.004504742782764137,7.2058868408203125
2019-04-16,0.0,7.2058868408203125
2019-04-17,-0.004524796450994684,7.173281669616699
2019-04-18,0.0,7.173281669616699
2019-04-22,0.004545363294699012,7.2058868408203125
2019-04-23,-0.004524796450994684,7.173281669616699
2019-04-24,-0.0027705723589424025,7.153407573699951
2019-04-25,-0.0009338223329853346,7.146727561950684
2019-04-26,0.0,7.146727561950684
2019-04-29,-0.004672808650570737,7.113332271575928
2019-04-30,0.0046947463017015245,7.146727561950684
2019-05-01,0.0,7.146727561950684
2019-05-02,0.0,7.146727561950684
2019-05-03,0.0009346951722117858,7.153407573699951
2019-05-06,0.0,7.153407573699951
2019-05-07,0.0,7.153407573699951
2019-05-08,0.003734822720739217,7.180124282836914
2019-05-09,0.0,7.180124282836914
2019-05-10,0.009302480333796215,7.246917247772217
2019-05-13,-0.0046086011825196005,7.213519096374512
2019-05-14,0.0,7.213519096374512
2019-05-15,-0.004629476000747257,7.180124282836914
2019-05-16,-0.004651273372253573,7.146727561950684
2019-05-17,-0.01869143476542945,7.0131449699401855
2019-05-20,0.0038093150419669097,7.039860248565674
2019-05-21,0.0009488841416458449,7.046540260314941
2019-05-22,-0.004739246373547723,7.0131449699401855
2019-05-23,-0.004762085749907663,6.979747772216797
2019-05-24,0.0,6.979747772216797
2019-05-28,0.00956947016968357,7.046540260314941
2019-05-29,0.005687163317942057,7.086615085601807
2019-05-30,0.0,7.086615085601807
2019-05-31,0.002827534841383317,7.106652736663818
2019-06-03,0.0009398988749864667,7.113332271575928
2019-06-04,0.0,7.113332271575928
2019-06-05,-0.004694679267414403,7.07993745803833
2019-06-06,-0.004717159992066122,7.046540260314941
2019-06-07,0.0,7.046540260314941
2019-06-10,0.0028436154938134006,7.066577911376953
2019-06-11,0.0,7.066577911376953
2019-06-12,-0.0009451615985437423,7.059898853302002
2019-06-13,0.0009460557741316489,7.066577911376953
2019-06-14,0.0009451615985438533,7.073256969451904
2019-06-17,-0.0037771438606496455,7.046540260314941
2019-06-18,0.004739517052286812,7.07993745803833
2019-06-19,-0.010377496050736457,7.006465435028076
2019-06-20,0.0,7.006465435028076
2019-06-21,-0.0047664895172552235,6.973069190979004
2019-06-24,-0.0038314131704767496,6.946352481842041
2019-06-25,-0.011538379427655565,6.8662028312683105
2019-06-26,0.0,6.8662028312683105
2019-06-27,0.0038909068256742785,6.892918586730957
2019-06-28,0.0009690430589108789,6.899598121643066
2019-07-01,0.0,6.899598121643066
2019-07-02,0.0019361407362490368,6.912956714630127
2019-07-03,-0.0009660962036198706,6.906278133392334
2019-07-05,-0.005802735040492557,6.8662028312683105
2019-07-08,-0.01264581178016888,6.779374122619629
2019-07-09,0.009852097904409662,6.846165180206299
2019-07-10,0.0,6.846165180206299
2019-07-11,0.029268221673641293,7.046540260314941
2019-07-12,0.014217942129697514,7.146727561950684
2019-07-15,-0.014018626114858712,7.046540260314941
2019-07-16,0.009478695756149902,7.113332271575928
2019-07-17,0.0,7.113332271575928
2019-07-18,0.0,7.113332271575928
2019-07-19,0.009389693706264746,7.180124282836914
2019-07-22,-0.004651273372253573,7.146727561950684
2019-07-23,0.014018959720102586,7.246917247772217
2019-07-24,0.0046080747935550725,7.280311584472656
2019-07-25,0.0,7.280311584472656
2019-07-26,0.0,7.280311584472656
2019-07-29,0.0,7.280311584472656
2019-07-30,-0.01926595109222473,7.140049457550049
2019-07-31,-0.008418989233772711,7.07993745803833
2019-08-01,-0.055660521272479446,6.685864448547363
2019-08-02,0.01398617557862436,6.779374122619629
2019-08-05,-0.01970461782756283,6.64578914642334
2019-08-06,-0.015075377244976207,6.5456013679504395
2019-08-07,-0.005102016657389408,6.512205600738525
2019-08-08,0.010256361441698614,6.5789971351623535
2019-08-09,-0.015228427131763422,6.478809356689453
2019-08-12,-0.010309156190513202,6.412018299102783
2019-08-13,0.005208233791133887,6.445413589477539
2019-08-14,0.0051813226177501726,6.478809356689453
2019-08-15,0.0,6.478809356689453
2019-08-16,-0.005154614895008791,6.445413589477539
2019-08-19,0.0,6.445413589477539
2019-08-20,0.0051813226177501726,6.478809356689453
2019-08-21,-0.014432789226916709,6.3853020668029785
2019-08-22,0.0,6.3853020668029785
2019-08-23,-0.011506428707928062,6.311830043792725
2019-08-26,-0.005291055655390342,6.278433799743652
2019-08-27,0.0,6.278433799743652
2019-08-28,0.00531919983777418,6.311830043792725
2019-08-29,0.005291055655390453,6.345226287841797
2019-08-30,0.0,6.345226287841797
2019-09-03,0.0,6.345226287841797
2019-09-04,-0.010526415460726302,6.278433799743652
2019-09-05,-0.00531919983777418,6.24503755569458
2019-09-06,0.005347645030352011,6.278433799743652
2019-09-09,-0.004255314301164326,6.2517170906066895
2019-09-10,0.0042734993842099556,6.278433799743652
2019-09-11,0.0,6.278433799743652
2019-09-12,0.0,6.278433799743652
2019-09-13,0.0,6.278433799743652
2019-09-16,-0.0010638095881848608,6.271754741668701
2019-09-17,0.0,6.271754741668701
2019-09-18,0.0010649424842104072,6.278433799743652
2019-09-19,-0.015957295719622677,6.178246974945068
2019-09-20,0.005405379122483289,6.211642742156982
2019-09-23,0.005376164554821372,6.24503755569458
2019-09-24,-0.005347415966641567,6.211642742156982
2019-09-25,-0.004301146586038751,6.184925556182861
2019-09-26,-0.0010798159455802647,6.178246974945068
2019-09-27,0.005405379122483289,6.211642742156982
2019-09-30,0.0,6.211642742156982
2019-10-01,-0.02365599916295369,6.064700126647949
2019-10-02,-0.0033037446422946593,6.044663906097412
2019-10-03,-0.005524992192294187,6.011267185211182
2019-10-04,0.001111010546033242,6.017945766448975
2019-10-07,0.001110015279052412,6.024625778198242
2019-10-08,0.0,6.024625778198242
2019-10-09,-0.0022173315785690706,6.011267185211182
2019-10-10,0.0,6.011267185211182
2019-10-11,0.022222194018168828,6.144850730895996
2019-10-14,0.010869590521566108,6.211642742156982
2019-10-15,0.0,6.211642742156982
2019-10-16,-0.004301146586038751,6.184925556182861
2019-10-17,0.005399773597921875,6.21832275390625
2019-10-18,0.010741008505020577,6.28511381149292
2019-10-21,-0.0010628306741323756,6.278433799743652
2019-10-22,-0.008510552653903769,6.225000858306885
2019-10-23,-0.009656851176194303,6.164886951446533
2019-10-24,0.0,6.164886951446533
2019-10-25,-0.003250054819875614,6.144850730895996
2019-10-28,0.003260652118007634,6.164886951446533
2019-10-29,-0.003250054819875614,6.144850730895996
2019-10-30,0.0,6.144850730895996
2019-10-31,0.0,6.144850730895996
2019-11-01,0.0,6.144850730895996
2019-11-04,0.0,6.144850730895996
2019-11-05,0.0,6.144850730895996
2019-11-06,0.0,6.144850730895996
2019-11-07,0.0,6.144850730895996
2019-11-08,-0.0217391034436627,6.011267185211182
2019-11-11,0.0,6.011267185211182
2019-11-12,0.0,6.011267185211182
2019-11-13,0.0,6.011267185211182
2019-11-14,0.0,6.011267185211182
2019-11-15,0.0,6.011267185211182
2019-11-18,-0.007777787737334174,5.964512825012207
2019-11-19,-0.008958635294907702,5.911078929901123
2019-11-20,0.004519849301786838,5.937796115875244
2019-11-21,0.0011246772826671858,5.944474220275879
2019-11-22,0.0,5.944474220275879
2019-11-25,0.0,5.944474220275879
2019-11-26,0.0,5.944474220275879
2019-11-27,-0.011235902781108975,5.877682685852051
2019-11-29,0.0,5.877682685852051
2019-12-02,0.0,5.877682685852051
2019-12-03,-0.017045455467349147,5.77749490737915
2019-12-04,-0.017340958883024005,5.677307605743408
2019-12-05,0.0,5.677307605743408
2019-12-06,0.00470587662185773,5.704024314880371
2019-12-09,0.00936767014378459,5.757457733154297
2019-12-10,0.038283161607200134,5.977871417999268
2019-12-11,-0.016759934287905565,5.877682685852051
2019-12-12,-0.005681872573600977,5.8442864418029785
2019-12-13,0.0,5.8442864418029785
2019-12-16,-0.005714177548842625,5.810891151428223
2019-12-17,0.0,5.810891151428223
2019-12-18,0.010344876821735127,5.871004104614258
2019-12-19,0.04664391667968881,6.144850730895996
2019-12-20,0.0,6.144850730895996
2019-12-23,0.0,6.144850730895996
2019-12-24,-0.001086935772315667,6.138171672821045
2019-12-26,0.0010881184872240102,6.144850730895996
2019-12-27,0.0,6.144850730895996
2019-12-30,0.0,6.144850730895996
2019-12-31,0.0,6.144850730895996
2020-01-02,-0.001086935772315667,6.138171672821045
2020-01-03,-0.0043525516328031255,6.111454963684082
2020-01-06,0.0,6.111454963684082
2020-01-07,-0.0021859066136626915,6.098095893859863
2020-01-08,-0.005476425394612128,6.064700126647949
2020-01-09,-0.008810483671234826,6.011267185211182
2020-01-10,0.0,6.011267185211182
2020-01-13,-0.008888877607267531,5.957833766937256
2020-01-14,0.008968598380581172,6.011267185211182
2020-01-15,0.005555687321367575,6.044663906097412
2020-01-16,-0.005524992192294187,6.011267185211182
2020-01-17,0.0,6.011267185211182
2020-01-21,0.011111057347134246,6.07805871963501
2020-01-22,0.007692239499230036,6.124812602996826
2020-01-23,0.0032716311825387034,6.144850730895996
2020-01-24,0.002173793945161595,6.15820837020874
2020-01-27,-0.0032536569377265012,6.138171672821045
2020-01-28,0.0010881184872240102,6.144850730895996
2020-01-29,0.010869590521566108,6.211642742156982
2020-01-30,0.0,6.211642742156982
2020-01-31,-0.021505425869934314,6.07805871963501
2020-02-03,-0.005494322295656162,6.044663906097412
2020-02-04,0.005524676649749205,6.07805871963501
2020-02-05,0.005494557652295562,6.111454963684082
2020-02-06,0.0,6.111454963684082
2020-02-07,0.0,6.111454963684082
2020-02-10,0.005464454440122779,6.144850730895996
2020-02-11,0.0054348340605179235,6.178246974945068
2020-02-12,-0.010810835424975851,6.111454963684082
2020-02-13,0.0,6.111454963684082
2020-02-14,0.0,6.111454963684082
2020-02-18,-0.008743314360616816,6.05802059173584
2020-02-19,0.003307702176929661,6.07805871963501
2020-02-20,0.0,6.07805871963501
2020-02-21,0.0,6.07805871963501
2020-02-24,-0.005494322295656162,6.044663906097412
2020-02-25,-0.005524992192294187,6.011267185211182
2020-02-26,-0.011111295318834924,5.944474220275879
2020-02-27,-0.03146055987318297,5.757457733154297
2020-02-28,-0.0139210969712108,5.677307605743408
2020-03-02,0.0058824087698343686,5.7107038497924805
2020-03-03,0.017543774685388813,5.810891151428223
2020-03-04,0.00574701702449687,5.8442864418029785
2020-03-05,0.00457158681001224,5.871004104614258
2020-03-06,-0.021615384440451302,5.744100093841553
2020-03-09,-0.0337209477039786,5.550403594970703
2020-03-10,0.010830117422276908,5.610515117645264
2020-03-11,-0.020238051630178666,5.496969223022461
2020-03-12,-0.10085036580563111,4.94259786605835
2020-03-13,-0.020270556435997178,4.842408657073975
2020-03-16,-0.034482599029646344,4.675429821014404
2020-03-17,0.021428570700086524,4.775617599487305
2020-03-18,0.006992873629233065,4.8090128898620605
2020-03-19,0.013889022472564072,4.875805377960205
2020-03-20,0.034246509028337035,5.042784690856934
2020-03-23,0.026490130098985487,5.176368713378906
2020-03-24,0.019354930233449252,5.276556968688965
2020-03-25,0.0,5.276556968688965
2020-03-26,0.01265825644588503,5.343348979949951
2020-03-27,0.0,5.343348979949951
2020-03-30,-0.05000020078860845,5.076180458068848
2020-03-31,-0.03289458234175835,4.909201622009277
2020-04-01,-0.006802785181881266,4.875805377960205
2020-04-02,-0.0068494778395363776,4.842408657073975
2020-04-03,-0.034482599029646344,4.675429821014404
2020-04-06,0.0,4.675429821014404
2020-04-07,0.0,4.675429821014404
2020-04-08,-0.0014286461711150444,4.668750286102295
2020-04-09,0.0,4.668750286102295
2020-04-13,0.0014306901210785483,4.675429821014404
2020-04-14,0.0,4.675429821014404
2020-04-15,0.017142836162494124,4.755579948425293
2020-04-16,0.018258279661018673,4.842408657073975
2020-04-17,0.048275934054712755,5.076180458068848
2020-04-20,0.0,5.076180458068848
2020-04-21,-0.01842107883483779,4.982671737670898
2020-04-22,-0.03485255640982943,4.8090128898620605
2020-04-23,-0.013888923317671109,4.742220878601074
2020-04-24,-0.014084341344803186,4.675429821014404
2020-04-27,-0.027142849420917936,4.548525333404541
2020-04-28,-0.0014684007640674013,4.54184627532959
2020-04-29,0.007353010653503134,4.575242519378662
2020-04-30,0.0014597217982446065,4.581921100616455
2020-05-01,0.0,4.581921100616455
2020-05-04,-0.008746293182890774,4.54184627532959
2020-05-05,0.038235298440662424,4.715505123138428
2020-05-06,0.033994291308306,4.875805377960205
2020-05-07,-0.020547944535639795,4.775617599487305
2020-05-08,0.04755243931321962,5.002709865570068
2020-05-11,0.00801062351480164,5.042784690856934
2020-05-12,0.03443718804034157,5.21644401550293
2020-05-13,-0.02688873052547447,5.076180458068848
2020-05-14,0.0,5.076180458068848
2020-05-15,0.0,5.076180458068848
2020-05-18,0.05131584904901798,5.336668968200684
2020-05-19,-0.005006251895359859,5.309952259063721
2020-05-20,-0.007547205731580298,5.269876956939697
2020-05-21,-0.017743914008780393,5.176368713378906
2020-05-22,-0.0038708939286077326,5.156331539154053
2020-05-26,-0.015544206278550243,5.076180458068848
2020-05-27,-0.0065789164683516255,5.042784690856934
2020-05-28,0.026490130098985487,5.176368713378906
2020-05-29,0.006451581999095124,5.20976448059082
2020-06-01,-0.006410225901061661,5.176368713378906
2020-06-02,0.006451581999095124,5.20976448059082
2020-06-03,0.01538459707909845,5.289914608001709
2020-06-04,0.026515278190297087,5.430178165435791
2020-06-05,0.06396046895000662,5.77749490737915
2020-06-08,-0.0057801545605769,5.744100093841553
2020-06-09,-0.017441941065315714,5.643911838531494
2020-06-10,0.0,5.643911838531494
2020-06-11,-0.02603559724406801,5.496969223022461
2020-06-12,-0.0036452179826821363,5.476931571960449
2020-06-15,-0.006097619371409846,5.443535327911377
2020-06-16,0.03680999544408192,5.643911838531494
2020-06-17,-0.009467528310113882,5.59047794342041
2020-06-18,-0.011947374643063724,5.523686408996582
2020-06-19,-0.004836839747203281,5.496969223022461
2020-06-22,0.0,5.496969223022461
2020-06-23,-0.004860174982954546,5.470252990722656
2020-06-24,-0.004884173155536242,5.443535327911377
2020-06-25,-0.0245397633708222,5.309952259063721
2020-06-26,0.0,5.309952259063721
2020-06-29,0.0,5.309952259063721
2020-06-30,0.010062791307692276,5.363385200500488
2020-07-01,0.008717411725670976,5.410140037536621
2020-07-02,0.0,5.410140037536621
2020-07-06,0.0024690887957097285,5.423498153686523
2020-07-07,0.0,5.423498153686523
2020-07-08,-0.008620613861560211,5.376744270324707
2020-07-09,0.006211150378907071,5.410140037536621
2020-07-10,-0.01234553211622258,5.343348979949951
2020-07-13,-0.018750086450650794,5.243160724639893
2020-07-14,0.010190979114117704,5.29659366607666
2020-07-15,-0.0037829402538512857,5.276556968688965
2020-07-16,-0.002531687436775565,5.263198375701904
2020-07-17,-0.022842746518372814,5.142972469329834
2020-07-20,0.010389691064795148,5.196406364440918
2020-07-21,0.0411310544452963,5.410140037536621
2020-07-22,-0.0024690887957097285,5.396781921386719
2020-07-23,-0.0037128887833330904,5.376744270324707
2020-07-24,-0.012422389442924509,5.309952259063721
2020-07-27,0.0,5.309952259063721
2020-07-28,0.0,5.309952259063721
2020-07-29,0.0,5.309952259063721
2020-07-30,-0.006289188441902183,5.276556968688965
2020-07-31,-0.012658346814881427,5.20976448059082
2020-08-03,0.0,5.20976448059082
2020-08-04,-0.012820543329707612,5.142972469329834
2020-08-05,0.012987044293801153,5.20976448059082
2020-08-06,-0.010256306525147973,5.156331539154053
2020-08-07,-0.009067461368824858,5.10957670211792
2020-08-10,0.01045759721914652,5.163010597229004
2020-08-11,0.005508598474752269,5.191451549530029
2020-08-12,0.006666689323110875,5.2260613441467285
2020-08-13,0.019867525498763916,5.329890251159668
2020-08-14,0.0,5.329890251159668
2020-08-17,0.006493528569217588,5.364500045776367
2020-08-18,-0.009032217462986325,5.316046714782715
2020-08-19,-0.016927121875313422,5.2260613441467285
2020-08-20,0.006622447671477127,5.2606706619262695
2020-08-21,0.0039474545308528786,5.281436920166016
2020-08-24,0.009174270511239868,5.329890251159668
2020-08-25,0.0012986699279540215,5.3368120193481445
2020-08-26,0.00518812098455812,5.364500045776367
2020-08-27,-0.006451634695007313,5.329890251159668
2020-08-28,-0.020779166170882934,5.219139575958252
2020-08-31,0.055702939582720656,5.509860992431641
2020-09-01,0.0,5.509860992431641
2020-09-02,-0.02763838665389995,5.357577323913574
2020-09-03,0.005168101474110953,5.385265827178955
2020-09-04,-0.005141529527779243,5.357577323913574
2020-09-08,-0.005167834466956678,5.329890251159668
2020-09-09,-0.010389627817803282,5.274514675140381
2020-09-10,-0.01312340442612503,5.205295085906982
2020-09-11,0.005319295603499086,5.232983589172363
2020-09-14,0.001322628140023152,5.239904880523682
2020-09-15,0.0026421262154450176,5.253749370574951
2020-09-16,-0.0026351637801393935,5.239904880523682
2020-09-17,0.013210176071676738,5.309124946594238
2020-09-18,0.0,5.309124946594238
2020-09-21,-0.009126604695760987,5.2606706619262695
2020-09-22,-0.0065788793869997475,5.2260613441467285
2020-09-23,0.0,5.2260613441467285
2020-09-24,-0.005297885143448644,5.198374271392822
2020-09-25,0.010652387898821392,5.253749370574951
2020-09-28,0.0,5.253749370574951
2020-09-29,0.0,5.253749370574951
2020-09-30,0.0,5.253749370574951
2020-10-01,0.014492674700312902,5.329890251159668
2020-10-02,0.0,5.329890251159668
2020-10-05,0.0,5.329890251159668
2020-10-06,0.0,5.329890251159668
2020-10-07,0.0,5.329890251159668
2020-10-08,0.0,5.329890251159668
2020-10-09,0.0,5.329890251159668
2020-10-12,0.015584486459066849,5.412953853607178
2020-10-13,-0.015345337258354075,5.329890251159668
2020-10-14,-0.012987057138435065,5.2606706619262695
2020-10-15,0.0,5.2606706619262695
2020-10-16,-0.013157849415894596,5.191451549530029
2020-10-19,0.0,5.191451549530029
2020-10-20,-0.006666597472661406,5.156842231750488
2020-10-21,0.0,5.156842231750488
2020-10-22,-0.006711339270077499,5.122232913970947
2020-10-23,0.0,5.122232913970947
2020-10-26,-0.002702823218660888,5.108388423919678
2020-10-27,0.0,5.108388423919678
2020-10-28,-0.017615310349501256,5.018402576446533
2020-10-29,-0.03034457320084194,4.866121292114258
2020-10-30,-0.004267517596283188,4.845355033874512
2020-11-02,0.0071427826315271226,4.879964351654053
2020-11-03,0.0,4.879964351654053
2020-11-04,-0.014184347959996568,4.8107452392578125
2020-11-05,0.007194268849297636,4.845355033874512
2020-11-06,-0.014285663674244775,4.7761359214782715
2020-11-09,0.04347810460227608,4.983793258666992
2020-11-10,-0.04305547422963307,4.769213676452637
2020-11-11,0.015965180549115,4.845355033874512
2020-11-12,0.0,4.845355033874512
2020-11-13,0.0014285368440671853,4.852276802062988
2020-11-16,-0.0014264990376340325,4.845355033874512
2020-11-17,0.0,4.845355033874512
2020-11-18,0.021428544716962428,4.949183940887451
2020-11-19,0.0,4.949183940887451
2020-11-20,0.006992934227725511,4.983793258666992
2020-11-23,0.01388893672766689,5.053012847900391
2020-11-24,0.013698771040987712,5.122232913970947
2020-11-25,-0.013513650635010754,5.053012847900391
2020-11-27,-0.02739735334817539,4.914573669433594
2020-11-30,0.0,4.914573669433594
2020-12-01,0.0,4.914573669433594
2020-12-02,-0.0014083197886248788,4.907652378082275
2020-12-03,0.0,4.907652378082275
2020-12-04,0.0014103059504029236,4.914573669433594
2020-12-07,0.049295946833332493,5.156842231750488
2020-12-08,0.0,5.156842231750488
2020-12-09,-0.013422771007043921,5.087623119354248
2020-12-10,-0.006802837128834005,5.053012847900391
2020-12-11,-0.01369867667408764,4.983793258666992
2020-12-14,-0.0027777108034886533,4.969949722290039
2020-12-15,0.0,4.969949722290039
2020-12-16,-0.0027855439164748974,4.956105709075928
2020-12-17,0.0,4.956105709075928
2020-12-18,0.005586553478946543,4.983793258666992
2020-12-21,-0.009722083489766109,4.935340404510498
2020-12-22,0.0,4.935340404510498
2020-12-23,-0.0014025871486611496,4.928418159484863
2020-12-24,0.0,4.928418159484863
2020-12-28,0.004213477982306202,4.949183940887451
2020-12-29,0.005594462998127714,4.976871967315674
2020-12-30,-0.0027815737410701313,4.963028430938721
2020-12-31,-0.0027895246307607646,4.949183940887451
2021-01-04,0.03496515287174118,5.122232913970947
2021-01-05,0.01351337136003461,5.191451549530029
2021-01-06,0.0026666022488848196,5.205295085906982
2021-01-07,0.07047885752446237,5.572158336639404
2021-01-08,0.006211115278611068,5.606767654418945
2021-01-11,0.012345635964009505,5.6759867668151855
2021-01-12,-0.006097581978000033,5.641376972198486
2021-01-13,0.004908110803768961,5.669065475463867
2021-01-14,0.001220887530982706,5.6759867668151855
2021-01-15,-0.01219507994643887,5.606767654418945
2021-01-19,0.012345635964009505,5.6759867668151855
2021-01-20,0.0,5.6759867668151855
2021-01-21,0.0,5.6759867668151855
2021-01-22,0.0,5.6759867668151855
2021-01-25,0.0,5.6759867668151855
2021-01-26,-0.0024388815739897485,5.662143707275391
2021-01-27,-0.0036676453566907297,5.641376972198486
2021-01-28,-0.0024538440894865676,5.627533912658691
2021-01-29,0.00860996218032617,5.6759867668151855
2021-02-01,0.0,5.6759867668151855
2021-02-02,-0.0012193987822142205,5.669065475463867
2021-02-03,-0.006105026439806149,5.634455680847168
2021-02-04,0.0012283868652736007,5.641376972198486
2021-02-05,0.015951043143652255,5.731362819671631
2021-02-08,0.00483088411294319,5.759050369262695
2021-02-09,0.0,5.759050369262695
2021-02-10,-0.00240378803610386,5.745206832885742
2021-02-11,-0.0036144532314701383,5.724441051483154
2021-02-12,0.0,5.724441051483154
2021-02-16,-0.006045885959568786,5.689831733703613
2021-02-17,-0.002433282307175655,5.6759867668151855
2021-02-18,0.0,5.6759867668151855
2021-02-19,-0.010975597154663341,5.613689422607422
2021-02-22,0.003699217515688691,5.634455680847168
2021-02-23,0.0012283868652736007,5.641376972198486
2021-02-24,0.0,5.641376972198486
2021-02-25,0.0024541821893231397,5.655221939086914
2021-02-26,-0.008568060668507016,5.606767654418945
2021-03-01,0.012345635964009505,5.6759867668151855
2021-03-02,0.004878099186224505,5.703674793243408
2021-03-03,0.007281628274377283,5.745206832885742
2021-03-04,-0.006024116384912626,5.710597038269043
2021-03-05,-0.0048485344426639765,5.68290901184082
2021-03-08,-0.013398306617830369,5.606767654418945
2021-03-09,-0.011111012834909673,5.54447078704834
2021-03-10,0.0049937226931993095,5.572158336639404
2021-03-11,0.0012422059407326547,5.579080104827881
2021-03-12,-0.0012406647795730752,5.572158336639404
2021-03-15,0.0,5.572158336639404
2021-03-16,-0.0037267033971457586,5.551392555236816
2021-03-17,0.0037406436666056475,5.572158336639404
2021-03-18,-0.014906899163530607,5.4890947341918945
2021-03-19,0.0025220940582197926,5.502938747406006
2021-03-22,-0.0050314982047137136,5.475250720977783
2021-03-23,-0.0012641049157439133,5.468329429626465
2021-03-24,0.0,5.468329429626465
2021-03-25,-0.0012659664988884378,5.461406707763672
2021-03-26,-0.0202786945361203,5.350656509399414
2021-03-29,0.0,5.350656509399414
2021-03-30,-0.003881067342533795,5.329890251159668
2021-03-31,-0.006493528569217477,5.295280456542969
2021-04-01,0.0,5.295280456542969
2021-04-05,0.006535970077644171,5.329890251159668
2021-04-06,0.005194679711816308,5.357577323913574
2021-04-07,0.0,5.357577323913574
2021-04-08,0.0,5.357577323913574
2021-04-09,-0.0025837392287089145,5.3437347412109375
2021-04-12,-0.015544199573395145,5.2606706619262695
2021-04-13,0.013157940057789697,5.329890251159668
2021-04-14,-0.0012986699279540215,5.322968482971191
2021-04-15,-0.0013003586646473941,5.316046714782715
2021-04-16,-0.005208296893643105,5.28835916519165
2021-04-19,-0.06413619304389806,4.949183940887451
2021-04-20,-0.006993126920970982,4.914573669433594
2021-04-21,-0.007042181093915634,4.879964351654053
2021-04-22,-0.03120570231053721,4.727681636810303
2021-04-23,-0.024228246899265504,4.613138198852539
2021-04-26,0.06875004393013673,4.930291652679443
2021-04-27,-0.020467773759665686,4.829379558563232
2021-04-28,0.008955224175333454,4.8726277351379395
2021-04-29,0.0355027640172505,5.045619487762451
2021-04-30,-0.014285591428985334,4.97353982925415
2021-05-03,-0.014492723054410184,4.901459693908691
2021-05-04,-0.029411799041667686,4.757298946380615
2021-05-05,0.0,4.757298946380615
2021-05-06,-0.006060573257160473,4.728466987609863
2021-05-07,0.0182926841566331,4.814963340759277
2021-05-10,0.026946208595810317,4.944708347320557
2021-05-11,0.020407905452416886,5.045619487762451
2021-05-12,0.015714415186377062,5.124908447265625
2021-05-13,0.05766520353355209,5.420437335968018
2021-05-14,-0.009308482679671992,5.369981288909912
2021-05-17,-0.03355702135394345,5.1897807121276855
2021-05-18,-0.0041666670495000835,5.168156623840332
2021-05-19,-0.03765690724008408,4.97353982925415
2021-05-20,0.011594140093606375,5.031203746795654
2021-05-21,-0.04727784965481174,4.793339252471924
2021-05-24,-0.08270683872176898,4.396897315979004
2021-05-25,0.0016394167983775354,4.4041056632995605
2021-05-26,-0.0032732504778272276,4.389689922332764
2021-05-27,-0.0065682169169224425,4.3608574867248535
2021-05-28,0.09090906108777763,4.757298946380615
2021-06-01,-0.037878758264566104,4.577098369598389
2021-06-02,0.009448819553882881,4.620346546173096
2021-06-03,0.014040562588490735,4.685218811035156
2021-06-04,0.04923070472121038,4.915875434875488
2021-06-07,-0.15102628316192568,4.1734490394592285
2021-06-08,0.015543927195839968,4.238320827484131
2021-06-09,0.02891160538062909,4.3608574867248535
2021-06-10,0.0743801707113132,4.685218811035156
2021-06-11,-0.023076924642689067,4.577098369598389
2021-06-14,0.023622048884707425,4.685218811035156
2021-06-15,-0.0076922403643699955,4.649178981781006
2021-06-16,-0.031007786125895942,4.50501823425293
2021-06-17,-0.039999966129351194,4.324817657470703
2021-06-18,0.008333259829323758,4.3608574867248535
2021-06-21,0.01818185595548183,4.440145969390869
2021-06-22,0.0,4.440145969390869
2021-06-23,-0.02597399110642018,4.324817657470703
2021-06-24,0.016666519658647294,4.396897315979004
2021-06-25,0.0,4.396897315979004
2021-06-28,0.032786926136340266,4.54105806350708
2021-06-29,0.0,4.54105806350708
2021-06-30,0.0,4.54105806350708
2021-07-01,-0.047618947613581875,4.324817657470703
2021-07-02,0.0,4.324817657470703
2021-07-06,0.0,4.324817657470703
2021-07-07,0.0,4.324817657470703
2021-07-08,-0.008333480341352617,4.288776874542236
2021-07-09,0.0,4.288776874542236
2021-07-12,0.0,4.288776874542236
2021-07-13,0.0,4.288776874542236
2021-07-14,-0.008403288468579295,4.252737045288086
2021-07-15,0.0,4.252737045288086
2021-07-16,0.008474502154813823,4.288776874542236
2021-07-19,-0.0016805242746533722,4.281569480895996
2021-07-20,0.0016833531905529053,4.288776874542236
2021-07-21,0.008403510833683514,4.324817657470703
2021-07-22,0.016666519658647294,4.396897315979004
2021-07-23,0.009836175444601025,4.440145969390869
2021-07-26,-0.0016233408840806707,4.432938098907471
2021-07-27,0.0,4.432938098907471
2021-07-28,0.0,4.432938098907471
2021-07-29,0.0,4.432938098907471
2021-07-30,-0.0975610831765995,4.000455856323242
2021-08-02,-0.009008871021187748,3.964416265487671
2021-08-03,-0.023636443348726832,3.8707115650177
2021-08-04,-0.003724374483405901,3.856295585632324
2021-08-05,0.003738297302490645,3.8707115650177
2021-08-06,-0.0018622796350168391,3.8635032176971436
2021-08-09,-0.011193969752122057,3.8202552795410156
2021-08-10,-0.009433817428007418,3.7842156887054443
2021-08-11,-0.08571434331742434,3.4598541259765625
2021-08-12,0.05416657478665465,3.6472625732421875
2021-08-13,-0.0019761758085906633,3.640054941177368
2021-08-16,-0.013861473167474658,3.5895984172821045
2021-08-17,-0.02610437512499275,3.495894193649292
2021-08-18,-0.010309255851678967,3.4598541259765625
2021-08-19,-0.010416643696663619,3.423814058303833
2021-08-20,-0.04210530860414008,3.279653310775757
2021-08-23,0.043956093485374215,3.423814058303833
2021-08-24,0.12983265156818513,3.8683369159698486
2021-08-25,-0.021505294829004762,3.785147190093994
2021-08-26,-0.01098912589006662,3.743551731109619
2021-08-27,0.04888885803568743,3.926569700241089
2021-08-30,0.0,3.926569700241089
2021-08-31,0.014830568550667333,3.9848029613494873
2021-09-01,0.0,3.9848029613494873
2021-09-02,0.0,3.9848029613494873
2021-09-03,0.0,3.9848029613494873
2021-09-07,0.0,3.9848029613494873
2021-09-08,0.0,3.9848029613494873
2021-09-09,0.0,3.9848029613494873
2021-09-10,0.0,3.9848029613494873
2021-09-13,0.0,3.9848029613494873
2021-09-14,0.0,3.9848029613494873
2021-09-15,0.0,3.9848029613494873
2021-09-16,0.0,3.9848029613494873
2021-09-17,0.0,3.9848029613494873
2021-09-20,0.0,3.9848029613494873
2021-09-21,0.0,3.9848029613494873
2021-09-22,0.0,3.9848029613494873
2021-09-23,0.0,3.9848029613494873
2021-09-24,0.085594946592495,4.3258819580078125
2021-09-27,0.013461702956956145,4.384115695953369
2021-09-28,-0.013282892602334284,4.3258819580078125
2021-09-29,0.009615596594015452,4.367477893829346
2021-09-30,-0.00952401748393572,4.3258819580078125
2021-10-01,-0.005769159544410818,4.300925254821777
2021-10-04,-0.011605271753121538,4.251011848449707
2021-10-05,0.019569450112159048,4.334201812744141
2021-10-06,-0.0019195817582523533,4.3258819580078125
2021-10-07,0.04423088454714441,4.517219543457031
2021-10-08,0.0,4.517219543457031
2021-10-11,0.0036830898137247825,4.5338568687438965
2021-10-12,0.029357962774606783,4.666961669921875
2021-10-13,0.05169337330883361,4.908212661743164
2021-10-14,0.042372937341182526,5.116188049316406
2021-10-15,0.01626014593141245,5.19937801361084
2021-10-18,0.009599971973294652,5.249291896820068
2021-10-19,0.014263078659766837,5.32416296005249
2021-10-20,0.0,5.32416296005249
2021-10-21,-0.02656261712894603,5.1827392578125
2021-10-22,0.019261767788586015,5.282567977905273
2021-10-25,0.004724440864287693,5.307525157928467
2021-10-26,-0.026645794639630016,5.166101932525635
2021-10-27,0.03059580116522831,5.32416296005249
2021-10-28,0.0,5.32416296005249
2021-10-29,0.007812492303354901,5.365757942199707
2021-11-01,0.0,5.365757942199707
2021-11-02,-0.023255791220148536,5.240972995758057
2021-11-03,-0.02380949998075721,5.116188049316406
2021-11-04,0.004877987858434851,5.141144752502441
2021-11-05,0.03398053119703448,5.31584358215332
2021-11-08,0.00156501555596944,5.32416296005249
2021-11-09,0.006250011754876272,5.357439041137695
2021-11-10,-0.004658416051318004,5.332481861114502
2021-11-11,0.0,5.332481861114502
2021-11-12,0.0015600430116180508,5.340800762176514
2021-11-15,-0.0031152261364723044,5.32416296005249
2021-11-16,-0.004687531206397755,5.299205780029297
2021-11-17,-0.003139678437611315,5.282567977905273
2021-11-18,-0.007874007929702165,5.240972995758057
2021-11-19,0.0,5.240972995758057
2021-11-22,-0.0079364999935857,5.19937801361084
2021-11-23,-0.0048001235522822094,5.174420356750488
2021-11-24,-0.003215394377907077,5.157782554626465
2021-11-26,-0.016129109796800378,5.074592113494873
2021-11-29,0.008196902310811716,5.116188049316406
2021-11-30,-0.02113822699149559,5.008040904998779
2021-12-01,-0.026578027222342482,4.874937057495117
2021-12-02,-0.0017065610901332295,4.866617679595947
2021-12-03,-0.04273509884394888,4.658642292022705
2021-12-06,-0.008928563203584594,4.617047309875488
2021-12-07,0.0036036622205697366,4.63368558883667
2021-12-08,0.0,4.63368558883667
2021-12-09,0.02333933587945025,4.741832733154297
2021-12-10,-0.008772021563212218,4.700237274169922
2021-12-13,-0.008849549442067839,4.658642292022705
2021-12-14,0.0,4.658642292022705
2021-12-15,-0.02142851074644614,4.558814525604248
2021-12-16,0.02189774685014756,4.658642292022705
2021-12-17,-0.008928563203584594,4.617047309875488
2021-12-20,0.014414442327255417,4.683599472045898
2021-12-21,0.012433441727023098,4.741832733154297
2021-12-22,-0.008772021563212218,4.700237274169922
2021-12-23,0.017699200333728626,4.783427715301514
2021-12-27,0.05391296979786331,5.041316509246826
2021-12-28,0.009900962004205871,5.091230392456055
2021-12-29,-0.01960769438547083,4.991403102874756
2021-12-30,0.00833322904457523,5.0329976081848145
2021-12-31,0.0,5.0329976081848145
2022-01-03,0.0,5.0329976081848145
2022-01-04,0.024793364939955653,5.157782554626465
2022-01-05,0.024193618470184974,5.282567977905273
2022-01-06,0.01574801585940433,5.365757942199707
2022-01-07,0.027907073877547095,5.515500545501709
2022-01-10,-0.01809957998046663,5.415672302246094
2022-01-11,0.010752553733712977,5.473904609680176
2022-01-12,0.033434759543224946,5.656923294067383
2022-01-13,0.027941080773617788,5.81498384475708
2022-01-14,-0.005722389801314565,5.781708240509033
2022-01-18,-0.01582738844420606,5.69019889831543
2022-01-19,0.008771988631392835,5.740113258361816
2022-01-20,0.0,5.740113258361816
2022-01-21,-0.010144967265858007,5.681879997253418
2022-01-24,-0.004392331974293562,5.656923294067383
2022-01-25,-0.007353018031550418,5.615327835083008
2022-01-26,0.0014815480312997398,5.623647212982178
2022-01-27,0.013313528313515954,5.698517799377441
2022-01-28,-0.007299179676968359,5.656923294067383
2022-01-31,0.010293989224699596,5.715155601501465
2022-02-01,0.004366925172395009,5.740113258361816
2022-02-02,-0.036231847940129014,5.532138347625732
2022-02-03,0.0,5.532138347625732
2022-02-04,-0.0015039129923239969,5.523818492889404
2022-02-07,-0.010542038538927767,5.465586185455322
2022-02-08,0.027397180201122584,5.615327835083008
2022-02-09,-0.00740740048823918,5.573732852935791
2022-02-10,-0.004477556396139448,5.548776149749756
2022-02-11,-0.00449786695062071,5.523818492889404
2022-02-14,-0.013554135873878104,5.448947906494141
2022-02-15,0.0,5.448947906494141
2022-02-16,-0.041221386871687304,5.224334716796875
2022-02-17,-0.01273887791998407,5.157782554626465
2022-02-18,0.016129109796800378,5.240972995758057
2022-02-22,-0.011111245563121597,5.1827392578125
2022-02-23,0.003210417304567059,5.19937801361084
2022-02-24,0.006400011885670853,5.232654094696045
2022-02-25,0.009538922754290802,5.282567977905273
2022-02-28,-0.03622056284926234,5.091230392456055
2022-03-01,0.016339854589511482,5.174420356750488
2022-03-02,-0.003215394377907077,5.157782554626465
2022-03-03,0.0,5.157782554626465
2022-03-04,-0.00806441622335341,5.116188049316406
2022-03-07,-0.040650458030179415,4.908212661743164
2022-03-08,-0.006779576709748492,4.874937057495117
2022-03-09,-0.0017065610901332295,4.866617679595947
2022-03-10,-0.0170940003450899,4.783427715301514
2022-03-11,0.006956534741553444,4.816703796386719
2022-03-14,0.0,4.816703796386719
2022-03-15,-0.02072542707120628,4.7168755531311035
2022-03-16,0.028218647281314624,4.849979400634766
2022-03-17,0.0,4.849979400634766
2022-03-18,0.0,4.849979400634766
2022-03-21,0.0,4.849979400634766
2022-03-22,-0.00857632140494713,4.808384418487549
2022-03-23,0.0,4.808384418487549
2022-03-24,0.0,4.808384418487549
2022-03-25,-0.013840758047000246,4.741832733154297
2022-03-28,0.008771921003537297,4.783427715301514
2022-03-29,-0.008695643505631012,4.741832733154297
2022-03-30,-0.012280749740757213,4.683599472045898
2022-03-31,-0.014209618599461238,4.617047309875488
2022-04-01,0.025225222433941097,4.733513355255127
2022-04-04,0.014059781218642708,4.800065517425537
2022-04-05,-0.001732981392577937,4.791747093200684
2022-04-06,-0.01041673508128449,4.741832733154297
2022-04-07,0.0,4.741832733154297
2022-04-08,-0.017543942566749515,4.658642292022705
2022-04-11,0.0053571788643076435,4.683599472045898
2022-04-12,-0.03730022337109129,4.508900165557861
2022-04-13,-0.07564566650757643,4.167821407318115
2022-04-14,0.0,4.167821407318115
2022-04-18,0.0,4.167821407318115
2022-04-19,0.013971996057458691,4.2260541915893555
2022-04-20,0.053149623623920395,4.450667381286621
2022-04-21,0.04672892690443242,4.658642292022705
2022-04-22,-0.017857024051777137,4.57545280456543
2022-04-25,-0.04951539380245995,4.348897457122803
2022-04-26,0.010060415782421117,4.392649173736572
2022-04-27,0.035856502345351204,4.550154209136963
2022-04-28,-0.01923066241964122,4.46265172958374
2022-04-29,0.0039215250491539955,4.480152130126953
2022-05-02,-0.007812519956234665,4.445150852203369
2022-05-03,-0.01574796476823981,4.375148773193359
2022-05-04,0.01999999564049415,4.46265172958374
2022-05-05,-0.029411811845867053,4.33139705657959
2022-05-06,0.0,4.33139705657959
2022-05-09,-0.03030297025473827,4.200142860412598
2022-05-10,0.02083332860296694,4.2876458168029785
2022-05-11,0.0,4.2876458168029785
2022-05-12,-0.01836742070175812,4.208892822265625
2022-05-13,0.018711095260192767,4.2876458168029785
2022-05-16,0.012244872993251166,4.340147495269775
2022-05-17,-0.02217744792900944,4.243894100189209
2022-05-18,0.0,4.243894100189209
2022-05-19,0.02061855322602879,4.33139705657959
2022-05-20,0.0,4.33139705657959
2022-05-23,-0.02020201686600398,4.243894100189209
2022-05-24,0.014432998494060323,4.305146217346191
2022-05-25,-0.004064995626095302,4.2876458168029785
2022-05-26,0.006122325284744212,4.313896179199219
2022-05-27,0.016227333662286014,4.383899211883545
2022-05-31,0.007983942922672238,4.418900012969971
2022-06-01,0.00990104245068979,4.46265172958374
2022-06-02,0.005882447849679062,4.488903045654297
2022-06-03,0.0038984855605193047,4.506402969360352
2022-06-06,-0.005825231212539417,4.480152130126953
2022-06-07,0.005859363358863057,4.506402969360352
2022-06-08,0.05825241793864788,4.768911838531494
2022-06-09,-0.007339468438225971,4.73391056060791
2022-06-10,0.009242193331204573,4.77766227722168
2022-06-13,-0.0018315314441342823,4.768911838531494
2022-06-14,0.0,4.768911838531494
2022-06-15,-0.009174260556279012,4.725160598754883
2022-06-16,0.0,4.725160598754883
2022-06-17,-0.009259307847716003,4.681408882141113
2022-06-21,0.0037382764427977833,4.698909282684326
2022-06-22,-0.02234622415107601,4.593906402587891
2022-06-23,-0.019047717902621053,4.506402969360352
2022-06-24,0.009708683416481456,4.550154209136963
2022-06-27,0.0,4.550154209136963
2022-06-28,0.0,4.550154209136963
2022-06-29,0.0,4.550154209136963
2022-06-30,-0.00961533120982061,4.506402969360352
2022-07-01,0.0,4.506402969360352
2022-07-05,-0.01941747264621596,4.418900012969971
2022-07-06,-0.00990093454212504,4.375148773193359
2022-07-07,0.009999943326425065,4.418900012969971
2022-07-08,0.00990104245068979,4.46265172958374
2022-07-11,0.0,4.46265172958374
2022-07-12,-0.009803972898833058,4.418900012969971
2022-07-13,-0.0019801221632861354,4.410150051116943
2022-07-14,-0.017857214295329493,4.33139705657959
2022-07-15,0.0,4.33139705657959
2022-07-18,0.0101010634772698,4.375148773193359
2022-07-19,0.009999943326425065,4.418900012969971
2022-07-20,0.0,4.418900012969971
2022-07-21,0.06732685126584848,4.7164106369018555
2022-07-22,-0.0074212695745539126,4.681408882141113
2022-07-25,-0.028037429822647564,4.550154209136963
2022-07-26,0.017307763850995084,4.628907203674316
2022-07-27,0.0018904927539695748,4.63765811920166
2022-07-28,0.0,4.63765811920166
2022-07-29,0.0,4.63765811920166
2022-08-01,-0.018868124345431614,4.550154209136963
2022-08-02,0.03846163922675361,4.725160598754883
2022-08-03,0.0,4.725160598754883
2022-08-04,0.007407426095275449,4.760161876678467
2022-08-05,0.007352959590527064,4.795163154602051
2022-08-08,0.003649494947686849,4.8126630783081055
2022-08-09,0.034545619558171925,4.978919506072998
2022-08-10,0.054481465445124,5.250178337097168
2022-08-11,0.0,5.250178337097168
2022-08-12,0.0,5.250178337097168
2022-08-15,0.016666663639232082,5.337681293487549
2022-08-16,-0.008196675179912294,5.2939300537109375
2022-08-17,0.0,5.2939300537109375
2022-08-18,-0.004958757634539346,5.267678737640381
2022-08-19,-0.0033222224465139227,5.250178337097168
2022-08-22,-0.03333323645542374,5.0751729011535645
2022-08-23,0.018965352172410244,5.1714253425598145
2022-08-24,-0.0033840574665533474,5.153924942016602
2022-08-25,-0.01358228530635519,5.083922863006592
2022-08-26,0.0,5.083922863006592
2022-08-29,-0.03614459865393693,4.9001665115356445
2022-08-30,0.0,4.9001665115356445
2022-08-31,-0.03571427876354294,4.725160598754883
2022-09-01,0.001851780837953454,4.73391056060791
2022-09-02,0.03327175497319135,4.891416072845459
2022-09-06,0.010733431318234787,4.943917751312256
2022-09-07,0.03539822496729639,5.118923664093018
2022-09-08,0.0,5.118923664093018
2022-09-09,0.025641068634182584,5.250178337097168
2022-09-12,0.0,5.250178337097168
2022-09-13,-0.01833335725006724,5.153924942016602
2022-09-14,0.00169782035800492,5.162675380706787
2022-09-15,0.016949149411443543,5.250178337097168
2022-09-16,0.0,5.250178337097168
2022-09-19,-0.008333286408095941,5.206427097320557
2022-09-20,-0.00840340521358418,5.162675380706787
2022-09-21,0.0,5.162675380706787
2022-09-22,0.016949149411443543,5.250178337097168
2022-09-23,-0.025000040870368112,5.118923664093018
2022-09-26,-0.008546867624994126,5.0751729011535645
2022-09-27,-0.008620828157595017,5.031420707702637
2022-09-28,-0.008695603551822306,4.987669467926025
2022-09-29,-0.008771975948911992,4.943917751312256
2022-09-30,0.008849604466449001,4.987669467926025
2022-10-03,-0.0070175616384896555,4.952668190002441
2022-10-04,0.007067155840207118,4.987669467926025
2022-10-05,0.008771880345712635,5.031420707702637
2022-10-06,0.024347841580097285,5.153924942016602
2022-10-07,0.00169782035800492,5.162675380706787
2022-10-10,0.0,5.162675380706787
2022-10-11,-0.008474620886928519,5.118923664093018
2022-10-12,0.008547053928674275,5.162675380706787
2022-10-13,0.016949149411443543,5.250178337097168
2022-10-14,-0.01666666363923197,5.162675380706787
2022-10-17,0.00847462088692863,5.206427097320557
2022-10-18,0.008403313627329378,5.250178337097168
2022-10-19,0.004999990009465494,5.276429176330566
2022-10-20,0.0033168032386141633,5.2939300537109375
2022-10-21,0.009917335124213444,5.346431732177734
2022-10-24,-0.009819947414798746,5.2939300537109375
2022-10-25,0.00826441591270033,5.337681293487549
2022-10-26,0.016393350359824588,5.4251837730407715
2022-10-27,0.006451717808100055,5.460185527801514
2022-10-28,0.0016025899936240595,5.468935966491699
2022-10-31,0.008000041851255357,5.512687683105469
2022-11-01,0.0,5.512687683105469
2022-11-02,0.03174593700998818,5.687693119049072
2022-11-03,0.07692306402513016,6.125207901000977
2022-11-04,-0.02857134627463087,5.950202465057373
2022-11-07,-0.014705958955414378,5.862699031829834
2022-11-08,-0.007462563352121809,5.818948268890381
2022-11-09,0.015037507726444854,5.9064507484436035
2022-11-10,0.007407446278172802,5.950202465057373
2022-11-11,0.058823435131797774,6.300213813781738
2022-11-14,0.0,6.300213813781738
2022-11-15,-0.02777777357300726,6.125207901000977
2022-11-16,0.028571424122953104,6.300213813781738
2022-11-17,-0.009722152633270364,6.238962173461914
2022-11-18,-0.016830260228253402,6.13395881652832
2022-11-21,-0.015691965791873708,6.037704944610596
2022-11-22,0.00724641515528579,6.081456661224365
2022-11-23,0.03597117676628003,6.300213813781738
2022-11-25,-0.020833292336820852,6.168959617614746
2022-11-28,-0.035460947407199295,5.950202465057373
2022-11-29,0.002941143708299787,5.967702865600586
2022-11-30,-0.0175953522042831,5.862699031829834
2022-12-01,0.0,5.862699031829834
2022-12-02,-0.007462563352121809,5.818948268890381
2022-12-05,-0.022556507426442107,5.687693119049072
2022-12-06,0.015384612805026121,5.775196075439453
2022-12-07,0.0742425523454473,6.203961372375488
2022-12-08,0.0,6.203961372375488
2022-12-09,0.0,6.203961372375488
2022-12-12,-0.055007167205327945,5.862699031829834
2022-12-13,-0.02089553525583754,5.740194797515869
2022-12-14,-0.0015243318670672412,5.731444835662842
2022-12-15,-0.013740513395039233,5.652691841125488
2022-12-16,-0.02476769686991176,5.512687683105469
2022-12-19,0.0,5.512687683105469
2022-12-20,0.007936376129838552,5.556438446044922
2022-12-21,0.009448800517922962,5.608940124511719
2022-12-22,-0.0015599177066685233,5.60019063949585
2022-12-23,0.023437451439833223,5.731444835662842
2022-12-27,0.03053434479414685,5.9064507484436035
2022-12-28,0.007407446278172802,5.950202465057373
2022-12-29,0.002941143708299787,5.967702865600586
2022-12-30,-0.01026393547675708,5.9064507484436035
2023-01-03,0.0,5.9064507484436035
2023-01-04,0.0,5.9064507484436035
2023-01-05,0.007407446278172802,5.950202465057373
2023-01-06,-0.007352979477707189,5.9064507484436035
2023-01-09,0.0,5.9064507484436035
2023-01-10,0.0,5.9064507484436035
2023-01-11,0.0,5.9064507484436035
2023-01-12,-0.007407446278172802,5.862699031829834
2023-01-13,0.0,5.862699031829834
2023-01-17,-0.008955206157053919,5.810197353363037
2023-01-18,-0.015060238244701374,5.722694396972656
2023-01-19,0.0,5.722694396972656
2023-01-20,0.009174293580060944,5.775196075439453
2023-01-23,0.0045454455382107906,5.801446914672852
2023-01-24,-0.009049673711027828,5.748945713043213
2023-01-25,-0.0030441890137639094,5.731444835662842
2023-01-26,-0.007633627796874598,5.687693119049072
2023-01-27,-0.01538452896837239,5.60019063949585
2023-01-30,-0.010937590867380664,5.538938045501709
2023-01-31,-0.020537198922692346,5.4251837730407715
2023-02-01,0.01129050616417504,5.48643684387207
2023-02-02,0.0031896701272704497,5.503936767578125
2023-02-03,-0.0031795284802581536,5.48643684387207
2023-02-06,0.012759028157051988,5.556438446044922
2023-02-07,-0.007873886008868625,5.512687683105469
2023-02-08,0.0,5.512687683105469
2023-02-09,0.0,5.512687683105469
2023-02-10,0.0,5.512687683105469
2023-02-13,0.007936376129838552,5.556438446044922
2023-02-14,0.0078741434600198,5.60019063949585
2023-02-15,0.0,5.60019063949585
2023-02-16,0.03124990687091289,5.775196075439453
2023-02-17,0.007575880174353733,5.818948268890381
2023-02-21,-0.022556507426442107,5.687693119049072
2023-02-22,-0.00769234832083987,5.643941402435303
2023-02-23,0.0,5.643941402435303
2023-02-24,0.0015504127463850104,5.652691841125488
2023-02-27,-0.001548012687782263,5.643941402435303
2023-02-28,-0.007751810272263793,5.60019063949585
2023-03-01,0.0,5.60019063949585
2023-03-02,0.0,5.60019063949585
2023-03-03,-0.010937590867380664,5.538938045501709
2023-03-06,-0.004739241020678797,5.512687683105469
2023-03-07,0.007936376129838552,5.556438446044922
2023-03-08,0.0,5.556438446044922
2023-03-09,0.0,5.556438446044922
2023-03-10,0.0078741434600198,5.60019063949585
2023-03-13,-0.004687575434560554,5.573939323425293
2023-03-14,0.006279365284679317,5.608940124511719
2023-03-15,0.00624026592307958,5.643941402435303
2023-03-16,0.007751979245371077,5.687693119049072
2023-03-17,0.015384612805026121,5.775196075439453
2023-03-20,0.0015151760348708354,5.783946514129639
2023-03-21,0.006051534998678942,5.818948268890381
2023-03-22,-0.015037671617628146,5.731444835662842
2023-03-23,-0.02137414119191383,5.608940124511719
2023-03-24,0.003120175468425801,5.62644100189209
2023-03-27,-0.0015551503783803877,5.6176910400390625
2023-03-28,-0.003115230157458293,5.60019063949585
2023-03-29,-0.007812625724267552,5.556438446044922
2023-03-30,0.015748029468888536,5.643941402435303
2023-03-31,0.007751979245371077,5.687693119049072
2023-04-03,-0.013846210210180954,5.608940124511719
2023-04-04,0.00624026592307958,5.643941402435303
2023-04-05,0.015503958490742376,5.731444835662842
2023-04-06,0.0,5.731444835662842
2023-04-10,-0.007633627796874598,5.687693119049072
2023-04-11,0.007692348320839759,5.731444835662842
2023-04-12,0.007633544600198716,5.775196075439453
2023-04-13,-0.007575715041550746,5.731444835662842
2023-04-14,0.007633544600198716,5.775196075439453
2023-04-17,0.006060621573081404,5.810197353363037
2023-04-18,-0.004518063266509165,5.783946514129639
2023-04-19,0.007564336306860486,5.827698230743408
2023-04-20,0.014382114113171474,5.911512851715088
2023-04-21,0.0,5.911512851715088
2023-04-24,0.0,5.911512851715088
2023-04-25,0.007751984881274154,5.957338809967041
2023-04-26,-0.0015384867824687065,5.948173522949219
2023-04-27,-0.012326618473421647,5.874852657318115
2023-04-28,0.0,5.874852657318115
2023-05-01,0.0,5.874852657318115
2023-05-02,-0.020280819083120183,5.755705833435059
2023-05-03,-0.06050955255708301,5.407430648803711
2023-05-04,-0.008474627087837194,5.361604690551758
2023-05-05,0.008547060236034909,5.407430648803711
2023-05-08,0.013559368067805444,5.480751991271973
2023-05-09,0.011705616075211589,5.544907569885254
2023-05-10,0.0,5.544907569885254
2023-05-11,0.0,5.544907569885254
2023-05-12,0.008264426563875604,5.590733051300049
2023-05-15,0.0,5.590733051300049
2023-05-16,0.0032786572047514007,5.609063148498535
2023-05-17,0.0,5.609063148498535
2023-05-18,-0.008169814345895476,5.563238143920898
2023-05-19,-0.011532142574292692,5.499082088470459
2023-05-22,-0.0016666939809897308,5.489916801452637
2023-05-23,0.0,5.489916801452637
2023-05-24,0.006677819092710147,5.526577472686768
2023-05-25,-0.008291837333552654,5.480751991271973
2023-05-26,0.003344449306897479,5.499082088470459
2023-05-30,0.016666592961350313,5.590733051300049
2023-05-31,0.016393456605021672,5.682384490966797
2023-06-01,0.0,5.682384490966797
2023-06-02,0.0,5.682384490966797
2023-06-05,0.0,5.682384490966797
2023-06-06,0.0,5.682384490966797
2023-06-07,0.0,5.682384490966797
2023-06-08,-0.008064397023905046,5.63655948638916
2023-06-12,0.0032520010199037497,5.6548895835876465
2023-06-13,0.01944884305916017,5.764870643615723
2023-06-14,-0.014308413449012014,5.682384490966797
2023-06-15,0.008064564853857092,5.72821044921875
2023-06-16,0.007999964704691553,5.774035930633545
2023-06-20,0.047619004361290296,6.048989772796631
2023-06-21,-0.007575645901026329,6.003164768218994
2023-06-22,0.0,6.003164768218994
2023-06-23,-0.007633633262001727,5.957338809967041
2023-06-26,-0.015384547656791203,5.865687847137451
2023-06-27,-0.02343755779397505,5.72821044921875
2023-06-28,0.0,5.72821044921875
2023-06-29,0.0,5.72821044921875
2023-06-30,0.0016000262383990549,5.737375736236572
2023-07-03,-0.001597470244093513,5.72821044921875
2023-07-05,-0.008000047948343636,5.682384490966797
2023-07-06,0.0,5.682384490966797
2023-07-07,0.03225817550045207,5.865687847137451
2023-07-10,0.10937491743717853,6.507246971130371
2023-07-11,0.004225421468626145,6.534742832183838
2023-07-12,0.0028050219678439348,6.553072929382324
2023-07-13,0.0,6.553072929382324
2023-07-14,0.0027971758281979398,6.5714030265808105
2023-07-17,-0.005578746920358535,6.534742832183838
2023-07-18,0.0,6.534742832183838
2023-07-19,-0.004207642406071188,6.507246971130371
2023-07-20,0.0014084738228754556,6.516412258148193
2023-07-21,-0.0014064928145640643,6.507246971130371
2023-07-24,-0.007042222558649058,6.461421489715576
2023-07-25,0.0,6.461421489715576
2023-07-26,-0.002836852111824273,6.44309139251709
2023-07-27,-0.004267495116614395,6.415595531463623
2023-07-28,0.0,6.415595531463623
2023-07-31,0.014285725965308638,6.507246971130371
2023-08-01,0.021126740953810952,6.644723892211914
2023-08-02,0.006896593296474629,6.690549850463867
2023-08-03,-0.05342467803664719,6.333109378814697
2023-08-04,0.027496381619144694,6.507246971130371
2023-08-07,0.0,6.507246971130371
2023-08-08,-0.07183099252082159,6.039824962615967
2023-08-09,-0.013657043566573712,5.957338809967041
2023-08-10,-0.015384547656791203,5.865687847137451
2023-08-11,0.0,5.865687847137451
2023-08-14,0.0,5.865687847137451
2023-08-15,0.0,5.865687847137451
2023-08-16,-0.02343755779397505,5.72821044921875
2023-08-17,0.007999964704691553,5.774035930633545
2023-08-18,0.015873111564418396,5.865687847137451
2023-08-21,-0.02343755779397505,5.72821044921875
2023-08-22,0.007999964704691553,5.774035930633545
2023-08-23,0.0,5.774035930633545
2023-08-24,-0.007936473199217975,5.72821044921875
2023-08-25,0.0,5.72821044921875
2023-08-28,0.007999964704691553,5.774035930633545
2023-08-29,-0.006349145526177935,5.737375736236572
2023-08-30,0.0,5.737375736236572
2023-08-31,0.01437689975415024,5.81986141204834
2023-09-01,0.0,5.81986141204834
2023-09-05,-0.015747963111261254,5.72821044921875
2023-09-06,0.0,5.72821044921875
2023-09-07,0.0,5.72821044921875
2023-09-08,0.0,5.72821044921875
2023-09-11,-0.001600026238399166,5.719045162200928
2023-09-12,-0.006410278323457419,5.682384490966797
2023-09-13,0.00483878926129977,5.709880352020264
2023-09-14,0.0032102419084842904,5.72821044921875
2023-09-15,-0.009599990943090608,5.673219680786133
2023-09-18,0.0,5.673219680786133
2023-09-19,0.0,5.673219680786133
2023-09-20,0.0,5.673219680786133
2023-09-21,0.0016154513127180081,5.682384490966797
2023-09-22,0.0,5.682384490966797
2023-09-25,0.0,5.682384490966797
2023-09-26,-0.008064397023905046,5.63655948638916
2023-09-27,0.0,5.63655948638916
2023-09-28,0.011382045868264301,5.700715065002441
2023-09-29,-0.003215486798871736,5.682384490966797
2023-10-02,0.0,5.682384490966797
2023-10-03,-0.001612845838790622,5.673219680786133
2023-10-04,-0.0016155353632546499,5.6640543937683105
2023-10-05,-0.004854280250098042,5.63655948638916
2023-10-06,-0.008130214042763262,5.590733051300049
2023-10-09,-0.022950771014524363,5.462421417236328
2023-10-10,0.006711432244764337,5.499082088470459
2023-10-11,-0.0016666939809897308,5.489916801452637
2023-10-12,0.0,5.489916801452637
2023-10-13,-0.006677819092710147,5.453256130218506
2023-10-16,-0.0336133858596136,5.269953727722168
2023-10-17,0.005217386268815183,5.297449111938477
2023-10-18,0.0,5.297449111938477
2023-10-19,0.010380612870577455,5.352439880371094
2023-10-20,0.01027396283969173,5.407430648803711
2023-10-23,0.0,5.407430648803711
2023-10-24,0.0,5.407430648803711
2023-10-25,0.0,5.407430648803711
2023-10-26,0.0,5.407430648803711
2023-10-27,0.008474538906002138,5.453256130218506
2023-10-30,-0.01680673665021415,5.361604690551758
2023-10-31,-0.008546971300504302,5.315779209136963
2023-11-01,0.0,5.315779209136963
2023-11-02,-0.032758620225678214,5.141641616821289
2023-11-03,-0.001782560454590465,5.132476329803467
2023-11-06,0.017857157788442768,5.224127769470215
2023-11-07,0.0,5.224127769470215
2023-11-08,0.017543874061112907,5.315779209136963
2023-11-09,0.0086206517637204,5.361604690551758
2023-11-10,0.008547060236034909,5.407430648803711
2023-11-13,-0.008474627087837194,5.361604690551758
2023-11-14,-0.017093942601008494,5.269953727722168
2023-11-15,-0.00869570410284426,5.224127769470215
2023-11-16,0.00877198266852508,5.269953727722168
2023-11-17,0.02608693134407547,5.407430648803711
2023-11-20,-0.02542370489984136,5.269953727722168
2023-11-21,0.0,5.269953727722168
2023-11-22,0.0,5.269953727722168
2023-11-24,0.0,5.269953727722168
2023-11-27,0.00869561362061555,5.315779209136963
2023-11-28,0.0086206517637204,5.361604690551758
2023-11-29,0.0,5.361604690551758
2023-11-30,-0.011965742033599791,5.297449111938477
2023-12-01,-0.005190306435288727,5.269953727722168
2023-12-04,0.012173931454644737,5.334109783172607
2023-12-05,0.013745661152758215,5.407430648803711
2023-12-06,0.0,5.407430648803711
2023-12-07,-0.008474627087837194,5.361604690551758
2023-12-08,0.0,5.361604690551758
2023-12-11,0.008547060236034909,5.407430648803711
2023-12-12,0.0,5.407430648803711
2023-12-13,0.008474538906002138,5.453256130218506
2023-12-14,0.025210061254913763,5.590733051300049
2023-12-15,0.016393456605021672,5.682384490966797
2023-12-18,0.0,5.682384490966797
2023-12-19,0.0,5.682384490966797
2023-12-20,0.008064564853857092,5.72821044921875
2023-12-21,-0.00640002170994447,5.691549777984619
2023-12-22,0.0,5.691549777984619
2023-12-26,-0.0016103324007240571,5.682384490966797
2023-12-27,0.0,5.682384490966797
2023-12-28,0.0,5.682384490966797
2023-12-29,0.016129045792738106,5.774035930633545
2024-01-02,0.0,5.774035930633545
2024-01-03,0.0,5.774035930633545
2024-01-04,-0.007936473199217975,5.72821044921875
2024-01-05,0.007999964704691553,5.774035930633545
2024-01-08,0.0,5.774035930633545
2024-01-09,-0.007936473199217975,5.72821044921875
2024-01-10,-0.008000047948343636,5.682384490966797
2024-01-11,0.0032258595075331797,5.700715065002441
2024-01-12,-0.003215486798871736,5.682384490966797
2024-01-16,0.0,5.682384490966797
2024-01-17,0.0032258595075331797,5.700715065002441
2024-01-18,0.011253952860605487,5.764870643615723
2024-01-19,0.0,5.764870643615723
2024-01-22,-0.00635923972337038,5.72821044921875
2024-01-23,0.020800008124580494,5.847357273101807
2024-01-24,0.015673993461687408,5.939008712768555
2024-01-25,-0.0030864703054290787,5.92067813873291
2024-01-26,0.0061919716584992734,5.957338809967041
2024-01-29,-0.0015384867824687065,5.948173522949219
2024-01-30,0.0015408573711679363,5.957338809967041
2024-01-31,0.0,5.957338809967041
2024-02-01,0.0,5.957338809967041
2024-02-02,-0.0030768935229634753,5.939008712768555
2024-02-05,0.0030863900164141977,5.957338809967041
2024-02-06,0.0,5.957338809967041
2024-02-07,-0.007692353870369595,5.911512851715088
2024-02-08,0.007751984881274154,5.957338809967041
2024-02-09,-0.007692353870369595,5.911512851715088
2024-02-12,0.0,5.911512851715088
2024-02-13,0.007751984881274154,5.957338809967041
2024-02-14,0.0,5.957338809967041
2024-02-15,0.007692353870369706,6.003164768218994
2024-02-16,-0.004580227615778809,5.975668907165527
2024-02-20,-0.003067455289650689,5.957338809967041
2024-02-21,0.0,5.957338809967041
2024-02-22,0.0,5.957338809967041
2024-02-23,0.0,5.957338809967041
2024-02-26,0.007692353870369706,6.003164768218994
2024-02-27,-0.007633633262001727,5.957338809967041
2024-02-28,0.0,5.957338809967041
2024-02-29,0.0,5.957338809967041
2024-03-01,0.02769228183259309,6.122311115264893
2024-03-04,0.01497007223926139,6.213962554931641
2024-03-05,0.0,6.213962554931641
2024-03-06,0.013274324059687315,6.296448707580566
2024-03-07,0.01164487251043389,6.369770050048828
2024-03-08,-0.0043165426695580544,6.3422746658325195
2024-03-11,0.0014450352063806182,6.351439476013184
2024-03-12,0.0,6.351439476013184
2024-03-13,-0.0014429500926956829,6.3422746658325195
2024-03-14,-0.0014451103903143636,6.333109378814697
2024-03-15,-0.0014471264638696857,6.323944568634033
2024-03-18,0.0,6.323944568634033
2024-03-19,0.0,6.323944568634033
2024-03-20,-0.007246495378280926,6.278118133544922
2024-03-21,-0.00729916252018048,6.232293128967285
2024-03-22,0.0,6.232293128967285
2024-03-25,-0.007352985057611838,6.186467170715332
2024-03-26,-0.022222278745690827,6.048989772796631
2024-03-27,-0.045454506039934395,5.774035930633545
2024-03-28,0.0,5.774035930633545
2024-04-01,-0.025396747270694076,5.627394199371338
2024-04-02,0.0,5.627394199371338
2024-04-03,-0.0065147645202080495,5.590733051300049
2024-04-04,-0.004917943161810712,5.563238143920898
2024-04-05,-0.01482700371887924,5.480751991271973
2024-04-08,-0.04682281230941099,5.224127769470215
2024-04-09,-0.02982450375554846,5.0683207511901855
2024-04-10,-0.016274848554041488,4.98583459854126
2024-04-11,-0.007352965789289678,4.949173927307129
2024-04-12,-0.029629729544847994,4.8025312423706055
2024-04-15,0.0,4.8025312423706055
2024-04-16,0.011450471115026284,4.857522487640381
2024-04-17,0.03018868332004354,5.004164695739746
2024-04-18,0.0,5.004164695739746
2024-04-19,0.053113566028052395,5.269953727722168
2024-04-22,0.0,5.269953727722168
2024-04-23,0.0,5.269953727722168
2024-04-24,0.00869561362061555,5.315779209136963
2024-04-25,0.0017240765314163742,5.324944019317627
2024-04-26,0.0206541164195162,5.4349260330200195
2024-04-29,0.011804402683800674,5.499082088470459
2024-04-30,0.006666602499685537,5.535742282867432
2024-05-02,0.01821204788267461,5.63655948638916
2024-05-03,0.008129960251158863,5.682384490966797
2024-05-06,0.008064564853857092,5.72821044921875
2024-05-07,0.03999999001076171,5.957338809967041
2024-05-08,0.0,5.957338809967041
2024-05-09,0.023076981569134958,6.094816207885742
2024-05-10,-0.015037605161606904,6.003164768218994
2024-05-13,0.00763347440007589,6.048989772796631
2024-05-14,-0.007575645901026329,6.003164768218994
2024-05-15,0.0,6.003164768218994
2024-05-16,0.0,6.003164768218994
2024-05-17,-0.007633633262001727,5.957338809967041
2024-05-20,0.015384547656791314,6.048989772796631
2024-05-21,-0.003030274126254895,6.0306596755981445
2024-05-22,0.04863230704637633,6.323944568634033
2024-05-23,-0.05072463822754969,6.003164768218994
2024-05-24,0.0,6.003164768218994
2024-05-28,-0.007633633262001727,5.957338809967041
2024-05-29,-0.030769255397530504,5.774035930633545
2024-05-30,-0.015873028981427173,5.682384490966797
2024-05-31,0.0,5.682384490966797
2024-06-03,0.0,5.682384490966797
2024-06-04,0.0,5.682384490966797
2024-06-05,-0.001612845838790622,5.673219680786133
2024-06-06,0.0,5.673219680786133
2024-06-10,0.0016154513127180081,5.682384490966797
2024-06-11,0.0,5.682384490966797
2024-06-12,0.0016129297537665899,5.691549777984619
2024-06-13,0.0,5.691549777984619
2024-06-14,0.008051578223775113,5.737375736236572
2024-06-17,0.0031948573775142375,5.755705833435059
2024-06-18,0.0031846827702706193,5.774035930633545
2024-06-20,-0.015873028981427173,5.682384490966797
2024-06-21,-0.011290256531438225,5.618228912353516
2024-06-24,0.011419182025889762,5.682384490966797
2024-06-25,0.0,5.682384490966797
2024-06-26,0.016129045792738106,5.774035930633545
2024-06-27,0.0,5.774035930633545
2024-06-28,0.006349228109169047,5.810696601867676
2024-07-01,-0.006309169751238963,5.774035930633545
2024-07-02,-0.015873028981427173,5.682384490966797
2024-07-03,0.0,5.682384490966797
2024-07-05,0.06129032366341902,6.0306596755981445
2024-07-08,0.0,6.0306596755981445
2024-07-09,-0.0015197027644832106,6.0214948654174805
2024-07-10,0.0,6.0214948654174805
2024-07-11,-0.009132411413059427,5.966504096984863
2024-07-12,0.006144413988194097,6.003164768218994
2024-07-15,0.00763347440007589,6.048989772796631
2024-07-16,0.0,6.048989772796631
2024-07-17,-0.003030274126254895,6.0306596755981445
2024-07-18,-0.0030394845977887996,6.012329578399658
2024-07-19,0.004573166500234871,6.039824962615967
2024-07-22,-0.004552347855524608,6.012329578399658
2024-07-23,0.0,6.012329578399658
2024-07-24,0.0030487512301953235,6.0306596755981445
2024-07-25,0.009118611931010934,6.08565092086792
2024-07-26,0.018072271692105124,6.195632457733154
2024-07-29,0.0,6.195632457733154
2024-07-30,-0.004437865609989489,6.168137073516846
2024-07-31,-0.011887035705790305,6.094816207885742
2024-08-01,-0.007518919935570634,6.048989772796631
2024-08-02,-0.006060548252509901,6.012329578399658
2024-08-05,-0.012195084230665176,5.939008712768555
2024-08-06,0.0,5.939008712768555
2024-08-07,0.010802485490972069,6.003164768218994
2024-08-08,0.0,6.003164768218994
2024-08-09,0.004580068753852862,6.0306596755981445
2024-08-12,0.0,6.0306596755981445
2024-08-13,0.001519781833305478,6.039824962615967
2024-08-14,0.0,6.039824962615967
2024-08-15,0.0,6.039824962615967
2024-08-16,-0.010622171312503093,5.975668907165527
2024-08-19,0.004601302629149373,6.003164768218994
2024-08-20,0.0030534056462228065,6.0214948654174805
2024-08-21,-0.003044110741297734,6.003164768218994
2024-08-22,0.006106811292445835,6.039824962615967
2024-08-23,-0.006069744508141239,6.003164768218994
2024-08-26,0.012213781446817507,6.076486110687256
2024-08-27,0.0,6.076486110687256
2024-08-28,0.0,6.076486110687256
2024-08-29,-0.007541601223857386,6.0306596755981445
2024-08-30,0.0,6.0306596755981445
2024-09-03,-0.0030394845977887996,6.012329578399658
2024-09-04,0.013719578810588162,6.094816207885742
2024-09-05,0.0,6.094816207885742
2024-09-06,-0.022556446860666046,5.957338809967041
2024-09-09,0.015384547656791314,6.048989772796631
2024-09-10,-0.01212117533424184,5.975668907165527
2024-09-11,-0.003067455289650689,5.957338809967041
2024-09-12,0.007692353870369706,6.003164768218994
2024-09-13,0.004580068753852862,6.0306596755981445
2024-09-16,0.0,6.0306596755981445
2024-09-17,-0.00455918736227201,6.003164768218994
2024-09-18,-0.007633633262001727,5.957338809967041
2024-09-19,0.0,5.957338809967041
2024-09-20,-0.006153867087900888,5.92067813873291
2024-09-23,0.02167177999836034,6.048989772796631
2024-09-24,-0.01818172358675163,5.939008712768555
2024-09-25,0.0,5.939008712768555
2024-09-26,0.026234596151073042,6.094816207885742
2024-09-27,0.015037526925095523,6.186467170715332
2024-09-30,0.0,6.186467170715332
2024-10-01,0.0,6.186467170715332
2024-10-02,-0.022222278745690827,6.048989772796631
2024-10-03,-0.009090822378764796,5.993999481201172
2024-10-04,-0.006116228629833631,5.957338809967041
2024-10-07,0.0,5.957338809967041
2024-10-09,-0.012307654133827728,5.8840179443359375
2024-10-10,0.00934578530399488,5.939008712768555
2024-10-11,-0.009259250338257585,5.8840179443359375
2024-10-14,0.015576254813739032,5.975668907165527
2024-10-15,0.0,5.975668907165527
2024-10-16,0.0,5.975668907165527
2024-10-17,0.0,5.975668907165527
2024-10-18,0.004601302629149373,6.003164768218994
2024-10-21,0.0030534056462228065,6.0214948654174805
2024-10-22,-0.0076103956369937276,5.975668907165527
2024-10-23,-0.003067455289650689,5.957338809967041
2024-10-24,0.015384547656791314,6.048989772796631
2024-10-25,-0.007575645901026329,6.003164768218994
2024-10-28,0.0,6.003164768218994
2024-10-29,0.00763347440007589,6.048989772796631
2024-10-30,0.0,6.048989772796631
2024-10-31,-0.015151449460496735,5.957338809967041
2024-11-04,0.0,5.957338809967041
2024-11-05,-0.004615380305432182,5.929843425750732
2024-11-06,0.043276647718925254,6.186467170715332
2024-11-07,-0.010370386470994752,6.122311115264893
2024-11-08,0.005988044472735821,6.158971786499023
2024-11-11,-0.013392767278554985,6.076486110687256
2024-11-12,-0.004525039206831227,6.048989772796631
2024-11-13,0.0,6.048989772796631
2024-11-14,0.0,6.048989772796631
2024-11-15,0.0060607059109540895,6.08565092086792
2024-11-18,-0.006024195036487656,6.048989772796631
2024-11-19,-0.009090822378764796,5.993999481201172
2024-11-20,0.012232377707248387,6.067320346832275
2024-11-21,0.004531796490327533,6.094816207885742
2024-11-22,0.00751868522603627,6.140641212463379
2024-11-25,-0.017910431998861887,6.0306596755981445
2024-11-26,0.010638393764316412,6.094816207885742
2024-11-27,-0.015037605161606904,6.003164768218994
2024-11-29,0.0,6.003164768218994
2024-12-02,0.0,6.003164768218994
2024-12-03,-0.004580227615778809,5.975668907165527
2024-12-04,0.0,5.975668907165527
2024-12-05,0.0,5.975668907165527
2024-12-06,0.0,5.975668907165527
2024-12-10,0.001533767543049791,5.98483419418335
2024-12-11,-0.0015314187027486437,5.975668907165527
2024-12-12,0.001533767543049791,5.98483419418335
2024-12-13,0.0030628374054972873,6.003164768218994
2024-12-16,0.022900661493116203,6.140641212463379
2024-12-17,-0.005970092231176949,6.103981018066406
2024-12-18,0.013513500845560467,6.186467170715332
2024-12-19,0.007407451941049414,6.232293128967285
2024-12-20,0.0,6.232293128967285
2024-12-23,0.0073528320361961885,6.278118133544922
2024-12-24,0.00437971017839045,6.305614471435547
2024-12-26,0.010174357931951983,6.369770050048828
2024-12-27,0.0,6.369770050048828
2024-12-30,0.0,6.369770050048828
2024-12-31,-0.007194212829463753,6.323944568634033
2025-01-02,0.0,6.323944568634033
2025-01-03,-0.007246495378280926,6.278118133544922
2025-01-06,-0.00729916252018048,6.232293128967285
2025-01-07,-0.008823597371275693,6.17730188369751
2025-01-08,0.0014837039196693436,6.186467170715332
2025-01-10,-0.0014815058037013218,6.17730188369751
2025-01-13,0.0014837039196693436,6.186467170715332
2025-01-14,0.0,6.186467170715332
2025-01-15,0.0,6.186467170715332
2025-01-16,0.0,6.186467170715332
2025-01-17,-0.007407451941049303,6.140641212463379
2025-01-21,0.014925463535939043,6.232293128967285
2025-01-22,0.026470562581703883,6.397265434265137
2025-01-23,-0.0114612823845609,6.323944568634033
2025-01-24,0.0,6.323944568634033
2025-01-27,-0.007246495378280926,6.278118133544922
2025-01-28,0.007299390376911408,6.323944568634033
2025-01-29,0.0,6.323944568634033
2025-01-30,0.0,6.323944568634033
2025-01-31,0.0014492236738001818,6.333109378814697
2025-02-03,-0.0014471264638696857,6.323944568634033
2025-02-04,0.0,6.323944568634033
2025-02-05,0.0014492236738001818,6.333109378814697
2025-02-06,-0.0014471264638696857,6.323944568634033
2025-02-07,0.0014492236738001818,6.333109378814697
2025-02-10,0.005788731733698871,6.369770050048828
2025-02-11,0.0,6.369770050048828
2025-02-12,0.007194212829463753,6.415595531463623
2025-02-13,-0.0014285948939383175,6.406430244445801
2025-02-14,0.01573680237476638,6.507246971130371
2025-02-18,0.012676117850150659,6.589733600616455
2025-02-19,0.0,6.589733600616455
2025-02-20,0.004172385265555745,6.6172285079956055
2025-02-21,0.004155120861110584,6.644723892211914
2025-02-24,0.0027586660232985505,6.663054466247559
2025-02-25,0.011004092192629988,6.736375331878662
2025-02-26,0.013605453252140576,6.82802677154541
2025-02-27,0.0,6.82802677154541
2025-02-28,0.07382552772774864,7.332109451293945
2025-03-03,0.0,7.332109451293945
2025-03-04,0.0,7.332109451293945
2025-03-05,0.006249972360506506,7.37793493270874
2025-03-06,-0.00621115282701068,7.332109451293945
2025-03-07,0.0,7.332109451293945
2025-03-10,0.0,7.332109451293945
2025-03-11,0.0,7.332109451293945
2025-03-12,0.0,7.332109451293945
2025-03-13,0.0,7.332109451293945
2025-03-14,0.004999951874764097,7.368769645690918
2025-03-17,0.0,7.368769645690918
2025-03-18,0.08830842084896373,8.01949405670166
2025-03-19,-0.04571414674834218,7.652889728546143
2025-03-20,0.0023951240657442696,7.671219348907471
2025-03-21,-0.007168389938333686,7.616229057312012
2025-03-24,0.010830251452663031,7.698714733123779
2025-03-25,0.011904771490287569,7.790366172790527
2025-03-26,0.0,7.790366172790527
2025-03-27,0.0,7.790366172790527
2025-03-28,0.0,7.790366172790527
2025-03-31,0.0,7.790366172790527
2025-04-01,0.011764715243663293,7.882017612457275
2025-04-02,-0.005813927812387654,7.8361921310424805
2025-04-03,0.0,7.8361921310424805
2025-04-04,-0.0023392804268014267,7.817861080169678
2025-04-07,-0.009378635010167224,7.744540214538574
2025-04-08,0.0,7.744540214538574
2025-04-09,0.005917195467062708,7.790366172790527
2025-04-10,0.0,7.790366172790527
2025-04-11,-0.005882388226115753,7.744540214538574
2025-04-14,0.007298966264030815,7.801067352294922
2025-04-15,0.0,7.801067352294922
2025-04-16,-0.002469189531751348,7.781805038452148
2025-04-17,0.0,7.781805038452148
2025-04-21,-0.0012376507601766784,7.772173881530762
2025-04-22,0.0,7.772173881530762
2025-04-23,0.003717553313214106,7.801067352294922
2025-04-24,0.0012344725166661963,7.810697555541992
2025-04-25,0.0012330725716749313,7.820328712463379
2025-04-28,0.0,7.820328712463379
2025-04-29,0.009852248887802784,7.897376537322998
2025-04-30,0.00121953877669001,7.907007694244385
2025-05-02,0.0,7.907007694244385
2025-05-05,0.023142470204641663,8.089995384216309
2025-05-06,0.002381004305682888,8.109257698059082
2025-05-07,0.0035629052825338903,8.138150215148926
2025-05-08,-0.005917171551217959,8.089995384216309
2025-05-09,0.0,8.089995384216309
2025-05-12,0.010714283609229103,8.176673889160156
2025-05-13,0.0,8.176673889160156
2025-05-14,0.0,8.176673889160156
2025-05-15,-0.003533529339863617,8.147781372070312
2025-05-16,0.010638295381976137,8.23445987701416
2025-05-19,-0.0046783486211119385,8.19593620300293
2025-05-20,0.0,8.19593620300293
2025-05-21,0.0,8.19593620300293
2025-05-22,0.004700338442985341,8.23445987701416
2025-05-23,0.0,8.23445987701416
2025-05-27,0.0,8.23445987701416
2025-05-28,0.005847964730150368,8.282614707946777
2025-05-29,0.0,8.282614707946777
2025-05-30,0.002325516862444088,8.301876068115234
2025-06-02,0.003480239508851568,8.330768585205078
2025-06-03,-0.0034681694485134695,8.301876068115234
2025-06-04,0.003480239508851568,8.330768585205078
2025-06-05,0.0,8.330768585205078
2025-06-06,0.005780358731622526,8.378923416137695
2025-06-09,0.0,8.378923416137695
2025-06-10,0.0,8.378923416137695
2025-06-11,0.0,8.378923416137695
2025-06-12,0.03218392845476492,8.648590087890625
2025-06-13,0.0022272201187734098,8.667852401733398
2025-06-16,0.0,8.667852401733398
2025-06-17,0.038888965905892636,9.004936218261719
2025-06-18,0.0374330146276991,9.342018127441406
2025-06-20,0.0,9.342018127441406
2025-06-23,-0.0010309503567645928,9.33238697052002
2025-06-24,-0.01651182023759734,9.178292274475098
2025-06-25,0.018887719491108568,9.351649284362793
2025-06-26,-0.001029888592752437,9.342018127441406
2025-06-27,-0.015463847013867937,9.197554588317871
2025-06-30,0.0,9.197554588317871
2025-07-01,0.0052356124087353795,9.245709419250488
2025-07-02,-0.005208343540664795,9.197554588317871
2025-07-03,0.015706733538393358,9.342018127441406
2025-07-07,0.0,9.342018127441406
2025-07-08,0.0,9.342018127441406
2025-07-09,0.0020619007135291856,9.36128044128418
2025-07-10,0.012345744413160054,9.476852416992188
2025-07-11,-0.019309060902467534,9.293863296508789
2025-07-14,0.0,9.293863296508789
2025-07-15,0.0,9.293863296508789
2025-07-16,0.018652949589556878,9.4672212600708
2025-07-17,-0.001017316132877033,9.457590103149414
2025-07-18,0.0,9.457590103149414
2025-07-21,-0.008146716114406316,9.380541801452637
2025-07-22,0.0,9.380541801452637
2025-07-23,0.0,9.380541801452637
2025-07-24,0.0,9.380541801452637
2025-07-25,-0.009240245049643603,9.293863296508789
2025-07-28,0.0,9.293863296508789
2025-07-29,0.0,9.293863296508789
2025-07-30,-0.010362612954194828,9.197554588317871
2025-07-31,0.0,9.197554588317871
2025-08-01,0.0,9.197554588317871
2025-08-04,0.00837693837885145,9.274601936340332
2025-08-05,0.0,9.274601936340332
2025-08-06,0.0,9.274601936340332
2025-08-07,-0.008307348234598555,9.197554588317871
2025-08-08,-0.0052356124087352685,9.149399757385254
2025-08-11,0.007368373105203663,9.216815948486328
2025-08-12,-0.010449238514601666,9.12050724029541
2025-08-13,-0.008447704277022794,9.04345989227295
2025-08-14,-0.0010649858611764262,9.033828735351562
2025-08-15,0.0,9.033828735351562
2025-08-18,-0.021322003036951864,8.841209411621094
2025-08-19,0.0,8.841209411621094
2025-08-20,-0.01960783890717832,8.667852401733398
2025-08-21,-0.03333339934790802,8.378923416137695
2025-08-22,0.0,8.378923416137695
2025-08-25,0.022988552844329213,8.571542739868164
2025-08-26,0.0033708600238053776,8.600436210632324
2025-08-27,-0.014557654505976902,8.475234031677246
2025-08-28,0.011363545576553058,8.571542739868164
2025-08-29,0.0,8.571542739868164
2025-09-02,0.0,8.571542739868164
2025-09-03,-0.020224715100745305,8.398185729980469
2025-09-04,0.009174398396754269,8.475234031677246
2025-09-05,0.0,8.475234031677246
2025-09-08,0.0,8.475234031677246
2025-09-09,0.011363545576553058,8.571542739868164
2025-09-10,0.005617988779153871,8.619697570800781
2025-09-11,0.004469260515789886,8.658221244812012
2025-09-12,-0.010011121510181464,8.571542739868164
2025-09-15,0.011235977558307741,8.667852401733398
2025-09-16,-0.014444429041043705,8.54265022277832
2025-09-17,0.0,8.54265022277832
2025-09-18,0.0,8.54265022277832
2025-09-19,0.0,8.54265022277832
2025-09-22,0.0,8.54265022277832
2025-09-23,-0.03043967715524376,8.282614707946777
2025-09-24,0.0011627008603734001,8.292244911193848
2025-09-25,-0.001161350557081442,8.282614707946777
2025-09-26,0.023255859474624607,8.475234031677246
2025-09-29,-0.00227277663021197,8.455971717834473
2025-09-30,-0.009111702861337001,8.378923416137695
2025-10-01,0.016092078045622404,8.513757705688477
2025-10-02,0.003393626890572543,8.54265022277832
2025-10-03,0.002254840516753509,8.561912536621094
2025-10-06,0.06299204617247667,9.101244926452637
2025-10-07,-0.005291015824951173,9.05309009552002
2025-10-09,0.0,9.05309009552002
2025-10-10,-0.014893520420046547,8.918257713317871
2025-10-13,-0.006479622296855725,8.86047077178955
2025-10-14,0.005434901355383381,8.908626556396484
2025-10-15,0.0,8.908626556396484
2025-10-16,0.0032432066724246145,8.937519073486328
2025-10-17,0.002155219327018454,8.956781387329102
2025-10-20,-0.0021505843460714047,8.937519073486328
2025-10-21,-0.014008712216437846,8.812315940856934
2025-10-22,0.0054644921103379485,8.86047077178955
2025-10-23,0.0,8.86047077178955
2025-10-24,0.0,8.86047077178955
2025-10-27,0.0,8.86047077178955
2025-10-28,0.010869695078300934,8.956781387329102
2025-10-29,0.0,8.956781387329102
2025-10-30,-0.005376354390064786,8.908626556396484
2025-10-31,-0.00540552287180085,8.86047077178955
2025-11-03,0.010869695078300934,8.956781387329102
2025-11-04,0.0,8.956781387329102
2025-11-05,0.005376354390064675,9.004936218261719
2025-11-06,-0.0032086258096493125,8.976042747497559
2025-11-07,-0.013948589166902114,8.850839614868164
2025-11-10,0.011969686162086823,8.956781387329102
2025-11-11,-0.010752815255243187,8.86047077178955
2025-11-12,0.010869695078300934,8.956781387329102
2025-11-13,0.0,8.956781387329102
2025-11-14,0.0,8.956781387329102
2025-11-17,0.0010752921730357023,8.966412544250488
2025-11-18,-0.0010741371617528639,8.956781387329102
2025-11-19,0.021505311085145307,9.149399757385254
2025-11-20,0.016460143544175798,9.300000190734863
2025-11-21,-0.03225808436366906,9.0
2025-11-24,0.0,9.0
2025-11-25,0.011111153496636383,9.100000381469727
2025-11-26,0.0,9.100000381469727
2025-11-28,0.021978000096834593,9.300000190734863
2025-12-01,0.016128990909022756,9.449999809265137
2025-12-02,-0.0158729758262226,9.300000190734863
2025-12-03,0.0,9.300000190734863
2025-12-04,0.005376364484882101,9.350000381469727
2025-12-05,-0.005347613764161596,9.300000190734863
2025-12-08,0.0,9.300000190734863
2025-12-09,0.0,9.300000190734863
2025-12-10,0.0,9.300000190734863
2025-12-11,0.021505355393904857,9.5
2025-12-12,0.0010526556717722624,9.510000228881836
2025-12-15,0.0,9.510000228881836
2025-12-16,-0.006309192236870653,9.449999809265137
2025-12-17,0.002116450599719766,9.470000267028809
2025-12-18,0.0,9.470000267028809
2025-12-19,0.003167870340578638,9.5
2025-12-22,0.026315789473684292,9.75
2025-12-23,0.01025644938151049,9.850000381469727
2025-12-24,0.010152225778948587,9.949999809265137
2025-12-26,0.030150773516147478,10.25
2025-12-29,0.024390243902439046,10.5
2025-12-30,0.019047600882393878,10.699999809265137
2025-12-31,0.0,10.699999809265137
2026-01-02,0.0009346008467381317,10.710000038146973
2026-01-05,0.028944950374653278,11.020000457763672
2026-01-06,0.048094347636601364,11.550000190734863
2026-01-07,-0.005194841439468578,11.489999771118164
2026-01-08,-0.012184455390534255,11.350000381469727
2026-01-09,0.00881052197660459,11.449999809265137
2026-01-12,0.004366828957883762,11.5
2026-01-13,0.004347842672596913,11.550000190734863
2026-01-14,-0.011255420977845598,11.420000076293945
2026-01-15,0.011383547598285748,11.550000190734863
2026-01-16,-0.005194841439468578,11.489999771118164
2026-01-20,-0.003481284825920805,11.449999809265137
2026-01-21,-0.004366828957883873,11.399999618530273
2026-01-22,-0.0008771294335191415,11.390000343322754
2026-01-23,-0.003511849047175608,11.350000381469727
2026-01-26,0.0,11.350000381469727
2026-01-27,0.0026431481905648813,11.380000114440918
2026-01-28,0.008787295851474974,11.479999542236328
2026-01-29,0.005226517596621072,11.539999961853027
2026-01-30,-0.004332772175055899,11.489999771118164
2026-02-02,0.009573595521565226,11.600000381469727
2026-02-03,-0.012931083385497644,11.449999809265137
2026-02-04,-0.004366828957883873,11.399999618530273
2026-02-05,-0.004385898134529276,11.350000381469727
2026-02-06,0.030836952954365282,11.699999809265137
2026-02-09,0.0025640797829273865,11.729999542236328
2026-02-10,-0.019607804877414203,11.5
2026-02-11,-0.004347842672596802,11.449999809265137
2026-02-12,0.004366828957883762,11.5
2026-02-13,0.0,11.5
2026-02-17,-0.008695685345193604,11.399999618530273
2026-02-18,0.017543927160695638,11.600000381469727
2026-02-19,-0.015517267177277083,11.420000076293945
2026-02-20,0.02101574163877329,11.65999984741211
2026-02-23,-0.0017152233577253373,11.640000343322754
2026-02-24,-0.006013801240022376,11.569999694824219
2026-02-25,0.0025929721207278433,11.600000381469727
2026-02-26,0.008620640043698113,11.699999809265137
2026-02-27,0.0,11.699999809265137
2026-03-02,-0.0008547204311847301,11.6899995803833
2026-03-03,-0.004277094855028807,11.640000343322754
2026-03-04,-0.0025773785017727535,11.609999656677246
2026-03-05,-0.013781210348278394,11.449999809265137
2026-03-06,-0.008733574625433005,11.350000381469727
2026-03-09,0.01762112797737525,11.550000190734863
2026-03-10,0.007792220874601075,11.640000343322754
2026-03-11,0.002577296570992038,11.670000076293945
2026-03-12,0.005141342377903202,11.729999542236328
2026-03-13,-0.002557522092236364,11.699999809265137
2026-03-16,0.004273520645296847,11.75
2026-03-17,0.008510670763381079,11.850000381469727
2026-03-18,0.0,11.850000381469727
2026-03-19,-0.02531647097699541,11.550000190734863
2026-03-20,0.015584359179998675,11.729999542236328
