Date,ali,bac,spread,z_score,signal,pnl_cum
2015-01-02,4.406196594238281,6.072506427764893,-6.00416565512419,,0,
2015-01-05,4.443379878997803,6.082459926605225,-6.059776093317538,,0,0.0
2015-01-06,4.443379878997803,6.082459926605225,-6.059776093317538,,0,0.0
2015-01-07,4.443379878997803,6.172055244445801,-5.970180775476962,,0,0.0
2015-01-08,4.443379878997803,6.147168159484863,-5.995067860437899,,0,0.0
2015-01-09,4.35042142868042,6.167077541351318,-5.811248215592414,,0,0.0
2015-01-12,4.375211238861084,6.147168159484863,-5.8748685703939785,,0,0.0
2015-01-13,4.338026523590088,6.117302894592285,-5.839167375883891,,0,0.0
2015-01-14,4.183097839355469,6.092415809631348,-5.590874332634979,,0,0.0
2015-01-15,4.170703411102295,6.092415809631348,-5.569019686957084,,0,0.0
2015-01-16,4.170703411102295,6.172055244445801,-5.489380252142631,,0,0.0
2015-01-20,4.207886695861816,6.216850757598877,-5.510148676023235,,0,0.0
2015-01-21,4.152112007141113,6.271605014801025,-5.357048933665398,,0,0.0
2015-01-22,4.13352108001709,6.470702648162842,-5.125170592971234,,0,0.0
2015-01-23,4.121126174926758,6.545365333557129,-5.028652421109392,,0,0.0
2015-01-26,4.121126174926758,6.550343036651611,-5.0236747180149095,,0,0.0
2015-01-27,4.090140342712402,6.550343036651611,-4.969038524215009,,0,0.0
2015-01-28,4.121126174926758,6.550343036651611,-5.0236747180149095,,0,0.0
2015-01-29,4.245069980621338,6.550343036651611,-5.24222033400418,,0,0.0
2015-01-30,4.307041168212891,6.550343036651611,-5.351491880814326,,0,0.0
2015-02-02,4.276055335998535,6.435861587524414,-5.4113371361416185,,0,0.0
2015-02-03,4.344224452972412,6.470702648162842,-5.4966962063367735,,0,0.0
2015-02-04,4.356619834899902,6.470702648162842,-5.51855253359399,,0,0.0
2015-02-05,4.443379878997803,6.470702648162842,-5.671533371759921,,0,0.0
2015-02-06,4.369013786315918,6.470702648162842,-5.540406338482223,,0,0.0
2015-02-09,4.369013786315918,6.470702648162842,-5.540406338482223,,0,0.0
2015-02-10,4.399999618530273,6.420928001403809,-5.6448171790411585,,0,0.0
2015-02-11,4.369013786315918,6.415950775146484,-5.59515821149858,,0,0.0
2015-02-12,4.430984973907471,6.410973072052002,-5.709407461403206,,0,0.0
2015-02-13,4.461971282958984,6.470702648162842,-5.704314919881931,,0,0.0
2015-02-17,4.338026523590088,6.470702648162842,-5.485767622313334,,0,0.0
2015-02-18,4.121126174926758,6.470702648162842,-5.103315106503679,,0,0.0
2015-02-19,3.9661972522735596,6.470702648162842,-4.830134557898997,,0,0.0
2015-02-20,3.9042248725891113,6.470702648162842,-4.720860909114702,,0,0.0
2015-02-23,3.7245066165924072,6.470702648162842,-4.403970228364571,,0,0.0
2015-02-24,3.7245066165924072,6.470702648162842,-4.403970228364571,,0,0.0
2015-02-25,3.6873230934143066,6.445815563201904,-4.363292955896998,,0,0.0
2015-02-26,3.656337261199951,6.470702648162842,-4.28376967713616,,0,0.0
2015-02-27,3.625351667404175,6.470702648162842,-4.229133903731087,,0,0.0
2015-03-02,3.625351667404175,6.470702648162842,-4.229133903731087,,0,0.0
2015-03-03,3.5323939323425293,6.470702648162842,-4.065224901936549,,0,0.0
2015-03-04,3.501408100128174,6.221830368041992,-4.259460988257496,,0,0.0
2015-03-05,3.5323939323425293,6.221830368041992,-4.314097182057399,,0,0.0
2015-03-06,3.5076048374176025,6.470702648162842,-4.021515190185932,,0,0.0
2015-03-09,3.34647798538208,6.470702648162842,-3.7374060575578127,,0,0.0
2015-03-10,3.34647798538208,6.371152877807617,-3.8369558279130374,,0,0.0
2015-03-11,3.2845067977905273,6.555749416351318,-3.543087742559191,,0,0.0
2015-03-12,3.2597179412841797,6.6313934326171875,-3.4237344349375363,,0,0.0
2015-03-13,3.321690082550049,6.9591803550720215,-3.205220740872168,,0,0.0
2015-03-16,3.3154923915863037,6.9591803550720215,-3.1942925772435604,,0,0.0
2015-03-17,3.408450126647949,6.933967590332031,-3.383414343778089,,0,0.0
2015-03-18,3.439436912536621,6.933967590332031,-3.4380522191573135,,0,0.0
2015-03-19,3.439436912536621,6.807893753051758,-3.564126056437587,,0,0.0
2015-03-20,3.5076048374176025,6.807893753051758,-3.684324085297016,,0,0.0
2015-03-23,3.5138020515441895,6.807893753051758,-3.695251408135963,,0,0.0
2015-03-24,3.5323939323425293,6.807893753051758,-3.728033797047633,,0,0.0
2015-03-25,3.5447888374328613,6.807893753051758,-3.749889283515188,,0,0.0
2015-03-26,3.5571823120117188,6.807893753051758,-3.7717422476137585,,0,0.0
2015-03-27,3.5881690979003906,6.656606197357178,-3.9776676786875633,,0,0.0
2015-03-30,3.600562572479248,6.656606197357178,-3.999520642786134,0.8852915264787634,0,0.0
2015-03-31,3.7183094024658203,6.807893753051758,-4.0558518006367095,0.7942812184555359,0,0.0
2015-04-01,3.8422532081604004,6.807893753051758,-4.27439741662598,0.5217110831885923,0,0.0
2015-04-02,3.8422532081604004,6.807893753051758,-4.27439741662598,0.4965846939704248,0,0.0
2015-04-06,3.873239278793335,6.681821346282959,-4.455106437589514,0.25979161089645036,0,0.0
2015-04-07,3.8608453273773193,6.656606197357178,-4.458467781627062,0.23005611293049757,0,0.0
2015-04-08,3.780280113220215,6.6313934326171875,-4.341622827091761,0.3486994043743391,0,0.0
2015-04-09,3.780280113220215,6.505321502685547,-4.467694757023402,0.16635734772102034,0,0.0
2015-04-10,3.780280113220215,6.555749416351318,-4.4172668433576305,0.2046284882677792,0,0.0
2015-04-13,3.7183094024658203,6.555749416351318,-4.307996137337149,0.32317997568573903,0,0.0
2015-04-14,3.749295234680176,6.505321502685547,-4.413060244802821,0.1621135028317793,0,0.0
2015-04-15,3.780280113220215,6.505321502685547,-4.467694757023402,0.06733642305908355,0,0.0
2015-04-16,3.780280113220215,6.505321502685547,-4.467694757023402,0.04449521782583134,0,0.0
2015-04-17,3.7183094024658203,6.606180191040039,-4.257565362648428,0.3120147261506375,0,0.0
2015-04-20,3.780280113220215,6.606180191040039,-4.36683606866891,0.14327179047552968,0,0.0
2015-04-21,3.7183094024658203,6.555749416351318,-4.307996137337149,0.20994365964767941,0,0.0
2015-04-22,3.7183094024658203,6.555749416351318,-4.307996137337149,0.19414855325124333,0,0.0
2015-04-23,3.6873230934143066,6.555749416351318,-4.253359102747584,0.2556916694233308,0,0.0
2015-04-24,3.7183094024658203,6.555749416351318,-4.307996137337149,0.16199712480994463,0,0.0
2015-04-27,3.749295234680176,6.555749416351318,-4.36263233113705,0.06364577345863831,0,0.0
2015-04-28,3.7678868770599365,6.555749416351318,-4.39541429965389,-0.0069846509682928905,0,0.0
2015-04-29,3.749295234680176,6.555749416351318,-4.36263233113705,0.0158441183241612,0,0.0
2015-04-30,3.749295234680176,6.555749416351318,-4.36263233113705,-0.012842522589744125,0,0.0
2015-05-01,3.749295234680176,6.555749416351318,-4.36263233113705,-0.04371919582839715,0,0.0
2015-05-04,3.7245066165924072,6.555749416351318,-4.318923460176094,-0.010622748144132643,0,0.0
2015-05-05,3.6935205459594727,6.505321502685547,-4.314714759647135,-0.038751283868734505,0,0.0
2015-05-06,3.6935205459594727,6.555749416351318,-4.264286845981363,0.011569493546541545,0,0.0
2015-05-07,3.674929141998291,6.555749416351318,-4.2315052978593535,0.029571266988135052,0,0.0
2015-05-08,3.625351667404175,6.580965518951416,-4.118871032942513,0.20687208610634997,0,0.0
2015-05-11,3.619154930114746,6.580965518951416,-4.107944550893228,0.1903966187046658,0,0.0
2015-05-12,3.5943660736083984,6.555749416351318,-4.089451362137538,0.1904973520169453,0,0.0
2015-05-13,3.5943660736083984,6.555749416351318,-4.089451362137538,0.14802829002399265,0,0.0
2015-05-14,3.5943660736083984,6.555749416351318,-4.089451362137538,0.10975432390551368,0,0.0
2015-05-15,3.5633797645568848,6.580965518951416,-4.009598224947878,0.3040594186870825,0,0.0
2015-05-18,3.5323939323425293,6.580965518951416,-3.954962031147975,0.4355329980493943,0,0.0
2015-05-19,3.5447888374328613,6.580965518951416,-3.9768175176155296,0.35198678313121706,0,0.0
2015-05-20,3.5447888374328613,6.580965518951416,-3.9768175176155296,0.33294092805081676,0,0.0
2015-05-21,3.5323939323425293,6.555749416351318,-3.9801781337480726,0.30534237639162587,0,0.0
2015-05-22,3.5323939323425293,6.555749416351318,-3.9801781337480726,0.29084995595314556,0,0.0
2015-05-26,3.5943660736083984,6.555749416351318,-4.089451362137538,-0.04544054773693254,0,0.0
2015-05-27,3.5943660736083984,6.555749416351318,-4.089451362137538,-0.05256427579585492,0,0.0
2015-05-28,3.501408100128174,6.555749416351318,-3.92554193994817,0.4352886372213709,0,0.0
2015-05-29,3.538590669631958,6.555749416351318,-3.991104615797358,0.22441055506665541,0,0.0
2015-06-01,3.5323939323425293,6.555749416351318,-3.9801781337480726,0.24169589929963503,0,0.0
2015-06-02,3.470421552658081,6.575920104980469,-3.850733796334625,0.6244324148725949,0,0.0
2015-06-03,3.470421552658081,6.575920104980469,-3.850733796334625,0.633104669436757,0,0.0
2015-06-04,3.5447888374328613,6.575920104980469,-3.981862931586477,0.24217747868915812,0,0.0
2015-06-05,3.538590669631958,6.560792446136475,-3.9860615860122017,0.2573728979045756,0,0.0
2015-06-08,3.538590669631958,6.560792446136475,-3.9860615860122017,0.2969480893347458,0,0.0
2015-06-09,3.538590669631958,6.732974052429199,-3.813879979719477,0.9468642104695573,0,0.0
2015-06-10,3.550985336303711,6.681575298309326,-3.8871337999120747,0.7981966321930295,0,0.0
2015-06-11,3.5571823120117188,6.681575298309326,-3.89806070235619,0.8386335179045115,0,0.0
2015-06-12,3.625351667404175,6.681575298309326,-4.018261253584603,0.423862097766624,0,0.0
2015-06-15,3.625351667404175,6.681575298309326,-4.018261253584603,0.47866106855083995,0,0.0
2015-06-16,3.4952104091644287,6.681575298309326,-3.7887878943615547,1.5326920755461504,0,0.0
2015-06-17,3.5633797645568848,6.681575298309326,-3.9089884455899675,1.0296954089020793,0,0.0
2015-06-18,3.656337261199951,6.655878067016602,-4.0985942582824,0.18345131830122546,0,0.0
2015-06-19,3.6935205459594727,6.655878067016602,-4.16415819531608,-0.10048040574795117,0,0.0
2015-06-22,3.749295234680176,6.681575298309326,-4.236806449179042,-0.4329741036552737,0,0.0
2015-06-23,3.780280113220215,6.681575298309326,-4.291440961399623,-0.6857441237131335,0,0.0
2015-06-24,3.780280113220215,6.6301774978637695,-4.342838761845179,-0.9167591047396358,0,0.0
2015-06-25,3.798872947692871,6.681575298309326,-4.324225031890617,-0.7970256196708769,0,0.0
2015-06-26,3.780280113220215,6.681575298309326,-4.291440961399623,-0.6288723498350439,0,0.0
2015-06-29,3.780280113220215,6.681575298309326,-4.291440961399623,-0.6268974838495143,0,0.0
2015-06-30,3.7183094024658203,6.676436424255371,-4.187309129433096,-0.12485352935041275,0,0.0
2015-07-01,3.7430977821350098,6.655878067016602,-4.251575937237991,-0.4826634994365619,0,0.0
2015-07-02,3.7121121883392334,6.6712965965271,-4.18152163432242,-0.12990359489733752,0,0.0
2015-07-06,3.7121121883392334,6.681575298309326,-4.171242932540194,-0.10410607700020726,0,0.0
2015-07-07,3.7121121883392334,6.681575298309326,-4.171242932540194,-0.1286143374576074,0,0.0
2015-07-08,3.6997182369232178,6.681575298309326,-4.149389127651963,-0.022795859306251828,0,0.0
2015-07-09,3.6997182369232178,6.681575298309326,-4.149389127651963,-0.048127570424415046,0,0.0
2015-07-10,3.625351667404175,6.686715602874756,-4.013120949019173,0.6986818406692966,0,0.0
2015-07-13,3.656337261199951,6.686715602874756,-4.067756722424246,0.3536772801207255,0,0.0
2015-07-14,3.6377463340759277,6.686715602874756,-4.034976015091896,0.5298152864521654,0,0.0
2015-07-15,3.6377463340759277,6.681575298309326,-4.040116319657326,0.47405277770944093,0,0.0
2015-07-16,3.5943660736083984,6.686715602874756,-3.9584851756141006,0.9424003852856199,0,0.0
2015-07-17,3.5633797645568848,6.681575298309326,-3.9089884455899675,1.2060445333709384,0,0.0
2015-07-20,3.501408100128174,6.681575298309326,-3.799716057990162,1.7932413462435355,0,0.0
2015-07-21,3.433238983154297,6.681575298309326,-3.6795159271565794,2.3657401165512963,-1,0.0
2015-07-22,3.408450126647949,6.681575298309326,-3.635806635800794,2.466856531668045,-1,-0.043709291355785496
2015-07-23,3.3774640560150146,6.681575298309326,-3.5811700216060594,2.6084353425199325,-1,-0.09834590555052003
2015-07-24,3.3774640560150146,6.681575298309326,-3.5811700216060594,2.459242316309339,-1,-0.09834590555052003
2015-07-27,3.3774640560150146,6.681575298309326,-3.5811700216060594,2.3316160216643884,-1,-0.09834590555052003
2015-07-28,3.3774640560150146,6.681575298309326,-3.5811700216060594,2.2210819622813656,-1,-0.09834590555052003
2015-07-29,3.3774640560150146,6.681575298309326,-3.5811700216060594,2.1153243608872305,-1,-0.09834590555052003
2015-07-30,3.309295177459717,6.681575298309326,-3.4609703111673085,2.5373911101870923,-1,-0.2185456159892709
2015-07-31,3.2845067977905273,6.681575298309326,-3.417261860601183,2.558312769771557,-1,-0.2622540665553963
2015-08-03,3.2845067977905273,6.681575298309326,-3.417261860601183,2.3966372110576977,-1,-0.2622540665553963
2015-08-04,3.2845067977905273,6.681575298309326,-3.417261860601183,2.2494907498217813,-1,-0.2622540665553963
2015-08-05,3.2845067977905273,6.681575298309326,-3.417261860601183,2.1216586939191022,-1,-0.2622540665553963
2015-08-06,3.222534656524658,6.681575298309326,-3.3079886322117176,2.3891213727194187,-1,-0.3715272949448618
2015-08-07,3.2845067977905273,6.681575298309326,-3.417261860601183,1.8743230798554467,-1,-0.2622540665553963
2015-08-10,3.2845067977905273,6.681575298309326,-3.417261860601183,1.7875263577001719,-1,-0.2622540665553963
2015-08-11,3.222534656524658,6.681575298309326,-3.3079886322117176,2.064173736000588,-1,-0.3715272949448618
2015-08-12,3.1605629920959473,6.681575298309326,-3.198716244611912,2.291994423979202,-1,-0.4807996825446672
2015-08-13,3.117182731628418,6.681575298309326,-3.1222254051341167,2.3769437502476607,-1,-0.5572905220224627
2015-08-14,2.8816895484924316,6.681575298309326,-2.7069888188334676,3.2781659152920457,-1,-0.9725271083231117
2015-08-17,2.726760149002075,6.676436424255371,-2.438946303493079,3.5262533910104934,-1,-1.2405696236635002
2015-08-18,2.6957738399505615,6.676436424255371,-2.3843092689035164,3.2566623847084393,-1,-1.295206658253063
2015-08-19,2.6647884845733643,6.676436424255371,-2.3296739158932755,3.049618072808098,-1,-1.3498420112633038
2015-08-20,2.615210771560669,6.676436424255371,-2.242255333181703,2.9364448665383973,-1,-1.4372605939748766
2015-08-21,2.615210771560669,6.676436424255371,-2.242255333181703,2.6977452664237394,-1,-1.4372605939748766
2015-08-24,2.416901111602783,6.655878067016602,-1.9131414615483333,2.9867889990716017,-1,-1.766374465608246
2015-08-25,2.4478871822357178,6.681575298309326,-1.9420808444503415,2.6994339983006044,-1,-1.737435082706238
2015-08-26,2.615210771560669,6.681575298309326,-2.2371164591277477,2.104647452269469,-1,-1.4423994680288317
2015-08-27,2.658590793609619,6.681575298309326,-2.313606878210713,1.8897529825591153,-1,-1.3659090489458663
2015-08-28,2.658590793609619,6.681575298309326,-2.313606878210713,1.8013863633831255,-1,-1.3659090489458663
2015-08-31,2.8816895484924316,6.681575298309326,-2.7069888188334676,1.1912705470328018,-1,-0.9725271083231117
2015-09-01,2.7887320518493652,6.681575298309326,-2.5430802374337595,1.373571128369918,-1,-1.1364356897228198
2015-09-02,2.7887320518493652,6.6712965965271,-2.553358939215986,1.3115157866824003,-1,-1.1261569879405933
2015-09-03,2.8507039546966553,6.681575298309326,-2.652353045428397,1.134947293838102,-1,-1.0271628817281826
2015-09-04,2.8197176456451416,6.6712965965271,-2.6079947126210588,1.1564623351595607,-1,-1.0715212145355206
2015-09-08,2.8197176456451416,6.6780829429626465,-2.601208366185512,1.1267921741724547,-1,-1.0783075609710675
2015-09-09,2.9498589038848877,6.6780829429626465,-2.83068172540856,0.7873523821387981,-1,-0.8488342017480193
2015-09-10,3.0676052570343018,6.620693683624268,-3.0956888575024344,0.41081478842897173,0,-0.583827069654145
2015-09-11,3.1295769214630127,6.688516616821289,-3.1371383119052165,0.3378246788779999,0,-0.583827069654145
2015-09-14,3.1295769214630127,6.683300495147705,-3.1423544335788005,0.3111954715696036,0,-0.583827069654145
2015-09-15,3.1357738971710205,6.683300495147705,-3.1532813360229177,0.2756007306788492,0,-0.583827069654145
2015-09-16,3.1357738971710205,6.6780829429626465,-3.1584988882079763,0.246437289108908,0,-0.583827069654145
2015-09-17,3.191549062728882,6.6780829429626465,-3.2568452141533264,0.08477724033483323,0,-0.583827069654145
2015-09-18,3.222534656524658,6.6780829429626465,-3.3114809875583973,-0.01848125804431754,0,-0.583827069654145
2015-09-21,3.191549062728882,6.6780829429626465,-3.2568452141533264,0.03602734835543907,0,-0.583827069654145
2015-09-22,3.1543664932250977,6.6780829429626465,-3.1912825383041383,0.10849135668997884,0,-0.583827069654145
2015-09-23,3.1605629920959473,6.573739528656006,-3.3065520142652325,-0.09353683106094862,0,-0.583827069654145
2015-09-24,3.1605629920959473,6.573739528656006,-3.3065520142652325,-0.11850434295948807,0,-0.583827069654145
2015-09-25,3.1605629920959473,6.672865867614746,-3.2074256753064923,0.010964546521516938,0,-0.583827069654145
2015-09-28,3.1605629920959473,6.6780829429626465,-3.202208599958592,-0.007154140598993886,0,-0.583827069654145
2015-09-29,3.1481685638427734,6.782427787780762,-3.076009109462584,0.17520297283288438,0,-0.583827069654145
2015-09-30,3.1481685638427734,6.808514595031738,-3.0499223022116073,0.19237088952259815,0,-0.583827069654145
2015-10-01,3.191549062728882,6.808514595031738,-3.1264135620842346,0.03107711945435538,0,-0.583827069654145
2015-10-02,3.191549062728882,6.91286039352417,-3.022067763591803,0.1884378171859669,0,-0.583827069654145
2015-10-05,3.296901226043701,6.91286039352417,-3.207831411064234,-0.17994480122088624,0,-0.583827069654145
2015-10-06,3.296901226043701,6.91286039352417,-3.207831411064234,-0.2126359202097369,0,-0.583827069654145
2015-10-07,3.34647798538208,6.6780829429626465,-3.530025762758008,-0.868101074902677,0,-0.583827069654145
2015-10-08,3.34647798538208,6.6780829429626465,-3.530025762758008,-0.9063450292471045,0,-0.583827069654145
2015-10-09,3.34647798538208,6.6780829429626465,-3.530025762758008,-0.9394297207258056,0,-0.583827069654145
2015-10-12,3.34647798538208,6.6780829429626465,-3.530025762758008,-0.9696850888023845,0,-0.583827069654145
2015-10-13,3.3154923915863037,6.6780829429626465,-3.4753899893529354,-0.8788214945541947,0,-0.583827069654145
2015-10-14,3.3154923915863037,6.6780829429626465,-3.4753899893529354,-0.893290071851912,0,-0.583827069654145
2015-10-15,3.3154923915863037,6.6780829429626465,-3.4753899893529354,-0.9046556675502541,0,-0.583827069654145
2015-10-16,3.2721123695373535,6.693736553192139,-3.383245960040478,-0.7180476130501069,0,-0.583827069654145
2015-10-19,3.2721123695373535,6.693736553192139,-3.383245960040478,-0.730193957812793,0,-0.583827069654145
2015-10-20,3.2659151554107666,6.688516616821289,-3.37753857357238,-0.7303556585084154,0,-0.583827069654145
2015-10-21,3.2659151554107666,6.782427787780762,-3.2836274026129075,-0.5398493778266406,0,-0.583827069654145
2015-10-22,3.3154923915863037,6.782427787780762,-3.37104514453482,-0.7475293416821422,0,-0.583827069654145
2015-10-23,3.408450126647949,6.782427787780762,-3.5349541463293583,-1.1084090783441722,0,-0.583827069654145
2015-10-26,3.408450126647949,6.782427787780762,-3.5349541463293583,-1.0992712787719188,0,-0.583827069654145
2015-10-27,3.408450126647949,6.808514595031738,-3.5088673390783818,-1.0345719106029194,0,-0.583827069654145
2015-10-28,3.408450126647949,6.808514595031738,-3.5088673390783818,-1.0279031879647318,0,-0.583827069654145
2015-10-29,3.501408100128174,6.808514595031738,-3.67277676126775,-1.366046633632947,0,-0.583827069654145
2015-10-30,3.4580280780792236,6.782427787780762,-3.622373149435763,-1.231540456350314,0,-0.583827069654145
2015-11-02,3.4580280780792236,6.808514595031738,-3.5962863421847864,-1.1612552318388505,0,-0.583827069654145
2015-11-03,3.408450126647949,6.808514595031738,-3.5088673390783818,-0.9673487891938862,0,-0.583827069654145
2015-11-04,3.408450126647949,6.803297519683838,-3.514084414426282,-0.9657322404818272,0,-0.583827069654145
2015-11-05,3.408450126647949,6.803297519683838,-3.514084414426282,-0.9478225058729267,0,-0.583827069654145
2015-11-06,3.5323939323425293,6.803297519683838,-3.732630030415553,-1.3662209953958275,0,-0.583827069654145
2015-11-09,3.5633797645568848,6.803297519683838,-3.787266224215456,-1.4242791067021834,0,-0.583827069654145
2015-11-10,3.5633797645568848,6.803297519683838,-3.787266224215456,-1.3770769666581542,0,-0.583827069654145
2015-11-11,3.5943660736083984,6.803297519683838,-3.8419032588050186,-1.4417415525480235,0,-0.583827069654145
2015-11-12,3.5943660736083984,6.803297519683838,-3.8419032588050186,-1.4002260438323055,0,-0.583827069654145
2015-11-13,3.5943660736083984,6.730255126953125,-3.9149456515357315,-1.512607781440733,0,-0.583827069654145
2015-11-16,3.5943660736083984,6.782427787780762,-3.8627729907080948,-1.372442787904083,0,-0.583827069654145
2015-11-17,3.5943660736083984,6.782427787780762,-3.8627729907080948,-1.3777119272067122,0,-0.583827069654145
2015-11-18,3.5943660736083984,6.782427787780762,-3.8627729907080948,-1.3932353077760726,0,-0.583827069654145
2015-11-19,3.5323939323425293,6.704171657562256,-3.831755892537135,-1.309938072684993,0,-0.583827069654145
2015-11-20,3.5323939323425293,6.704171657562256,-3.831755892537135,-1.3009274834833169,0,-0.583827069654145
2015-11-23,3.5943660736083984,6.704171657562256,-3.9410291209266006,-1.586398834018106,0,-0.583827069654145
2015-11-24,3.5943660736083984,6.65721321105957,-3.987987567429286,-1.6644695757655337,0,-0.583827069654145
2015-11-25,3.5633797645568848,6.65721321105957,-3.9333505328397234,-1.4928173952430284,0,-0.583827069654145
2015-11-27,3.501408100128174,6.625911712646484,-3.855379643653004,-1.2585293144326386,0,-0.583827069654145
2015-11-30,3.538590669631958,6.469394207000732,-4.077459825147944,-1.8775636397901307,0,-0.583827069654145
2015-12-01,3.538590669631958,6.469394207000732,-4.077459825147944,-1.8565953414027396,0,-0.583827069654145
2015-12-02,3.5633797645568848,6.521565914154053,-4.068997829745241,-1.8239555649111465,0,-0.583827069654145
2015-12-03,3.501408100128174,6.573739528656006,-3.9075518276434824,-1.2807166053244914,0,-0.583827069654145
2015-12-04,3.5323939323425293,6.573739528656006,-3.962188021443385,-1.4139565400782277,0,-0.583827069654145
2015-12-07,3.5323939323425293,6.573739528656006,-3.962188021443385,-1.3668935041397672,0,-0.583827069654145
2015-12-08,3.5323939323425293,6.573739528656006,-3.962188021443385,-1.3224645678136793,0,-0.583827069654145
2015-12-09,3.656337261199951,6.59982442855835,-4.154647896740652,-1.8765447499502217,0,-0.583827069654145
2015-12-10,3.656337261199951,6.59982442855835,-4.154647896740652,-1.8003253886564354,0,-0.583827069654145
2015-12-11,3.6873230934143066,6.625911712646484,-4.183196806452418,-1.80872706658109,0,-0.583827069654145
2015-12-14,3.6873230934143066,6.672865867614746,-4.136242651484157,-1.593241690550519,0,-0.583827069654145
2015-12-15,3.6873230934143066,6.672865867614746,-4.136242651484157,-1.5334328364514578,0,-0.583827069654145
2015-12-16,3.6873230934143066,6.667649745941162,-4.141458773157741,-1.4964332771184374,0,-0.583827069654145
2015-12-17,3.625351667404175,6.667649745941162,-4.032186805952767,-1.1212134359235357,0,-0.583827069654145
2015-12-18,3.6997182369232178,6.667649745941162,-4.163314680020127,-1.4692748572707095,0,-0.583827069654145
2015-12-21,3.6439433097839355,6.667649745941162,-4.064968774469607,-1.1332705603958744,0,-0.583827069654145
2015-12-22,3.5943660736083984,6.667649745941162,-3.9775510325476944,-0.8362362156766152,0,-0.583827069654145
2015-12-23,3.5943660736083984,6.667649745941162,-3.9775510325476944,-0.8127284559539011,0,-0.583827069654145
2015-12-24,3.5943660736083984,6.667649745941162,-3.9775510325476944,-0.7917011865176659,0,-0.583827069654145
2015-12-28,3.5819714069366455,6.521565914154053,-4.101779798262081,-1.1816040421550824,0,-0.583827069654145
2015-12-29,3.5819714069366455,6.521565914154053,-4.101779798262081,-1.1723626126282332,0,-0.583827069654145
2015-12-30,3.5819714069366455,6.672865867614746,-3.9504798448013876,-0.6060165003458462,0,-0.583827069654145
2015-12-31,3.5819714069366455,6.672865867614746,-3.9504798448013876,-0.5820912269738457,0,-0.583827069654145
2016-01-04,3.5323939323425293,6.521565914154053,-4.014361635945338,-0.800031934201059,0,-0.583827069654145
2016-01-05,3.5323939323425293,6.521565914154053,-4.014361635945338,-0.7725559640040199,0,-0.583827069654145
2016-01-06,3.501408100128174,6.6780829429626465,-3.803208413336842,0.06595466439174841,0,-0.583827069654145
2016-01-07,3.439436912536621,6.6780829429626465,-3.6939368665266983,0.510240726293115,0,-0.583827069654145
2016-01-08,3.408450126647949,6.6780829429626465,-3.6392989911474736,0.7462326699005489,0,-0.583827069654145
2016-01-11,3.3774640560150146,6.6780829429626465,-3.584662376952739,0.9812213259517059,0,-0.583827069654145
2016-01-12,3.408450126647949,6.6780829429626465,-3.6392989911474736,0.7810019465512121,0,-0.583827069654145
2016-01-13,3.408450126647949,6.6780829429626465,-3.6392989911474736,0.8178020698536614,0,-0.583827069654145
2016-01-14,3.408450126647949,6.6780829429626465,-3.6392989911474736,0.8572487147507725,0,-0.583827069654145
2016-01-15,3.408450126647949,6.6780829429626465,-3.6392989911474736,0.900947792516115,0,-0.583827069654145
2016-01-19,3.3154923915863037,6.6780829429626465,-3.4753899893529354,1.6911122870679325,0,-0.583827069654145
2016-01-20,3.2535202503204346,6.260704040527344,-3.783495663398771,0.3303767267426337,0,-0.583827069654145
2016-01-21,3.2101402282714844,6.260704040527344,-3.7070052443158055,0.7187679861350111,0,-0.583827069654145
2016-01-22,3.2101402282714844,6.260704040527344,-3.7070052443158055,0.7446767119272493,0,-0.583827069654145
2016-01-25,3.1605629920959473,6.260704040527344,-3.6195875023938946,1.1989099271829504,0,-0.583827069654145
2016-01-26,3.1605629920959473,6.260704040527344,-3.6195875023938946,1.2251246887578968,0,-0.583827069654145
2016-01-27,3.098590850830078,6.2554850578308105,-3.5155332567009623,1.706247780714054,0,-0.583827069654145
2016-01-28,3.1605629920959473,6.156357288360596,-3.7239342545606426,0.6872308623853696,0,-0.583827069654145
2016-01-29,3.1605629920959473,6.156357288360596,-3.7239342545606426,0.7056161529909594,0,-0.583827069654145
2016-02-01,3.222534656524658,5.999839782714844,-3.9897241478062,-0.6117803362317712,0,-0.583827069654145
2016-02-02,3.222534656524658,5.999839782714844,-3.9897241478062,-0.5866276852757966,0,-0.583827069654145
2016-02-03,3.191549062728882,5.999839782714844,-3.935088374401129,-0.2670291038249015,0,-0.583827069654145
2016-02-04,3.1605629920959473,5.99462366104126,-3.8856678818799786,0.01916498565267132,0,-0.583827069654145
2016-02-05,3.191549062728882,5.99462366104126,-3.940304496074713,-0.26990478152117503,0,-0.583827069654145
2016-02-08,3.098590850830078,5.999839782714844,-3.771178531816929,0.6667353959666038,0,-0.583827069654145
2016-02-09,3.098590850830078,5.999839782714844,-3.771178531816929,0.6581571789321389,0,-0.583827069654145
2016-02-10,3.1295769214630127,6.078099250793457,-3.7475556779330486,0.7764715707696086,0,-0.583827069654145
2016-02-11,3.117182731628418,6.078099250793457,-3.725701452649986,0.8737285315911291,0,-0.583827069654145
2016-02-12,3.1357738971710205,6.104185104370117,-3.7323967268005056,0.8205481956668013,0,-0.583827069654145
2016-02-16,3.1419718265533447,6.052013397216797,-3.795497017977265,0.4705633691664242,0,-0.583827069654145
2016-02-17,3.1605629920959473,6.052013397216797,-3.8282781457044415,0.28937170338847434,0,-0.583827069654145
2016-02-18,3.222534656524658,6.062447547912598,-3.927116382608446,-0.238064059456843,0,-0.583827069654145
2016-02-19,3.222534656524658,6.156357288360596,-3.833206642160448,0.271442479266159,0,-0.583827069654145
2016-02-22,3.439436912536621,6.156357288360596,-4.215662521128749,-1.7330686886843485,0,-0.583827069654145
2016-02-23,3.439436912536621,6.156357288360596,-4.215662521128749,-1.675122251522653,0,-0.583827069654145
2016-02-24,3.439436912536621,6.521565914154053,-3.850453895335292,0.20567974441544476,0,-0.583827069654145
2016-02-25,3.4022529125213623,6.521565914154053,-3.78488869711712,0.5373646635828058,0,-0.583827069654145
2016-02-26,3.408450126647949,6.6780829429626465,-3.6392989911474736,1.2440524216913393,0,-0.583827069654145
2016-02-29,3.3898582458496094,6.6780829429626465,-3.6065166022358035,1.3617624036241833,0,-0.583827069654145
2016-03-01,3.3898582458496094,6.6780829429626465,-3.6065166022358035,1.3139078162041016,0,-0.583827069654145
2016-03-02,3.3774640560150146,6.709385871887207,-3.5533594480281785,1.5222363301671955,0,-0.583827069654145
2016-03-03,3.3774640560150146,6.709385871887207,-3.5533594480281785,1.4639196953844142,0,-0.583827069654145
2016-03-04,3.482816696166992,6.782427787780762,-3.6660820203967184,0.8861338229243859,0,-0.583827069654145
2016-03-07,3.538590669631958,7.095463752746582,-3.4513902794020943,1.8365394938660784,0,-0.583827069654145
2016-03-08,3.538590669631958,7.095463752746582,-3.4513902794020943,1.7665617733075354,0,-0.583827069654145
2016-03-09,3.5447888374328613,7.210980415344238,-3.3468026212227073,2.148325636413439,-1,-0.583827069654145
2016-03-10,3.550985336303711,7.210980415344238,-3.3577286828771626,2.0128933280025674,-1,-0.5729010079996897
2016-03-11,3.501408100128174,7.157958030700684,-3.3233333255988047,2.069943348609916,-1,-0.6072963652780476
2016-03-14,3.5447888374328613,7.157958030700684,-3.399825005866262,1.66860671530562,-1,-0.5308046850105903
2016-03-15,3.5447888374328613,7.157958030700684,-3.399825005866262,1.614293118940923,-1,-0.5308046850105903
2016-03-16,3.501408100128174,7.157958030700684,-3.3233333255988047,1.8670352585524548,-1,-0.6072963652780476
2016-03-17,3.5633797645568848,7.157958030700684,-3.43260571319861,1.3539707442543547,-1,-0.49802397767824225
2016-03-18,3.6873230934143066,7.210980415344238,-3.5981281037546644,0.5969142960052528,-1,-0.3325015871221879
2016-03-21,3.6997182369232178,7.210980415344238,-3.619984010617051,0.4762104350088718,0,-0.31064568025980144
2016-03-22,3.6997182369232178,7.210980415344238,-3.619984010617051,0.45356663806756736,0,-0.31064568025980144
2016-03-23,3.7183094024658203,7.210980415344238,-3.652765138344229,0.28221975577800384,0,-0.31064568025980144
2016-03-24,3.7183094024658203,7.210980415344238,-3.652765138344229,0.2546442785610864,0,-0.31064568025980144
2016-03-28,3.7183094024658203,7.210980415344238,-3.652765138344229,0.2259601866044626,0,-0.31064568025980144
2016-03-29,3.7183094024658203,7.210980415344238,-3.652765138344229,0.20425288113730466,0,-0.31064568025980144
2016-03-30,3.656337261199951,7.210980415344238,-3.5434919099547635,0.7203742124276881,0,-0.31064568025980144
2016-03-31,3.7183094024658203,7.210980415344238,-3.652765138344229,0.14537893109804725,0,-0.31064568025980144
2016-04-01,3.7183094024658203,7.264002323150635,-3.5997432305378325,0.39173144685914635,0,-0.31064568025980144
2016-04-04,3.7059152126312256,7.237490177154541,-3.6044011512508636,0.3507966070830839,0,-0.31064568025980144
2016-04-05,3.7059152126312256,7.237490177154541,-3.6044011512508636,0.34261501863128496,0,-0.31064568025980144
2016-04-06,3.7183094024658203,7.237490177154541,-3.6262553765339263,0.2261404109759393,0,-0.31064568025980144
2016-04-07,3.6873230934143066,7.264002323150635,-3.545106195948268,0.6493581758738118,0,-0.31064568025980144
2016-04-08,3.625351667404175,7.264002323150635,-3.4358342287432944,1.1920311032539936,0,-0.31064568025980144
2016-04-11,4.028168201446533,7.290512561798096,-4.119595770679057,-2.2211106343394635,1,-0.31064568025980144
2016-04-12,4.028168201446533,7.290512561798096,-4.119595770679057,-2.0974680547327527,1,-0.31064568025980144
2016-04-13,4.090140342712402,7.290512561798096,-4.228868999068524,-2.4385568317459665,1,-0.41991890864926873
2016-04-14,4.183097839355469,7.317024230957031,-4.366265911309295,-2.8065999187068598,1,-0.5573158208900395
2016-04-15,4.121126174926758,7.317024230957031,-4.25699352370949,-2.211379453498306,1,-0.4480434332902341
2016-04-18,4.214083671569824,7.343533515930176,-4.394392820136053,-2.564901635022625,1,-0.5854427297167977
2016-04-19,4.214083671569824,7.343533515930176,-4.394392820136053,-2.393404231508737,1,-0.5854427297167977
2016-04-20,4.214083671569824,7.343533515930176,-4.394392820136053,-2.2456345282337034,1,-0.5854427297167977
2016-04-21,4.156921863555908,7.343533515930176,-4.293601477854331,-1.80583436218945,1,-0.4846513874350755
2016-04-22,4.013148307800293,7.343533515930176,-4.0400907829914825,-0.9159158252288634,1,-0.23114069257222702
2016-04-25,3.9256343841552734,7.343533515930176,-3.8857806563703257,-0.3841240429398681,0,-0.07683056595107018
2016-04-26,3.9256343841552734,7.343533515930176,-3.8857806563703257,-0.3746364653068578,0,-0.07683056595107018
2016-04-27,3.913132667541504,7.343533515930176,-3.863736833018537,-0.30842659259666705,0,-0.07683056595107018
2016-04-28,3.938136577606201,7.343533515930176,-3.9078253205117726,-0.46383002478852214,0,-0.07683056595107018
2016-04-29,3.906881093978882,7.370046138763428,-3.8262010373249,-0.19295188047885614,0,-0.07683056595107018
2016-05-02,4.000646591186523,7.42306661605835,-3.938513859511522,-0.5718415976743235,0,-0.07683056595107018
2016-05-03,4.000646591186523,7.42306661605835,-3.938513859511522,-0.5719771111470432,0,-0.07683056595107018
2016-05-04,4.000646591186523,7.428370475769043,-3.9332099998008285,-0.5433509150996217,0,-0.07683056595107018
2016-05-05,4.0631561279296875,7.438974380493164,-4.032826893414967,-0.8611198931454072,0,-0.07683056595107018
2016-05-06,4.0631561279296875,7.438974380493164,-4.032826893414967,-0.8400042646456872,0,-0.07683056595107018
2016-05-09,4.0631561279296875,7.42306661605835,-4.048734657849781,-0.8698261381213463,0,-0.07683056595107018
2016-05-10,4.0631561279296875,7.42306661605835,-4.048734657849781,-0.8472210635553128,0,-0.07683056595107018
2016-05-11,4.0631561279296875,7.42306661605835,-4.048734657849781,-0.8283029428604476,0,-0.07683056595107018
2016-05-12,4.0631561279296875,7.42306661605835,-4.048734657849781,-0.8116337949965109,0,-0.07683056595107018
2016-05-13,4.0631561279296875,7.42306661605835,-4.048734657849781,-0.8017092000243335,0,-0.07683056595107018
2016-05-16,4.044402599334717,7.428370475769043,-4.010363381532084,-0.6644993455279316,0,-0.07683056595107018
2016-05-17,4.044402599334717,7.428370475769043,-4.010363381532084,-0.6834079834384864,0,-0.07683056595107018
2016-05-18,4.013148307800293,7.317024230957031,-4.066600067964627,-0.8845765954412483,0,-0.07683056595107018
2016-05-19,4.000646591186523,7.317024230957031,-4.04455624461284,-0.7965446810446418,0,-0.07683056595107018
2016-05-20,3.938136577606201,7.210980415344238,-4.04037842109771,-0.7648527259613632,0,-0.07683056595107018
2016-05-23,3.938136577606201,7.210980415344238,-4.04037842109771,-0.7413306751051383,0,-0.07683056595107018
2016-05-24,4.0256500244140625,7.370046138763428,-4.035621983510019,-0.7021372929698639,0,-0.07683056595107018
2016-05-25,4.0256500244140625,7.370046138763428,-4.035621983510019,-0.6789146824034561,0,-0.07683056595107018
2016-05-26,4.0256500244140625,7.343533515930176,-4.062134606343271,-0.7396844749590991,0,-0.07683056595107018
2016-05-27,4.0256500244140625,7.343533515930176,-4.062134606343271,-0.7140605746044918,0,-0.07683056595107018
2016-05-31,4.0631561279296875,7.343533515930176,-4.128267757977955,-0.902812458043222,0,-0.07683056595107018
2016-06-01,4.0631561279296875,7.343533515930176,-4.128267757977955,-0.8732603293122465,0,-0.07683056595107018
2016-06-02,4.0631561279296875,7.343533515930176,-4.128267757977955,-0.8444767930626645,0,-0.07683056595107018
2016-06-03,4.0631561279296875,7.343533515930176,-4.128267757977955,-0.8186470864043311,0,-0.07683056595107018
2016-06-06,4.031900882720947,7.42306661605835,-3.9936234178909906,-0.3317624970781974,0,-0.07683056595107018
2016-06-07,4.031900882720947,7.42306661605835,-3.9936234178909906,-0.30317115632902264,0,-0.07683056595107018
2016-06-08,4.031900882720947,7.563532829284668,-3.8531572046646723,0.2431002215156367,0,-0.07683056595107018
2016-06-09,4.031900882720947,7.563532829284668,-3.8531572046646723,0.28057173230210414,0,-0.07683056595107018
2016-06-10,4.000646591186523,7.563532829284668,-3.7980476462852035,0.5501905968735719,0,-0.07683056595107018
2016-06-13,3.913132667541504,7.563532829284668,-3.643737519664045,1.2207736705822765,0,-0.07683056595107018
2016-06-14,3.8756258487701416,7.563532829284668,-3.577603106844867,1.491594971283016,0,-0.07683056595107018
2016-06-15,3.8756258487701416,7.725607395172119,-3.415528540957416,2.0991425423568124,-1,-0.07683056595107018
2016-06-16,3.8131155967712402,7.725607395172119,-3.3053064814346627,2.427206186637305,-1,-0.1870526254738234
2016-06-17,3.8443715572357178,7.671583652496338,-3.4144427252537284,1.9400856686644152,-1,-0.07791638165475767
2016-06-20,3.8381197452545166,7.520313262939453,-3.554689521555396,1.3891776960334303,-1,0.062330414646909915
2016-06-21,3.8443715572357178,7.520313262939453,-3.565713114810613,1.333293669966305,-1,0.0733540079021271
2016-06-22,3.938136577606201,7.520313262939453,-3.731045573502495,0.7206034594307745,-1,0.23868646659400916
2016-06-23,3.9693918228149414,7.520313262939453,-3.7861568134612877,0.5362555261140028,-1,0.2937977065528017
2016-06-24,3.906881093978882,7.520313262939453,-3.6759339131488744,0.9612202506437766,-1,0.18357480624038836
2016-06-27,3.906881093978882,7.460886478424072,-3.7353606976642553,0.74861586365326,-1,0.24300159075576921
2016-06-28,3.9193832874298096,7.520313262939453,-3.697978577290323,0.9052813274869876,-1,0.20561947038183703
2016-06-29,3.9193832874298096,7.520313262939453,-3.697978577290323,0.9175577886290749,-1,0.20561947038183703
2016-06-30,4.031900882720947,7.520313262939453,-3.896376771009887,0.15919728592692514,0,0.40401766410140105
2016-07-01,4.031900882720947,7.525713920593262,-3.8909761133560785,0.20781472790941694,0,0.40401766410140105
2016-07-05,4.019399166107178,7.622958183288574,-3.7716880273089775,0.7379970589165656,0,0.40401766410140105
2016-07-06,3.9693918228149414,7.622958183288574,-3.6835118931121666,1.0710540163405045,0,0.40401766410140105
2016-07-07,3.9693918228149414,7.833657741546631,-3.47281233485411,1.855583220622178,0,0.40401766410140105
2016-07-08,4.013148307800293,7.833657741546631,-3.5499665573750274,1.4865912736853801,0,0.40401766410140105
2016-07-11,4.031900882720947,7.725607395172119,-3.691082638777221,0.8913655132150163,0,0.40401766410140105
2016-07-12,4.03815221786499,7.69859504699707,-3.7291177394178234,0.7080155247098326,0,0.40401766410140105
2016-07-13,4.03815221786499,7.725607395172119,-3.7021053912427746,0.7986437354468632,0,0.40401766410140105
2016-07-14,4.050654411315918,7.725607395172119,-3.724150055384225,0.681321008056916,0,0.40401766410140105
2016-07-15,4.0631561279296875,7.752621173858643,-3.7191801000494884,0.6832385406874362,0,0.40401766410140105
2016-07-18,4.188176155090332,7.725607395172119,-3.9666371569918546,-0.5236403049332896,0,0.40401766410140105
2016-07-19,4.225683212280273,7.752621173858643,-4.005758211519341,-0.7183962060086142,0,0.40401766410140105
2016-07-20,4.375707626342773,7.741815567016602,-4.281096424900124,-1.9608877881872315,0,0.40401766410140105
2016-07-21,4.4757232666015625,7.833657741546631,-4.36560820034304,-2.220812633472394,1,0.40401766410140105
2016-07-22,4.469472408294678,7.763427257537842,-4.424816772675934,-2.328547700432275,1,0.34480909176850716
2016-07-25,4.4757232666015625,7.779633522033691,-4.419632419855979,-2.175365224800367,1,0.3499934445884616
2016-07-26,4.469472408294678,7.833657741546631,-4.354586288667145,-1.8184987281116956,1,0.4150395757772962
2016-07-27,4.688257217407227,7.833657741546631,-4.7403616052200395,-3.034223778737216,1,0.029264259224401457
2016-07-28,4.688257217407227,7.833657741546631,-4.7403616052200395,-2.7795524401097507,1,0.029264259224401457
2016-07-29,4.688257217407227,7.833657741546631,-4.7403616052200395,-2.572940833637498,1,0.029264259224401457
2016-08-01,4.875787734985352,7.887686252593994,-5.016998852346104,-3.113886697452431,1,-0.24737298790166307
2016-08-02,4.875787734985352,7.833657741546631,-5.071027363393467,-2.9682907378639865,1,-0.30140149894902635
2016-08-03,4.72576379776001,7.8390607833862305,-4.801092555804788,-2.118075670476811,1,-0.031466691360346744
2016-08-04,4.72576379776001,7.887686252593994,-4.752467086597024,-1.899671624921874,1,0.01715877784741693
2016-08-05,4.813277244567871,7.887686252593994,-4.906776372428519,-2.159990772604699,1,-0.13715050798407802
2016-08-08,4.72576379776001,7.887686252593994,-4.752467086597024,-1.7140913199218506,1,0.01715877784741693
2016-08-09,4.650751113891602,7.887686252593994,-4.620199942537992,-1.3584080413667154,1,0.14942592190644888
2016-08-10,4.650751113891602,7.887686252593994,-4.620199942537992,-1.3148704158461493,1,0.14942592190644888
2016-08-11,4.688257217407227,7.898489952087402,-4.675529394679268,-1.391986954806915,1,0.09409646976517294
2016-08-12,4.688257217407227,7.914696216583252,-4.659323130183418,-1.31353284853629,1,0.11030273426102255
2016-08-15,4.750767230987549,7.725607395172119,-4.958633590722473,-1.8808354712606403,1,-0.18900772627803164
2016-08-16,4.757018566131592,7.779633522033691,-4.915630216326456,-1.7126815780119446,1,-0.14600435188201466
2016-08-17,4.825779438018799,7.779633522033691,-5.036873767130272,-1.8718810114779163,1,-0.2672479026858312
2016-08-18,4.907042980194092,7.779633522033691,-5.1801628228651975,-2.0454328835095854,1,-0.41053695842075655
2016-08-19,4.907042980194092,7.833657741546631,-5.126138603352258,-1.8484012783620478,1,-0.3565127389078171
2016-08-22,4.907042980194092,8.103787422180176,-4.856008922718713,-1.2940132146892025,1,-0.08638305827427217
2016-08-23,4.875787734985352,8.103787422180176,-4.800897682759922,-1.1552193276627951,1,-0.031271818315481426
2016-08-24,4.8445329666137695,8.103787422180176,-4.745787283590792,-1.0253842149703298,1,0.023838580853649205
2016-08-25,4.875787734985352,8.1091890335083,-4.795496071431797,-1.0847526440552424,1,-0.025870206987356426
2016-08-26,4.875787734985352,8.130799293518066,-4.773885811422032,-1.0171946266198868,1,-0.0042599469775908005
2016-08-29,4.813277244567871,8.130799293518066,-4.663663331504447,-0.7994925027077643,1,0.10596253293999425
2016-08-30,4.813277244567871,8.130799293518066,-4.663663331504447,-0.776576439938413,1,0.10596253293999425
2016-08-31,4.688257217407227,8.130799293518066,-4.443220053248604,-0.37219471212270727,0,0.326405811195837
2016-09-01,4.688257217407227,8.163213729858398,-4.410805616908272,-0.29910831629565154,0,0.326405811195837
2016-09-02,4.750767230987549,8.190225601196289,-4.494015384698303,-0.42936238057194354,0,0.326405811195837
2016-09-06,4.875787734985352,8.5089750289917,-4.395710075948399,-0.2373203372037237,0,0.326405811195837
2016-09-07,5.000808238983154,8.5089750289917,-4.616154194993904,-0.6084460113474375,0,0.326405811195837
2016-09-08,4.994556903839111,8.5089750289917,-4.605131442528348,-0.5639038640769023,0,0.326405811195837
2016-09-09,4.938297748565674,8.514448165893555,-4.500458578174465,-0.3468985424942175,0,0.326405811195837
2016-09-12,5.000808238983154,8.618415832519531,-4.5067133914660715,-0.33118339635644073,0,0.326405811195837
2016-09-13,4.938297748565674,8.48161506652832,-4.533291677539699,-0.35588430978789565,0,0.326405811195837
2016-09-14,4.938297748565674,8.48161506652832,-4.533291677539699,-0.3304898365987382,0,0.326405811195837
2016-09-15,4.900791645050049,8.536334991455078,-4.4124386009782555,-0.058908156458719815,0,0.326405811195837
2016-09-16,4.813277244567871,8.536334991455078,-4.258127633567435,0.28299073554038295,0,0.326405811195837
2016-09-19,4.8445329666137695,8.508974075317383,-4.340600630453585,0.13089317250742402,0,0.326405811195837
2016-09-20,4.782022953033447,8.508974075317383,-4.230378991325663,0.3932343283393392,0,0.326405811195837
2016-09-21,4.688257217407227,8.508974075317383,-4.0650452714492875,0.7752362009507866,0,0.326405811195837
2016-09-22,4.750767230987549,8.508974075317383,-4.175266910577209,0.5605815057366631,0,0.326405811195837
2016-09-23,4.738265514373779,8.48161506652832,-4.180582096014485,0.5785327593722963,0,0.326405811195837
2016-09-26,4.700759410858154,8.48161506652832,-4.114448944379799,0.7448486267253245,0,0.326405811195837
2016-09-27,4.675755023956299,8.476142883300781,-4.07583179932444,0.8478150645296775,0,0.326405811195837
2016-09-28,4.644500732421875,8.476142883300781,-4.020722240944972,0.9985588939048811,0,0.326405811195837
2016-09-29,4.594491481781006,8.476142883300781,-3.932542743589515,1.235257666100082,0,0.326405811195837
2016-09-30,4.5819902420043945,8.476142883300781,-3.9104997610273884,1.350069450376107,0,0.326405811195837
2016-10-03,4.594491481781006,8.48161506652832,-3.927070560361976,1.3636860239094304,0,0.326405811195837
2016-10-04,4.594491481781006,8.48161506652832,-3.927070560361976,1.3977612534051183,0,0.326405811195837
2016-10-05,4.600743293762207,8.48708438873291,-3.9326248314126033,1.4132161939885077,0,0.326405811195837
2016-10-06,4.657001972198486,8.48708438873291,-4.031823718074969,1.1945580272173673,0,0.326405811195837
2016-10-07,4.769521236419678,8.48708438873291,-4.230224854558349,0.7039646204080982,0,0.326405811195837
2016-10-10,4.750767230987549,8.492557525634766,-4.191683460259826,0.8624743107948476,0,0.326405811195837
2016-10-11,4.750767230987549,8.492557525634766,-4.191683460259826,0.8850009228744277,0,0.326405811195837
2016-10-12,4.750767230987549,8.48161506652832,-4.202625919366271,0.8724008925642369,0,0.326405811195837
2016-10-13,4.750767230987549,8.48161506652832,-4.202625919366271,0.8659647569097259,0,0.326405811195837
2016-10-14,4.782022953033447,8.48161506652832,-4.257738000114726,0.6960593385223629,0,0.326405811195837
2016-10-17,4.782022953033447,8.208016395568848,-4.5313366710741985,-0.1034712878905751,0,0.326405811195837
2016-10-18,4.825779438018799,8.208016395568848,-4.608490893595116,-0.3210571642499068,0,0.326405811195837
2016-10-19,4.813277244567871,8.208016395568848,-4.586446229453665,-0.24512218912915948,0,0.326405811195837
2016-10-20,4.813277244567871,8.21348762512207,-4.580974999900443,-0.23772154046614827,0,0.326405811195837
2016-10-21,4.825779438018799,8.21348762512207,-4.603019664041893,-0.31071286133579684,0,0.326405811195837
2016-10-24,4.794524669647217,8.21348762512207,-4.547909264872763,-0.1574778536047646,0,0.326405811195837
2016-10-25,4.8445329666137695,8.208016395568848,-4.64155831020212,-0.4638992402594504,0,0.326405811195837
2016-10-26,4.819529056549072,8.21348762512207,-4.59199859315566,-0.3467864556465683,0,0.326405811195837
2016-10-27,4.819529056549072,8.218957901000977,-4.586528317276754,-0.34349909359880315,0,0.326405811195837
2016-10-28,4.875787734985352,8.262735366821289,-4.641949738118809,-0.5255810823534105,0,0.326405811195837
2016-10-31,4.875787734985352,8.262735366821289,-4.641949738118809,-0.5469175869560539,0,0.326405811195837
2016-11-01,4.875787734985352,8.262735366821289,-4.641949738118809,-0.5552312321531327,0,0.326405811195837
2016-11-02,4.907042980194092,8.262735366821289,-4.6970609780776,-0.7263146746371991,0,0.326405811195837
2016-11-03,4.938297748565674,8.279150009155273,-4.735756734912746,-0.8406502116981789,0,0.326405811195837
2016-11-04,4.913293838500977,8.279150009155273,-4.691668247419509,-0.698691893876545,0,0.326405811195837
2016-11-07,4.8445329666137695,8.350284576416016,-4.499290129354952,-0.09394849494308471,0,0.326405811195837
2016-11-08,4.782022953033447,8.48161506652832,-4.257738000114726,0.6528853226496594,0,0.326405811195837
2016-11-09,4.682006359100342,8.42689323425293,-4.136104200837847,1.017273056369154,0,0.326405811195837
2016-11-10,4.613245010375977,8.591054916381836,-3.8506981271154643,1.8948645986941626,0,0.326405811195837
2016-11-11,4.5882415771484375,8.591054916381836,-3.806610480411889,2.0054166321792244,-1,0.326405811195837
2016-11-14,4.5882415771484375,8.618415832519531,-3.7792495642741937,2.0547868293770937,-1,0.2990448950581417
2016-11-15,4.5819902420043945,8.618415832519531,-3.7682268118086384,2.005158367029045,-1,0.2880221425925864
2016-11-16,4.556986331939697,8.727855682373047,-3.6146984744618873,2.3793816886425003,-1,0.13449380524583532
2016-11-17,4.556986331939697,8.727855682373047,-3.6146984744618873,2.248454929887871,-1,0.13449380524583532
2016-11-18,4.556986331939697,8.727855682373047,-3.6146984744618873,2.1397672842679767,-1,0.13449380524583532
2016-11-21,4.5132293701171875,8.727855682373047,-3.537543411151308,2.253526234071849,-1,0.05733874193525601
2016-11-22,4.4757232666015625,8.727855682373047,-3.471410259516624,2.3073669287392984,-1,-0.00879440969942813
2016-11-23,4.563237190246582,8.700494766235352,-3.653081302275476,1.7051434624553907,-1,0.17287663305942402
2016-11-25,4.563237190246582,8.700494766235352,-3.653081302275476,1.6330357567848146,-1,0.17287663305942402
2016-11-28,4.619495391845703,8.640302658081055,-3.812471456302477,1.1456098839857578,-1,0.3322667870864251
2016-11-29,4.606993675231934,8.640302658081055,-3.7904276329506903,1.1662817114763064,-1,0.3102229637346383
2016-11-30,4.5882415771484375,8.640302658081055,-3.7573627387126702,1.2153840928335062,-1,0.27715806949661825
2016-12-01,4.5882415771484375,8.42689323425293,-3.9707721625407952,0.605989235502312,-1,0.49056749332474325
2016-12-02,4.563237190246582,8.42689323425293,-3.926682834257898,0.7015871270972345,-1,0.4464781650418459
2016-12-05,4.538233757019043,8.42689323425293,-3.8825951875543225,0.7967666149376336,-1,0.40239051833827055
2016-12-06,4.538233757019043,8.42689323425293,-3.8825951875543225,0.7697640132678211,-1,0.40239051833827055
2016-12-07,4.538233757019043,8.42689323425293,-3.8825951875543225,0.7430072073689518,-1,0.40239051833827055
2016-12-08,4.538233757019043,8.42689323425293,-3.8825951875543225,0.7166918062347766,-1,0.40239051833827055
2016-12-09,4.500727653503418,8.42689323425293,-3.8164620359196384,0.874177529312271,-1,0.3362573667035864
2016-12-12,4.438216686248779,8.618415832519531,-3.5147161169457917,1.6518044444453261,-1,0.034511447729739686
2016-12-13,4.400710582733154,8.62388801574707,-3.4431107820835667,1.7646609823327646,-1,-0.03709388713248529
2016-12-14,4.394460201263428,8.62388801574707,-3.432089711197335,1.7151957099027073,-1,-0.04811495801871679
2016-12-15,4.375707626342773,8.62388801574707,-3.399023976169655,1.7267144965300263,-1,-0.08118069304639697
2016-12-16,4.425714492797852,8.48161506652832,-3.629472218795552,1.103453394959084,-1,0.14926754957950017
2016-12-19,4.425714492797852,8.48161506652832,-3.629472218795552,1.0702791003259282,-1,0.14926754957950017
2016-12-20,4.48822546005249,8.755215644836426,-3.466094961194692,1.4272435120275744,-1,-0.014109708021360134
2016-12-21,4.563237190246582,8.864654541015625,-3.4889215274952026,1.3264228239632907,-1,0.008716858279150586
2016-12-22,4.563237190246582,8.864654541015625,-3.4889215274952026,1.286203662360537,-1,0.008716858279150586
2016-12-23,4.563237190246582,8.864654541015625,-3.4889215274952026,1.2518310704558147,-1,0.008716858279150586
2016-12-27,4.563237190246582,8.864654541015625,-3.4889215274952026,1.2200054608800035,-1,0.008716858279150586
2016-12-28,4.594491481781006,8.864654541015625,-3.5440310858746713,1.0664987744660328,-1,0.06382641665861932
2016-12-29,4.563237190246582,8.864654541015625,-3.4889215274952026,1.1633451761186107,-1,0.008716858279150586
2016-12-30,4.563237190246582,8.755215644836426,-3.598360423674402,0.8949237402440574,-1,0.1181557544583498
2017-01-03,4.556986331939697,8.864654541015625,-3.477899615819309,1.1342342799496756,-1,-0.0023050533967428066
2017-01-04,4.563237190246582,8.864654541015625,-3.4889215274952026,1.0738661860203518,-1,0.008716858279150586
2017-01-05,4.625747203826904,8.8099365234375,-3.653861184201249,0.6857034410723677,-1,0.17365651498519696
2017-01-06,4.657001972198486,8.8099365234375,-3.7089715833703796,0.5453311413335546,-1,0.2287669141543276
2017-01-09,4.688257217407227,8.755215644836426,-3.8188037019302445,0.28797018479143427,0,0.33859903271419256
2017-01-10,4.700759410858154,8.755215644836426,-3.840848366071693,0.22608034154441273,0,0.33859903271419256
2017-01-11,4.707010746002197,8.48161506652832,-4.125471696845354,-0.414225956203388,0,0.33859903271419256
2017-01-12,4.625747203826904,8.48161506652832,-3.9821826411104286,-0.11623600656382299,0,0.33859903271419256
2017-01-13,4.606993675231934,8.48161506652832,-3.9491152245034247,-0.06753483035438321,0,0.33859903271419256
2017-01-17,4.500727653503418,8.48161506652832,-3.7617402036442478,0.34138879477543443,0,0.33859903271419256
2017-01-18,4.5132293701171875,8.48161506652832,-3.7837840269960346,0.2635890141314589,0,0.33859903271419256
2017-01-19,4.5132293701171875,8.48161506652832,-3.7837840269960346,0.23657668046596073,0,0.33859903271419256
2017-01-20,4.544484615325928,8.48161506652832,-3.838895266954827,0.0724923408361365,0,0.33859903271419256
2017-01-23,4.594491481781006,8.48161506652832,-3.927070560361976,-0.18783832174114193,0,0.33859903271419256
2017-01-24,4.631997585296631,8.48708438873291,-3.9877343897920703,-0.3857728100405879,0,0.33859903271419256
2017-01-25,4.657001972198486,8.48161506652832,-4.037293040279559,-0.5634601720267584,0,0.33859903271419256
2017-01-26,4.594491481781006,8.48161506652832,-3.927070560361976,-0.30115545291176465,0,0.33859903271419256
2017-01-27,4.5507354736328125,8.48161506652832,-3.8499171786307205,-0.11962248899601931,0,0.33859903271419256
2017-01-30,4.594491481781006,8.37764835357666,-4.031037273313636,-0.7512902776112753,0,0.33859903271419256
2017-01-31,4.694508075714111,8.37764835357666,-4.207392904865904,-1.4401154565816303,0,0.33859903271419256
2017-02-01,4.7320146560668945,8.42689323425293,-4.224282016613982,-1.652631227069989,0,0.33859903271419256
2017-02-02,4.72576379776001,8.476142883300781,-4.164010455890237,-1.5955370896208703,0,0.33859903271419256
2017-02-03,4.719512939453125,8.476142883300781,-4.1529885442143435,-1.6680412650707872,0,0.33859903271419256
2017-02-06,4.694508075714111,8.476142883300781,-4.1088983751417825,-1.5173102387716313,0,0.33859903271419256
2017-02-07,4.688257217407227,8.454256057739258,-4.1197632890274125,-1.5698765814623645,0,0.33859903271419256
2017-02-08,4.688257217407227,8.3995361328125,-4.17448321395417,-1.7439433315712187,0,0.33859903271419256
2017-02-09,4.719512939453125,8.37764835357666,-4.251483073938465,-1.9760946818128706,0,0.33859903271419256
2017-02-10,4.750767230987549,8.37764835357666,-4.3065926323179315,-2.087105928565544,1,0.33859903271419256
2017-02-13,4.794524669647217,8.383119583129883,-4.37827730686495,-2.232558773938107,1,0.266914358167174
2017-02-14,4.875787734985352,8.372175216674805,-4.532509888265293,-2.6114185568227706,1,0.11268177676683067
2017-02-15,4.938297748565674,8.372175216674805,-4.642731527393215,-2.7616079305739656,1,0.0024601376389092877
2017-02-16,4.969552516937256,8.42689323425293,-4.643123908984219,-2.5593639410354525,1,0.0020677560479054335
2017-02-17,4.907042980194092,8.42689323425293,-4.532903110645959,-2.0867943671311653,1,0.11228855438616492
2017-02-21,4.907042980194092,8.42689323425293,-4.532903110645959,-1.9872235709896193,1,0.11228855438616492
2017-02-22,4.938297748565674,8.42689323425293,-4.58801350981509,-2.0397036279013245,1,0.05717815521703429
2017-02-23,4.969552516937256,8.42689323425293,-4.643123908984219,-2.0813460602344427,1,0.0020677560479054335
2017-02-24,4.938297748565674,8.42689323425293,-4.58801350981509,-1.832843379745643,1,0.05717815521703429
2017-02-27,4.907042980194092,8.42689323425293,-4.532903110645959,-1.610356079650731,1,0.11228855438616492
2017-02-28,4.8070268630981445,8.15329360961914,-4.630147944517141,-1.787528358638642,1,0.01504372051498315
2017-03-01,4.8445329666137695,8.208016395568848,-4.64155831020212,-1.7408377833402129,1,0.003633354830004265
2017-03-02,4.832030773162842,8.208016395568848,-4.619513646060671,-1.6167523523615108,1,0.025678018971452943
2017-03-03,4.832030773162842,8.208016395568848,-4.619513646060671,-1.5532701529504935,1,0.025678018971452943
2017-03-06,4.700759410858154,8.262735366821289,-4.33332864408683,-0.8247024644316032,1,0.31186302094529417
2017-03-07,4.675755023956299,8.42689323425293,-4.125081448372292,-0.30397793240115106,0,0.5201102166598321
2017-03-08,4.625747203826904,8.42689323425293,-4.036904473385819,-0.08147535761718451,0,0.5201102166598321
2017-03-09,4.619495391845703,8.21348762512207,-4.2392864892614615,-0.5603481431391449,0,0.5201102166598321
2017-03-10,4.48822546005249,8.208016395568848,-4.01329421046227,0.0143247463585497,0,0.5201102166598321
2017-03-13,4.494476318359375,8.208016395568848,-4.024316122138163,0.01120794194219431,0,0.5201102166598321
2017-03-14,4.406961917877197,8.262735366821289,-3.8152861834749032,0.5656222024711364,0,0.5201102166598321
2017-03-15,4.425714492797852,8.208016395568848,-3.903070889755025,0.36959118942727176,0,0.5201102166598321
2017-03-16,4.500727653503418,8.266325950622559,-3.9770293195500095,0.19214839837106798,0,0.5201102166598321
2017-03-17,4.657001972198486,8.266325950622559,-4.252582156185321,-0.5169812616197439,0,0.5201102166598321
2017-03-20,4.719512939453125,8.266325950622559,-4.362805476892566,-0.7855865436939562,0,0.5201102166598321
2017-03-21,4.625747203826904,8.376542091369629,-4.08725561626912,-0.007318628585277977,0,0.5201102166598321
2017-03-22,4.625747203826904,8.376542091369629,-4.08725561626912,0.020992188939033395,0,0.5201102166598321
2017-03-23,4.688257217407227,8.376542091369629,-4.197477255397041,-0.2669998267570057,0,0.5201102166598321
2017-03-24,4.788272857666016,8.492271423339844,-4.258101873399772,-0.4185426384990377,0,0.5201102166598321
2017-03-27,4.782022953033447,8.211214065551758,-4.528139001091288,-1.1997003201287466,0,0.5201102166598321
2017-03-28,4.688257217407227,8.48124885559082,-4.09277049117585,0.16747262845023056,0,0.5201102166598321
2017-03-29,4.688257217407227,8.514313697814941,-4.059705648951729,0.30415600439210844,0,0.5201102166598321
2017-03-30,4.719512939453125,8.404095649719238,-4.2250357777958865,-0.2006227155882727,0,0.5201102166598321
2017-03-31,4.813277244567871,8.404095649719238,-4.390366975303275,-0.7410730070471919,0,0.5201102166598321
2017-04-03,4.813277244567871,8.486760139465332,-4.307702485557181,-0.4223311912245426,0,0.5201102166598321
2017-04-04,4.782022953033447,8.486760139465332,-4.252592927177714,-0.19375889979959923,0,0.5201102166598321
2017-04-05,4.782022953033447,8.486760139465332,-4.252592927177714,-0.16967541162624072,0,0.5201102166598321
2017-04-06,4.782022953033447,8.321434020996094,-4.417919045646952,-0.7720224463879913,0,0.5201102166598321
2017-04-07,4.782022953033447,8.376542091369629,-4.362810975273417,-0.5435193235123951,0,0.5201102166598321
2017-04-10,4.750767230987549,8.376542091369629,-4.307698894524963,-0.3125067904494798,0,0.5201102166598321
2017-04-11,4.750767230987549,8.376542091369629,-4.307698894524963,-0.2920703490500105,0,0.5201102166598321
2017-04-12,4.750767230987549,8.376542091369629,-4.307698894524963,-0.264178604401038,0,0.5201102166598321
2017-04-13,4.750767230987549,8.376542091369629,-4.307698894524963,-0.2359279428049783,0,0.5201102166598321
2017-04-17,4.782022953033447,8.376542091369629,-4.362810975273417,-0.4383544760004804,0,0.5201102166598321
2017-04-18,4.813277244567871,8.382050514221191,-4.412412110801322,-0.6257235660519332,0,0.5201102166598321
2017-04-19,4.813277244567871,8.382050514221191,-4.412412110801322,-0.600207226429093,0,0.5201102166598321
2017-04-20,4.813277244567871,8.382050514221191,-4.412412110801322,-0.5753605261678749,0,0.5201102166598321
2017-04-21,4.929213047027588,8.652084350585938,-4.346803668846402,-0.25787382702699685,0,0.5201102166598321
2017-04-24,4.929213047027588,8.652084350585938,-4.346803668846402,-0.2313579104858271,0,0.5201102166598321
2017-04-25,5.005733966827393,8.652084350585938,-4.481730230605553,-0.8412261390692897,0,0.5201102166598321
2017-04-26,5.018486499786377,8.54186725616455,-4.614433403740808,-1.4331290403121555,0,0.5201102166598321
2017-04-27,4.941966533660889,8.54186725616455,-4.47950852356098,-0.7577983316569019,0,0.5201102166598321
2017-04-28,4.910082817077637,8.54186725616455,-4.423289122828001,-0.47104136334185365,0,0.5201102166598321
2017-05-01,4.910082817077637,8.54186725616455,-4.423289122828001,-0.45179646228499554,0,0.5201102166598321
2017-05-02,5.031240463256836,8.652084350585938,-4.526704910402275,-0.9205941346653755,0,0.5201102166598321
2017-05-03,5.005733966827393,8.696174621582031,-4.437639959609459,-0.468097840916681,0,0.5201102166598321
2017-05-04,5.005733966827393,8.707194328308105,-4.426620252883385,-0.3929761841785547,0,0.5201102166598321
2017-05-05,4.9866042137146,8.817412376403809,-4.282671405137556,0.32484503136910364,0,0.5201102166598321
2017-05-08,4.9866042137146,9.098468780517578,-4.0016150010237865,1.6553109480143802,0,0.5201102166598321
2017-05-09,5.037617206573486,9.148065567016602,-4.041967574118207,1.4144450016263037,0,0.5201102166598321
2017-05-10,5.0439934730529785,9.10398006439209,-4.097296116099653,1.117599815795284,0,0.5201102166598321
2017-05-11,5.037617206573486,9.230727195739746,-3.9593059453950623,1.6906433925161963,0,0.5201102166598321
2017-05-12,5.0439934730529785,9.230727195739746,-3.9705489847519964,1.581920199714567,0,0.5201102166598321
2017-05-15,5.0439934730529785,9.230727195739746,-3.9705489847519964,1.5296213165847987,0,0.5201102166598321
2017-05-16,4.973850250244141,9.396055221557617,-3.6815399589008937,2.644986763033171,-1,0.5201102166598321
2017-05-17,4.992980480194092,9.368499755859375,-3.7428270650389237,2.2400517151117887,-1,0.5813973227978622
2017-05-18,4.910082817077637,9.644043922424316,-3.321112456568235,3.529615142071275,-1,0.15968271432717351
2017-05-19,4.973850250244141,9.919589042663574,-3.1580061377949367,3.63072614286556,-1,-0.003423604446124884
2017-05-22,4.973850250244141,10.305352210998535,-2.7722429694599757,4.119280918643215,-1,-0.3891867727810858
2017-05-23,4.941966533660889,10.365967750549316,-2.6554080291762148,3.810859276553692,-1,-0.5060217130648468
2017-05-24,4.954720497131348,9.671599388122559,-3.3722649926858264,1.912388490240064,-1,0.2108352504447648
2017-05-25,4.954720497131348,9.644043922424316,-3.3998204583840685,1.7671946804996999,-1,0.238390716143007
2017-05-26,4.999357223510742,9.660578727722168,-3.4619919733227267,1.5554474870424857,-1,0.30056223108166513
2017-05-30,5.050370693206787,9.660578727722168,-3.5519421737058323,1.2940709310507246,-1,0.39051243146477077
2017-05-31,5.050370693206787,9.374011993408203,-3.838508908019797,0.5846241193306531,-1,0.6770791657787356
2017-06-01,5.037617206573486,9.374011993408203,-3.8160211477266053,0.6242969454402355,-1,0.6545914054855437
2017-06-02,5.031240463256836,9.396055221557617,-3.7827340394305953,0.69116950140478,-1,0.6213042971895337
2017-06-05,5.0248637199401855,9.396055221557617,-3.7714901592839993,0.6974266628701499,-1,0.6100604170429378
2017-06-06,5.012110233306885,9.594447135925293,-3.5506104846231317,1.1905652505187143,-1,0.3891807423820701
2017-06-07,5.0248637199401855,9.671599388122559,-3.495945992719058,1.2800735683484628,-1,0.3345162504779964
2017-06-08,5.005733966827393,9.688132286071777,-3.4456822951197132,1.3634789734929658,-1,0.2842525528786517
2017-06-09,5.005733966827393,9.699153900146484,-3.434660681045006,1.3502915497371095,-1,0.27323093880394467
2017-06-12,5.018486499786377,9.699153900146484,-3.4571467597588743,1.2625536414399139,-1,0.29571701751781276
2017-06-13,4.954720497131348,9.368499755859375,-3.67536462494901,0.7540317160081627,-1,0.5139348827079484
2017-06-14,4.941966533660889,9.368499755859375,-3.652876023866156,0.7775763948256547,-1,0.4914462816250946
2017-06-15,4.941966533660889,9.368499755859375,-3.652876023866156,0.7579726972161637,-1,0.4914462816250946
2017-06-16,4.8909525871276855,9.230727195739746,-3.7006975428130175,0.6362374191396654,-1,0.539267800571956
2017-06-19,4.910082817077637,9.522807121276855,-3.442349257715696,1.165012204237702,-1,0.28091951547463445
2017-06-20,4.910082817077637,9.522807121276855,-3.442349257715696,1.1265540198377675,-1,0.28091951547463445
2017-06-21,5.005733966827393,9.588935852050781,-3.5448787291407093,0.8751657289441295,-1,0.3834489868996478
2017-06-22,5.101385116577148,9.368499755859375,-3.933973027531053,0.02347524867575851,0,0.7725432852899914
2017-06-23,5.177905559539795,9.148065567016602,-4.289332937343316,-0.7383773006590887,0,0.7725432852899914
2017-06-26,5.260802745819092,9.148065567016602,-4.435502538459401,-1.0409151481592007,0,0.7725432852899914
2017-06-27,5.260802745819092,9.092958450317383,-4.49060965515862,-1.1515647382464163,0,0.7725432852899914
2017-06-28,5.228918552398682,9.092958450317383,-4.434389413635978,-1.0222440731212032,0,0.7725432852899914
2017-06-29,5.228918552398682,9.092958450317383,-4.434389413635978,-1.010300638159981,0,0.7725432852899914
2017-06-30,5.190659999847412,9.092958450317383,-4.36692949591505,-0.8602834537218121,0,0.7725432852899914
2017-07-03,5.203412055969238,9.092958450317383,-4.389414733839256,-0.9097951089033587,0,0.7725432852899914
2017-07-05,5.197035312652588,9.147459030151367,-4.323670273858676,-0.772660154511467,0,0.7725432852899914
2017-07-06,5.184282302856445,8.951642036437988,-4.497000348068525,-1.126742604144537,0,0.7725432852899914
2017-07-07,5.190659999847412,8.951642036437988,-4.508245909794445,-1.13582069770881,0,0.7725432852899914
2017-07-10,5.190659999847412,8.951642036437988,-4.508245909794445,-1.121474858507765,0,0.7725432852899914
2017-07-11,5.190659999847412,8.951642036437988,-4.508245909794445,-1.1074145061352525,0,0.7725432852899914
2017-07-12,5.228918552398682,8.951642036437988,-4.575705827515373,-1.2302552437861476,0,0.7725432852899914
2017-07-13,5.2990641593933105,8.951642036437988,-4.699391031496912,-1.4572075836460252,0,0.7725432852899914
2017-07-14,5.356454372406006,8.951642036437988,-4.800585112026614,-1.6222959676223128,0,0.7725432852899914
2017-07-17,5.3500776290893555,9.035563468933105,-4.7054197993849005,-1.4068937610628756,0,0.7725432852899914
2017-07-18,5.292686939239502,9.06353759765625,-4.576250749342394,-1.1364106477303084,0,0.7725432852899914
2017-07-19,5.267179489135742,9.06353759765625,-4.531274387966349,-1.0367652742362328,0,0.7725432852899914
2017-07-20,5.228918552398682,8.94604778289795,-4.581300081055412,-1.127218992969348,0,0.7725432852899914
2017-07-21,5.222541809082031,8.951642036437988,-4.564461947368777,-1.0981922141201934,0,0.7725432852899914
2017-07-24,5.222541809082031,8.951642036437988,-4.564461947368777,-1.0923357338669752,0,0.7725432852899914
2017-07-25,5.165152072906494,8.951642036437988,-4.463268707628737,-0.8936196263034549,0,0.7725432852899914
2017-07-26,5.114139080047607,8.957235336303711,-4.367726048169571,-0.7111663933114123,0,0.7725432852899914
2017-07-27,5.292686939239502,8.957235336303711,-4.682553010694933,-1.30954443483294,0,0.7725432852899914
2017-07-28,5.292686939239502,8.957235336303711,-4.682553010694933,-1.2906569872016904,0,0.7725432852899914
2017-07-31,5.2990641593933105,8.962831497192383,-4.6882015707425175,-1.2817871801528744,0,0.7725432852899914
2017-08-01,5.3628315925598145,8.957235336303711,-4.806236533097149,-1.464663988853133,0,0.7725432852899914
2017-08-02,5.420220851898193,8.957235336303711,-4.907428932047527,-1.5895285144474178,0,0.7725432852899914
2017-08-03,5.515872478485107,8.957235336303711,-5.076087975036128,-1.8122480695666647,0,0.7725432852899914
2017-08-04,5.55413293838501,8.979615211486816,-5.121171380732598,-1.8087409735068747,0,0.7725432852899914
2017-08-07,5.573262691497803,9.035563468933105,-5.098953922936435,-1.6947624440790954,0,0.7725432852899914
2017-08-08,5.579639434814453,9.231379508972168,-4.914381763043968,-1.3377900938374603,0,0.7725432852899914
2017-08-09,5.573262691497803,9.231379508972168,-4.903137882897372,-1.275770741869651,0,0.7725432852899914
2017-08-10,5.483989238739014,9.231379508972168,-4.745725242424353,-0.9861676958469258,0,0.7725432852899914
2017-08-11,5.547755718231201,9.231379508972168,-4.858162362310988,-1.1300391952144972,0,0.7725432852899914
2017-08-14,5.560509204864502,9.231379508972168,-4.88065012260418,-1.129781171094582,0,0.7725432852899914
2017-08-15,5.547755718231201,9.231379508972168,-4.858162362310988,-1.0627743435429493,0,0.7725432852899914
2017-08-16,5.509496212005615,9.511117935180664,-4.5109623368022405,-0.4667604185162038,0,0.7725432852899914
2017-08-17,5.4521050453186035,9.511117935180664,-4.409766574693215,-0.25878552192061016,0,0.7725432852899914
2017-08-18,5.496741771697998,9.511117935180664,-4.488472894929725,-0.3784843019122078,0,0.7725432852899914
2017-08-21,5.509496212005615,9.511117935180664,-4.5109623368022405,-0.39520984421296546,0,0.7725432852899914
2017-08-22,5.483989238739014,9.511117935180664,-4.465986816215857,-0.28211678261822365,0,0.7725432852899914
2017-08-23,5.420220851898193,9.511117935180664,-4.3535463331705735,-0.03356066473787071,0,0.7725432852899914
2017-08-24,5.547755718231201,9.348869323730469,-4.740672547552688,-0.788771658900715,0,0.7725432852899914
2017-08-25,5.547755718231201,9.399223327636719,-4.690318543646438,-0.6613118642399286,0,0.7725432852899914
2017-08-28,5.579639434814453,9.399223327636719,-4.746537944379417,-0.7489686739238047,0,0.7725432852899914
2017-08-29,5.579639434814453,9.231379508972168,-4.914381763043968,-1.0594893190820398,0,0.7725432852899914
2017-08-30,5.579639434814453,9.231379508972168,-4.914381763043968,-1.0310602644094322,0,0.7725432852899914
2017-08-31,5.579639434814453,9.231379508972168,-4.914381763043968,-1.0063799940008877,0,0.7725432852899914
2017-09-01,5.579639434814453,9.343276977539062,-4.802484294477074,-0.7432865938922572,0,0.7725432852899914
2017-09-05,5.643406391143799,9.399223327636719,-4.858975905055713,-0.8520324146671785,0,0.7725432852899914
2017-09-06,5.662537097930908,9.511117935180664,-4.7808137787412175,-0.6493209541432279,0,0.7725432852899914
2017-09-07,5.649783134460449,9.511117935180664,-4.758325177658364,-0.5695619477876555,0,0.7725432852899914
2017-09-08,5.739058017730713,9.259354591369629,-5.167503684311404,-1.5830202783577116,0,0.7725432852899914
2017-09-11,5.745434761047363,9.399223327636719,-5.03887882819091,-1.2329445351476094,0,0.7725432852899914
2017-09-12,5.802825450897217,9.40481948852539,-5.134477588621602,-1.4739535752598067,0,0.7725432852899914
2017-09-13,5.802825450897217,9.40481948852539,-5.134477588621602,-1.5121775282039815,0,0.7725432852899914
2017-09-14,5.815578937530518,9.410412788391113,-5.151372049049071,-1.6382327023565593,0,0.7725432852899914
2017-09-18,5.898475646972656,9.511117935180664,-5.1968356625859435,-1.8910891252795108,0,0.7725432852899914
2017-09-19,5.962244033813477,9.511117935180664,-5.309276145631225,-2.2867346217047397,1,0.7725432852899914
2017-09-20,6.045139789581299,9.511117935180664,-5.455443224378325,-2.6604684706814545,1,0.6263762065428917
2017-09-21,6.077024459838867,9.231379508972168,-5.791402732899124,-3.4396854468919966,1,0.29041669802209213
2017-09-22,6.070647716522217,9.270543098449707,-5.740995263274989,-2.9695173912185746,1,0.34082416764622714
2017-09-25,6.032388210296631,9.511117935180664,-5.43295882724378,-1.9242548673393485,1,0.648860603677436
2017-09-26,5.99412727355957,9.511117935180664,-5.365494705574543,-1.651440322751882,1,0.7163247253466736
2017-09-27,5.936736583709717,9.511117935180664,-5.264299784255179,-1.3069405921600283,1,0.817519646666037
2017-09-28,5.930360317230225,9.539092063903809,-5.225082616175101,-1.15263179334833,1,0.8567368147461156
2017-09-29,5.911230564117432,9.511117935180664,-5.219325945248119,-1.1020574026514074,1,0.862493485673097
2017-10-02,5.911230564117432,9.511117935180664,-5.219325945248119,-1.0659357269902667,1,0.862493485673097
2017-10-03,5.911230564117432,9.511117935180664,-5.219325945248119,-1.0310822804544395,1,0.862493485673097
2017-10-04,6.057894706726074,9.511117935180664,-5.477933507040502,-1.7327972487190424,1,0.6038859238807142
2017-10-05,5.911230564117432,9.511117935180664,-5.219325945248119,-0.9353522943564996,1,0.862493485673097
2017-10-06,6.121661186218262,9.511117935180664,-5.590370626927138,-1.9385081426817201,1,0.49144880399407853
2017-10-09,6.223690032958984,9.511117935180664,-5.770274390851995,-2.3036688692288685,1,0.31154504006922146
2017-10-10,6.249196529388428,9.511117935180664,-5.815249070648717,-2.275617032374958,1,0.2665703602724996
2017-10-11,6.312963485717773,9.511117935180664,-5.927687031325014,-2.400312403115757,1,0.15413239959620206
2017-10-12,6.39586067199707,9.511117935180664,-6.0738566324411,-2.570236101704368,1,0.007962798480116717
2017-10-13,6.376730918884277,9.511117935180664,-6.040125832790974,-2.3376262402269394,1,0.04169359813024265
2017-10-16,6.41499137878418,9.511117935180664,-6.107589113670549,-2.3383848403748746,1,-0.025769682749333
2017-10-17,6.370354175567627,9.511117935180664,-6.028881952644378,-2.0526242772823715,1,0.05293747827683859
2017-10-18,6.312963485717773,9.511117935180664,-5.927687031325014,-1.7559667425947214,1,0.15413239959620206
2017-10-19,6.344847679138184,9.511117935180664,-5.983907272847656,-1.7983302524333447,1,0.09791215807356046
2017-10-20,6.344847679138184,9.511117935180664,-5.983907272847656,-1.7341341926139646,1,0.09791215807356046
2017-10-23,6.36397647857666,9.511117935180664,-6.017636390918458,-1.726560303134068,1,0.06418304000275832
2017-10-24,6.370354175567627,9.511117935180664,-6.028881952644378,-1.676543141320118,1,0.05293747827683859
2017-10-25,6.478758811950684,9.623014450073242,-6.108131400243929,-1.7562028898137365,1,-0.026311969322712514
2017-10-26,6.606293201446533,9.511117935180664,-6.444904677278764,-2.273342457227747,1,-0.3630852463575476
2017-10-27,6.568033695220947,9.511117935180664,-6.377443077978512,-2.030150833711929,1,-0.2956236470572957
2017-10-30,6.440498352050781,9.511117935180664,-6.152564634256931,-1.5527540510100755,1,-0.07074520333571499
2017-10-31,6.472381591796875,9.511117935180664,-6.208783194200249,-1.5869822960831068,1,-0.1269637632790328
2017-11-01,6.472381591796875,9.511117935180664,-6.208783194200249,-1.5247185471594742,1,-0.1269637632790328
2017-11-02,6.899623870849609,9.734910011291504,-6.7383319287009975,-2.2870454350812146,1,-0.6565124977797812
2017-11-03,6.854985237121582,9.740503311157227,-6.654028945440118,-2.0329383044206377,1,-0.5722095145189012
2017-11-06,6.6955671310424805,9.774073600769043,-6.3393624929530645,-1.4713325191223314,1,-0.2575430620318482
2017-11-07,6.631799221038818,9.774073600769043,-6.226922850697445,-1.2480024262858098,1,-0.14510341977622865
2017-11-08,6.631799221038818,9.774073600769043,-6.226922850697445,-1.2053187013926323,1,-0.14510341977622865
2017-11-09,6.568033695220947,9.774073600769043,-6.114487412390133,-0.9953747727514584,1,-0.03266798146891681
2017-11-10,6.504265308380127,9.774073600769043,-6.00204692934485,-0.7920317914016283,1,0.0797725015763664
2017-11-13,6.504265308380127,9.913153648376465,-5.862966881737428,-0.5456002707462634,1,0.21885254918378827
2017-11-14,6.376730918884277,9.913153648376465,-5.638090119595173,-0.15216090309160585,0,0.44372931132604343
2017-11-15,6.2810797691345215,9.913153648376465,-5.469431917396234,0.16014034326858598,0,0.44372931132604343
2017-11-16,6.249196529388428,9.913153648376465,-5.413213357452916,0.29234339210468674,0,0.44372931132604343
2017-11-17,6.344847679138184,9.913153648376465,-5.581871559651855,0.03184967087753777,0,0.44372931132604343
2017-11-20,6.510643005371094,9.913153648376465,-5.874212443463348,-0.4815887172096313,0,0.44372931132604343
2017-11-21,6.54890251159668,10.4976167678833,-5.357210923256764,0.5239806630300792,0,0.44372931132604343
2017-11-22,6.568033695220947,10.4976167678833,-5.390944245275875,0.4910767561531033,0,0.44372931132604343
2017-11-24,6.599916934967041,10.384126663208008,-5.560652909894486,0.1807380181141026,0,0.44372931132604343
2017-11-27,6.517019748687744,10.384126663208008,-5.414483308778401,0.4993792674787511,0,0.44372931132604343
2017-11-28,6.491512775421143,10.4976167678833,-5.256017683516724,0.8465033838117353,0,0.44372931132604343
2017-11-29,6.568033695220947,10.4976167678833,-5.390944245275875,0.6022971642627812,0,0.44372931132604343
2017-11-30,6.536149024963379,10.4976167678833,-5.334723162963572,0.7546930813361323,0,0.44372931132604343
2017-12-01,6.542525768280029,10.4976167678833,-5.345967043110168,0.7727992281692609,0,0.44372931132604343
2017-12-04,6.536149024963379,10.4976167678833,-5.334723162963572,0.8466670276964128,0,0.44372931132604343
2017-12-05,6.491512775421143,10.4976167678833,-5.256017683516724,1.035843271869559,0,0.44372931132604343
2017-12-06,6.510643005371094,10.4976167678833,-5.289749323956512,0.979527026694095,0,0.44372931132604343
2017-12-07,6.517019748687744,10.4976167678833,-5.300993204103108,0.9670582108044644,0,0.44372931132604343
2017-12-08,6.517019748687744,10.4976167678833,-5.300993204103108,0.9812970408670867,0,0.44372931132604343
2017-12-11,6.6445536613464355,10.440872192382812,-5.582613700956191,0.33199769895186837,0,0.44372931132604343
2017-12-12,6.727451801300049,10.440872192382812,-5.7287849836516,-0.00014453486659252035,0,0.44372931132604343
2017-12-13,6.784842014312744,10.440872192382812,-5.829979064181302,-0.22908870111484653,0,0.44372931132604343
2017-12-14,6.344847679138184,10.440872192382812,-5.0541530156455075,1.6417966420457866,0,0.44372931132604343
2017-12-15,6.319339752197266,10.225245475769043,-5.224802530093569,1.190193955832625,0,0.44372931132604343
2017-12-18,6.421368598937988,10.350082397460938,-5.279869372326532,1.0302225168828265,0,0.44372931132604343
2017-12-19,6.568033695220947,10.440872192382812,-5.447688820776364,0.632423139244279,0,0.44372931132604343
2017-12-20,6.568033695220947,10.440872192382812,-5.447688820776364,0.6372237401974326,0,0.44372931132604343
2017-12-21,6.568033695220947,10.440872192382812,-5.447688820776364,0.6486443143591777,0,0.44372931132604343
2017-12-22,6.759335041046143,10.440872192382812,-5.785003543594918,-0.13930062554086484,0,0.44372931132604343
2017-12-26,6.75295877456665,10.440872192382812,-5.773760504237984,-0.09079220588490819,0,0.44372931132604343
2017-12-27,6.714698314666748,10.440872192382812,-5.706297223358405,0.09637341922197634,0,0.44372931132604343
2017-12-28,6.6955671310424805,10.44654655456543,-5.666889539156678,0.2163742431731662,0,0.44372931132604343
2017-12-29,6.759335041046143,10.44654655456543,-5.779329181412301,-0.05563658053366576,0,0.44372931132604343
2018-01-02,6.854985237121582,10.44654655456543,-5.9479857020319145,-0.45992519008345134,0,0.44372931132604343
2018-01-03,6.823101997375488,10.443731307983398,-5.894582388670628,-0.3095005507404739,0,0.44372931132604343
2018-01-04,6.9187541007995605,10.524242401123047,-5.982731179309241,-0.5265709679788936,0,0.44372931132604343
2018-01-05,7.110054969787598,10.524242401123047,-6.320045061338135,-1.3515902617529882,0,0.44372931132604343
2018-01-08,7.14193868637085,10.524242401123047,-6.376264462071113,-1.4497234813432327,0,0.44372931132604343
2018-01-09,7.173822402954102,10.524242401123047,-6.432483862804091,-1.5484389526245346,0,0.44372931132604343
2018-01-10,7.14193868637085,10.524242401123047,-6.376264462071113,-1.378127166449835,0,0.44372931132604343
2018-01-11,7.110054969787598,10.524242401123047,-6.320045061338135,-1.223395954787025,0,0.44372931132604343
2018-01-12,7.2057061195373535,10.66801929473877,-6.34492636992135,-1.2559778100727004,0,0.44372931132604343
2018-01-16,7.49265718460083,10.758156776428223,-6.760759290880401,-2.1216157644810396,1,0.44372931132604343
2018-01-17,7.403384208679199,10.758156776428223,-6.603347491197045,-1.6979976382397874,1,0.6011411110093992
2018-01-18,7.403384208679199,10.758156776428223,-6.603347491197045,-1.6373798061494165,1,0.6011411110093992
2018-01-19,7.269472122192383,10.758156776428223,-6.3672251673288685,-1.1017862464726305,1,0.8372634348775758
2018-01-22,7.301357269287109,10.699687957763672,-6.481915909095385,-1.3137839500494422,1,0.7225726931110596
2018-01-23,7.320487022399902,10.699687957763672,-6.5156467087455106,-1.3522998478082247,1,0.6888418934609337
2018-01-24,7.403384208679199,10.728922843933105,-6.632581423692162,-1.5757753603601736,1,0.571907178514282
2018-01-25,7.403384208679199,10.758156776428223,-6.603347491197045,-1.492332069478026,1,0.6011411110093992
2018-01-26,7.422514915466309,10.758156776428223,-6.637079972426495,-1.5181951979590838,1,0.5674086297799494
2018-01-29,7.409761905670166,10.875094413757324,-6.4976554155938615,-1.2161150759215689,1,0.7068331866125828
2018-01-30,7.333240509033203,10.816622734069824,-6.42119969273255,-1.0499120201352363,1,0.7832889094738942
2018-01-31,7.11643123626709,10.816622734069824,-6.038907767748292,-0.3215433530812541,0,1.1655808344581526
2018-02-01,7.180200099945068,10.822469711303711,-6.145502114349348,-0.5662722025584961,0,1.1655808344581526
2018-02-02,7.14193868637085,10.822469711303711,-6.078037151890449,-0.4382704580567726,0,1.1655808344581526
2018-02-05,7.14193868637085,10.822469711303711,-6.078037151890449,-0.4448470115310575,0,1.1655808344581526
2018-02-06,7.110054969787598,10.875094413757324,-5.969193048703858,-0.22702611827394176,0,1.1655808344581526
2018-02-07,7.110054969787598,10.875094413757324,-5.969193048703858,-0.2325788187039247,0,1.1655808344581526
2018-02-08,7.110054969787598,10.875094413757324,-5.969193048703858,-0.23380591968627695,0,1.1655808344581526
2018-02-09,7.097301006317139,11.108964920043945,-5.712833941334381,0.30096787835558664,0,1.1655808344581526
2018-02-12,7.014404773712158,11.108964920043945,-5.566666021797619,0.605451629318486,0,1.1655808344581526
2018-02-13,7.008027076721191,11.108964920043945,-5.555420460071701,0.6335168582698365,0,1.1655808344581526
2018-02-14,7.014404773712158,11.108964920043945,-5.566666021797619,0.61783302386231,0,1.1655808344581526
2018-02-15,7.014404773712158,11.108964920043945,-5.566666021797619,0.6170941570581403,0,1.1655808344581526
2018-02-16,7.014404773712158,11.108964920043945,-5.566666021797619,0.60434268455017,0,1.1655808344581526
2018-02-20,7.014404773712158,11.108964920043945,-5.566666021797619,0.6155390317221867,0,1.1655808344581526
2018-02-21,7.110054969787598,11.173280715942383,-5.671006746518799,0.406840835254975,0,1.1655808344581526
2018-02-22,7.2057061195373535,11.173280715942383,-5.839664948717736,0.05645526958016544,0,1.1655808344581526
2018-02-26,7.14193868637085,11.693649291992188,-5.206857571201972,1.394090310206315,0,1.1655808344581526
2018-02-27,7.110054969787598,11.985989570617676,-4.858297891843506,2.071094536702202,-1,1.1655808344581526
2018-02-28,7.014404773712158,11.985989570617676,-4.689641371223889,2.3033229386046163,-1,0.9969243138385355
2018-03-01,7.078171730041504,11.985989570617676,-4.802079331900188,2.0064428827849863,-1,1.1093622745148348
2018-03-02,7.046287536621094,11.693649291992188,-5.038199369003031,1.5189420309132986,-1,1.345482311617678
2018-03-05,7.014404773712158,11.693649291992188,-4.981981649849377,1.5922331395537248,-1,1.2892645924640238
2018-03-06,7.014404773712158,11.693649291992188,-4.981981649849377,1.5654405216608367,-1,1.2892645924640238
2018-03-07,7.046287536621094,11.693649291992188,-5.038199369003031,1.4386271695041488,-1,1.345482311617678
2018-03-08,7.014404773712158,11.693649291992188,-4.981981649849377,1.5141169799846543,-1,1.2892645924640238
2018-03-09,7.078171730041504,11.693649291992188,-5.0944196105256765,1.2930701416481463,-1,1.401702553140323
2018-03-12,7.173822402954102,11.693649291992188,-5.26307697193495,0.9706843113522655,-1,1.5703599145495968
2018-03-13,7.269472122192383,11.693649291992188,-5.431732651764904,0.6553442305846369,-1,1.7390155943795502
2018-03-14,7.282226085662842,11.693649291992188,-5.454221252847759,0.6018241004243746,-1,1.7615041954624058
2018-03-15,7.333240509033203,11.839818000793457,-5.398004426008917,0.7204459996168797,-1,1.705287368623564
2018-03-16,7.365124702453613,11.86905288696289,-5.424989781362125,0.6812264076101837,-1,1.732272723976772
2018-03-19,7.301357269287109,11.86905288696289,-5.312550979896166,0.887655995520197,-1,1.6198339225108125
2018-03-20,7.269472122192383,11.781352043151855,-5.344029900605236,0.8252330948467956,-1,1.6513128432198823
2018-03-21,7.1929521560668945,11.693649291992188,-5.29680777158508,0.9032437272500413,-1,1.6040907141997263
2018-03-22,7.173822402954102,11.693649291992188,-5.26307697193495,0.9544641170217816,-1,1.5703599145495968
2018-03-23,7.173822402954102,11.693649291992188,-5.26307697193495,0.931734491002137,-1,1.5703599145495968
2018-03-26,7.224837303161621,11.635181427001953,-5.411497559677276,0.6529785413414467,-1,1.7187805022919225
2018-03-27,7.2057061195373535,11.635181427001953,-5.377764237658166,0.7004668660122424,-1,1.6850471802728126
2018-03-28,7.173822402954102,11.7659273147583,-5.190798949168837,1.0096084443747182,-1,1.4980818917834835
2018-03-29,7.173822402954102,11.7659273147583,-5.190798949168837,0.9840335513290679,-1,1.4980818917834835
2018-04-02,7.110054969787598,11.635848999023438,-5.208438463437744,0.9257354565868198,-1,1.515721406052391
2018-04-03,7.014404773712158,11.825051307678223,-4.850579634163342,1.4878247575696302,-1,1.1578625767779887
2018-04-04,7.014404773712158,11.825051307678223,-4.850579634163342,1.4321301011419099,-1,1.1578625767779887
2018-04-05,7.059040069580078,11.825051307678223,-4.929283432030864,1.255785752863266,-1,1.236566374645511
2018-04-06,7.110054969787598,11.825051307678223,-5.019236154782959,1.0699809122095278,-1,1.3265190973976058
2018-04-09,7.110054969787598,11.825051307678223,-5.019236154782959,1.0360302090711062,-1,1.3265190973976058
2018-04-10,7.135560989379883,11.884177207946777,-5.005084093521461,1.0258329131477033,-1,1.3123670361361075
2018-04-11,7.135560989379883,11.943302154541016,-4.945959146927223,1.0890889025860564,-1,1.2532420895418692
2018-04-12,7.1929521560668945,11.943302154541016,-5.0471549090362515,0.8881608269127799,-1,1.3544378516508981
2018-04-13,7.1929521560668945,11.943302154541016,-5.0471549090362515,0.86534088865868,-1,1.3544378516508981
2018-04-16,7.1929521560668945,11.943302154541016,-5.0471549090362515,0.8403895524476004,-1,1.3544378516508981
2018-04-17,7.28860330581665,11.943302154541016,-5.215813111235185,0.5117682671127584,-1,1.523096053849832
2018-04-18,7.3842549324035645,11.943302154541016,-5.384472154223786,0.17237845031751614,0,1.691755096838433
2018-04-19,7.49265718460083,11.943302154541016,-5.575613912767608,-0.22633956649137518,0,1.691755096838433
2018-04-20,7.531946182250977,11.884177207946777,-5.704015723541822,-0.5230641328379776,0,1.691755096838433
2018-04-23,7.564551830291748,11.884177207946777,-5.76150807982269,-0.7026558031288317,0,1.691755096838433
2018-04-24,7.538466453552246,11.884177207946777,-5.715512681376602,-0.6707440100893456,0,1.691755096838433
2018-04-25,7.610199451446533,11.884177207946777,-5.8419968741421116,-1.0459400859175936,0,1.691755096838433
2018-04-26,7.69497537612915,11.884177207946777,-5.9914791865254955,-1.485858710486139,0,1.691755096838433
2018-04-27,7.701496124267578,11.884177207946777,-6.002976985149942,-1.5904750690159837,0,1.691755096838433
2018-04-30,7.792792797088623,11.943302154541016,-6.104832149563531,-1.8419413633135453,0,1.691755096838433
2018-05-01,7.792792797088623,11.943302154541016,-6.104832149563531,-1.8499231108598444,0,1.691755096838433
2018-05-02,7.792792797088623,11.943302154541016,-6.104832149563531,-1.8448433237577269,0,1.691755096838433
2018-05-03,7.616720676422119,11.943302154541016,-5.79437056696198,-1.0753753017165406,0,1.691755096838433
2018-05-04,7.434127330780029,11.884177207946777,-5.531535291540564,-0.4122812313946917,0,1.691755096838433
2018-05-07,7.4993391036987305,11.972862243652344,-5.5578358091864,-0.5110696546923756,0,1.691755096838433
2018-05-08,7.597157001495361,12.002426147460938,-5.700750655799737,-0.9282902227970792,0,1.691755096838433
2018-05-09,7.688453197479248,12.002426147460938,-5.861729926017908,-1.357023879120478,0,1.691755096838433
2018-05-10,7.792792797088623,12.120676040649414,-5.927458263455133,-1.495587591900729,0,1.691755096838433
2018-05-11,7.760185718536377,12.120676040649414,-5.869963384805274,-1.3088292525491347,0,1.691755096838433
2018-05-14,7.564551830291748,12.061551094055176,-5.584134193714291,-0.5444326156638618,0,1.691755096838433
2018-05-15,7.597157001495361,12.067463874816895,-5.63571292844378,-0.6778154195179862,0,1.691755096838433
2018-05-16,7.564551830291748,12.067463874816895,-5.578221412952573,-0.5239590239984419,0,1.691755096838433
2018-05-17,7.69497537612915,12.067463874816895,-5.808192519655378,-1.1160910121167233,0,1.691755096838433
2018-05-18,7.818875789642334,11.884177207946777,-6.2099482906555465,-2.0816065603490346,1,1.691755096838433
2018-05-21,7.760185718536377,12.126588821411133,-5.864050604043555,-1.1960590988713045,1,2.037652783450424
2018-05-22,7.747143268585205,12.120676040649414,-5.846966105977064,-1.1153789327983206,1,2.054737281516916
2018-05-23,7.7275800704956055,12.09111499786377,-5.842032071310051,-1.0687437179336101,1,2.0596713161839286
2018-05-24,7.7862701416015625,12.061551094055176,-5.97508204826628,-1.3723585004600352,1,1.9266213392276992
2018-05-25,7.69497537612915,12.120676040649414,-5.754980353822859,-0.7777967010307599,1,2.1467230336711207
2018-05-29,7.597157001495361,11.972862243652344,-5.730314559608331,-0.6870831446908859,1,2.1713888278856484
2018-05-30,7.662367820739746,12.416303634643555,-5.401857040389203,0.20418701908033488,0,2.4998463471047767
2018-05-31,7.564551830291748,12.416303634643555,-5.2293816531259125,0.6864191617144123,0,2.4998463471047767
2018-06-01,7.584115505218506,12.416303634643555,-5.2638775713682335,0.6086513736540922,0,2.4998463471047767
2018-06-04,7.564551830291748,12.416303634643555,-5.2293816531259125,0.7233697800333951,0,2.4998463471047767
2018-06-05,7.505861759185791,12.416303634643555,-5.125895579978277,1.0137877404694309,0,2.4998463471047767
2018-06-06,7.531946182250977,12.416303634643555,-5.171889296845045,0.8787838076015421,0,2.4998463471047767
2018-06-07,7.753665924072266,12.416303634643555,-5.562839673766014,-0.19896159273728717,0,2.4998463471047767
2018-06-08,7.69497537612915,12.339438438415527,-5.5362179560567455,-0.12137500236271202,0,2.4998463471047767
2018-06-11,7.69497537612915,12.859743118286133,-5.01591327618614,1.2852483428933024,0,2.4998463471047767
2018-06-12,7.760185718536377,12.859743118286133,-5.130896307168555,0.9502659502937201,0,2.4998463471047767
2018-06-13,7.760185718536377,12.859743118286133,-5.130896307168555,0.9365936371733087,0,2.4998463471047767
2018-06-14,7.7275800704956055,12.735581398010254,-5.1975656711635665,0.7474060315838177,0,2.4998463471047767
2018-06-15,7.629762172698975,12.735581398010254,-5.025086920741629,1.1864710737347832,0,2.4998463471047767
2018-06-18,7.597157001495361,12.735581398010254,-4.967595405250421,1.309988855446503,0,2.4998463471047767
2018-06-19,7.629762172698975,12.735581398010254,-5.025086920741629,1.1384292178902538,0,2.4998463471047767
2018-06-20,7.564551830291748,12.735581398010254,-4.910103889759213,1.3924315057074401,0,2.4998463471047767
2018-06-21,7.538466453552246,13.598809242248535,-4.000880647074844,3.301071672253251,-1,2.4998463471047767
2018-06-22,7.649325847625732,12.711930274963379,-5.083233962030825,0.7962703015428383,-1,3.5821996620607575
2018-06-25,7.531946182250977,12.711930274963379,-4.8762626565252205,1.2468371565514893,-1,3.3752283565551533
2018-06-26,7.434127330780029,12.711930274963379,-4.703782224523962,1.5880508185126738,-1,3.2027479245538952
2018-06-27,7.316747188568115,12.711930274963379,-4.496810078228691,1.9932092566448403,-1,2.995775778258624
2018-06-28,7.205887317657471,12.711930274963379,-4.301334889768206,2.3163282820289517,-1,2.8003005897981392
2018-06-29,7.205887317657471,12.711930274963379,-4.301334889768206,2.214099379586889,-1,2.8003005897981392
2018-07-02,7.303704261779785,12.711930274963379,-4.473811958610817,1.8013496667202933,-1,2.9727776586407497
2018-07-03,7.492819786071777,12.711930274963379,-4.807272501619906,1.1247391201979375,-1,3.3062382016498386
2018-07-05,7.342832088470459,13.007555961608887,-4.247178949239611,2.1270014885104285,-1,2.746144649269544
2018-07-06,7.336310386657715,13.007555961608887,-4.235679469035841,2.0585318973754063,-1,2.7346451690657734
2018-07-09,7.349353790283203,12.830180168151855,-4.43605422290041,1.6360585380224384,-1,2.9350199229303424
2018-07-10,7.434127330780029,13.007555961608887,-4.408156537878455,1.632448822205364,-1,2.9071222379083874
2018-07-11,7.362395763397217,13.007555961608887,-4.281674867481929,1.7861669837202412,-1,2.7806405675118615
2018-07-12,7.434127330780029,13.007555961608887,-4.408156537878455,1.5148209629267952,-1,2.9071222379083874
2018-07-13,7.401523113250732,13.007555961608887,-4.350666703966567,1.5498794604252049,-1,2.8496324039965
2018-07-16,7.440648555755615,13.211993217468262,-4.215217921433183,1.6959347846673252,-1,2.714183621463116
2018-07-17,7.564551830291748,13.211993217468262,-4.4336920703012055,1.2956506194579804,-1,2.9326577703311383
2018-07-18,7.4993391036987305,13.211993217468262,-4.318704835370482,1.423904567505718,-1,2.8176705354004152
2018-07-19,7.466734409332275,13.091883659362793,-4.381323718774404,1.2783958735352212,-1,2.8802894188043364
2018-07-20,7.434127330780029,13.151938438415527,-4.263774061071814,1.408976014699338,-1,2.762739761101747
2018-07-23,7.531946182250977,13.151938438415527,-4.436254493073072,1.105088153182801,-1,2.935220193103005
2018-07-24,7.531946182250977,13.211993217468262,-4.376199714020338,1.1607769844797613,-1,2.8751654140502705
2018-07-25,7.564551830291748,13.211993217468262,-4.4336920703012055,1.039291423323997,-1,2.9326577703311383
2018-07-26,7.662367820739746,13.211993217468262,-4.606167457564496,0.7403503401739576,-1,3.1051331575944285
2018-07-27,7.69497537612915,13.211993217468262,-4.663663177004011,0.6223223255115671,-1,3.162628877033944
2018-07-30,7.662367820739746,13.211993217468262,-4.606167457564496,0.6906061717276133,-1,3.1051331575944285
2018-07-31,7.655848026275635,12.611449241638184,-5.195215316349451,-0.29738150928255397,0,3.6941810163793836
2018-08-01,7.597157001495361,12.911723136901855,-4.791453666358819,0.35681697890902414,0,3.6941810163793836
2018-08-02,7.558030128479004,12.911723136901855,-4.722462670663845,0.449760183263919,0,3.6941810163793836
2018-08-03,7.558030128479004,12.923731803894043,-4.710454003671657,0.44534488147352574,0,3.6941810163793836
2018-08-06,7.466734409332275,12.923731803894043,-4.549475574243154,0.6971682200154429,0,3.6941810163793836
2018-08-07,7.466734409332275,12.997214317321777,-4.475993060815419,0.7996924145518967,0,3.6941810163793836
2018-08-08,7.466734409332275,13.424351692199707,-4.04885568593749,1.5072874502998008,0,3.6941810163793836
2018-08-09,7.466734409332275,13.424351692199707,-4.04885568593749,1.4551743342976513,0,3.6941810163793836
2018-08-10,7.434127330780029,13.424351692199707,-3.9913608072876343,1.5010261511659155,0,3.6941810163793836
2018-08-13,7.3689165115356445,13.424351692199707,-3.8763769355155517,1.6491923387131664,0,3.6941810163793836
2018-08-14,7.336310386657715,13.424351692199707,-3.8188837384450203,1.7294943509637914,0,3.6941810163793836
2018-08-15,7.336310386657715,13.424351692199707,-3.8188837384450203,1.6843723393416101,0,3.6941810163793836
2018-08-16,7.271099090576172,13.424351692199707,-3.703899025883281,1.8421779961773417,0,3.6941810163793836
2018-08-17,7.271099090576172,13.424351692199707,-3.703899025883281,1.7961815941390102,0,3.6941810163793836
2018-08-20,7.2384934425354,13.424351692199707,-3.64640666960241,1.8736752901223446,0,3.6941810163793836
2018-08-21,7.186323642730713,13.424351692199707,-3.5544175542895573,1.9916234740836087,0,3.6941810163793836
2018-08-22,7.173282146453857,13.424351692199707,-3.5314219570406706,1.9813244627033642,0,3.6941810163793836
2018-08-23,7.173282146453857,13.424351692199707,-3.5314219570406706,1.9046766513426139,0,3.6941810163793836
2018-08-27,7.2384934425354,13.418249130249023,-3.6525092315530934,1.6107178704197558,0,3.6941810163793836
2018-08-28,7.2384934425354,13.430456161499023,-3.6403022003030934,1.577455285970042,0,3.6941810163793836
2018-08-29,7.205887317657471,13.436556816101074,-3.576708348630511,1.6372421281961602,0,3.6941810163793836
2018-08-30,7.205887317657471,13.436556816101074,-3.576708348630511,1.5768811700966698,0,3.6941810163793836
2018-08-31,7.205887317657471,13.436556816101074,-3.576708348630511,1.5227728255636268,0,3.6941810163793836
2018-09-04,7.205887317657471,13.436556816101074,-3.576708348630511,1.4958886985612807,0,3.6941810163793836
2018-09-05,6.847222328186035,13.436556816101074,-2.944287384802962,2.5864604297652143,-1,3.6941810163793836
2018-09-06,6.847222328186035,13.436556816101074,-2.944287384802962,2.4269325559082944,-1,3.6941810163793836
2018-09-07,6.847222328186035,13.436556816101074,-2.944287384802962,2.2986351436530983,-1,3.6941810163793836
2018-09-10,6.749406337738037,13.442656517028809,-2.765712296611941,2.4614932211667866,-1,3.5156059281883625
2018-09-11,6.553771018981934,13.576903343200684,-2.2865088103858593,3.014147193479608,-1,3.036402441962281
2018-09-12,6.586376667022705,13.576903343200684,-2.344001166666729,2.7093890840137966,-1,3.0938947982431504
2018-09-13,6.651587963104248,13.119255065917969,-2.9166341565111864,1.756859385149577,-1,3.666527788087608
2018-09-14,6.618982315063477,13.119255065917969,-2.859141800230315,1.7720878228232815,-1,3.6090354318067366
2018-09-17,6.592897415161133,13.271803855895996,-2.6605984525958615,1.9742753606034948,-1,3.410492084172283
2018-09-18,6.586376667022705,13.271803855895996,-2.6491006539714164,1.8963839374654816,-1,3.398994285547838
2018-09-19,6.618982315063477,13.271803855895996,-2.7065930102522877,1.7487192649672587,-1,3.4564866418287092
2018-09-20,6.586376667022705,13.302311897277832,-2.6185926125895804,1.7962783690556534,-1,3.368486244166002
2018-09-21,6.658109664916992,13.302311897277832,-2.7450768053550902,1.557354466873912,-1,3.4949704369315118
2018-09-24,6.6907148361206055,13.698944091796875,-2.405936126327255,1.9268963948351718,-1,3.1558297579036765
2018-09-25,6.788532733917236,13.424351692199707,-2.8530072763463608,1.277572720669552,-1,3.6029009079227823
2018-09-26,6.81461763381958,13.424351692199707,-2.8990018340027817,1.175200365932902,-1,3.648895465579203
2018-09-27,6.847222328186035,13.271803855895996,-3.10904034500804,0.8678152861207437,-1,3.8589339765844617
2018-09-28,6.879829406738281,13.729451179504395,-2.708887900049497,1.3520889431540695,-1,3.4587815316259185
2018-10-01,6.879829406738281,13.723350524902344,-2.7149885546515478,1.2963296876240034,-1,3.4648821862279693
2018-10-02,6.912435054779053,13.485372543334961,-3.0104588924998055,0.8801308746673973,-1,3.760352524076227
2018-10-03,6.879829406738281,13.66843318939209,-2.7699058901618017,1.1545622610599848,-1,3.519799521738223
2018-10-04,6.847222328186035,13.66843318939209,-2.7124110115119464,1.1879333230436009,-1,3.462304643088368
2018-10-05,6.782010555267334,13.75996208190918,-2.5058965656434538,1.402055723375456,-1,3.2557901972198753
2018-10-08,6.782010555267334,13.75996208190918,-2.5058965656434538,1.3523888699725777,-1,3.2557901972198753
2018-10-09,6.749406337738037,13.729451179504395,-2.478917634136355,1.3376569700916159,-1,3.2288112657127765
2018-10-10,6.6841936111450195,13.424351692199707,-2.669029886510316,1.0607041497353824,-1,3.4189235180867374
2018-10-11,6.586376667022705,13.424351692199707,-2.4965528176677054,1.235820045204713,-1,3.246446449244127
2018-10-12,6.553771018981934,13.424351692199707,-2.439060461386836,1.2635232195125332,-1,3.1889540929632574
2018-10-15,6.553771018981934,13.729451179504395,-2.1339609740821484,1.5834013658593638,-1,2.88385460565857
2018-10-16,6.553771018981934,13.424351692199707,-2.439060461386836,1.1642280189492837,-1,3.1889540929632574
2018-10-17,6.521164417266846,13.619294166564941,-2.1866239491614063,1.4267601429803873,-1,2.936517580737828
2018-10-18,6.488559246063232,13.619294166564941,-2.1291324336701987,1.445735720364315,-1,2.87902606524662
2018-10-19,6.534207820892334,13.619294166564941,-2.2096229095689424,1.3037275124650396,-1,2.959516541145364
2018-10-22,6.488559246063232,13.619294166564941,-2.1291324336701987,1.3628198693499738,-1,2.87902606524662
2018-10-23,6.488559246063232,13.433577537536621,-2.314849062698519,1.1025697635532128,-1,3.0647426942749405
2018-10-24,6.495080947875977,13.185954093933105,-2.5739719865058017,0.7491926185407777,-1,3.3238656180822232
2018-10-25,6.495080947875977,13.185954093933105,-2.5739719865058017,0.7352429944742475,-1,3.3238656180822232
2018-10-26,6.455953121185303,12.56689453125,-3.124038871914607,-0.0633898002309239,0,3.8739325034910284
2018-10-29,6.423347473144531,12.56689453125,-3.0665465156337373,-0.02124011132043329,0,3.8739325034910284
2018-10-30,6.423347473144531,12.56689453125,-3.0665465156337373,-0.06667392999925849,0,3.8739325034910284
2018-10-31,6.358136177062988,12.690706253051758,-2.8277500812702385,0.2871583767489718,0,3.8739325034910284
2018-11-01,6.358136177062988,12.690706253051758,-2.8277500812702385,0.25458589642629015,0,3.8739325034910284
2018-11-02,6.371178150177002,12.690706253051758,-2.850746519308789,0.18318516443689015,0,3.8739325034910284
2018-11-05,6.488559246063232,12.690706253051758,-3.0577203471833823,-0.24209695769857473,0,3.8739325034910284
2018-11-06,6.501600742340088,12.721658706665039,-3.0497634908189895,-0.26671862450457234,0,3.8739325034910284
2018-11-07,6.508121490478516,12.783564567565918,-2.9993554285425557,-0.2013745052978543,0,3.8739325034910284
2018-11-08,6.521164417266846,12.783564567565918,-3.02235354816043,-0.2854064446070603,0,3.8739325034910284
2018-11-09,6.501600742340088,12.820708274841309,-2.95071392264272,-0.1689236349821103,0,3.8739325034910284
2018-11-12,6.39074182510376,13.062141418457031,-2.5138072721458347,0.7741562257316122,0,3.8739325034910284
2018-11-13,6.397263526916504,13.30976676940918,-2.277681401397455,1.280352331611128,0,3.8739325034910284
2018-11-14,6.397263526916504,13.619294166564941,-1.9681540042416934,1.9291916505962183,0,3.8739325034910284
2018-11-15,6.397263526916504,13.619294166564941,-1.9681540042416934,1.860519982272503,0,3.8739325034910284
2018-11-16,6.4624738693237305,13.30976676940918,-2.3926644323798723,0.85698762887117,0,3.8739325034910284
2018-11-19,6.488559246063232,13.619294166564941,-2.1291324336701987,1.4371571608796136,0,3.8739325034910284
2018-11-20,6.429868221282959,13.619294166564941,-2.025644678943241,1.6492894739202484,0,3.8739325034910284
2018-11-21,6.429868221282959,13.619294166564941,-2.025644678943241,1.6208015697671272,0,3.8739325034910284
2018-11-23,6.429868221282959,13.619294166564941,-2.025644678943241,1.591551569873584,0,3.8739325034910284
2018-11-26,6.455953121185303,13.619294166564941,-2.0716392365996654,1.4556929914431007,0,3.8739325034910284
2018-11-27,6.521164417266846,13.619294166564941,-2.1866239491614063,1.1446003760178798,0,3.8739325034910284
2018-11-28,6.651587963104248,13.619294166564941,-2.4165950558642137,0.4940145740423232,0,3.8739325034910284
2018-11-29,6.716800689697266,13.619294166564941,-2.531582290794937,0.14128118123569963,0,3.8739325034910284
2018-11-30,6.716800689697266,13.619294166564941,-2.531582290794937,0.12230814231147916,0,3.8739325034910284
2018-12-03,6.6841936111450195,13.619294166564941,-2.4740874121450815,0.27201931744862407,0,3.8739325034910284
2018-12-04,6.81461763381958,13.804841995239258,-2.518511530963231,0.1272334454364971,0,3.8739325034910284
2018-12-06,6.6841936111450195,13.804841995239258,-2.288539583470765,0.8171466887652241,0,3.8739325034910284
2018-12-07,6.618982315063477,13.804841995239258,-2.173554870909026,1.1446092420694078,0,3.8739325034910284
2018-12-10,6.605940341949463,13.804841995239258,-2.150558432870474,1.1726076731029151,0,3.8739325034910284
2018-12-11,6.605940341949463,13.804841995239258,-2.150558432870474,1.133383690732059,0,3.8739325034910284
2018-12-12,6.6255035400390625,13.647970199584961,-2.341925305977428,0.5505828429258645,0,3.8739325034910284
2018-12-13,6.6255035400390625,13.026754379272461,-2.963141126289928,-1.2538018546858798,0,3.8739325034910284
2018-12-14,6.586376667022705,12.926353454589844,-2.9945510552775687,-1.3143739775317655,0,3.8739325034910284
2018-12-17,6.6841936111450195,12.926353454589844,-3.167028124120179,-1.738570536000697,0,3.8739325034910284
2018-12-18,6.586376667022705,12.913803100585938,-3.007101409281475,-1.2632422937844519,0,3.8739325034910284
2018-12-19,6.586376667022705,12.913803100585938,-3.007101409281475,-1.2211871113656494,0,3.8739325034910284
2018-12-20,6.586376667022705,12.894977569580078,-3.0259269402873343,-1.2545493775365768,0,3.8739325034910284
2018-12-21,6.521164417266846,13.177350997924805,-2.628567117801543,-0.1873098849330254,0,3.8739325034910284
2018-12-24,6.521164417266846,13.177350997924805,-2.628567117801543,-0.21335466630881184,0,3.8739325034910284
2018-12-26,6.508121490478516,12.926353454589844,-2.85656654151863,-0.8394242092486047,0,3.8739325034910284
2018-12-27,6.488559246063232,12.894977569580078,-2.853449030655062,-0.8209471063944676,0,3.8739325034910284
2018-12-28,6.488559246063232,12.894977569580078,-2.853449030655062,-0.8346241976993122,0,3.8739325034910284
2018-12-31,6.488559246063232,12.894977569580078,-2.853449030655062,-0.8283987399601289,0,3.8739325034910284
2019-01-02,6.455953121185303,12.894977569580078,-2.7959558335845287,-0.6631257073730966,0,3.8739325034910284
2019-01-03,6.455953121185303,12.7067289352417,-2.9842044679229076,-1.1504749507963123,0,3.8739325034910284
2019-01-04,6.521164417266846,12.863602638244629,-2.942315477481719,-1.006845730705668,0,3.8739325034910284
2019-01-07,6.521164417266846,12.863602638244629,-2.942315477481719,-0.9782088037227288,0,3.8739325034910284
2019-01-08,6.521164417266846,12.926353454589844,-2.879564661136504,-0.7953072936669613,0,3.8739325034910284
2019-01-09,6.586376667022705,12.926353454589844,-2.9945510552775687,-1.0717134817655922,0,3.8739325034910284
2019-01-10,6.618982315063477,12.926353454589844,-3.05204341155844,-1.1846562144385917,0,3.8739325034910284
2019-01-11,6.599419116973877,12.926353454589844,-3.017548334105781,-1.0587731884090326,0,3.8739325034910284
2019-01-14,6.651587963104248,12.926353454589844,-3.1095357678393114,-1.2572330179523403,0,3.8739325034910284
2019-01-15,6.651587963104248,12.863602638244629,-3.1722865841845262,-1.3714390423042588,0,3.8739325034910284
2019-01-16,6.651587963104248,12.857329368591309,-3.1785598538378466,-1.342186659226964,0,3.8739325034910284
2019-01-17,6.651587963104248,12.82595443725586,-3.209934785173296,-1.374182142411194,0,3.8739325034910284
2019-01-18,6.6255035400390625,12.82595443725586,-3.1639410683065297,-1.216446413145113,0,3.8739325034910284
2019-01-22,6.618982315063477,12.819677352905273,-3.1587195132430104,-1.1625264192935578,0,3.8739325034910284
2019-01-23,6.651587963104248,12.81340503692627,-3.2224841855028856,-1.282506768657706,0,3.8739325034910284
2019-01-24,6.703757286071777,12.81340503692627,-3.3144724600260744,-1.460282579875608,0,3.8739325034910284
2019-01-25,6.879829406738281,12.81340503692627,-3.624934042627622,-2.14699702863641,1,3.8739325034910284
2019-01-28,6.81461763381958,12.81340503692627,-3.509948489276219,-1.8065912543298324,1,3.988918056842431
2019-01-29,6.81461763381958,12.81340503692627,-3.509948489276219,-1.7498019889294478,1,3.988918056842431
2019-01-30,6.82766056060791,12.81340503692627,-3.532946608894097,-1.7299090359806077,1,3.9659199372245535
2019-01-31,6.886350154876709,12.738104820251465,-3.7117320579268736,-2.0255480501255327,1,3.787134488191777
2019-02-01,7.3689165115356445,12.731830596923828,-4.568898030791431,-3.423646974611529,1,2.9299685153272197
2019-02-04,7.531946182250977,12.738104820251465,-4.850088111237135,-3.4861873894398894,1,2.6487784348815158
2019-02-05,7.401523113250732,12.7067289352417,-4.651493730333755,-2.870294356041312,1,2.8473728157848956
2019-02-06,7.3689165115356445,12.7067289352417,-4.5939996924735595,-2.5749704163411957,1,2.904866853645091
2019-02-07,7.473255157470703,12.7067289352417,-4.777976241519941,-2.6365569229870727,1,2.7208903045987096
2019-02-08,7.473255157470703,12.738104820251465,-4.746600356510175,-2.4175917721973996,1,2.7522661896084752
2019-02-11,7.434127330780029,12.7067289352417,-4.708983564245642,-2.223356797588526,1,2.789882981873008
2019-02-12,7.375438213348389,12.7067289352417,-4.605499172677327,-1.9835203573768128,1,2.8933673734413237
2019-02-13,7.40804386138916,12.643980979919434,-4.725739484280467,-2.0330853209722046,1,2.773127061838183
2019-02-14,7.434127330780029,12.549856185913086,-4.865856313574255,-2.097086282861871,1,2.633010232544395
2019-02-15,7.401523113250732,12.549856185913086,-4.808366479662368,-1.9278818612863322,1,2.6905000664562824
2019-02-19,7.342832088470459,12.549856185913086,-4.704878724935412,-1.7323297261412431,1,2.7939878211832383
2019-02-20,7.303704261779785,12.6753568649292,-4.510385368644997,-1.4562527821552154,1,2.9884811774736537
2019-02-21,7.303704261779785,12.549856185913086,-4.63588604766111,-1.5452818486730717,1,2.8629804984575404
2019-02-22,7.342832088470459,12.643980979919434,-4.610753930929064,-1.466429905286427,1,2.888112615189586
2019-02-25,7.3689165115356445,12.643980979919434,-4.656747647795825,-1.4690765133755976,1,2.842118898322825
2019-02-26,7.362395763397217,12.738104820251465,-4.551126008839351,-1.3044769679888015,1,2.9477405372792997
2019-02-27,7.336310386657715,12.738104820251465,-4.5051306103932625,-1.2100381547240804,1,2.993735935725388
2019-02-28,7.336310386657715,12.738104820251465,-4.5051306103932625,-1.1696673453676254,1,2.993735935725388
2019-03-01,7.3689165115356445,12.738104820251465,-4.562623807463794,-1.1943105241697374,1,2.9362427386548564
2019-03-04,7.336310386657715,12.894977569580078,-4.348257861064649,-0.9180814908509638,1,3.150608685054001
2019-03-05,7.166759490966797,12.894977569580078,-4.049294917877205,-0.5503007953488622,1,3.4495716282414453
2019-03-06,7.205887317657471,13.804841995239258,-3.2084231694923275,0.45164674463862947,0,4.290443376626323
2019-03-07,7.271099090576172,13.804841995239258,-3.3234087228437303,0.3465343333299244,0,4.290443376626323
2019-03-08,7.303704261779785,13.804841995239258,-3.380900238334938,0.3099702113665266,0,4.290443376626323
2019-03-11,7.303704261779785,13.804841995239258,-3.380900238334938,0.3453350626974309,0,4.290443376626323
2019-03-12,7.303704261779785,13.804841995239258,-3.380900238334938,0.37625373628691117,0,4.290443376626323
2019-03-13,7.297183036804199,13.804841995239258,-3.369401598920831,0.40260083140556013,0,4.290443376626323
2019-03-14,7.264577865600586,13.804841995239258,-3.3119100834296233,0.4877438219908125,0,4.290443376626323
2019-03-15,7.297183036804199,13.804841995239258,-3.369401598920831,0.4171007622125802,0,4.290443376626323
2019-03-18,7.336310386657715,13.804841995239258,-3.4383934354054695,0.33705799671812847,0,4.290443376626323
2019-03-19,7.329788684844971,13.96171760559082,-3.2700183448501363,0.5703594285698195,0,4.290443376626323
2019-03-20,7.303704261779785,13.96171760559082,-3.2240246279833755,0.6387154693750833,0,4.290443376626323
2019-03-21,7.2906622886657715,13.967991828918457,-3.194753966617185,0.700546723749272,0,4.290443376626323
2019-03-22,7.271099090576172,13.967991828918457,-3.160258889164531,0.7704049674426214,0,4.290443376626323
2019-03-25,7.205887317657471,13.967991828918457,-3.0452733358131283,0.9383884383529533,0,4.290443376626323
2019-03-26,7.173282146453857,13.804841995239258,-3.15093165400112,0.803972112762294,0,4.290443376626323
2019-03-27,7.10806941986084,13.96171760559082,-2.879068808718827,1.1863165132672557,0,4.290443376626323
2019-03-28,7.075465202331543,13.96171760559082,-2.8215789748069433,1.2649822043761845,0,4.290443376626323
2019-03-29,7.075465202331543,13.96171760559082,-2.8215789748069433,1.266569446310988,0,4.290443376626323
2019-04-01,7.075465202331543,13.96171760559082,-2.8215789748069433,1.2571927776518843,0,4.290443376626323
2019-04-02,7.205887317657471,13.96171760559082,-3.051547559140765,0.9412574872327875,0,4.290443376626323
2019-04-03,7.271099090576172,13.96171760559082,-3.166533112492168,0.7895462929855704,0,4.290443376626323
2019-04-04,7.303704261779785,13.993090629577637,-3.192651603996559,0.7657552819448935,0,4.290443376626323
2019-04-05,7.271099090576172,13.96171760559082,-3.166533112492168,0.8099227091676948,0,4.290443376626323
2019-04-08,7.2384934425354,13.96171760559082,-3.1090407562112965,0.8941822745731121,0,4.290443376626323
2019-04-09,7.205887317657471,13.96171760559082,-3.051547559140765,0.9776602814698946,0,4.290443376626323
2019-04-10,7.205887317657471,13.96171760559082,-3.051547559140765,0.9750059690953471,0,4.290443376626323
2019-04-11,7.205887317657471,13.804841995239258,-3.2084231694923275,0.7530981828439433,0,4.290443376626323
2019-04-12,7.2384934425354,13.804841995239258,-3.265916366562859,0.6743332957148169,0,4.290443376626323
2019-04-15,7.205887317657471,13.804841995239258,-3.2084231694923275,0.7562872966045451,0,4.290443376626323
2019-04-16,7.205887317657471,13.804841995239258,-3.2084231694923275,0.7579878404388791,0,4.290443376626323
2019-04-17,7.173282146453857,13.804841995239258,-3.15093165400112,0.8397462904302229,0,4.290443376626323
2019-04-18,7.173282146453857,13.804841995239258,-3.15093165400112,0.8369034825542374,0,4.290443376626323
2019-04-22,7.205887317657471,13.804841995239258,-3.2084231694923275,0.7511289290397531,0,4.290443376626323
2019-04-23,7.173282146453857,12.800853729248047,-4.154919919992331,-0.5815696078968546,0,4.290443376626323
2019-04-24,7.153407096862793,13.177350997924805,-3.7433776974241297,0.007991683145762242,0,4.290443376626323
2019-04-25,7.146728515625,13.240097999572754,-3.668854595773695,0.1177164455526466,0,4.290443376626323
2019-04-26,7.146728515625,13.240097999572754,-3.668854595773695,0.12102249096622034,0,4.290443376626323
2019-04-29,7.113330841064453,13.804841995239258,-3.045221692198151,0.9841990544147554,0,4.290443376626323
2019-04-30,7.146728515625,13.804841995239258,-3.104110600107191,0.8712430730705948,0,4.290443376626323
2019-05-01,7.146728515625,13.804841995239258,-3.104110600107191,0.843810186395479,0,4.290443376626323
2019-05-02,7.146728515625,13.804841995239258,-3.104110600107191,0.8156301889668174,0,4.290443376626323
2019-05-03,7.153407096862793,13.804841995239258,-3.1158867001096766,0.7709527561319213,0,4.290443376626323
2019-05-06,7.153407096862793,13.930341720581055,-2.9903869747678797,0.9280763196623999,0,4.290443376626323
2019-05-07,7.153407096862793,14.055841445922852,-2.864887249426083,1.0859666656244633,0,4.290443376626323
2019-05-08,7.180124282836914,14.055841445922852,-2.911996694173986,0.9859918202382599,0,4.290443376626323
2019-05-09,7.180124282836914,14.1185884475708,-2.849249692526037,1.052651073484281,0,4.290443376626323
2019-05-10,7.246917724609375,14.432337760925293,-2.653274831830977,1.328486734762326,0,4.290443376626323
2019-05-13,7.213520050048828,14.432337760925293,-2.5943859239219407,1.399133628105227,0,4.290443376626323
2019-05-14,7.213520050048828,14.432337760925293,-2.5943859239219407,1.3772372368020362,0,4.290443376626323
2019-05-15,7.180124282836914,14.432337760925293,-2.5355003791715447,1.4510019877865106,0,4.290443376626323
2019-05-16,7.146728515625,14.432337760925293,-2.476614834421156,1.5160022968792115,0,4.290443376626323
2019-05-17,7.013144493103027,14.620584487915039,-2.05282424685052,2.1931441070888615,-1,4.290443376626323
2019-05-20,7.039860725402832,14.620584487915039,-2.099932010019103,2.0581954664752846,-1,4.337551139794906
2019-05-21,7.046540260314941,14.432337760925293,-2.2999565185906548,1.6844809732707282,-1,4.537575648366458
2019-05-22,7.013144493103027,14.432337760925293,-2.241070973840266,1.7697063852258994,-1,4.478690103616069
2019-05-23,6.979748725891113,14.432337760925293,-2.18218542908987,1.857356160548257,-1,4.419804558865673
2019-05-24,6.979748725891113,14.432337760925293,-2.18218542908987,1.8449982286894893,-1,4.419804558865673
2019-05-28,7.046540260314941,14.432337760925293,-2.2999565185906548,1.6231784890830052,-1,4.537575648366458
2019-05-29,7.086616039276123,14.620584487915039,-2.1823739587227706,1.8674126606953412,-1,4.419993088498574
2019-05-30,7.086616039276123,14.244089126586914,-2.5588693200508956,1.0155870267977722,-1,4.796488449826699
2019-05-31,7.106652736663818,14.087217330932617,-2.7510710972919696,0.5555615101565047,-1,4.988690227067773
2019-06-03,7.113330841064453,14.087217330932617,-2.7628463565047916,0.5084254764971092,-1,5.000465486280595
2019-06-04,7.113330841064453,14.087217330932617,-2.7628463565047916,0.4872266714743218,0,5.000465486280595
2019-06-05,7.079936504364014,14.055841445922852,-2.7353392191331523,0.5288488970981362,0,5.000465486280595
2019-06-06,7.046540260314941,13.804841995239258,-2.92745228427669,0.06423682045446906,0,5.000465486280595
2019-06-07,7.046540260314941,13.798566818237305,-2.933727461278643,0.03271105697675848,0,5.000465486280595
2019-06-10,7.066577911376953,13.798566818237305,-2.969059124444744,-0.0649084341623209,0,5.000465486280595
2019-06-11,7.066577911376953,13.798566818237305,-2.969059124444744,-0.08154012386569653,0,5.000465486280595
2019-06-12,7.059898376464844,13.798566818237305,-2.9572813428629345,-0.07342888460331205,0,5.000465486280595
2019-06-13,7.066577911376953,13.553845405578613,-3.2137805371034354,-0.7017335437036908,0,5.000465486280595
2019-06-14,7.073256492614746,13.553845405578613,-3.2255566371059174,-0.7303725058758294,0,5.000465486280595
2019-06-17,7.046540260314941,13.491097450256348,-3.2411968292596,-0.7656011669969268,0,5.000465486280595
2019-06-18,7.079936504364014,13.491097450256348,-3.300083214799656,-0.8995947797795362,0,5.000465486280595
2019-06-19,7.006465435028076,13.491097450256348,-3.1705343437170654,-0.5789108442279264,0,5.000465486280595
2019-06-20,7.006465435028076,13.804841995239258,-2.8567897987341553,0.16917199270257915,0,5.000465486280595
2019-06-21,6.973069667816162,13.804841995239258,-2.7979042539837593,0.3085475377232467,0,5.000465486280595
2019-06-24,6.946352958679199,13.804841995239258,-2.750795650025516,0.4194983225793379,0,5.000465486280595
2019-06-25,6.8662028312683105,13.804841995239258,-2.6094698381507797,0.7499997730512713,0,5.000465486280595
2019-06-26,6.8662028312683105,13.804841995239258,-2.6094698381507797,0.7383438507664812,0,5.000465486280595
2019-06-27,6.892919063568115,13.804841995239258,-2.6565776013193627,0.6080049277353472,0,5.000465486280595
2019-06-28,6.899598598480225,13.867592811584473,-2.6056045665559537,0.7069845339702282,0,5.000465486280595
2019-07-01,6.899598598480225,14.934328079223633,-1.5388692989167936,2.9563003011343048,-1,5.000465486280595
2019-07-02,6.912957191467285,14.934328079223633,-1.5624240212907488,2.673611947727393,-1,5.02402020865455
2019-07-03,6.906278133392334,14.99708080291748,-1.4878943568047553,2.6112296290581853,-1,4.949490544168556
2019-07-05,6.8662028312683105,14.99708080291748,-1.417231030472557,2.545841843231642,-1,4.878827217836358
2019-07-08,6.7793731689453125,14.99708080291748,-1.2641274370160112,2.611203328733633,-1,4.725723624379812
2019-07-09,6.846165180206299,14.990803718566895,-1.388176451657042,2.249440186338183,-1,4.849772639020843
2019-07-10,6.846165180206299,14.746082305908203,-1.6328978643157335,1.758017118021016,-1,5.0944940516795345
2019-07-11,7.046540260314941,14.746082305908203,-1.9862119736077446,1.1391261315417933,-1,5.447808160971546
2019-07-12,7.146728515625,14.746082305908203,-2.1628702894382457,0.8229827938631791,-1,5.624466476802047
2019-07-15,7.046540260314941,14.3668851852417,-2.3654090942742485,0.47280158940746375,0,5.8270052816380495
2019-07-16,7.113330841064453,14.3668851852417,-2.4831785021957096,0.2631123766373261,0,5.8270052816380495
2019-07-17,7.113330841064453,14.3668851852417,-2.4831785021957096,0.24492887961714546,0,5.8270052816380495
2019-07-18,7.113330841064453,14.500977516174316,-2.3490861712630924,0.4415481841739546,0,5.8270052816380495
2019-07-19,7.180124282836914,14.686151504516602,-2.281686635580236,0.5345711963304363,0,5.8270052816380495
2019-07-22,7.146728515625,14.87770938873291,-2.0312432066135386,0.964801570237743,0,5.8270052816380495
2019-07-23,7.246917724609375,14.686151504516602,-2.3994610882396685,0.24892463313812202,0,5.8270052816380495
2019-07-24,7.2803120613098145,14.686151504516602,-2.458344110621077,0.11701927060557722,0,5.8270052816380495
2019-07-25,7.2803120613098145,14.686151504516602,-2.458344110621077,0.09710014453026192,0,5.8270052816380495
2019-07-26,7.2803120613098145,14.686151504516602,-2.458344110621077,0.07676849099836487,0,5.8270052816380495
2019-07-29,7.2803120613098145,14.686151504516602,-2.458344110621077,0.055973108894859055,0,5.8270052816380495
2019-07-30,7.140048980712891,14.686151504516602,-2.2110233092480414,0.5323189363887652,0,5.8270052816380495
2019-07-31,7.079936504364014,14.87770938873291,-1.9134712763230937,1.1041686993835627,0,5.8270052816380495
2019-08-01,6.68586540222168,15.005414009094238,-1.0909153781698855,2.58160447582628,-1,5.8270052816380495
2019-08-02,6.7793731689453125,14.87770938873291,-1.3834988512005815,1.9169851944589318,-1,6.1195887546687455
2019-08-05,6.64578914642334,14.87770938873291,-1.147954990619688,2.222070477900989,-1,5.884044894087852
2019-08-06,6.545602321624756,14.87770938873291,-0.9712991971581761,2.3737405949657395,-1,5.70738910062634
2019-08-07,6.512205600738525,14.87770938873291,-0.9124119708284599,2.3160927655102825,-1,5.648501874296624
2019-08-08,6.57899808883667,14.909635543823242,-0.9982585868182365,2.0550336457011427,-1,5.734348490286401
2019-08-09,6.478809356689453,15.005414009094238,-0.7258209649270793,2.3277529788562945,-1,5.461910868395243
2019-08-12,6.412017822265625,15.005414009094238,-0.6080498754262944,2.342526796161356,-1,5.3441397788944585
2019-08-13,6.445413589477539,15.005414009094238,-0.6669354201766868,2.13574170330445,-1,5.403025323644851
2019-08-14,6.478809356689453,15.196969985961914,-0.5342649880594035,2.188087538101145,-1,5.2703548915275675
2019-08-15,6.478809356689453,15.196969985961914,-0.5342649880594035,2.068594739886664,-1,5.2703548915275675
2019-08-16,6.445413589477539,15.196969985961914,-0.47537944330901105,2.030416785405786,-1,5.211469346777175
2019-08-19,6.445413589477539,15.196969985961914,-0.47537944330901105,1.9302217735265161,-1,5.211469346777175
2019-08-20,6.478809356689453,15.196969985961914,-0.5342649880594035,1.776726669383222,-1,5.2703548915275675
2019-08-21,6.3853020668029785,15.196969985961914,-0.3693869761796975,1.8730371898818259,-1,5.105476879647862
2019-08-22,6.3853020668029785,15.069269180297852,-0.49708778184376,1.6570376244821252,-1,5.233177685311924
2019-08-23,6.311830043792725,15.069269180297852,-0.3675372291818437,1.7196804166367663,-1,5.103627132650008
2019-08-26,6.2784342765808105,15.069269180297852,-0.3086516844314531,1.705648301078946,-1,5.044741587899617
2019-08-27,6.2784342765808105,15.069269180297852,-0.3086516844314531,1.6348047646184074,-1,5.044741587899617
2019-08-28,6.311830043792725,15.005414009094238,-0.431392400385457,1.4506396282584326,-1,5.167482303853621
2019-08-29,6.345226287841797,15.005414009094238,-0.49027878592551133,1.3403747510644575,-1,5.226368689393675
2019-08-30,6.345226287841797,15.005414009094238,-0.49027878592551133,1.2947201564648378,-1,5.226368689393675
2019-09-03,6.345226287841797,15.005414009094238,-0.49027878592551133,1.25158884074486,-1,5.226368689393675
2019-09-04,6.2784342765808105,15.133121490478516,-0.24479937425078901,1.4477237604156368,-1,4.980889277718953
2019-09-05,6.2450385093688965,15.139503479003906,-0.17953184097500596,1.4608630036422339,-1,4.91562174444317
2019-09-06,6.2784342765808105,15.26082706451416,-0.11709380021514448,1.4708362278784737,-1,4.8531837036833085
2019-09-09,6.2517170906066895,15.32468032836914,-0.006131091612255446,1.5326040993663066,-1,4.7422209950804195
2019-09-10,6.2784342765808105,15.452384948730469,0.07446408400116411,1.5644912462882734,-1,4.661625819467
2019-09-11,6.2784342765808105,15.51623821258545,0.13831734785614458,1.5814603525785822,-1,4.5977725556120195
2019-09-12,6.2784342765808105,15.548166275024414,0.17024541029510942,1.5716427466490837,-1,4.565844493173055
2019-09-13,6.2784342765808105,15.548166275024414,0.17024541029510942,1.5296005671849733,-1,4.565844493173055
2019-09-16,6.271755695343018,15.548166275024414,0.18202151029759328,1.493888078944107,-1,4.554068393170571
2019-09-17,6.271755695343018,15.548166275024414,0.18202151029759328,1.4482924385342943,-1,4.554068393170571
2019-09-18,6.2784342765808105,15.548166275024414,0.17024541029510942,1.3933145348885947,-1,4.565844493173055
2019-09-19,6.17824649810791,15.51623821258545,0.314974822896982,1.4949437641264707,-1,4.421115080571182
2019-09-20,6.211642265319824,15.51623821258545,0.25608927814658955,1.3898055616580705,-1,4.4800006253215745
2019-09-23,6.2450385093688965,15.763128280639648,0.4440929606607362,1.5397441303736876,-1,4.291996942807428
2019-09-24,6.211642265319824,15.763128280639648,0.5029793462007888,1.5533222491746523,-1,4.233110557267375
2019-09-25,6.184926509857178,15.763128280639648,0.5500862685797117,1.5391095919340991,-1,4.186003634888452
2019-09-26,6.17824649810791,15.763128280639648,0.5618648909511812,1.49086543915599,-1,4.174225012516983
2019-09-27,6.211642265319824,15.568522453308105,0.3083735188692458,1.188785880430997,-1,4.427716384598918
2019-09-30,6.211642265319824,15.373915672302246,0.11376673786338642,0.9596047225451428,-1,4.622323165604778
2019-10-01,6.064700603485107,15.373915672302246,0.37286363923890775,1.1819297557535464,-1,4.363226264229256
2019-10-02,6.044662952423096,15.373915672302246,0.4081953024050087,1.1765422459818082,-1,4.327894601063155
2019-10-03,6.011266708374023,15.373915672302246,0.4670816879450612,1.192927722116876,-1,4.269008215523103
2019-10-04,6.017946243286133,15.373915672302246,0.4553039063632536,1.1431832032619562,-1,4.2807859971049105
2019-10-07,6.024625778198242,15.373915672302246,0.44352612478144593,1.0971793425834562,-1,4.292563778686718
2019-10-08,6.024625778198242,15.373915672302246,0.44352612478144593,1.0671639803580701,-1,4.292563778686718
2019-10-09,6.011266708374023,15.568522453308105,0.6616884689509206,1.2576823981654177,-1,4.0744014345172435
2019-10-10,6.011266708374023,15.568522453308105,0.6616884689509206,1.2303614963792016,-1,4.0744014345172435
2019-10-11,6.144850730895996,15.568522453308105,0.42614460837003065,0.957586716441236,-1,4.309945295098133
2019-10-14,6.211642265319824,15.568522453308105,0.3083735188692458,0.8065855954388848,-1,4.427716384598918
2019-10-15,6.211642265319824,15.568522453308105,0.3083735188692458,0.78123349059668,-1,4.427716384598918
2019-10-16,6.184926509857178,15.568522453308105,0.3554804412481687,0.8163712517002836,-1,4.380609462219995
2019-10-17,6.218321800231934,15.568522453308105,0.29659573728743815,0.7300005956674589,-1,4.439494166180726
2019-10-18,6.28511381149292,15.406349182128906,0.016650535817793966,0.34981030652733386,0,4.71943936765037
2019-10-21,6.2784342765808105,15.412837028503418,0.03491616377411333,0.3456282042756483,0,4.71943936765037
2019-10-22,6.225001811981201,15.43878173828125,0.15507639988911315,0.5056731657765363,0,4.71943936765037
2019-10-23,6.164887428283691,15.568522453308105,0.3908146267832535,0.8989776974426693,0,4.71943936765037
2019-10-24,6.164887428283691,15.568522453308105,0.3908146267832535,0.9085174195446153,0,4.71943936765037
2019-10-25,6.144850730895996,15.568522453308105,0.42614460837003065,0.9531193168055679,0,4.71943936765037
2019-10-28,6.164887428283691,15.568522453308105,0.3908146267832535,0.8730486701919483,0,4.71943936765037
2019-10-29,6.144850730895996,15.568522453308105,0.42614460837003065,0.9322329963040168,0,4.71943936765037
2019-10-30,6.144850730895996,15.568522453308105,0.42614460837003065,0.911679514493841,0,4.71943936765037
2019-10-31,6.144850730895996,15.568522453308105,0.42614460837003065,0.8909421006849763,0,4.71943936765037
2019-11-01,6.144850730895996,15.568522453308105,0.42614460837003065,0.8769889437256467,0,4.71943936765037
2019-11-04,6.144850730895996,15.568522453308105,0.42614460837003065,0.8535864292077701,0,4.71943936765037
2019-11-05,6.144850730895996,15.795564651489258,0.653186806551183,1.3966291351669209,0,4.71943936765037
2019-11-06,6.144850730895996,15.795564651489258,0.653186806551183,1.366890926950959,0,4.71943936765037
2019-11-07,6.144850730895996,16.217208862304688,1.0748310173666127,2.3558641334464054,-1,4.71943936765037
2019-11-08,6.011266708374023,16.13288116455078,1.2260471801935964,2.5851665332378224,-1,4.568223204823386
2019-11-11,6.011266708374023,16.13288116455078,1.2260471801935964,2.4409008996116746,-1,4.568223204823386
2019-11-12,6.011266708374023,16.13288116455078,1.2260471801935964,2.3172488056423663,-1,4.568223204823386
2019-11-13,6.011266708374023,16.13288116455078,1.2260471801935964,2.2171588005773892,-1,4.568223204823386
2019-11-14,6.011266708374023,16.217208862304688,1.3103748779475026,2.286150654332878,-1,4.48389550706948
2019-11-15,6.011266708374023,16.28207778930664,1.3752438049494558,2.318351658240219,-1,4.419026580067527
2019-11-18,5.964512825012207,16.444252014160156,1.6198574561376553,2.670999526070205,-1,4.1744129288793275
2019-11-19,5.911079406738281,16.444252014160156,1.7140746640541469,2.671349411622611,-1,4.080195720962836
2019-11-20,5.937796115875244,16.606420516967773,1.8291345629035192,2.698998075931217,-1,3.9651358221134636
2019-11-21,5.944474220275879,16.606420516967773,1.8173593036906972,2.51967804520832,-1,3.9769110813262856
2019-11-22,5.944474220275879,17.19024085998535,2.4011796467082753,3.278025740989731,-1,3.3930907383087074
2019-11-25,5.944474220275879,17.19024085998535,2.4011796467082753,3.0157795423184415,-1,3.3930907383087074
2019-11-26,5.944474220275879,17.19024085998535,2.4011796467082753,2.8053341630346167,-1,3.3930907383087074
2019-11-27,5.877683639526367,17.31998062133789,2.6486888159822737,2.927330616501781,-1,3.145581569034709
2019-11-29,5.877683639526367,17.514585494995117,2.8432936896395002,2.9378890394772252,-1,2.9509766953774825
2019-12-02,5.877683639526367,17.516263961791992,2.8449721564363752,2.7148672014472157,-1,2.9492982285806075
2019-12-03,5.777494430541992,17.713075637817383,3.218443829871589,2.9197816858106935,-1,2.575826555145394
2019-12-04,5.67730712890625,17.64747428894043,3.3294991152458113,2.7999299539962217,-1,2.4647712697711714
2019-12-05,5.67730712890625,17.909887313842773,3.591912140148155,2.8335584936488702,-1,2.2023582448688277
2019-12-06,5.704024314880371,17.909887313842773,3.5448026954002465,2.577491564627012,-1,2.2494676896167363
2019-12-09,5.757457256317139,17.909887313842773,3.450586328273417,2.325153097591108,-1,2.343684056743566
2019-12-10,5.977871417999268,17.92300796508789,3.0750586846914363,1.8681752080881322,-1,2.7192117003255465
2019-12-11,5.877683639526367,17.92300796508789,3.2517161597322737,1.9338150456237742,-1,2.542554225284709
2019-12-12,5.8442864418029785,17.955812454223633,3.343408715987392,1.919201938467408,-1,2.4508616690295906
2019-12-13,5.8442864418029785,18.13949966430664,3.5270959260704,1.9765752651045327,-1,2.2671744589465828
2019-12-16,5.8108906745910645,18.13949966430664,3.5859814708207924,1.9275523710022753,-1,2.2082889141961903
2019-12-17,5.8108906745910645,18.13949966430664,3.5859814708207924,1.8361732420505206,-1,2.2082889141961903
2019-12-18,5.871004104614258,18.13949966430664,3.4799856405328313,1.6733247392355892,-1,2.3142847444841514
2019-12-19,6.144850730895996,18.13949966430664,2.997121819368566,1.2386875555635535,-1,2.797148565648417
2019-12-20,6.144850730895996,18.310073852539062,3.1676960076009877,1.3258141016627216,-1,2.626574377415995
2019-12-23,6.144850730895996,18.310073852539062,3.1676960076009877,1.2795209335798507,-1,2.626574377415995
2019-12-24,6.138171195983887,18.310073852539062,3.1794737891827953,1.2453951566919739,-1,2.6147965958341874
2019-12-26,6.144850730895996,18.369115829467773,3.2267379845296986,1.2383998264101197,-1,2.567532400487284
2019-12-27,6.144850730895996,18.6971378326416,3.5547599877035267,1.4387851660410702,-1,2.239510397313456
2019-12-30,6.144850730895996,18.6971378326416,3.5547599877035267,1.3864050849433336,-1,2.239510397313456
2019-12-31,6.144850730895996,18.6971378326416,3.5547599877035267,1.3372000308228829,-1,2.239510397313456
2020-01-02,6.138171195983887,18.6971378326416,3.5665377692853344,1.2993159144725632,-1,2.2277326157316484
2020-01-03,6.111454010009766,19.681196212768555,4.597705594160194,1.9762151548981153,-1,1.1965647908567885
2020-01-06,6.111454010009766,19.681196212768555,4.597705594160194,1.8820155049071476,-1,1.1965647908567885
2020-01-07,6.098095893859863,19.68775749206543,4.627820755041363,1.816742749942389,-1,1.1664496299756202
2020-01-08,6.064700603485107,19.72056007385254,4.719508040789201,1.7994524865638846,-1,1.074762344227782
2020-01-09,6.011266708374023,19.878005981445312,4.971171997088128,1.8858184314139665,-1,0.8230983879288551
2020-01-10,6.011266708374023,20.140426635742188,5.233592651385003,1.9684004484218984,-1,0.5606777336319801
2020-01-13,5.957833766937256,21.131046295166016,6.31842867793566,2.513866025167741,-1,-0.5241582929186777
2020-01-14,6.011266708374023,21.1966495513916,6.289815567034417,2.3493308444468144,-1,-0.4955451820174339
2020-01-15,6.044662952423096,21.222890853881836,6.2571704839845985,2.2118499020056173,-1,-0.46290009896761575
2020-01-16,6.011266708374023,21.222890853881836,6.316056869524651,2.140133073695999,-1,-0.5217864845076683
2020-01-17,6.011266708374023,21.242570877075195,6.33573689271801,2.053439451860924,-1,-0.5414665077010277
2020-01-21,6.078059196472168,20.99327850341797,5.968671747980677,1.767864807350594,-1,-0.17440136296369424
2020-01-22,6.124812602996826,20.99327850341797,5.886233162435655,1.6575712373588825,-1,-0.0919627774186722
2020-01-23,6.144850730895996,20.92767333984375,5.785295494905675,1.5453345403101808,-1,0.008974890111307587
2020-01-24,6.158208847045898,20.8620662689209,5.696134542398532,1.4472139899385057,-1,0.09813584261845065
2020-01-27,6.138171195983887,20.8620662689209,5.731466205564631,1.4219118777169444,-1,0.0628041794523515
2020-01-28,6.144850730895996,20.8620662689209,5.719688423982824,1.3733749040223888,-1,0.07458196103415915
2020-01-29,6.211642265319824,20.140426635742188,4.880277701303328,0.8638839429275719,-1,0.9139926837136549
2020-01-30,6.211642265319824,20.140426635742188,4.880277701303328,0.8376802286080897,-1,0.9139926837136549
2020-01-31,6.078059196472168,20.98671531677246,5.962108561335169,1.4449126811397803,-1,-0.16783817631818643
2020-02-03,6.044662952423096,20.98671531677246,6.0209949468752235,1.4397921214487803,-1,-0.22672456185824075
2020-02-04,6.078059196472168,20.98671531677246,5.962108561335169,1.368198448060489,-1,-0.16783817631818643
2020-02-05,6.111454010009766,20.796464920043945,5.712974301435585,1.1804664615736866,-1,0.08129608358139784
2020-02-06,6.111454010009766,20.98671531677246,5.903224698164101,1.2625013446141218,-1,-0.10895431314711779
2020-02-07,6.111454010009766,20.98671531677246,5.903224698164101,1.2280381049823172,-1,-0.10895431314711779
2020-02-10,6.144850730895996,20.98671531677246,5.844337471834386,1.1593270698100495,-1,-0.05006708681740335
2020-02-11,6.17824649810791,20.146982192993164,4.945718803304697,0.550609941736633,-1,0.848551581712286
2020-02-12,6.111454010009766,20.146982192993164,5.063491574384804,0.6041924060269885,-1,0.7307788106321791
2020-02-13,6.111454010009766,19.681196212768555,4.597705594160194,0.2558911486225165,0,1.1965647908567885
2020-02-14,6.111454010009766,19.681196212768555,4.597705594160194,0.2274592768448514,0,1.1965647908567885
2020-02-18,6.058021068572998,19.090761184692383,4.101486933210852,-0.16932195130354505,0,1.1965647908567885
2020-02-19,6.078059196472168,19.057958602905273,4.033351847467982,-0.25616343531934893,0,1.1965647908567885
2020-02-20,6.078059196472168,19.025156021118164,4.000549265680872,-0.32068352389796834,0,1.1965647908567885
2020-02-21,6.078059196472168,19.025156021118164,4.000549265680872,-0.34963215684281634,0,1.1965647908567885
2020-02-24,6.044662952423096,18.369115829467773,3.403395459570536,-0.869607252756892,0,1.1965647908567885
2020-02-25,6.011266708374023,18.369115829467773,3.4622818451105886,-0.8515875324432154,0,1.1965647908567885
2020-02-26,5.944474220275879,18.369115829467773,3.580054616190697,-0.776517880826565,0,1.1965647908567885
2020-02-27,5.757457256317139,18.3625545501709,3.903253564601542,-0.5195181676723936,0,1.1965647908567885
2020-02-28,5.67730712890625,17.713075637817383,3.3951004641227644,-0.9846979962253344,0,1.1965647908567885
2020-03-02,5.710703372955322,17.70651626586914,3.329654706634468,-1.0464498069051245,0,1.1965647908567885
2020-03-03,5.8108906745910645,17.70651626586914,3.1529980723832924,-1.1975954207545088,0,1.1965647908567885
2020-03-04,5.8442864418029785,17.713075637817383,3.100671899581142,-1.2275483220337942,0,1.1965647908567885
2020-03-05,5.871004104614258,17.713075637817383,3.0535616140435735,-1.2522519290561382,0,1.1965647908567885
2020-03-06,5.7440996170043945,17.713075637817383,3.2773276930426576,-1.0513578748347243,0,1.1965647908567885
2020-03-09,5.550403594970703,17.713075637817383,3.618864861542523,-0.7674374001361692,0,1.1965647908567885
2020-03-10,5.610515594482422,17.837724685668945,3.63752060147511,-0.7607357249391545,0,1.1965647908567885
2020-03-11,5.496969223022461,17.77867889404297,3.7786870072639243,-0.645834425956232,0,1.1965647908567885
2020-03-12,4.942597389221191,17.77867889404297,4.756190749594941,0.20633328653666874,0,1.1965647908567885
2020-03-13,4.842409133911133,17.70651626586914,4.860686437251612,0.28234343453418437,0,1.1965647908567885
2020-03-16,4.675429344177246,17.70651626586914,5.1551158425828945,0.5258081974613543,0,1.1965647908567885
2020-03-17,4.775617599487305,17.70651626586914,4.978457526752395,0.3462588551836673,0,1.1965647908567885
2020-03-18,4.809013366699219,17.385055541992188,4.598111258125051,-0.024566200899550375,0,1.1965647908567885
2020-03-19,4.875805377960205,17.385055541992188,4.480339327834605,-0.15647432467413422,0,1.1965647908567885
2020-03-20,5.042784690856934,17.385055541992188,4.185910763292984,-0.4566298647702895,0,1.1965647908567885
2020-03-23,5.176368236541748,17.385055541992188,3.9503677435017543,-0.7034893756530818,0,1.1965647908567885
2020-03-24,5.276556968688965,16.269790649414062,2.65844369430347,-1.916539118870825,0,1.1965647908567885
2020-03-25,5.276556968688965,15.74495792388916,2.1336109687785676,-2.304964877668476,1,1.1965647908567885
2020-03-26,5.343348026275635,15.416936874389648,1.687819670567933,-2.552604230364969,1,0.7507734926461538
2020-03-27,5.343348026275635,15.74495792388916,2.0158407200674446,-2.1671102722365747,1,1.0787945421456655
2020-03-30,5.076180458068848,15.74495792388916,2.4869276004395644,-1.7204354708193728,1,1.5498814225177853
2020-03-31,4.909201145172119,15.580946922302246,2.6173451633942726,-1.5521021575566696,1,1.6802989854724935
2020-04-01,4.875805377960205,15.580946922302246,2.6762307081446632,-1.45147481852873,1,1.739184530222884
2020-04-02,4.842409133911133,15.088918685913086,2.2430888572955574,-1.7186436713516642,1,1.3060426793737783
2020-04-03,4.675429344177246,15.088918685913086,2.5375182626268398,-1.4368408461868485,1,1.6004720847050606
2020-04-06,4.675429344177246,15.088918685913086,2.5375182626268398,-1.384617345188044,1,1.6004720847050606
2020-04-07,4.675429344177246,15.088918685913086,2.5375182626268398,-1.334702240574802,1,1.6004720847050606
2020-04-08,4.668750286102295,15.088918685913086,2.5492952034189855,-1.2850804382200312,1,1.6122490254972064
2020-04-09,4.668750286102295,15.088918685913086,2.5492952034189855,-1.2462773354693224,1,1.6122490254972064
2020-04-13,4.675429344177246,15.088918685913086,2.5375182626268398,-1.2178587818480424,1,1.6004720847050606
2020-04-14,4.675429344177246,15.646550178527832,3.095149755241586,-0.7713930228546823,1,2.1581035773198067
2020-04-15,4.755579471588135,15.088918685913086,2.3961924507521033,-1.2720854687559098,1,1.4591462728303242
2020-04-16,4.842409133911133,15.088918685913086,2.2430888572955574,-1.3479417459565628,1,1.3060426793737783
2020-04-17,5.076180458068848,15.088918685913086,1.8308883624634902,-1.6110137431543186,1,0.893842184541711
2020-04-20,5.076180458068848,15.154521942138672,1.8964916186890761,-1.5078111695694847,1,0.959445440767297
2020-04-21,4.982672214508057,15.088918685913086,1.99576805592252,-1.3848757927918576,1,1.0587218780007408
2020-04-22,4.809013366699219,15.154521942138672,2.3675776582715358,-1.063572150751572,1,1.4305314803497566
2020-04-23,4.742221355438232,15.088918685913086,2.419746332336395,-0.9923522848002657,1,1.4827001544146157
2020-04-24,4.675429344177246,15.088918685913086,2.5375182626268398,-0.8690038154091696,1,1.6004720847050606
2020-04-27,4.548525333404541,15.088918685913086,2.761283500836262,-0.665910183505898,1,1.8242373229144828
2020-04-28,4.54184627532959,15.088918685913086,2.7730604416284077,-0.6317100760949962,1,1.8360142637066286
2020-04-29,4.575241565704346,15.088918685913086,2.714175737667677,-0.6564769692256974,1,1.777129559745898
2020-04-30,4.581921100616455,15.088918685913086,2.7023979560858695,-0.6431688352102914,1,1.7653517781640904
2020-05-01,4.581921100616455,15.088918685913086,2.7023979560858695,-0.6189311328421602,1,1.7653517781640904
2020-05-04,4.54184627532959,15.088918685913086,2.7730604416284077,-0.5304322547431346,1,1.8360142637066286
2020-05-05,4.715504169464111,15.252925872802734,2.63086296397395,-0.6464688739640633,1,1.693816786052171
2020-05-06,4.875805377960205,15.252925872802734,2.3482096586451515,-0.9200736595811482,1,1.4111634807233724
2020-05-07,4.775617599487305,15.252925872802734,2.524867133685989,-0.7078154440519483,1,1.5878209557642098
2020-05-08,5.00270938873291,15.252925872802734,2.124444420435731,-1.1197235646368777,1,1.187398242513952
2020-05-11,5.042784690856934,15.252925872802734,2.053781094103531,-1.1652088293818466,1,1.116734916181752
2020-05-12,5.2164435386657715,15.252925872802734,1.747574747980103,-1.467968990384476,1,0.8105285700583238
2020-05-13,5.076180458068848,15.252925872802734,1.9948955493531386,-1.1478974880182575,1,1.0578493714313595
2020-05-14,5.076180458068848,15.24636459350586,1.9883342700562636,-1.1178405610987618,1,1.0512880921344845
2020-05-15,5.076180458068848,15.24636459350586,1.9883342700562636,-1.0816577077636311,1,1.0512880921344845
2020-05-18,5.336668968200684,16.07297706604004,2.3556368030104693,-0.6361670282567411,1,1.4185906250886902
2020-05-19,5.309952735900879,15.74495792388916,2.074725424028175,-0.9306239381386336,1,1.137679246106396
2020-05-20,5.269877910614014,15.403815269470215,1.804245255151768,-1.199229331147353,1,0.8671990772299889
2020-05-21,5.176368236541748,15.252925872802734,1.8182380743123012,-1.1435105515665158,1,0.8811918963905221
2020-05-22,5.1563310623168945,15.252925872802734,1.8535688966887403,-1.0680156266981735,1,0.9165227187669611
2020-05-26,5.076180458068848,15.252925872802734,1.9948955493531386,-0.8785320437688868,1,1.0578493714313595
2020-05-27,5.042784690856934,15.252925872802734,2.053781094103531,-0.7862005866672942,1,1.116734916181752
2020-05-28,5.176368236541748,15.252925872802734,1.8182380743123012,-1.0201234889019115,1,0.8811918963905221
2020-05-29,5.20976448059082,15.220125198364258,1.7265510143337721,-1.087799310251281,1,0.789504836411993
2020-06-01,5.176368236541748,15.252925872802734,1.8182380743123012,-0.9564152957400802,1,0.8811918963905221
2020-06-02,5.20976448059082,15.252925872802734,1.7593516887722487,-0.9888490438465715,1,0.8223055108504695
2020-06-03,5.289915084838867,15.252925872802734,1.6180250361078485,-1.1066981048776037,1,0.6809788581860694
2020-06-04,5.430178642272949,15.252925872802734,1.370703393945151,-1.3309145683107404,1,0.4336572160233718
2020-06-05,5.777494430541992,15.318532943725586,0.8239011357797921,-1.8469362901884259,1,-0.11314504214198706
2020-06-08,5.7440996170043945,15.088918685913086,0.6531707411383607,-1.9899612788416854,1,-0.2838754367834184
2020-06-09,5.643911838531494,15.252925872802734,0.9938354030688465,-1.609375327169341,1,0.05678922514706741
2020-06-10,5.643911838531494,15.088918685913086,0.8298282161791981,-1.8264880458011583,1,-0.10721796174258102
2020-06-11,5.496969223022461,14.957708358764648,0.957716471985604,-1.7089127370303066,1,0.020670294063824812
2020-06-12,5.476932048797607,15.088918685913086,1.1242576215104805,-1.5139139493864027,1,0.18721144358870134
2020-06-15,5.443535327911377,15.088918685913086,1.183144847840195,-1.4628971426413577,1,0.24609866991841578
2020-06-16,5.643911838531494,15.088918685913086,0.8298282161791981,-2.0144013118497694,1,-0.10721796174258102
2020-06-17,5.590478420257568,15.088918685913086,0.9240454240956897,-1.8756075539101318,1,-0.01300075382608945
2020-06-18,5.523686408996582,15.088918685913086,1.0418173543861347,-1.611339627764998,1,0.10477117646435552
2020-06-19,5.496969223022461,15.088918685913086,1.0889267991340414,-1.4768540055699195,1,0.1518806212122623
2020-06-22,5.496969223022461,15.088918685913086,1.0889267991340414,-1.4376488607279554,1,0.1518806212122623
2020-06-23,5.470252513885498,15.082356452941895,1.1294731701210967,-1.3288763290037375,1,0.19242699219931758
2020-06-24,5.443535327911377,15.082356452941895,1.1765826148690035,-1.2119091648831646,1,0.23953643694722437
2020-06-25,5.309952735900879,15.088918685913086,1.418686186052101,-0.8068400623723745,1,0.4816400081303218
2020-06-26,5.309952735900879,15.062675476074219,1.3924429762132338,-0.8192070610162995,1,0.45539679829145463
2020-06-29,5.309952735900879,15.062675476074219,1.3924429762132338,-0.7944174346476311,1,0.45539679829145463
2020-06-30,5.363385200500488,15.056116104125977,1.2916680779278238,-0.9209689546130871,1,0.35462190000604465
2020-07-01,5.410140514373779,15.088918685913086,1.2420287110112636,-0.9661011480765205,1,0.3049825330894844
2020-07-02,5.410140514373779,15.088918685913086,1.2420287110112636,-0.9343896989485296,1,0.3049825330894844
2020-07-06,5.423497676849365,15.088918685913086,1.2184765110062958,-0.9396718346648236,1,0.2814303330845167
2020-07-07,5.423497676849365,15.023311614990234,1.1528694400834443,-1.0094735088078512,1,0.21582326216166514
2020-07-08,5.376744270324707,14.997071266174316,1.2090676768125483,-0.8901344093886117,1,0.2720214988907692
2020-07-09,5.410140514373779,14.99051284790039,1.1436228729985682,-0.9730421130525392,1,0.2065766950767891
2020-07-10,5.343348026275635,14.99051284790039,1.261395644078675,-0.7523602190140518,1,0.32434946615689597
2020-07-13,5.243160247802734,14.924909591674805,1.3724498628939266,-0.5469955520772555,1,0.43540368497214743
2020-07-14,5.29659366607666,14.498482704162598,0.851805767465228,-1.3621259276257875,1,-0.08524041045655117
2020-07-15,5.276556968688965,14.564085960388184,0.952739005277591,-1.1591154588180501,1,0.0156928273558119
2020-07-16,5.263197898864746,14.498482704162598,0.9106913122156204,-1.1860633883022937,1,-0.026354865706158748
2020-07-17,5.142972469329834,14.498482704162598,1.122680450422557,-0.8182551164199272,1,0.1856342725007778
2020-07-20,5.196406841278076,14.498482704162598,1.0284615609267416,-0.9385592567653591,1,0.09141538300496244
2020-07-21,5.410140514373779,14.498482704162598,0.6515927292607753,-1.4982700263031228,1,-0.28545344866100386
2020-07-22,5.396781921386719,14.498482704162598,0.6751474516347287,-1.4249779724456937,1,-0.26189872628705047
2020-07-23,5.376744270324707,14.498482704162598,0.7104791148008296,-1.3381125803963771,1,-0.22656706312094954
2020-07-24,5.309952735900879,14.498482704162598,0.8282502043016127,-1.1160678836277744,1,-0.10879597362016646
2020-07-27,5.309952735900879,14.498482704162598,0.8282502043016127,-1.0941798382462933,1,-0.10879597362016646
2020-07-28,5.309952735900879,14.498482704162598,0.8282502043016127,-1.0755511178667705,1,-0.10879597362016646
2020-07-29,5.309952735900879,14.432877540588379,0.7626450407273939,-1.1863258111675825,1,-0.17440113719438521
2020-07-30,5.276556968688965,14.432877540588379,0.8215305854777863,-1.059492123137589,1,-0.11551559244399279
2020-07-31,5.20976448059082,14.432877540588379,0.9393033565578932,-0.8000645212390345,1,0.0022571786361140767
2020-08-03,5.20976448059082,14.432877540588379,0.9393033565578932,-0.7841098031249343,1,0.0022571786361140767
2020-08-04,5.142972469329834,14.236065864562988,0.8602636108229476,-0.9294490785715355,1,-0.07678256709883158
2020-08-05,5.20976448059082,14.236065864562988,0.7424916805325026,-1.1590602857197945,1,-0.19455449738927655
2020-08-06,5.1563310623168945,14.236065864562988,0.8367088884489942,-0.9156960342132514,1,-0.10033728947278497
2020-08-07,5.109577178955078,14.301669120788574,0.984751571009264,-0.5556423027637459,1,0.04770539308748489
2020-08-10,5.163010120391846,14.432877540588379,1.021743623682239,-0.44419388626750156,0,0.0846974457604599
2020-08-11,5.191451549530029,14.432877540588379,0.9715938835174391,-0.5377938615339027,0,0.0846974457604599
2020-08-12,5.2260613441467285,14.432877540588379,0.9105676882882303,-0.6740918687070001,0,0.0846974457604599
2020-08-13,5.329890251159668,14.667061805725098,0.9616742085269809,-0.5162265525630987,0,0.0846974457604599
2020-08-14,5.329890251159668,14.667061805725098,0.9616742085269809,-0.49052333451788455,0,0.0846974457604599
2020-08-17,5.364499568939209,14.660394668579102,0.8939817169414361,-0.6573268028420104,0,0.0846974457604599
2020-08-18,5.316046237945557,14.660394668579102,0.9794177176306,-0.3811426998164271,0,0.0846974457604599
2020-08-19,5.2260613441467285,14.000377655029297,0.4780678027291483,-1.8875871290554092,0,0.0846974457604599
2020-08-20,5.2606706619262695,13.900373458862305,0.3170382521226074,-2.3860310165929968,1,0.0846974457604599
2020-08-21,5.281436920166016,13.833704948425293,0.21375335191634015,-2.6185508716587327,1,-0.01858745444580734
2020-08-24,5.329890251159668,13.833704948425293,0.12831735122717625,-2.7443975874129483,1,-0.10402345513497124
2020-08-25,5.336812496185303,13.833704948425293,0.1161116077075377,-2.680809793332115,1,-0.11622919865460979
2020-08-26,5.364499568939209,13.833704948425293,0.06729199678762754,-2.7135829098868935,1,-0.16504880957451995
2020-08-27,5.329890251159668,13.833704948425293,0.12831735122717625,-2.414538219976954,1,-0.10402345513497124
2020-08-28,5.219139575958252,13.800373077392578,0.2902681278224062,-1.8389830910443306,1,0.057927321460258696
2020-08-31,5.509860992431641,13.33369255065918,-0.6890309254149631,-4.0162162623838285,1,-0.9213717317771106
2020-09-01,5.509860992431641,13.33369255065918,-0.6890309254149631,-3.520261782673994,1,-0.9213717317771106
2020-09-02,5.357578277587891,13.33369255065918,-0.4205163390381692,-2.673461708022767,1,-0.6528571454003167
2020-09-03,5.385266304016113,13.33369255065918,-0.46933763153740315,-2.5713186126032657,1,-0.7016784378995506
2020-09-04,5.357578277587891,13.327025413513184,-0.4271834761841653,-2.3251721139065458,1,-0.6595242825463128
2020-09-08,5.329890251159668,13.33369255065918,-0.37169504653893704,-2.094697147890413,1,-0.6040358529010845
2020-09-09,5.274514675140381,13.33369255065918,-0.2740533023301346,-1.8239740841316483,1,-0.5063941086922821
2020-09-10,5.205295085906982,13.33369255065918,-0.15200091187171338,-1.5411845716120878,1,-0.3843417182338609
2020-09-11,5.232983112335205,13.33369255065918,-0.20082220437094733,-1.5624439022029701,1,-0.4331630107330948
2020-09-14,5.23990535736084,13.33369255065918,-0.21302794789058588,-1.5208366615147335,1,-0.44536875425273337
2020-09-15,5.253749370574951,13.33369255065918,-0.23743859414020285,-1.5012799059787525,1,-0.46977940050235034
2020-09-16,5.23990535736084,13.33369255065918,-0.21302794789058588,-1.405729022659424,1,-0.44536875425273337
2020-09-17,5.309124946594238,13.400361061096191,-0.2684118279119936,-1.4411242757374916,1,-0.5007526342741411
2020-09-18,5.309124946594238,13.33369255065918,-0.3350803383490053,-1.4911034352404766,1,-0.5674211447111528
2020-09-21,5.2606706619262695,13.33369255065918,-0.2496426560805176,-1.3088707761111174,1,-0.4819834624426651
2020-09-22,5.2260613441467285,13.33369255065918,-0.1886173016409689,-1.171909936997967,1,-0.4209581080031164
2020-09-23,5.2260613441467285,13.33369255065918,-0.1886173016409689,-1.1358169790803463,1,-0.4209581080031164
2020-09-24,5.198374271392822,13.33369255065918,-0.13979769072106052,-1.0222745469787649,1,-0.372138497083208
2020-09-25,5.253749370574951,13.33369255065918,-0.23743859414020285,-1.1452192641819903,1,-0.46977940050235034
2020-09-28,5.253749370574951,13.33369255065918,-0.23743859414020285,-1.1089569419865777,1,-0.46977940050235034
2020-09-29,5.253749370574951,13.33369255065918,-0.23743859414020285,-1.0739341395874806,1,-0.46977940050235034
2020-09-30,5.253749370574951,13.33369255065918,-0.23743859414020285,-1.0395680522893358,1,-0.46977940050235034
2020-10-01,5.329890251159668,13.33369255065918,-0.37169504653893704,-1.224588956176341,1,-0.6040358529010845
2020-10-02,5.329890251159668,13.307024002075195,-0.3983635951229214,-1.228762889290929,1,-0.6307044014850689
2020-10-05,5.329890251159668,12.987014770507812,-0.7183728266903042,-1.7047683165520178,1,-0.9507136330524517
2020-10-06,5.329890251159668,12.987014770507812,-0.7183728266903042,-1.6539118878119212,1,-0.9507136330524517
2020-10-07,5.329890251159668,12.000323295593262,-1.705064301604855,-3.00583561802115,1,-1.9374051079670025
2020-10-08,5.329890251159668,12.000323295593262,-1.705064301604855,-2.767291739481141,1,-1.9374051079670025
2020-10-09,5.329890251159668,12.000323295593262,-1.705064301604855,-2.570519951381478,1,-1.9374051079670025
2020-10-12,5.412953853607178,12.000323295593262,-1.8515273383128914,-2.5880451249229846,1,-2.083868144675039
2020-10-13,5.329890251159668,12.667006492614746,-1.0383811045833706,-1.4481015498809096,1,-1.2707219109455181
2020-10-14,5.2606706619262695,13.33369255065918,-0.2496426560805176,-0.3796731456474725,0,-0.4819834624426651
2020-10-15,5.2606706619262695,12.000323295593262,-1.5830119111464356,-2.047458453558475,1,-0.4819834624426651
2020-10-16,5.191451549530029,11.333638191223145,-2.1276454658477952,-2.5550026954368943,1,-1.0266170171440248
2020-10-19,5.191451549530029,11.333638191223145,-2.1276454658477952,-2.3923883060663593,1,-1.0266170171440248
2020-10-20,5.156842231750488,12.66033935546875,-0.7399189471626411,-0.7285281063009015,1,0.3611095015411294
2020-10-21,5.156842231750488,12.667006492614746,-0.733251810016645,-0.694577305953222,1,0.3677766386871255
2020-10-22,5.122232437133789,12.593670845031738,-0.745561262370444,-0.6835830754047906,1,0.3554671863333265
2020-10-23,5.122232437133789,12.667006492614746,-0.6722256147874361,-0.5709927746269143,1,0.42880283391633434
2020-10-26,5.108388423919678,12.667006492614746,-0.6478149685378192,-0.5166750461736157,1,0.4532134801659513
2020-10-27,5.108388423919678,12.667006492614746,-0.6478149685378192,-0.49192792036584515,0,0.4532134801659513
2020-10-28,5.018403053283691,12.366999626159668,-0.7891538955548842,-0.6431370124851991,0,0.4532134801659513
2020-10-29,4.8661208152771,12.667006492614746,-0.22063328351267408,0.10034815742078403,0,0.4532134801659513
2020-10-30,4.8453545570373535,12.667006492614746,-0.18401689374341856,0.1725974120845537,0,0.4532134801659513
2020-11-02,4.879964828491211,12.667006492614746,-0.24504392976228928,0.12250992374232585,0,0.4532134801659513
2020-11-03,4.879964828491211,12.667006492614746,-0.24504392976228928,0.15544553143268,0,0.4532134801659513
2020-11-04,4.810745716094971,13.33369255065918,0.5436936779509018,1.2790383961849399,0,0.4532134801659513
2020-11-05,4.8453545570373535,13.33369255065918,0.48266916430101503,1.2219870629956084,0,0.4532134801659513
2020-11-06,4.7761359214782715,13.33369255065918,0.6047198731801107,1.4257114318408626,0,0.4532134801659513
2020-11-09,4.98379373550415,13.327025413513184,0.2318972462381801,0.9261112420461057,0,0.4532134801659513
2020-11-10,4.769214153289795,13.327025413513184,0.610257638764093,1.5156604965946887,0,0.4532134801659513
2020-11-11,4.8453545570373535,13.000349998474121,0.14932661211595644,0.8683459663307614,0,0.4532134801659513
2020-11-12,4.8453545570373535,13.200355529785156,0.3493321434269916,1.188444616367615,0,0.4532134801659513
2020-11-13,4.8522772789001465,12.667006492614746,-0.196223478052719,0.35181663632315435,0,0.4532134801659513
2020-11-16,4.8453545570373535,12.667006492614746,-0.18401689374341856,0.3844309629177384,0,0.4532134801659513
2020-11-17,4.8453545570373535,13.000349998474121,0.14932661211595644,0.9142431707392015,0,0.4532134801659513
2020-11-18,4.949183940887451,13.067017555236816,0.032915583191021724,0.7324750883781155,0,0.4532134801659513
2020-11-19,4.949183940887451,13.067017555236816,0.032915583191021724,0.7339072433904874,0,0.4532134801659513
2020-11-20,4.98379373550415,13.200355529785156,0.10522736251015274,0.8503649549068039,0,0.4532134801659513
2020-11-23,5.053012847900391,13.067017555236816,-0.15016216170694463,0.4587518522959672,0,0.4532134801659513
2020-11-24,5.122232437133789,12.933680534362793,-0.40555157303938927,0.039521347716381265,0,0.4532134801659513
2020-11-25,5.053012847900391,13.007017135620117,-0.21016258132364385,0.34221557635195304,0,0.4532134801659513
2020-11-27,4.914574146270752,13.000349998474121,0.027274221657537012,0.7105246109914679,0,0.4532134801659513
2020-11-30,4.914574146270752,13.000349998474121,0.027274221657537012,0.6943585972386507,0,0.4532134801659513
2020-12-01,4.914574146270752,13.000349998474121,0.027274221657537012,0.6795151845407261,0,0.4532134801659513
2020-12-02,4.907652378082275,13.000349998474121,0.039479124387513664,0.6852726462814079,0,0.4532134801659513
2020-12-03,4.907652378082275,13.000349998474121,0.039479124387513664,0.6745153492543554,0,0.4532134801659513
2020-12-04,4.914574146270752,13.000349998474121,0.027274221657537012,0.6488747504731344,0,0.4532134801659513
2020-12-07,5.156842231750488,13.000349998474121,-0.39990830415726997,-0.020411359528002,0,0.4532134801659513
2020-12-08,5.156842231750488,13.000349998474121,-0.39990830415726997,-0.015499913275498803,0,0.4532134801659513
2020-12-09,5.08762264251709,13.400361061096191,0.12215514892321977,0.79648679869107,0,0.4532134801659513
2020-12-10,5.053012847900391,13.433693885803223,0.21651416885946162,0.9273085505488261,0,0.4532134801659513
2020-12-11,4.98379373550415,13.413694381713867,0.3185662144388637,1.0612926989310887,0,0.4532134801659513
2020-12-14,4.969949245452881,13.367026329040527,0.29630964880480093,1.0018030291489977,0,0.4532134801659513
2020-12-15,4.969949245452881,13.300357818603516,0.2296411383677892,0.8815036351907305,0,0.4532134801659513
2020-12-16,4.956106185913086,13.207022666931152,0.16071495136571912,0.7640847281917892,0,0.4532134801659513
2020-12-17,4.956106185913086,13.33369255065918,0.28738483509374646,0.9375171320871599,0,0.4532134801659513
2020-12-18,4.98379373550415,13.33369255065918,0.23856438338417618,0.8497643392425747,0,0.4532134801659513
2020-12-21,4.935340404510498,13.33369255065918,0.3240003840733401,0.9562793389075163,0,0.4532134801659513
2020-12-22,4.935340404510498,13.33369255065918,0.3240003840733401,0.9353549902660779,0,0.4532134801659513
2020-12-23,4.928417682647705,13.33369255065918,0.3362069683826405,0.93228878683613,0,0.4532134801659513
2020-12-24,4.928417682647705,13.34035873413086,0.3428731518543202,0.9211436200992004,0,0.4532134801659513
2020-12-28,4.949183940887451,13.400361061096191,0.3662590890503967,0.9303571455547637,0,0.4532134801659513
2020-12-29,4.976871967315674,13.400361061096191,0.31743779655116455,0.8377794205451883,0,0.4532134801659513
2020-12-30,4.9630279541015625,13.433693885803223,0.3751812675078128,0.8915717100664139,0,0.4532134801659513
2020-12-31,4.949183940887451,13.433693885803223,0.399591913757428,0.8970758091622095,0,0.4532134801659513
2021-01-04,5.122232437133789,13.440361976623535,0.10112986922135292,0.4451784273359782,0,0.4532134801659513
2021-01-05,5.191451549530029,14.113712310791016,0.6524286537200759,1.2417746048196807,0,0.4532134801659513
2021-01-06,5.205295085906982,14.000377655029297,0.5146841924984038,1.0160707777685716,0,0.4532134801659513
2021-01-07,5.572158336639404,14.000377655029297,-0.13219246798362683,-0.06436669063669004,0,0.4532134801659513
2021-01-08,5.6067681312561035,14.333719253540039,0.14012293529790476,0.37536223210443687,0,0.4532134801659513
2021-01-11,5.675987243652344,15.333745956420898,1.0180980885100066,1.8186604835416662,0,0.4532134801659513
2021-01-12,5.641376972198486,15.333745956420898,1.0791251245288773,1.9021843583822007,0,0.4532134801659513
2021-01-13,5.669064998626709,15.333745956420898,1.0303038320296452,1.9105462377419469,0,0.4532134801659513
2021-01-14,5.675987243652344,15.000405311584473,0.6847574436735808,1.3578592969129841,0,0.4532134801659513
2021-01-15,5.6067681312561035,15.000405311584473,0.8068089933423384,1.592925619984818,0,0.4532134801659513
2021-01-19,5.675987243652344,15.000405311584473,0.6847574436735808,1.282178058054637,0,0.4532134801659513
2021-01-20,5.675987243652344,15.000405311584473,0.6847574436735808,1.2571531369553615,0,0.4532134801659513
2021-01-21,5.675987243652344,15.000405311584473,0.6847574436735808,1.2306556047669972,0,0.4532134801659513
2021-01-22,5.675987243652344,15.000405311584473,0.6847574436735808,1.2058475354566245,0,0.4532134801659513
2021-01-25,5.675987243652344,15.000405311584473,0.6847574436735808,1.184568514327571,0,0.4532134801659513
2021-01-26,5.662143230438232,15.26707935333252,0.9758421316712447,1.9272260192805672,0,0.4532134801659513
2021-01-27,5.641376972198486,14.867066383361816,0.6124455514697953,0.9184104025418921,0,0.4532134801659513
2021-01-28,5.62753438949585,15.000405311584473,0.7701926035730828,1.3012324296009392,0,0.4532134801659513
2021-01-29,5.675987243652344,14.667061805725098,0.3514139378142058,0.1429803004175567,0,0.4532134801659513
2021-02-01,5.675987243652344,14.667061805725098,0.3514139378142058,0.11786818272438436,0,0.4532134801659513
2021-02-02,5.669064998626709,15.000405311584473,0.6969631871932194,1.0756643324244763,0,0.4532134801659513
2021-02-03,5.634456157684326,15.13374137878418,0.8913237680428132,1.5685793869571023,0,0.4532134801659513
2021-02-04,5.641376972198486,15.13374137878418,0.8791205468921586,1.5007200703492398,0,0.4532134801659513
2021-02-05,5.731362819671631,15.13374137878418,0.7204517666644836,1.0409089386898511,0,0.4532134801659513
2021-02-08,5.7590508460998535,15.200410842895508,0.7382999382765796,1.0772644952819241,0,0.4532134801659513
2021-02-09,5.7590508460998535,15.800426483154297,1.3383155785353686,2.483954629511048,-1,0.4532134801659513
2021-02-10,5.745206356048584,16.000431060791016,1.5627316432113663,2.790493846995081,-1,0.2287974154899537
2021-02-11,5.724441051483154,15.967097282409668,1.5660125730199503,2.6051558002045363,-1,0.22551648568136962
2021-02-12,5.724441051483154,16.13376808166504,1.7326833722753214,2.7519558824479766,-1,0.05884568642599852
2021-02-16,5.689831733703613,16.067100524902344,1.727041169952173,2.5387799391265444,-1,0.0644878887491469
2021-02-17,5.675987243652344,16.000431060791016,1.6847831928801238,2.3013755480685716,-1,0.10674586582119616
2021-02-18,5.675987243652344,15.933762550354004,1.618114682443112,2.0570716918512195,-1,0.17341437625820788
2021-02-19,5.613688945770264,15.600419044494629,1.3946195051018417,1.5735338605987665,-1,0.3969095535994782
2021-02-22,5.634456157684326,15.333745956420898,1.091328345679532,0.984584912674294,-1,0.700200713021788
2021-02-23,5.641376972198486,15.333745956420898,1.0791251245288773,0.935290325436963,-1,0.7124039341724426
2021-02-24,5.641376972198486,15.467082023620605,1.2124611917285844,1.1508174049700952,-1,0.5790678669727356
2021-02-25,5.655221462249756,15.667089462280273,1.3880571433489752,1.430276422913919,-1,0.4034719153523447
2021-02-26,5.6067681312561035,15.467082023620605,1.2734857053784712,1.1743780731297633,-1,0.5180433533228488
2021-03-01,5.675987243652344,16.000431060791016,1.6847831928801238,1.8610037883634327,-1,0.10674586582119616
2021-03-02,5.703674793243408,15.933762550354004,1.5692942307335418,1.5846681606993935,-1,0.22223482796777816
2021-03-03,5.745206356048584,15.733757972717285,1.2960585551376358,1.050222000612445,-1,0.49547050356368416
2021-03-04,5.710597038269043,15.50041675567627,1.123742692536167,0.7076318906434445,-1,0.6677863661651529
2021-03-05,5.68290901184082,15.50041675567627,1.172563985035401,0.7761380021487585,-1,0.6189650736659189
2021-03-08,5.6067681312561035,15.50041675567627,1.3068204374341352,1.0152770691272748,-1,0.4847086212671847
2021-03-09,5.544471263885498,15.50041675567627,1.4166662435832542,1.1947802949947854,-1,0.37486281511806574
2021-03-10,5.572158336639404,15.50041675567627,1.3678466326633458,1.0619838729206812,-1,0.4236824260379741
2021-03-11,5.579079627990723,15.333745956420898,1.1889717714676582,0.6786399946981595,-1,0.6025572872336618
2021-03-12,5.572158336639404,15.50041675567627,1.3678466326633458,1.0047075051223529,-1,0.4236824260379741
2021-03-15,5.572158336639404,15.667089462280273,1.5345193392673497,1.2967089870220008,-1,0.2570097194339702
2021-03-16,5.551392555236816,15.667089462280273,1.5711348882469434,1.32792988709026,-1,0.2203941704543766
2021-03-17,5.572158336639404,15.50041675567627,1.3678466326633458,0.8866187479120015,-1,0.4236824260379741
2021-03-18,5.4890947341918945,15.50041675567627,1.5143096693713805,1.1487018642887568,-1,0.2772193893299395
2021-03-19,5.502939224243164,15.067072868347168,1.0565542950030018,0.18778962145371314,0,0.7349747636983182
2021-03-22,5.475250720977783,15.060405731201172,1.0987092911458998,0.2523852203975505,0,0.7349747636983182
2021-03-23,5.468329906463623,15.060405731201172,1.1109125122965544,0.2548289315680506,0,0.7349747636983182
2021-03-24,5.468329906463623,15.067072868347168,1.1175796494425505,0.24544678076785473,0,0.7349747636983182
2021-03-25,5.461407661437988,15.067072868347168,1.129785392962189,0.24837006117292923,0,0.7349747636983182
2021-03-26,5.350656032562256,15.067072868347168,1.3250697221694576,0.6553336296107672,0,0.7349747636983182
2021-03-29,5.350656032562256,14.800400733947754,1.0583975877700436,0.028729997781867564,0,0.7349747636983182
2021-03-30,5.329890251159668,14.833732604980469,1.128345007782352,0.1647873954466385,0,0.7349747636983182
2021-03-31,5.295280933380127,15.067072868347168,1.4227106255885982,0.83542515781505,0,0.7349747636983182
2021-04-01,5.295280933380127,15.067072868347168,1.4227106255885982,0.8071940207323391,0,0.7349747636983182
2021-04-05,5.329890251159668,15.13374137878418,1.428353781586063,0.7932866459263237,0,0.7349747636983182
2021-04-06,5.357578277587891,15.26707935333252,1.5128704636351706,1.0124943671768436,0,0.7349747636983182
2021-04-07,5.357578277587891,15.333745956420898,1.5795370667235495,1.1887011827917273,0,0.7349747636983182
2021-04-08,5.357578277587891,15.467082023620605,1.7128731339232566,1.5051579086384412,0,0.7349747636983182
2021-04-09,5.343734264373779,15.667089462280273,1.9372912188325397,2.015603071381154,-1,0.7349747636983182
2021-04-12,5.2606706619262695,15.020403861999512,1.4370686552598144,0.6549630424742324,-1,1.2351973272710435
2021-04-13,5.329890251159668,15.300411224365234,1.5950236271671177,1.0438200972917122,-1,1.0772423553637402
2021-04-14,5.322968482971191,15.333745956420898,1.6405632619527584,1.1279483222430495,-1,1.0317027205780995
2021-04-15,5.316046237945557,15.26707935333252,1.586102402384018,0.9508921990792261,-1,1.08616358014684
2021-04-16,5.288358688354492,15.13374137878418,1.5015848795452502,0.6948755786044749,-1,1.1706811029856077
2021-04-19,4.949183940887451,15.13374137878418,2.099639406738385,2.2284907768468516,-1,0.5726265757924729
2021-04-20,4.914574146270752,13.33369255065918,0.3606167738425956,-2.3778130620154583,0,2.3116492086882623
2021-04-21,4.879964828491211,13.167021751403809,0.2549713290267732,-2.536962351236208,1,2.3116492086882623
2021-04-22,4.727682113647461,12.633672714233398,-0.009863121766843008,-2.9326453686805896,1,2.046814757894646
2021-04-23,4.613138675689697,12.333664894104004,-0.10790065329872611,-2.9458866938688257,1,1.948777226362763
2021-04-26,4.930291652679443,12.20032787322998,-0.8004620124172401,-3.8424551298071052,1,1.256215867244249
2021-04-27,4.829379558563232,12.533669471740723,-0.28918577936945944,-2.719242451542782,1,1.7674921002920296
2021-04-28,4.872627258300781,12.533669471740723,-0.3654428793212894,-2.708031886026394,1,1.6912350003401997
2021-04-29,5.045620441436768,12.733675956726074,-0.47046899809156173,-2.6902729042135918,1,1.5862088815699273
2021-04-30,4.973540306091309,13.200355529785156,0.1233068626067837,-1.6544975612467892,1,2.1799847422682728
2021-05-03,4.901459693908691,13.200355529785156,0.250403991035709,-1.4106516368652906,1,2.307081870697198
2021-05-04,4.757298469543457,13.200355529785156,0.5045982478935613,-0.9974954338827997,1,2.5612761275550504
2021-05-05,4.757298469543457,13.000349998474121,0.3045927165825262,-1.2870745231925325,1,2.3612705962440153
2021-05-06,4.728466987609863,13.233689308166504,0.5887695323830204,-0.8204942907924067,1,2.6454474120445095
2021-05-07,4.814963340759277,13.33369255065918,0.5362568933927143,-0.873244988724902,1,2.5929347730542034
2021-05-10,4.94470739364624,13.667034149169922,0.6408255104686464,-0.6878308693341321,1,2.6975033901301355
2021-05-11,5.045620441436768,13.567032814025879,0.36288785920824296,-1.0812216938294807,1,2.419565738869732
2021-05-12,5.124907970428467,13.33369255065918,-0.010257227535086955,-1.5922336799461974,1,2.046420652126402
2021-05-13,5.420437335968018,13.407028198242188,-0.4580177886154857,-2.1490530192779747,1,1.5986600910460034
2021-05-14,5.369981288909912,13.547032356262207,-0.22904631332694692,-1.7318818343849287,1,1.8276315663345422
2021-05-17,5.189780235290527,13.547032356262207,0.08869566695570441,-1.2280467171110467,1,2.1453735466171935
2021-05-18,5.16815710067749,13.33369255065918,-0.0865168498559008,-1.4260349729541848,1,1.9701610298055883
2021-05-19,4.973540306091309,13.000349998474121,-0.07669866870425146,-1.3632401363810827,1,1.9799792109572376
2021-05-20,5.0312042236328125,12.667006492614746,-0.5117188683591731,-1.8706574571231178,1,1.544959011302316
2021-05-21,4.793339252471924,12.000323295593262,-0.7589833913024577,-2.081867235538394,1,1.2976944883590313
2021-05-24,4.396896839141846,11.933653831481934,-0.12662033063401879,-1.2165657214820784,1,1.9300575490274703
2021-05-25,4.4041056632995605,11.89365291595459,-0.17933230426771374,-1.2411813847024828,1,1.8773455753937753
2021-05-26,4.389689922332764,11.666979789733887,-0.38058667743436203,-1.4440470694517669,1,1.676091202227127
2021-05-27,4.360857963562012,11.34697151184082,-0.6497566084296551,-1.707723106173047,1,1.406921271231834
2021-05-28,4.757298469543457,12.400334358215332,-0.2954229236762629,-1.223830630403302,1,1.7612549559852262
2021-06-01,4.5770978927612305,12.000323295593262,-0.37769284680534376,-1.2787066622776908,1,1.6789850328561453
2021-06-02,4.620346546173096,11.866985321044922,-0.5872896028848356,-1.4746983000388234,1,1.4693882767766535
2021-06-03,4.685218811035156,12.000323295593262,-0.5683385394487317,-1.398705363232812,1,1.4883393402127574
2021-06-04,4.915875434875488,12.867012023925781,-0.10835826787772085,-0.8235920005771271,1,1.9483196117837682
2021-06-07,4.17344856262207,12.006990432739258,0.3407145100681248,-0.2732909786436099,0,2.397392389729614
2021-06-08,4.238321304321289,12.006990432739258,0.22632675816622694,-0.38979935415257305,0,2.397392389729614
2021-06-09,4.360857963562012,12.667006492614746,0.6702783723442707,0.1634508915173209,0,2.397392389729614
2021-06-10,4.685218811035156,12.621333122253418,0.052671287211424556,-0.5637897049513331,0,2.397392389729614
2021-06-11,4.5770978927612305,12.410978317260742,0.032962174862136706,-0.564564744716515,0,2.397392389729614
2021-06-14,4.685218811035156,12.551212310791016,-0.017449524250977788,-0.6019907231817916,0,2.397392389729614
2021-06-15,4.649178981781006,12.130501747131348,-0.374612364485845,-1.0154426728740185,0,2.397392389729614
2021-06-16,4.5050177574157715,12.123492240905762,-0.12742761385358037,-0.6827179003514048,0,2.397392389729614
2021-06-17,4.324817180633545,11.920146942138672,-0.013031773127679003,-0.5184330799557888,0,2.397392389729614
2021-06-18,4.360857963562012,11.338163375854492,-0.6585647444159832,-1.2823001404011585,0,2.397392389729614
2021-06-21,4.440145969390869,12.270739555358887,0.13420577092211872,-0.2755228121504367,0,2.397392389729614
2021-06-22,4.440145969390869,11.920146942138672,-0.21638684229809613,-0.6894398766046024,0,2.397392389729614
2021-06-23,4.324817180633545,11.850028038024902,-0.08315067724144853,-0.49923863954409825,0,2.397392389729614
2021-06-24,4.396896839141846,11.850028038024902,-0.21024612409105004,-0.6364279870009844,0,2.397392389729614
2021-06-25,4.396896839141846,11.850028038024902,-0.21024612409105004,-0.6108821477585202,0,2.397392389729614
2021-06-28,4.541058540344238,12.277750968933105,-0.036718290830361155,-0.36034758630922037,0,2.397392389729614
2021-06-29,4.541058540344238,12.277750968933105,-0.036718290830361155,-0.3349650692603234,0,2.397392389729614
2021-06-30,4.541058540344238,12.621333122253418,0.30686386248995134,0.16172062750631225,0,2.397392389729614
2021-07-01,4.324817180633545,12.621333122253418,0.6881544069870671,0.7335233522462921,0,2.397392389729614
2021-07-02,4.324817180633545,12.621333122253418,0.6881544069870671,0.7874886478469807,0,2.397392389729614
2021-07-06,4.324817180633545,12.831686973571777,0.8985082583054265,1.1861976001350252,0,2.397392389729614
2021-07-07,4.324817180633545,13.322517395019531,1.3893386797531804,1.961382569298186,0,2.397392389729614
2021-07-08,4.288776874542236,13.322517395019531,1.452887243967643,2.0821207346432664,-1,2.397392389729614
2021-07-09,4.288776874542236,13.322517395019531,1.452887243967643,2.110959086527273,-1,2.397392389729614
2021-07-12,4.288776874542236,13.315505027770996,1.4458748767191079,2.121427167508051,-1,2.404404756978149
2021-07-13,4.288776874542236,13.315505027770996,1.4458748767191079,2.1299804667353532,-1,2.404404756978149
2021-07-14,4.252737522125244,13.315505027770996,1.5094217593542467,2.3551742504920212,-1,2.34085787434301
2021-07-15,4.252737522125244,13.315505027770996,1.5094217593542467,2.2245551160902757,-1,2.34085787434301
2021-07-16,4.288776874542236,13.315505027770996,1.4458748767191079,2.0151347908362243,-1,2.404404756978149
2021-07-19,4.281569480895996,13.315505027770996,1.4585834124564734,1.9325431093241958,-1,2.3916962212407835
2021-07-20,4.288776874542236,12.936866760253906,1.067236609202018,1.2920174983512838,-1,2.783043024495239
2021-07-21,4.324817180633545,12.866747856140137,0.9335691408737858,1.0591531940413008,-1,2.916710492823471
2021-07-22,4.396896839141846,12.866747856140137,0.8064736940241843,0.8385481806793339,-1,3.0438059396730726
2021-07-23,4.440145969390869,12.971923828125,0.835390043688232,0.8530989441425079,-1,3.014889590009025
2021-07-26,4.432938098907471,13.32952880859375,1.2057044006840112,1.3645006185896358,-1,2.6445752330132457
2021-07-27,4.432938098907471,13.322517395019531,1.1986929871097924,1.3080179226522914,-1,2.6515866465874645
2021-07-28,4.432938098907471,13.322517395019531,1.1986929871097924,1.2667636820568267,-1,2.6515866465874645
2021-07-29,4.432938098907471,13.322517395019531,1.1986929871097924,1.2339738827386861,-1,2.6515866465874645
2021-07-30,4.000455856323242,12.481094360351562,1.1198502006463915,1.0890297705627654,-1,2.7304294330508654
2021-08-02,3.9644157886505127,12.621333122253418,1.3236371063678796,1.3430876988104066,-1,2.5266425273293773
2021-08-03,3.870711088180542,12.621333122253418,1.4888632051675508,1.5230434432901774,-1,2.361416428529706
2021-08-04,3.856295585632324,12.621333122253418,1.5142815378267755,1.5091657675438706,-1,2.3359980958704814
2021-08-05,3.870711088180542,11.65369701385498,0.5212270967691133,0.1585130256499049,0,3.3290525369281436
2021-08-06,3.8635032176971436,11.65369701385498,0.5339364732961407,0.16385816406889722,0,3.3290525369281436
2021-08-09,3.8202552795410156,11.65369701385498,0.6101939936427989,0.24620171610241035,0,3.3290525369281436
2021-08-10,3.784215211868286,11.639673233032227,0.6597183566396794,0.29584124294173214,0,3.3290525369281436
2021-08-11,3.4598536491394043,11.65369701385498,1.2456771134184432,1.0719001107238872,0,3.3290525369281436
2021-08-12,3.6472625732421875,11.65369701385498,0.9152257566087627,0.5961943265566411,0,3.3290525369281436
2021-08-13,3.640054941177368,11.65369701385498,0.9279347127409601,0.5918789422091477,0,3.3290525369281436
2021-08-16,3.5895984172821045,11.65369701385498,1.0169028707991394,0.6882768977687335,0,3.3290525369281436
2021-08-17,3.495893716812134,11.639673233032227,1.1681051887760567,0.8735416151423484,0,3.3290525369281436
2021-08-18,3.4598536491394043,11.625648498535156,1.217628598098619,0.9132018732121749,0,3.3290525369281436
2021-08-19,3.423813581466675,11.569554328918457,1.2250825723015524,0.8933400059921545,0,3.3290525369281436
2021-08-20,3.279653310775757,11.429317474365234,1.3390382930268565,1.0241251856273672,0,3.3290525369281436
2021-08-23,3.423813581466675,11.429317474365234,1.0848457177483297,0.6315731374611278,0,3.3290525369281436
2021-08-24,3.868337392807007,11.436328887939453,0.30804442178978064,-0.5456024998080203,0,3.3290525369281436
2021-08-25,3.785147190093994,11.436328887939453,0.4547306881530133,-0.3525859086402426,0,3.3290525369281436
2021-08-26,3.743551731109619,11.436328887939453,0.528074451926873,-0.2773956951869783,0,3.3290525369281436
2021-08-27,3.926570177078247,11.569554328918457,0.3385901069067714,-0.6236236255635733,0,3.3290525369281436
2021-08-30,3.926570177078247,11.569554328918457,0.3385901069067714,-0.6439512963202082,0,3.3290525369281436
2021-08-31,3.9848029613494873,11.429317474365234,0.095673496491532,-1.0361342415271466,0,3.3290525369281436
2021-09-01,3.9848029613494873,11.429317474365234,0.095673496491532,-1.029032523081465,0,3.3290525369281436
2021-09-02,3.9848029613494873,11.429317474365234,0.095673496491532,-1.0044183071515096,0,3.3290525369281436
2021-09-03,3.9848029613494873,11.429317474365234,0.095673496491532,-1.0068429870123659,0,3.3290525369281436
2021-09-07,3.9848029613494873,11.429317474365234,0.095673496491532,-1.0104237255060176,0,3.3290525369281436
2021-09-08,3.9848029613494873,11.429317474365234,0.095673496491532,-1.0170667330923715,0,3.3290525369281436
2021-09-09,3.9848029613494873,11.429317474365234,0.095673496491532,-1.049635603623883,0,3.3290525369281436
2021-09-10,3.9848029613494873,11.429317474365234,0.095673496491532,-1.0643004960630926,0,3.3290525369281436
2021-09-13,3.9848029613494873,11.429317474365234,0.095673496491532,-1.071245393452153,0,3.3290525369281436
2021-09-14,3.9848029613494873,11.429317474365234,0.095673496491532,-1.1359564012361172,0,3.3290525369281436
2021-09-15,3.9848029613494873,11.429317474365234,0.095673496491532,-1.1333821299553153,0,3.3290525369281436
2021-09-16,3.9848029613494873,11.429317474365234,0.095673496491532,-1.1579375682907507,0,3.3290525369281436
2021-09-17,3.9848029613494873,11.429317474365234,0.095673496491532,-1.1716851017772607,0,3.3290525369281436
2021-09-20,3.9848029613494873,11.429317474365234,0.095673496491532,-1.1972163063727068,0,3.3290525369281436
2021-09-21,3.9848029613494873,11.429317474365234,0.095673496491532,-1.2238164356129988,0,3.3290525369281436
2021-09-22,3.9848029613494873,11.429317474365234,0.095673496491532,-1.234845482277256,0,3.3290525369281436
2021-09-23,3.9848029613494873,11.429317474365234,0.095673496491532,-1.2460618675045136,0,3.3290525369281436
2021-09-24,4.3258819580078125,12.621333122253418,0.6862769236723771,-0.15224209853322926,0,3.3290525369281436
2021-09-27,4.384115695953369,12.340858459472656,0.3031208234502767,-0.8571067748058737,0,3.3290525369281436
2021-09-28,4.3258819580078125,12.270739555358887,0.3356833567778459,-0.7810819776232513,0,3.3290525369281436
2021-09-29,4.367476940155029,12.270739555358887,0.26234043379364635,-0.8923893888685202,0,3.3290525369281436
2021-09-30,4.3258819580078125,12.270739555358887,0.3356833567778459,-0.7297254551899583,0,3.3290525369281436
2021-10-01,4.300925254821777,11.990266799926758,0.09921585066243921,-1.1345661918297327,0,3.3290525369281436
2021-10-04,4.251011371612549,11.990266799926758,0.18722719008554733,-0.9389083469418036,0,3.3290525369281436
2021-10-05,4.334201335906982,11.990266799926758,0.04054134411714827,-1.179662030658408,0,3.3290525369281436
2021-10-06,4.3258819580078125,11.990266799926758,0.05521060134571698,-1.117392170377168,0,3.3290525369281436
2021-10-07,4.517219543457031,12.761569023132324,0.48913420171843747,-0.2564977210443674,0,3.3290525369281436
2021-10-08,4.517219543457031,12.761569023132324,0.48913420171843747,-0.22904745786240793,0,3.3290525369281436
2021-10-11,4.533857345581055,12.950888633728027,0.6491169794363252,0.12473431017016533,0,3.3290525369281436
2021-10-12,4.666961193084717,12.950888633728027,0.414419794044818,-0.3356628952418525,0,3.3290525369281436
2021-10-13,4.908213138580322,12.936866760253906,-0.024992882474919043,-1.23066492556667,0,3.3290525369281436
2021-10-14,5.116188049316406,12.936866760253906,-0.39170749739592026,-1.9118349633237255,0,3.3290525369281436
2021-10-15,5.19937801361084,12.936866760253906,-0.5383933433643193,-2.091692674641089,1,3.3290525369281436
2021-10-18,5.249291896820068,12.971923828125,-0.5913476149163337,-2.076171694042341,1,3.2760982653761292
2021-10-19,5.324163436889648,13.322517395019531,-0.3727723183409566,-1.59509119308572,1,3.4946735619515064
2021-10-20,5.324163436889648,14.023703575134277,0.3284138617737895,-0.22621363610342582,0,4.1958597420662525
2021-10-21,5.182739734649658,14.009676933288574,0.563754503337826,0.2584016215258352,0,4.1958597420662525
2021-10-22,5.282567501068115,13.953583717346191,0.3316386085492269,-0.1777891165910675,0,4.1958597420662525
2021-10-25,5.307525157928467,13.946572303771973,0.2806202640789621,-0.2572590765105041,0,4.1958597420662525
2021-10-26,5.166102409362793,13.813346862792969,0.396760424930374,0.014675852200024118,0,4.1958597420662525
2021-10-27,5.324163436889648,13.532873153686523,-0.1624165596739644,-1.160869266126004,0,4.1958597420662525
2021-10-28,5.324163436889648,13.322517395019531,-0.3727723183409566,-1.6142975081894821,0,4.1958597420662525
2021-10-29,5.365757942199707,13.252397537231445,-0.5162342583235802,-1.8497959875506433,0,4.1958597420662525
2021-11-01,5.365757942199707,13.252397537231445,-0.5162342583235802,-1.765158788347469,0,4.1958597420662525
2021-11-02,5.240973472595215,13.960596084594727,0.41199221720263957,0.2598896475400972,0,4.1958597420662525
2021-11-03,5.116188049316406,13.855416297912598,0.5268420402627711,0.5168132793433384,0,4.1958597420662525
2021-11-04,5.141144752502441,13.778288841247559,0.40570933428100986,0.29350512012435714,0,4.1958597420662525
2021-11-05,5.31584358215332,14.016690254211426,0.33607063886916855,0.16005121191558505,0,4.1958597420662525
2021-11-08,5.324163436889648,13.918524742126465,0.223235028765977,-0.0755100072152596,0,4.1958597420662525
2021-11-09,5.357439041137695,14.016690254211426,0.2627268750953071,0.048898861946812616,0,4.1958597420662525
2021-11-10,5.332481861114502,14.016690254211426,0.306732965201693,0.19968108841758217,0,4.1958597420662525
2021-11-11,5.332481861114502,14.016690254211426,0.306732965201693,0.25236730449905087,0,4.1958597420662525
2021-11-12,5.340800762176514,13.673110008239746,-0.05151569720889526,-0.6992784317681943,0,4.1958597420662525
2021-11-15,5.324163436889648,13.743228912353516,0.04793919899302779,-0.3895385285603625,0,4.1958597420662525
2021-11-16,5.299205303192139,13.322517395019531,-0.3287645466552487,-1.6017100125087715,0,4.1958597420662525
2021-11-17,5.282567501068115,13.406660079956055,-0.21528502884090983,-1.1787360455117768,0,4.1958597420662525
2021-11-18,5.240973472595215,13.673110008239746,0.1245061408476591,-0.026934152203134245,0,4.1958597420662525
2021-11-19,5.240973472595215,13.813346862792969,0.26474299540088175,0.4666462096062392,0,4.1958597420662525
2021-11-22,5.19937801361084,13.715180397033691,0.23992029341546584,0.38871408635483573,0,4.1958597420662525
2021-11-23,5.174420356750488,13.715180397033691,0.28392722431151185,0.5437093747229417,0,4.1958597420662525
2021-11-24,5.157782554626465,13.729204177856445,0.32728783801208117,0.6766949222388488,0,4.1958597420662525
2021-11-26,5.074592590332031,13.708170890808105,0.4529403969321404,1.0752942031354271,0,4.1958597420662525
2021-11-29,5.116188049316406,13.60299015045166,0.27441589280183365,0.45995148613832787,0,4.1958597420662525
2021-11-30,5.008040428161621,13.673110008239746,0.5352285274543664,1.2978056146069075,0,4.1958597420662525
2021-12-01,4.874936580657959,13.666098594665527,0.7629142992716549,1.9523081400996203,0,4.1958597420662525
2021-12-02,4.866617679595947,14.584650039672852,1.6961341607178877,4.105380400188,-1,4.1958597420662525
2021-12-03,4.658642292022705,14.654769897460938,2.132969474216635,4.295386692346035,-1,3.759024428567505
2021-12-06,4.6170477867126465,14.654769897460938,2.2063115564111726,3.7994489379660865,-1,3.6856823463729675
2021-12-07,4.63368558883667,15.42607307434082,2.94827790041324,4.268637914540997,-1,2.9437160023709
2021-12-08,4.63368558883667,15.42607307434082,2.94827790041324,3.675184869052905,-1,2.9437160023709
2021-12-09,4.741832733154297,15.706546783447266,3.038059673444902,3.3548561836023616,-1,2.853934229339238
2021-12-10,4.70023775100708,15.69953441619873,3.1043902291805665,3.0892284888206434,-1,2.7876036736035736
2021-12-13,4.658642292022705,15.566308975219727,3.044508551975424,2.76445812276774,-1,2.847485350808716
2021-12-14,4.658642292022705,15.608381271362305,3.086580848118002,2.5953238547635133,-1,2.805413054666138
2021-12-15,4.558814525604248,15.496191024780273,3.150413280382187,2.4718517528110047,-1,2.741580622401953
2021-12-16,4.658642292022705,15.42607307434082,2.9042726510965178,2.107156845351703,-1,2.9877212516876224
2021-12-17,4.6170477867126465,16.057138442993164,3.608680101943399,2.55761446888781,-1,2.283313800840741
2021-12-20,4.683599948883057,16.02632713317871,3.4605197790383624,2.2773857800264783,-1,2.4314741237457778
2021-12-21,4.741832733154297,16.02632713317871,3.3578400231763474,2.070047571571081,-1,2.5341538796077927
2021-12-22,4.70023775100708,16.05732536315918,3.4621811761410157,2.0377822502530827,-1,2.4298127266431244
2021-12-23,4.783427715301514,15.654342651367188,2.9125126183806227,1.5443923228845209,-1,2.9794812844035174
2021-12-27,5.041316509246826,15.654342651367188,2.457786664036515,1.1573814000832843,-1,3.434207238747625
2021-12-28,5.091230392456055,15.731839179992676,2.447271853238897,1.1115728250284986,-1,3.444722049545243
2021-12-29,4.991402626037598,15.731839179992676,2.6232945320851115,1.2018737826355477,-1,3.2686993706990286
2021-12-30,5.032998085021973,15.886832237243652,2.7049438255622267,1.2192796592027333,-1,3.1870500772219135
2021-12-31,5.032998085021973,15.886832237243652,2.7049438255622267,1.177923386492219,-1,3.1870500772219135
2022-01-03,5.032998085021973,15.964330673217773,2.7824422615363478,1.1938833795224204,-1,3.1095516412477924
2022-01-04,5.157782554626465,15.964330673217773,2.5624143333734093,1.0022538332699158,-1,3.329579569410731
2022-01-05,5.282567501068115,15.964330673217773,2.342385564420809,0.8195297756154375,-1,3.5496083383633312
2022-01-06,5.365757942199707,16.429311752319336,2.6606799567643105,1.0147372357781275,-1,3.2313139460198297
2022-01-07,5.515500068664551,16.429311752319336,2.396645097705326,0.7988758631614286,-1,3.495348805078814
2022-01-10,5.415672302246094,16.390560150146484,2.533916174378689,0.8671757416460275,-1,3.3580777284054513
2022-01-11,5.473904609680176,16.390560150146484,2.431237259306336,0.7659603027246885,-1,3.4607566434778043
2022-01-12,5.656923294067383,16.390560150146484,2.1085270529123967,0.5068689928044919,-1,3.7834668498717434
2022-01-13,5.81498384475708,16.274314880371094,1.713579348428775,0.1928006210313298,0,4.178414554355365
2022-01-14,5.781708240509033,16.274314880371094,1.7722530141844057,0.21997696703238467,0,4.178414554355365
2022-01-18,5.69019889831543,16.274314880371094,1.9336081173813753,0.32533073998955453,0,4.178414554355365
2022-01-19,5.740113258361816,16.661802291870117,2.2330833486676287,0.5299359977262451,0,4.178414554355365
2022-01-20,5.740113258361816,16.816795349121094,2.3880764059186053,0.623686771919698,0,4.178414554355365
2022-01-21,5.68187952041626,16.816795349121094,2.490757843359944,0.6773543380304725,0,4.178414554355365
2022-01-24,5.656923294067383,16.58430290222168,2.302269804987592,0.5088102490137443,0,4.178414554355365
2022-01-25,5.615328311920166,16.274314880371094,2.0656247061212056,0.3000797223488795,0,4.178414554355365
2022-01-26,5.623647689819336,16.661802291870117,2.4384428603916604,0.569673848552451,0,4.178414554355365
2022-01-27,5.698517799377441,16.661802291870117,2.306427112441492,0.4365555879925696,0,4.178414554355365
2022-01-28,5.656923294067383,16.816795349121094,2.534762251887006,0.6023325399668392,0,4.178414554355365
2022-01-31,5.715156078338623,16.816795349121094,2.432082496024991,0.493356412329336,0,4.178414554355365
2022-02-01,5.740113258361816,17.049283981323242,2.6205650381207537,0.6278182739332344,0,4.178414554355365
2022-02-02,5.532138347625732,17.049283981323242,2.987279653041755,0.9111870939763824,0,4.178414554355365
2022-02-03,5.532138347625732,17.049283981323242,2.987279653041755,0.8822395567580835,0,4.178414554355365
2022-02-04,5.5238189697265625,17.514265060424805,3.466929989371886,1.26173536603483,0,4.178414554355365
2022-02-07,5.465585708618164,17.901748657226562,3.9570941828253208,1.6332831627676312,0,4.178414554355365
2022-02-08,5.615328311920166,17.979246139526367,3.770555965276479,1.4246927313503426,0,4.178414554355365
2022-02-09,5.573732852935791,18.211734771728516,4.076388361252489,1.6482289277522235,0,4.178414554355365
2022-02-10,5.548776149749756,19.064199447631836,4.972858286472533,2.332218196637373,-1,4.178414554355365
2022-02-11,5.5238189697265625,19.064199447631836,5.016864376578917,2.2929317403382967,-1,4.134408464248981
2022-02-14,5.448947906494141,18.98670196533203,5.071384323808605,2.264385219191039,-1,4.079888517019294
2022-02-15,5.448947906494141,18.98670196533203,5.071384323808605,2.1813494189551093,-1,4.079888517019294
2022-02-16,5.224334716796875,18.978952407836914,5.4596870549019645,2.4023316947707256,-1,3.691585785925934
2022-02-17,5.157782554626465,18.98670196533203,5.584785625487667,2.3982176438700655,-1,3.5664872153402314
2022-02-18,5.240973472595215,18.978952407836914,5.430348540444827,2.185405508642751,-1,3.7209243003830714
2022-02-22,5.182739734649658,18.599218368530273,5.153295938579525,1.8992234851107017,-1,3.9979769022483733
2022-02-23,5.19937801361084,18.599218368530273,5.123958264912048,1.8244908943281517,-1,4.027314575915851
2022-02-24,5.232653617858887,18.211734771728516,4.677801002354659,1.4246821924930817,-1,4.473471838473239
2022-02-25,5.282567501068115,18.211734771728516,4.589789662931551,1.3254838280278842,-1,4.561483177896347
2022-02-28,5.091230392456055,18.2504825592041,4.965915232450323,1.6292308426563495,-1,4.185357608377576
2022-03-01,5.174420356750488,18.444225311279297,5.012972138557117,1.6112955895422392,-1,4.138300702270781
2022-03-02,5.157782554626465,18.599218368530273,5.197302028685909,1.7040338947160851,-1,3.953970812141989
2022-03-03,5.157782554626465,18.599218368530273,5.197302028685909,1.6342125104403404,-1,3.953970812141989
2022-03-04,5.116188049316406,18.599218368530273,5.270644110880447,1.6280552852284427,-1,3.8806287299474516
2022-03-07,4.908213138580322,17.824251174926758,4.8623915321979325,1.2330525355258743,-1,4.288881308629966
2022-03-08,4.874936580657959,17.824251174926758,4.921066879532885,1.240675467458526,-1,4.230205961295013
2022-03-09,4.866617679595947,17.901748657226562,5.013232778271599,1.2742426179828965,-1,4.1380400625563
2022-03-10,4.783427715301514,18.211734771728516,5.469904738741951,1.5864916490250072,-1,3.6813681020859477
2022-03-11,4.816703796386719,17.824251174926758,5.023746635394902,1.183813815226446,-1,4.127526205432996
2022-03-14,4.816703796386719,17.824251174926758,5.023746635394902,1.1465198559984455,-1,4.127526205432996
2022-03-15,4.7168755531311035,17.901748657226562,5.277267637330583,1.3008745790185623,-1,3.8740052034973154
2022-03-16,4.849979400634766,17.901748657226562,5.042570451939076,1.0862185499237749,-1,4.1087023888888226
2022-03-17,4.849979400634766,17.901748657226562,5.042570451939076,1.0555963685874619,-1,4.1087023888888226
2022-03-18,4.849979400634766,17.901748657226562,5.042570451939076,1.0250588182395608,-1,4.1087023888888226
2022-03-21,4.849979400634766,17.901748657226562,5.042570451939076,0.9965679811097158,-1,4.1087023888888226
2022-03-22,4.808384418487549,18.13423728942871,5.348402007125424,1.1869908294812235,-1,3.8028708337024746
2022-03-23,4.808384418487549,18.095489501953125,5.309654219649838,1.1193722288613213,-1,3.8416186211780605
2022-03-24,4.808384418487549,18.13423728942871,5.348402007125424,1.1104201384145445,-1,3.8028708337024746
2022-03-25,4.741832733154297,18.095489501953125,5.4270023919507615,1.1301645647798364,-1,3.724270448877137
2022-03-28,4.783427715301514,18.13423728942871,5.392407256442146,1.06786129592409,-1,3.7588655843857524
2022-03-29,4.741832733154297,18.165237426757812,5.496750316755449,1.107347136321007,-1,3.6545225240724495
2022-03-30,4.683599948883057,18.599218368530273,6.033411014389925,1.4485204846599613,-1,3.1178618264379736
2022-03-31,4.6170477867126465,18.599218368530273,6.1507600274805085,1.4777380564638545,-1,3.00051281334739
2022-04-01,4.733513832092285,18.754213333129883,6.100394639566426,1.3922154753868623,-1,3.0508782012614724
2022-04-04,4.800065517425537,18.754213333129883,5.983046467265503,1.2627537887069797,-1,3.168226373562396
2022-04-05,4.791746616363525,18.754213333129883,5.997714883704411,1.2326583916542577,-1,3.1535579571234873
2022-04-06,4.741832733154297,18.599218368530273,5.93073125852791,1.1463338964762486,-1,3.2205415822999885
2022-04-07,4.741832733154297,18.599218368530273,5.93073125852791,1.110952525042759,-1,3.2205415822999885
2022-04-08,4.658642292022705,18.52172088623047,5.999920462986166,1.1296535642900103,-1,3.1513523778417323
2022-04-11,4.683599948883057,18.095489501953125,5.5296821478127764,0.7584560156881597,-1,3.621590693015122
2022-04-12,4.5089006423950195,18.095489501953125,5.837723096978145,0.9728790445684111,-1,3.3135497438497534
2022-04-13,4.167821407318115,18.017993927001953,6.3616401631291435,1.360365603714732,-1,2.789632677698755
2022-04-14,4.167821407318115,18.017993927001953,6.3616401631291435,1.3303495996155839,-1,2.789632677698755
2022-04-18,4.167821407318115,17.99474334716797,6.338389583295159,1.2815286284931908,-1,2.8128832575327394
2022-04-19,4.2260541915893555,17.824251174926758,6.065217655191933,1.0269244554251766,-1,3.0860551856359653
2022-04-20,4.450667381286621,18.17298698425293,6.017901175929627,0.9670748550094597,-1,3.133371664898272
2022-04-21,4.658642292022705,18.676713943481445,6.154913520237143,1.0814141936501172,-1,2.9963593205907557
2022-04-22,4.57545280456543,18.715463638305664,6.3403482202401005,1.2424664359263002,-1,2.810924620587798
2022-04-25,4.348897457122803,18.599218368530273,6.6235797753454975,1.5185433485840225,-1,2.527693065482401
2022-04-26,4.392649173736572,18.211734771728516,6.158950363919441,1.0373918843943541,-1,2.9923224769084573
2022-04-27,4.550154209136963,18.28923225402832,5.958724931466955,0.8185675725838869,-1,3.1925479093609432
2022-04-28,4.462651252746582,17.824251174926758,5.64803464082433,0.43185675795555467,0,3.503238200003569
2022-04-29,4.480151653289795,18.599218368530273,6.392144013051922,1.4011037104642474,0,3.503238200003569
2022-05-02,4.445150852203369,19.45766830444336,7.312309591716854,2.6549019460324477,-1,3.503238200003569
2022-05-03,4.375148296356201,18.80362892150879,6.7817031758652995,1.8993677587538405,-1,4.0338446158551235
2022-05-04,4.462651252746582,18.80362892150879,6.627412387406361,1.6427818984929177,-1,4.188135404314062
2022-05-05,4.33139705657959,18.80362892150879,6.858848149699938,1.9744283738546984,-1,3.956699642020485
2022-05-06,4.33139705657959,18.795452117919922,6.850671346111071,1.9229740301936185,-1,3.9648764456093524
2022-05-09,4.200142860412598,18.795452117919922,7.082107108404646,2.1627964162315165,-1,3.733440683315777
2022-05-10,4.2876458168029785,17.986080169677734,6.11844437170352,0.6596039513114389,-1,4.697103420016903
2022-05-11,4.2876458168029785,17.986080169677734,6.11844437170352,0.6355042051965638,-1,4.697103420016903
2022-05-12,4.208892822265625,17.986080169677734,6.257306669869326,0.8220708100057083,-1,4.558241121851097
2022-05-13,4.2876458168029785,17.585481643676758,5.717845845702543,-0.022244364464124942,0,5.09770194601788
2022-05-16,4.340147495269775,17.986080169677734,6.025870066786091,0.4447381761890709,0,5.09770194601788
2022-05-17,4.243893623352051,18.43572998046875,6.645240837908496,1.35592621634087,0,5.09770194601788
2022-05-18,4.243893623352051,17.986080169677734,6.19559102711748,0.6432990400031866,0,5.09770194601788
2022-05-19,4.33139705657959,17.986080169677734,6.041299397868883,0.3854817451872729,0,5.09770194601788
2022-05-20,4.33139705657959,18.394853591918945,6.450072820110094,0.9903609585417047,0,5.09770194601788
2022-05-23,4.243893623352051,17.986080169677734,6.19559102711748,0.5640770683754377,0,5.09770194601788
2022-05-24,4.30514669418335,17.536428451538086,5.637933991398286,-0.3671311442095533,0,5.09770194601788
2022-05-25,4.2876458168029785,17.569128036499023,5.701492238524809,-0.2856655835206658,0,5.09770194601788
2022-05-26,4.313896656036377,17.536428451538086,5.622505501105156,-0.4345276078888935,0,5.09770194601788
2022-05-27,4.383899211883545,17.577306747436523,5.539950829920578,-0.5894447608822205,0,5.09770194601788
2022-05-31,4.418900012969971,17.740816116333008,5.641744556065218,-0.4291563287586792,0,5.09770194601788
2022-06-01,4.462651252746582,17.986080169677734,5.809863635575306,-0.17088112248499315,0,5.09770194601788
2022-06-02,4.488903045654297,17.90432357788086,5.681818209740392,-0.4314368361501682,0,5.09770194601788
2022-06-03,4.506402969360352,17.618181228637695,5.364818879910967,-1.0341872803956533,0,5.09770194601788
2022-06-06,4.480151653289795,17.659059524536133,5.451985169057782,-0.87220726391599,0,5.09770194601788
2022-06-07,4.506402969360352,17.90432357788086,5.650961229154131,-0.5357696591312736,0,5.09770194601788
2022-06-08,4.768912315368652,18.05965805053711,5.343422495643907,-1.1429677377549787,0,5.09770194601788
2022-06-09,4.73391056060791,18.14958953857422,5.495071308012186,-0.8660128445519366,0,5.09770194601788
2022-06-10,4.77766227722168,18.076011657714844,5.3443476125285105,-1.1836959179229278,0,5.09770194601788
2022-06-13,4.768912315368652,18.076011657714844,5.359776102821641,-1.1822674521592629,0,5.09770194601788
2022-06-14,4.768912315368652,18.394853591918945,5.678618037025743,-0.584244891689537,0,5.09770194601788
2022-06-15,4.725160598754883,18.394853591918945,5.755763851650043,-0.4645660279618598,0,5.09770194601788
2022-06-16,4.725160598754883,17.986080169677734,5.346990429408832,-1.3242840025657954,0,5.09770194601788
2022-06-17,4.681408882141113,17.986080169677734,5.42413624403313,-1.1721927053607075,0,5.09770194601788
2022-06-21,4.698909282684326,18.14958953857422,5.556787791553694,-0.9066340936300098,0,5.09770194601788
2022-06-22,4.593905925750732,17.82257080078125,5.414917663595585,-1.2080857842736885,0,5.09770194601788
2022-06-23,4.506402969360352,17.413793563842773,5.160431215116045,-1.7207269244797514,0,5.09770194601788
2022-06-24,4.550154209136963,17.168529510498047,4.838022187936682,-2.2869350805073663,1,5.09770194601788
2022-06-27,4.550154209136963,17.9779052734375,5.647397950876135,-0.6321815800471946,1,5.907077708957333
2022-06-28,4.550154209136963,16.759756088256836,4.429248765695471,-2.8215945438257264,1,4.688928523776669
2022-06-29,4.550154209136963,16.759756088256836,4.429248765695471,-2.6046023372433593,1,4.688928523776669
2022-06-30,4.506402969360352,16.350982666015625,4.0976203172888965,-2.8993227526738936,1,4.357300075370095
2022-07-01,4.506402969360352,16.350982666015625,4.0976203172888965,-2.6681317472860484,1,4.357300075370095
2022-07-05,4.418900012969971,16.350982666015625,4.251911105747835,-2.2799806763820536,1,4.511590863829033
2022-07-06,4.375148296356201,16.432735443115234,4.410809697471745,-1.9447386603407257,1,4.670489455552943
2022-07-07,4.418900012969971,16.759756088256836,4.660684527989046,-1.529644021211014,1,4.920364286070244
2022-07-08,4.462651252746582,16.759756088256836,4.583539554154408,-1.5809300096126764,1,4.843219312235606
2022-07-11,4.462651252746582,16.350982666015625,4.174766131913197,-2.0225718173224494,1,4.434445889994395
2022-07-12,4.418900012969971,16.187471389770508,4.088399829502718,-2.0232597530335688,1,4.348079587583916
2022-07-13,4.410150051116943,16.187471389770508,4.1038283197958485,-1.905924283446762,1,4.3635080778770465
2022-07-14,4.33139705657959,16.350982666015625,4.406201894206774,-1.4736127715119727,1,4.665881652287972
2022-07-15,4.33139705657959,16.350982666015625,4.406201894206774,-1.4184011437199122,1,4.665881652287972
2022-07-18,4.375148296356201,16.350982666015625,4.329056920372135,-1.4535154379423623,1,4.588736678453333
2022-07-19,4.418900012969971,16.432735443115234,4.3336638828474445,-1.3943066843369782,1,4.593343640928643
2022-07-20,4.418900012969971,16.759756088256836,4.660684527989046,-0.9792975025234409,1,4.920364286070244
2022-07-21,4.7164106369018555,18.38667869567871,5.763017445702939,0.32841677106823064,0,6.022697203784137
2022-07-22,4.681408882141113,17.168529510498047,4.606585584853443,-1.0063220059881508,0,6.022697203784137
2022-07-25,4.550154209136963,17.168529510498047,4.838022187936682,-0.7103008405389937,0,6.022697203784137
2022-07-26,4.628907203674316,17.168529510498047,4.699159889770874,-0.8503441221442934,0,6.022697203784137
2022-07-27,4.637657642364502,17.168529510498047,4.683730558688081,-0.839311169449164,0,6.022697203784137
2022-07-28,4.637657642364502,17.168529510498047,4.683730558688081,-0.8199196082697506,0,6.022697203784137
2022-07-29,4.637657642364502,17.168529510498047,4.683730558688081,-0.7941020281576652,0,6.022697203784137
2022-08-01,4.550154209136963,17.168529510498047,4.838022187936682,-0.5754419426131911,0,6.022697203784137
2022-08-02,4.725160598754883,18.14958953857422,5.510499798305316,0.32428380642273746,0,6.022697203784137
2022-08-03,4.725160598754883,17.82257080078125,5.183481060512348,-0.07487296848708462,0,6.022697203784137
2022-08-04,4.760161876678467,17.82257080078125,5.12176457697084,-0.12184497139527681,0,6.022697203784137
2022-08-05,4.795163154602051,17.82257080078125,5.060048093429332,-0.18910874928957064,0,6.022697203784137
2022-08-08,4.812663555145264,17.82257080078125,5.029190272053409,-0.21137809886682546,0,6.022697203784137
2022-08-09,4.978919506072998,17.82257080078125,4.736037185428664,-0.627843326003511,0,6.022697203784137
2022-08-10,5.250178337097168,17.90432357788086,4.339489106858331,-1.195894957387043,0,6.022697203784137
2022-08-11,5.250178337097168,17.90432357788086,4.339489106858331,-1.1587726447059656,0,6.022697203784137
2022-08-12,5.250178337097168,17.740816116333008,4.175981645310479,-1.3944500381345846,0,6.022697203784137
2022-08-15,5.337681293487549,17.659059524536133,3.939934265054667,-1.7162231462367776,0,6.022697203784137
2022-08-16,5.2939300537109375,17.937026977539062,4.295046691892233,-1.1167082895344607,0,6.022697203784137
2022-08-17,5.2939300537109375,16.759756088256836,3.117775802610007,-2.8596241641025406,1,6.022697203784137
2022-08-18,5.267678737640381,16.759756088256836,3.164063795858384,-2.632247237489815,1,6.068985197032514
2022-08-19,5.250178337097168,16.759756088256836,3.194921617234307,-2.420145406074544,1,6.099843018408437
2022-08-22,5.0751729011535645,17.90432357788086,4.648069842986544,-0.2577596760845706,0,7.552991244160674
2022-08-23,5.1714253425598145,17.90432357788086,4.478351405024139,-0.48771016620410595,0,7.552991244160674
2022-08-24,5.15392541885376,17.90432357788086,4.5092083856104,-0.4191259282386841,0,7.552991244160674
2022-08-25,5.083922386169434,17.90432357788086,4.6326421934830755,-0.2085992041651694,0,7.552991244160674
2022-08-26,5.083922386169434,17.863447189331055,4.591765804933271,-0.24581118271394606,0,7.552991244160674
2022-08-29,4.9001665115356445,17.863447189331055,4.915775872144277,0.2915019535535802,0,7.552991244160674
2022-08-30,4.9001665115356445,17.863447189331055,4.915775872144277,0.30602276423755365,0,7.552991244160674
2022-08-31,4.725160598754883,17.863447189331055,5.224357449062152,0.8178489255760824,0,7.552991244160674
2022-09-01,4.73391056060791,17.168529510498047,4.514011279936014,-0.3168027763992237,0,7.552991244160674
2022-09-02,4.891416072845459,17.168529510498047,4.236287524394061,-0.7519783887500157,0,7.552991244160674
2022-09-06,4.943918228149414,17.85527229309082,4.830455161279742,0.2642783233690557,0,7.552991244160674
2022-09-07,5.118923664093018,17.85527229309082,4.521874425151529,-0.2390988831073543,0,7.552991244160674
2022-09-08,5.118923664093018,17.863447189331055,4.530049321391763,-0.20379322455457022,0,7.552991244160674
2022-09-09,5.250178337097168,17.85527229309082,4.2904378220682915,-0.5949330046020669,0,7.552991244160674
2022-09-12,5.250178337097168,17.863447189331055,4.298612718308526,-0.5554710469538934,0,7.552991244160674
2022-09-13,5.15392541885376,17.85527229309082,4.460157100820361,-0.2341315066101936,0,7.552991244160674
2022-09-14,5.162675857543945,17.168529510498047,3.757984987144795,-1.5007307962078138,0,7.552991244160674
2022-09-15,5.250178337097168,17.168529510498047,3.603695039475518,-1.737243750952077,0,7.552991244160674
2022-09-16,5.250178337097168,17.168529510498047,3.603695039475518,-1.6802373012857963,0,7.552991244160674
2022-09-19,5.206427097320557,17.577306747436523,4.089617250248633,-0.7367967383013149,0,7.552991244160674
2022-09-20,5.162675857543945,17.85527229309082,4.444727769737568,-0.04868095420536444,0,7.552991244160674
2022-09-21,5.162675857543945,17.85527229309082,4.444727769737568,-0.010861608300559022,0,7.552991244160674
2022-09-22,5.250178337097168,17.90432357788086,4.339489106858331,-0.2182770831546203,0,7.552991244160674
2022-09-23,5.118923664093018,17.90432357788086,4.570925709941568,0.23961324465479827,0,7.552991244160674
2022-09-26,5.0751729011535645,17.90432357788086,4.648069842986544,0.37660790646032527,0,7.552991244160674
2022-09-27,5.031421184539795,17.90432357788086,4.725215657610844,0.5114683073038832,0,7.552991244160674
2022-09-28,4.987669467926025,17.168529510498047,4.06656740485233,-0.8025594223040055,0,7.552991244160674
2022-09-29,4.943918228149414,17.168529510498047,4.143712378686969,-0.6370836959251414,0,7.552991244160674
2022-09-30,4.987669467926025,17.168529510498047,4.06656740485233,-0.7683021282378403,0,7.552991244160674
2022-10-03,4.952668190002441,17.168529510498047,4.128283888393838,-0.6287999964867981,0,7.552991244160674
2022-10-04,4.987669467926025,17.986080169677734,4.884118064032018,0.8423298619563647,0,7.552991244160674
2022-10-05,5.031421184539795,17.986080169677734,4.806972249407719,0.666883698223318,0,7.552991244160674
2022-10-06,5.15392541885376,17.986080169677734,4.590964977407275,0.22499793737949483,0,7.552991244160674
2022-10-07,5.162675857543945,17.986080169677734,4.575535646324482,0.188765849618174,0,7.552991244160674
2022-10-10,5.162675857543945,17.986080169677734,4.575535646324482,0.1831491826460484,0,7.552991244160674
2022-10-11,5.118923664093018,17.986080169677734,4.652682301738443,0.3254208787553337,0,7.552991244160674
2022-10-12,5.162675857543945,17.986080169677734,4.575535646324482,0.1645346239878654,0,7.552991244160674
2022-10-13,5.250178337097168,17.90432357788086,4.339489106858331,-0.293277014337912,0,7.552991244160674
2022-10-14,5.162675857543945,17.99425506591797,4.583710542564717,0.2441958460773828,0,7.552991244160674
2022-10-17,5.206427097320557,17.986080169677734,4.498390672489844,0.06858799707936777,0,7.552991244160674
2022-10-18,5.250178337097168,17.986080169677734,4.421245698655206,-0.07957735399486959,0,7.552991244160674
2022-10-19,5.276429176330566,17.986080169677734,4.37495854619649,-0.16641131239285534,0,7.552991244160674
2022-10-20,5.2939300537109375,17.193058013916016,3.5510777282691866,-1.8223935956798645,0,7.552991244160674
2022-10-21,5.346431732177734,19.825563430786133,6.091008840221875,3.0864541271971513,-1,7.552991244160674
2022-10-24,5.2939300537109375,19.45766830444336,5.81568801879653,2.4047711953950985,-1,7.828312065586019
2022-10-25,5.337681293487549,19.621177673339844,5.902052413858378,2.407220819825329,-1,7.741947670524171
2022-10-26,5.42518424987793,19.5394229888916,5.666006940951197,1.9824344340247677,-1,7.977993143431352
2022-10-27,5.460185527801514,19.294158935546875,5.359026404064963,1.4472476988307603,-1,8.284973680317586
2022-10-28,5.468935966491699,19.621177673339844,5.670615810775139,1.9123633551475445,-1,7.97338427360741
2022-10-31,5.512687683105469,19.621177673339844,5.593469996150841,1.7364139789235347,-1,8.050530088231708
2022-11-01,5.512687683105469,19.621177673339844,5.593469996150841,1.6883474134322938,-1,8.050530088231708
2022-11-02,5.687693119049072,19.5394229888916,5.203134575574385,1.0486407802490443,-1,8.440865508808164
2022-11-03,6.125207901000977,19.253280639648438,4.145538284036533,-0.6056898462673389,0,9.498461800346016
2022-11-04,5.950202465057373,19.743810653686523,4.944649034202833,0.6288108071923203,0,9.498461800346016
2022-11-07,5.862699031829834,19.621177673339844,4.976307683104752,0.6568444494335435,0,9.498461800346016
2022-11-08,5.818948268890381,19.702932357788086,5.13520650059797,0.8750199315018299,0,9.498461800346016
2022-11-09,5.9064507484436035,19.702932357788086,4.980916552928694,0.6149531404510417,0,9.498461800346016
2022-11-10,5.950202465057373,19.825563430786133,5.026401811302442,0.6647059619594546,0,9.498461800346016
2022-11-11,6.300213813781738,19.825563430786133,4.409239498256353,-0.3945214865220474,0,9.498461800346016
2022-11-14,6.300213813781738,19.825563430786133,4.409239498256353,-0.4530288819081299,0,9.498461800346016
2022-11-15,6.125207901000977,20.029953002929688,4.922210647317783,0.4656104881358165,0,9.498461800346016
2022-11-16,6.300213813781738,20.07082748413086,4.6545035516010795,-0.022990448813928713,0,9.498461800346016
2022-11-17,6.238962173461914,20.11170768737793,4.803386550058709,0.23723302200964688,0,9.498461800346016
2022-11-18,6.13395881652832,19.948196411132812,4.825023883648454,0.2703863841292178,0,9.498461800346016
2022-11-21,6.037705421447754,19.948196411132812,4.994744003190183,0.5633890280776788,0,9.498461800346016
2022-11-22,6.081456661224365,19.621177673339844,4.590580291562576,-0.15524841964080105,0,9.498461800346016
2022-11-23,6.300213813781738,19.907320022583008,4.490996090053228,-0.3223670059997023,0,9.498461800346016
2022-11-25,6.168959617614746,19.907320022583008,4.722431852346803,0.1115282214044177,0,9.498461800346016
2022-11-28,5.950202465057373,19.907320022583008,5.108158403099317,0.7920892485945421,0,9.498461800346016
2022-11-29,5.967702865600586,19.907320022583008,5.077300581723394,0.7114738622327551,0,9.498461800346016
2022-11-30,5.862699031829834,19.702932357788086,5.058062367552994,0.6675158815703094,0,9.498461800346016
2022-12-01,5.862699031829834,19.5394229888916,4.8945529986565095,0.36050794427729604,0,9.498461800346016
2022-12-02,5.818948268890381,19.621177673339844,5.053451816149728,0.6302793005615857,0,9.498461800346016
2022-12-05,5.687693119049072,19.621177673339844,5.284889260022627,1.013443223380914,0,9.498461800346016
2022-12-06,5.775196075439453,19.621177673339844,5.1305984715636885,0.7119534609272633,0,9.498461800346016
2022-12-07,6.20396089553833,19.629352569580078,4.382747915802366,-0.6283347783028957,0,9.498461800346016
2022-12-08,6.20396089553833,19.629352569580078,4.382747915802366,-0.6622645600577571,0,9.498461800346016
2022-12-09,6.20396089553833,19.629352569580078,4.382747915802366,-0.7104610170268051,0,9.498461800346016
2022-12-12,5.862699031829834,19.621177673339844,4.976307683104752,0.3907189702856459,0,9.498461800346016
2022-12-13,5.740194797515869,19.621177673339844,5.192314955105196,0.7912100458459798,0,9.498461800346016
2022-12-14,5.731444835662842,19.621177673339844,5.207743445398327,0.7957266774699637,0,9.498461800346016
2022-12-15,5.6526923179626465,19.66205406188965,5.387481291324278,1.1171835615588055,0,9.498461800346016
2022-12-16,5.512687683105469,19.702932357788086,5.675224680599083,1.6209349376984485,0,9.498461800346016
2022-12-19,5.512687683105469,19.621177673339844,5.593469996150841,1.406316954320384,0,9.498461800346016
2022-12-20,5.556438446044922,19.948196411132812,5.843344600898833,1.8007488575332251,0,9.498461800346016
2022-12-21,5.608940601348877,19.989076614379883,5.791649658438811,1.6326319659726432,0,9.498461800346016
2022-12-22,5.60019063949585,20.038127899169922,5.85612943352198,1.6888197727359622,0,9.498461800346016
2022-12-23,5.731444835662842,20.038127899169922,5.624693671228405,1.2266216303569952,0,9.498461800346016
2022-12-27,5.9064507484436035,20.11170768737793,5.389691882518537,0.7681140636551561,0,9.498461800346016
2022-12-28,5.950202465057373,20.04630470275879,5.247143083275098,0.4758025023525474,0,9.498461800346016
2022-12-29,5.967702865600586,20.087181091308594,5.25716165044898,0.48229850199214547,0,9.498461800346016
2022-12-30,5.9064507484436035,20.095355987548828,5.373340182689436,0.6841096526172439,0,9.498461800346016
2023-01-03,5.9064507484436035,20.11170768737793,5.389691882518537,0.6909215203830402,0,9.498461800346016
2023-01-04,5.9064507484436035,20.4387264251709,5.716710620311506,1.268337170314571,0,9.498461800346016
2023-01-05,5.950202465057373,20.520483016967773,5.721321397484083,1.233021992755699,0,9.498461800346016
2023-01-06,5.9064507484436035,20.602237701416016,5.880221896556623,1.472732038598194,0,9.498461800346016
2023-01-09,5.9064507484436035,20.724870681762695,6.002854876903303,1.6302271755473126,0,9.498461800346016
2023-01-10,5.9064507484436035,20.7657470703125,6.043731265453108,1.642311453794535,0,9.498461800346016
2023-01-11,5.9064507484436035,20.7657470703125,6.043731265453108,1.5773371275168946,0,9.498461800346016
2023-01-12,5.862699031829834,21.01918601989746,6.374316029662369,2.059509912429644,-1,9.498461800346016
2023-01-13,5.862699031829834,21.256277084350586,6.611407094115494,2.330585976319512,-1,9.261370735892891
2023-01-17,5.810197353363037,21.01101303100586,6.458717345688198,1.9809147203468265,-1,9.414060484320187
2023-01-18,5.722694396972656,21.256277084350586,6.8582721874918615,2.587685256058051,-1,9.014505642516523
2023-01-19,5.722694396972656,21.09276580810547,6.694760911246744,2.22784959214578,-1,9.17801691876164
2023-01-20,5.775196075439453,21.09276580810547,6.6021866063293135,1.9944509581409615,-1,9.270591223679071
2023-01-23,5.80144739151001,21.09276580810547,6.555898613080938,1.85889726500875,-1,9.316879216927447
2023-01-24,5.748945236206055,21.09276580810547,6.648473758788029,1.9169770534901622,-1,9.224304071220356
2023-01-25,5.731444835662842,21.17452049255371,6.761086264612194,1.9803146207685607,-1,9.11169156539619
2023-01-26,5.687693119049072,21.17452049255371,6.838232079236494,1.994606936996275,-1,9.03454575077189
2023-01-27,5.60019063949585,21.09276580810547,6.910767342457527,1.9944377143621983,-1,8.962010487550858
2023-01-30,5.538938045501709,21.09276580810547,7.018771819247412,2.032655143991424,-1,8.854006010760973
2023-01-31,5.42518424987793,21.09276580810547,7.2193497601650645,2.1599421466486404,-1,8.65342806984332
2023-02-01,5.486436367034912,21.01101303100586,7.029593347065234,1.8524343469519435,-1,8.843184482943151
2023-02-02,5.503936767578125,21.01101303100586,6.998735525689311,1.7332125387213446,-1,8.874042304319074
2023-02-03,5.486436367034912,21.09276580810547,7.111346124164843,1.7843171472896058,-1,8.761431705843542
2023-02-06,5.556438446044922,21.09276580810547,6.987913997871489,1.5707850400127255,-1,8.884863832136896
2023-02-07,5.512687683105469,21.01101303100586,6.983305353816856,1.504133030427363,-1,8.889472476191528
2023-02-08,5.512687683105469,21.01101303100586,6.983305353816856,1.4468810770368394,-1,8.889472476191528
2023-02-09,5.512687683105469,20.97013282775879,6.942425150569786,1.3565961037425986,-1,8.930352679438599
2023-02-10,5.512687683105469,20.97013282775879,6.942425150569786,1.3155259481703803,-1,8.930352679438599
2023-02-13,5.556438446044922,20.23434066772461,6.12948885749063,0.365839378353115,0,9.743288972517755
2023-02-14,5.60019063949585,20.23434066772461,6.052342202076668,0.2539293282359183,0,9.743288972517755
2023-02-15,5.60019063949585,20.23434066772461,6.052342202076668,0.23241805329581833,0,9.743288972517755
2023-02-16,5.775196075439453,20.029953002929688,5.539373801153532,-0.3933766932478649,0,9.743288972517755
2023-02-17,5.818948268890381,19.5394229888916,4.971697131701486,-1.0721619074184148,0,9.743288972517755
2023-02-21,5.687693119049072,19.621177673339844,5.284889260022627,-0.7226475797100476,0,9.743288972517755
2023-02-22,5.643941879272461,19.621177673339844,5.3620342338572655,-0.6604706326209208,0,9.743288972517755
2023-02-23,5.643941879272461,19.621177673339844,5.3620342338572655,-0.683588843962573,0,9.743288972517755
2023-02-24,5.6526923179626465,19.621177673339844,5.346604902774473,-0.711159621723426,0,9.743288972517755
2023-02-27,5.643941879272461,19.621177673339844,5.3620342338572655,-0.7013911193027081,0,9.743288972517755
2023-02-28,5.60019063949585,20.029953002929688,5.847954537281746,-0.10054808190851447,0,9.743288972517755
2023-03-01,5.60019063949585,20.029953002929688,5.847954537281746,-0.1228480897670883,0,9.743288972517755
2023-03-02,5.60019063949585,19.621177673339844,5.439179207691902,-0.670345007292072,0,9.743288972517755
2023-03-03,5.538938045501709,19.78468894958496,5.710694960726904,-0.3241397103483681,0,9.743288972517755
2023-03-06,5.512687683105469,20.029953002929688,6.0022453257406845,0.04303496728669064,0,9.743288972517755
2023-03-07,5.556438446044922,20.4387264251709,6.333874614936919,0.4605789278471347,0,9.743288972517755
2023-03-08,5.556438446044922,20.4387264251709,6.333874614936919,0.4341014161534646,0,9.743288972517755
2023-03-09,5.556438446044922,20.479604721069336,6.3747529108353564,0.46828685917646873,0,9.743288972517755
2023-03-10,5.60019063949585,20.479604721069336,6.297606255421394,0.32433602206606427,0,9.743288972517755
2023-03-13,5.573938846588135,20.479604721069336,6.3438950894594335,0.37269248159838225,0,9.743288972517755
2023-03-14,5.608940601348877,20.479604721069336,6.282177765128264,0.2504194540623924,0,9.743288972517755
2023-03-15,5.643941879272461,20.479604721069336,6.220461281586758,0.12967324140994382,0,9.743288972517755
2023-03-16,5.687693119049072,20.479604721069336,6.143316307752119,-0.009551606041416201,0,9.743288972517755
2023-03-17,5.775196075439453,21.256277084350586,6.765697882574431,0.9820578177928045,0,9.743288972517755
2023-03-20,5.783946514129639,21.256277084350586,6.750268551491638,0.9271772022371183,0,9.743288972517755
2023-03-21,5.818948268890381,21.256277084350586,6.68855122716047,0.800109873835688,0,9.743288972517755
2023-03-22,5.731444835662842,21.256277084350586,6.842842856409069,1.0188128647828962,0,9.743288972517755
2023-03-23,5.608940601348877,21.256277084350586,7.058850128409514,1.320961576129143,0,9.743288972517755
2023-03-24,5.62644100189209,21.460662841796875,7.23237806447988,1.544016916695631,0,9.743288972517755
2023-03-27,5.6176910400390625,21.41978645324707,7.206930166223206,1.4581866660706415,0,9.743288972517755
2023-03-28,5.60019063949585,21.256277084350586,7.074278618702644,1.2103090979454953,0,9.743288972517755
2023-03-29,5.556438446044922,21.256277084350586,7.1514252741166064,1.2967505089345142,0,9.743288972517755
2023-03-30,5.643941879272461,21.256277084350586,6.997133644868008,1.0128414442576261,0,9.743288972517755
2023-03-31,5.687693119049072,21.256277084350586,6.919988671033369,0.854835921508614,0,9.743288972517755
2023-04-03,5.608940601348877,21.256277084350586,7.058850128409514,1.0519473342449186,0,9.743288972517755
2023-04-04,5.643941879272461,21.256277084350586,6.997133644868008,0.9173507317656648,0,9.743288972517755
2023-04-05,5.731444835662842,21.338029861450195,6.9245956335086785,0.7697417985723891,0,9.743288972517755
2023-04-06,5.731444835662842,21.338029861450195,6.9245956335086785,0.7447735514950857,0,9.743288972517755
2023-04-10,5.687693119049072,21.460662841796875,7.124374428479658,1.044288625669974,0,9.743288972517755
2023-04-11,5.731444835662842,21.460662841796875,7.047228613855358,0.8911026890317557,0,9.743288972517755
2023-04-12,5.775196075439453,21.256277084350586,6.765697882574431,0.4198670497563351,0,9.743288972517755
2023-04-13,5.731444835662842,21.460662841796875,7.047228613855358,0.8639287431004754,0,9.743288972517755
2023-04-14,5.775196075439453,21.665050506591797,7.174471304815642,1.0569597475296484,0,9.743288972517755
2023-04-17,5.810197353363037,21.665050506591797,7.112754821274136,0.9382440222155567,0,9.743288972517755
2023-04-18,5.783946514129639,22.319087982177734,7.813079449318787,1.9715091450145876,0,9.743288972517755
2023-04-19,5.827698230743408,22.073823928833008,7.490669581349762,1.41702136126141,0,9.743288972517755
2023-04-20,5.911512851715088,22.254392623901367,7.523450995992826,1.4198743734907446,0,9.743288972517755
2023-04-21,5.911512851715088,22.081880569458008,7.350938941549467,1.132169709722406,0,9.743288972517755
2023-04-24,5.911512851715088,21.995622634887695,7.2646810069791545,0.985283137220107,0,9.743288972517755
2023-04-25,5.957338809967041,21.995622634887695,7.183877757326238,0.8546497258889065,0,9.743288972517755
2023-04-26,5.948173522949219,21.564334869384766,6.768750809911824,0.24770444365249356,0,9.743288972517755
2023-04-27,5.874852657318115,22.081880569458008,7.415580532324206,1.195559809397823,0,9.743288972517755
2023-04-28,5.874852657318115,22.081880569458008,7.415580532324206,1.1758358735040948,0,9.743288972517755
2023-05-01,5.874852657318115,22.081880569458008,7.415580532324206,1.1553877977625973,0,9.743288972517755
2023-05-02,5.755705833435059,21.995622634887695,7.539409869745951,1.310527630747651,0,9.743288972517755
2023-05-03,5.407430648803711,21.995622634887695,8.153510867633605,2.085434197540521,-1,9.743288972517755
2023-05-04,5.361604690551758,21.995622634887695,8.234314117286521,2.089102715633723,-1,9.662485722864838
2023-05-05,5.407430648803711,21.995622634887695,8.153510867633605,1.8968302236937382,-1,9.743288972517755
2023-05-08,5.480751991271973,21.995622634887695,8.024226004504802,1.6667464467224793,-1,9.872573835646557
2023-05-09,5.544907569885254,21.73685073852539,7.6523309038918725,1.1694697188736896,-1,10.244468936259487
2023-05-10,5.544907569885254,21.995622634887695,7.911102800254177,1.4358409515470996,-1,9.985697039897182
2023-05-11,5.544907569885254,21.995622634887695,7.911102800254177,1.383154269064362,-1,9.985697039897182
2023-05-12,5.590733051300049,21.995622634887695,7.830300391390923,1.2402798890809503,-1,10.066499448760437
2023-05-15,5.590733051300049,21.995622634887695,7.830300391390923,1.2036707831505489,-1,10.066499448760437
2023-05-16,5.609063148498535,21.995622634887695,7.797979596003554,1.146914846450917,-1,10.098820244147806
2023-05-17,5.609063148498535,21.995622634887695,7.797979596003554,1.122620490207485,-1,10.098820244147806
2023-05-18,5.563238143920898,21.995622634887695,7.878781164077147,1.202123133639915,-1,10.018018676074213
2023-05-19,5.499082088470459,21.995622634887695,7.991905209117432,1.3280944114115327,-1,9.904894631033928
2023-05-22,5.489916801452637,21.995622634887695,8.008066027205949,1.330842891009963,-1,9.88873381294541
2023-05-23,5.489916801452637,21.995622634887695,8.008066027205949,1.3163868389070363,-1,9.88873381294541
2023-05-24,5.526577472686768,21.995622634887695,7.943423595641548,1.1917815428214311,-1,9.953376244509812
2023-05-25,5.480751991271973,21.995622634887695,8.024226004504802,1.2815752572556158,-1,9.872573835646557
2023-05-26,5.499082088470459,21.995622634887695,7.991905209117432,1.228661299389793,-1,9.904894631033928
2023-05-30,5.590733051300049,22.426908493041992,8.26158624954522,1.637078810439283,-1,9.63521359060614
2023-05-31,5.682384490966797,21.995622634887695,7.6686947328747515,0.6413688128253067,-1,10.228105107276608
2023-06-01,5.682384490966797,21.995622634887695,7.6686947328747515,0.6157966360799921,-1,10.228105107276608
2023-06-02,5.682384490966797,21.995622634887695,7.6686947328747515,0.5903504057883138,-1,10.228105107276608
2023-06-05,5.682384490966797,21.995622634887695,7.6686947328747515,0.5649072327001227,-1,10.228105107276608
2023-06-06,5.682384490966797,22.9444522857666,8.617524383753658,2.191029610444581,-1,9.279275456397702
2023-06-07,5.682384490966797,22.9444522857666,8.617524383753658,2.105882316936648,-1,9.279275456397702
2023-06-08,5.63655948638916,22.9444522857666,8.69832595182725,2.1676994877817197,-1,9.19847388832411
2023-06-12,5.6548895835876465,22.426908493041992,8.148461363715272,1.1748111471009677,-1,9.748338476436087
2023-06-13,5.764870643615723,22.254392623901367,7.782019881460769,0.4804643720704098,0,10.11477995869059
2023-06-14,5.682384490966797,22.254392623901367,7.927464721888423,0.734554647391252,0,10.11477995869059
2023-06-15,5.72821044921875,21.564334869384766,7.156603717718905,-0.801828230977753,0,10.11477995869059
2023-06-16,5.774035930633545,21.564334869384766,7.075801308855651,-0.9933115870064212,0,10.11477995869059
2023-06-20,6.048989772796631,21.564334869384766,6.590985174096799,-1.939094467621532,0,10.11477995869059
2023-06-21,6.003164768218994,21.564334869384766,6.671786742170392,-1.7335942993781956,0,10.11477995869059
2023-06-22,6.003164768218994,21.564334869384766,6.671786742170392,-1.6788867581473086,0,10.11477995869059
2023-06-23,5.957338809967041,21.564334869384766,6.752589991823308,-1.4855727436361146,0,10.11477995869059
2023-06-26,5.865687847137451,21.521207809448242,6.871067749613294,-1.2465013089122456,0,10.11477995869059
2023-06-27,5.72821044921875,21.564334869384766,7.156603717718905,-0.7105110062704326,0,10.11477995869059
2023-06-28,5.72821044921875,21.564334869384766,7.156603717718905,-0.7186575979403813,0,10.11477995869059
2023-06-29,5.72821044921875,21.564334869384766,7.156603717718905,-0.7313479613605927,0,10.11477995869059
2023-06-30,5.737375736236572,21.564334869384766,7.14044289963039,-0.766334963523453,0,10.11477995869059
2023-07-03,5.72821044921875,21.564334869384766,7.156603717718905,-0.7440365371932349,0,10.11477995869059
2023-07-05,5.682384490966797,20.701763153076172,6.374835251063228,-2.157529195836924,1,10.11477995869059
2023-07-06,5.682384490966797,20.701763153076172,6.374835251063228,-2.082273994128176,1,10.11477995869059
2023-07-07,5.865687847137451,20.701763153076172,6.051623093241224,-2.4995746295425803,1,9.791567800868586
2023-07-10,6.507246971130371,20.701763153076172,4.92038516520735,-3.81159788676024,1,8.660329872834712
2023-07-11,6.534742832183838,20.701763153076172,4.871902710941802,-3.453284328281357,1,8.611847418569164
2023-07-12,6.553072929382324,20.701763153076172,4.839581915554433,-3.146947117620234,1,8.579526623181795
2023-07-13,6.553072929382324,20.701763153076172,4.839581915554433,-2.872389607571951,1,8.579526623181795
2023-07-14,6.5714030265808105,20.701763153076172,4.807261120167064,-2.683634857203025,1,8.547205827794427
2023-07-17,6.534742832183838,20.701763153076172,4.871902710941802,-2.433881983329921,1,8.611847418569164
2023-07-18,6.534742832183838,20.701763153076172,4.871902710941802,-2.2809803779763858,1,8.611847418569164
2023-07-19,6.507246971130371,20.701763153076172,4.92038516520735,-2.108089925179567,1,8.660329872834712
2023-07-20,6.516412258148193,20.701763153076172,4.904224347118834,-2.01158805087486,1,8.644169054746197
2023-07-21,6.507246971130371,20.701763153076172,4.92038516520735,-1.900269239733169,1,8.660329872834712
2023-07-24,6.461421489715576,20.701763153076172,5.001187574070604,-1.7505872408637355,1,8.741132281697967
2023-07-25,6.461421489715576,20.701763153076172,5.001187574070604,-1.683999753621131,1,8.741132281697967
2023-07-26,6.44309139251709,20.701763153076172,5.033508369457975,-1.5901649641033415,1,8.773453077085337
2023-07-27,6.415595531463623,20.701763153076172,5.081990823723521,-1.4917175948998642,1,8.821935531350883
2023-07-28,6.415595531463623,20.701763153076172,5.081990823723521,-1.436297021458159,1,8.821935531350883
2023-07-31,6.507246971130371,20.701763153076172,4.92038516520735,-1.5009818905288743,1,8.660329872834712
2023-08-01,6.644723892211914,20.18421745300293,4.160431397754682,-1.9771234772906439,1,7.900376105382044
2023-08-02,6.690549850463867,19.839187622070312,3.734598317169148,-2.166420957628145,1,7.47454302479651
2023-08-03,6.333109378814697,19.752931594848633,4.2786041059236375,-1.6998423123419828,1,8.018548813551
2023-08-04,6.507246971130371,20.18421745300293,4.402839465134107,-1.5485169244270678,1,8.14278417276147
2023-08-07,6.507246971130371,20.18421745300293,4.402839465134107,-1.488259338013061,1,8.14278417276147
2023-08-08,6.039824962615967,20.01170539855957,5.054515680570457,-1.0055092839061348,1,8.79446038819782
2023-08-09,5.957338809967041,19.839187622070312,5.027442744508855,-0.9905366734456194,1,8.767387452136218
2023-08-10,5.865687847137451,19.925445556640625,5.275305496805677,-0.7926645937240197,1,9.01525020443304
2023-08-11,5.865687847137451,19.925445556640625,5.275305496805677,-0.7656666717704792,1,9.01525020443304
2023-08-14,5.865687847137451,19.925445556640625,5.275305496805677,-0.7392520395548452,1,9.01525020443304
2023-08-15,5.865687847137451,19.839187622070312,5.1890475622353645,-0.7717536959136124,1,8.928992269862727
2023-08-16,5.72821044921875,19.839187622070312,5.431456470404452,-0.5791210461472058,1,9.171401178031815
2023-08-17,5.774035930633545,19.407901763916016,4.919368203386901,-0.9074488583122786,1,8.659312911014263
2023-08-18,5.865687847137451,19.407901763916016,4.757761704081068,-0.9887376558739894,1,8.49770641170843
2023-08-21,5.72821044921875,19.752931594848633,5.345200443182772,-0.547548408263682,1,9.085145150810135
2023-08-22,5.774035930633545,19.407901763916016,4.919368203386901,-0.8247735483566236,1,8.659312911014263
2023-08-23,5.774035930633545,19.407901763916016,4.919368203386901,-0.797029752166695,1,8.659312911014263
2023-08-24,5.72821044921875,19.407901763916016,5.000170612250155,-0.7112311891381046,1,8.740115319877518
2023-08-25,5.72821044921875,19.407901763916016,5.000170612250155,-0.6856827225588795,1,8.740115319877518
2023-08-28,5.774035930633545,19.407901763916016,4.919368203386901,-0.7204202763722913,1,8.659312911014263
2023-08-29,5.737375736236572,19.06287384033203,4.6389818705776555,-0.9062915231382389,1,8.378926578205018
2023-08-30,5.737375736236572,19.06287384033203,4.6389818705776555,-0.8772841022075522,1,8.378926578205018
2023-08-31,5.81986141204834,19.06287384033203,4.493537870939662,-0.9614086109241938,1,8.233482578567024
2023-09-01,5.81986141204834,19.06287384033203,4.493537870939662,-0.9446139347117548,1,8.233482578567024
2023-09-05,5.72821044921875,19.752931594848633,5.345200443182772,-0.2043183043631627,0,9.085145150810135
2023-09-06,5.72821044921875,19.744304656982422,5.3365735053165615,-0.17435612468532258,0,9.085145150810135
2023-09-07,5.72821044921875,19.23538589477539,4.82765474310953,-0.6320345865057763,0,9.085145150810135
2023-09-08,5.72821044921875,19.66667366027832,5.25894250861246,-0.1720012888776187,0,9.085145150810135
2023-09-11,5.719045162200928,19.66667366027832,5.275103326700977,-0.1163878572540985,0,9.085145150810135
2023-09-12,5.682384490966797,19.407901763916016,5.080973861903072,-0.3020949717603629,0,9.085145150810135
2023-09-13,5.709880352020264,19.24401092529297,4.868600569014479,-0.5186339700370933,0,9.085145150810135
2023-09-14,5.72821044921875,19.321643829345703,4.913912677679843,-0.44041921670173145,0,9.085145150810135
2023-09-15,5.673219680786133,19.321643829345703,5.0108759046316145,-0.2980310147777281,0,9.085145150810135
2023-09-18,5.673219680786133,19.321643829345703,5.0108759046316145,-0.2710606991048106,0,9.085145150810135
2023-09-19,5.673219680786133,18.97661590576172,4.66584798104763,-0.6813497956909202,0,9.085145150810135
2023-09-20,5.673219680786133,19.06287384033203,4.752105915617943,-0.5451175909230848,0,9.085145150810135
2023-09-21,5.682384490966797,18.985240936279297,4.658313034266353,-0.6558421638696708,0,9.085145150810135
2023-09-22,5.682384490966797,18.985240936279297,4.658313034266353,-0.6436091816110436,0,9.085145150810135
2023-09-25,5.682384490966797,18.54532814025879,4.218400238245845,-1.3596694487505545,0,9.085145150810135
2023-09-26,5.63655948638916,18.898983001708984,4.652856667769633,-0.6276081186170736,0,9.085145150810135
2023-09-27,5.63655948638916,19.06287384033203,4.81674750639268,-0.2870152138937683,0,9.085145150810135
2023-09-28,5.700715065002441,19.06287384033203,4.703624302142057,-0.5299614330319821,0,9.085145150810135
2023-09-29,5.682384490966797,19.23538589477539,4.908457992762447,0.04996727882293988,0,9.085145150810135
2023-10-02,5.682384490966797,19.23538589477539,4.908457992762447,0.11580142975645985,0,9.085145150810135
2023-10-03,5.673219680786133,19.23538589477539,4.924617970061302,0.16673969003419897,0,9.085145150810135
2023-10-04,5.6640543937683105,19.839187622070312,5.544580515444739,2.019243872136773,-1,9.085145150810135
2023-10-05,5.63655948638916,19.06287384033203,4.81674750639268,-0.20157178506589205,0,9.812978159862194
2023-10-06,5.590733051300049,19.14912986755371,4.983807624056938,0.30082209823418193,0,9.812978159862194
2023-10-09,5.462421417236328,19.14912986755371,5.210054873347849,0.9631662618835735,0,9.812978159862194
2023-10-10,5.499082088470459,19.494159698486328,5.490442272716065,1.7340875335094985,0,9.812978159862194
2023-10-11,5.489916801452637,19.407901763916016,5.420345156234269,1.4722994197139374,0,9.812978159862194
2023-10-12,5.489916801452637,19.321643829345703,5.334087221663957,1.1881302692953712,0,9.812978159862194
2023-10-13,5.453256130218506,19.407901763916016,5.484987587798669,1.5579950568040464,0,9.812978159862194
2023-10-16,5.269953727722168,19.313018798828125,5.71331509895346,2.0777311573356894,-1,9.812978159862194
2023-10-17,5.297449111938477,19.313018798828125,5.664833485477574,1.8598915645400422,-1,9.86145977333808
2023-10-18,5.297449111938477,19.313018798828125,5.664833485477574,1.7805437128576052,-1,9.86145977333808
2023-10-19,5.352439880371094,19.313018798828125,5.567870258525804,1.483314819877392,-1,9.95842300028985
2023-10-20,5.407430648803711,18.97661590576172,5.134504138507628,0.40173676913757467,0,10.391789120308026
2023-10-23,5.407430648803711,18.97661590576172,5.134504138507628,0.39926268113582014,0,10.391789120308026
2023-10-24,5.407430648803711,19.06287384033203,5.220762073077941,0.5995073562653557,0,10.391789120308026
2023-10-25,5.407430648803711,18.898983001708984,5.056871234454894,0.16200336109252966,0,10.391789120308026
2023-10-26,5.407430648803711,18.898983001708984,5.056871234454894,0.11636199395891517,0,10.391789120308026
2023-10-27,5.453256130218506,18.717844009399414,4.794929833282067,-0.6755945813792082,0,10.391789120308026
2023-10-30,5.361604690551758,18.717844009399414,4.95653549179824,-0.23393042671236192,0,10.391789120308026
2023-10-31,5.315779209136963,18.890356063842773,5.209849955104854,0.5080275993810293,0,10.391789120308026
2023-11-01,5.315779209136963,18.890356063842773,5.209849955104854,0.4988706258714191,0,10.391789120308026
2023-11-02,5.141641616821289,19.407901763916016,6.034446154121921,2.804644106178781,-1,10.391789120308026
2023-11-03,5.132476329803467,19.36477279663086,6.007478004925282,2.5445640040587247,-1,10.418757269504665
2023-11-06,5.224127769470215,19.36477279663086,5.845872346409111,2.007370039951752,-1,10.580362928020836
2023-11-07,5.224127769470215,19.14912986755371,5.630229417331963,1.399115392886718,-1,10.796005857097985
2023-11-08,5.315779209136963,18.82997703552246,5.1494709267845415,0.1460612091339213,0,11.276764347645406
2023-11-09,5.361604690551758,18.84722900390625,5.085920486305076,-0.004864966356454566,0,11.276764347645406
2023-11-10,5.407430648803711,18.84722900390625,5.0051172366521595,-0.22130939181710205,0,11.276764347645406
2023-11-13,5.361604690551758,19.839187622070312,6.0778791044691385,2.4276123620890604,-1,11.276764347645406
2023-11-14,5.269953727722168,19.66667366027832,6.0669699604036555,2.2691557529638935,-1,11.287673491710889
2023-11-15,5.224127769470215,19.66667366027832,6.147773210056572,2.3057236939512205,-1,11.206870242057972
2023-11-16,5.269953727722168,19.66667366027832,6.0669699604036555,2.0074379721300737,-1,11.287673491710889
2023-11-17,5.407430648803711,19.66667366027832,5.82456189302423,1.4152569989184045,-1,11.530081559090315
2023-11-20,5.269953727722168,19.66667366027832,6.0669699604036555,1.851092513688406,-1,11.287673491710889
2023-11-21,5.269953727722168,19.66667366027832,6.0669699604036555,1.7663509536270252,-1,11.287673491710889
2023-11-22,5.269953727722168,19.66667366027832,6.0669699604036555,1.6948242825289834,-1,11.287673491710889
2023-11-24,5.269953727722168,18.985240936279297,5.385537236404632,0.28088486147788344,0,11.969106215709912
2023-11-27,5.315779209136963,18.97661590576172,5.296109797023799,0.06975769779197448,0,11.969106215709912
2023-11-28,5.361604690551758,18.97661590576172,5.215307388160545,-0.12936526939780799,0,11.969106215709912
2023-11-29,5.361604690551758,19.407901763916016,5.646593246314842,0.7883727624943165,0,11.969106215709912
2023-11-30,5.297449111938477,19.019742965698242,5.371557652347692,0.19536261642966427,0,11.969106215709912
2023-12-01,5.269953727722168,20.27047348022461,6.670769780349945,2.749348898943689,-1,11.969106215709912
2023-12-04,5.334109783172607,20.27047348022461,6.5576457353096576,2.3555789763188115,-1,12.0822302607502
2023-12-05,5.407430648803711,20.27047348022461,6.428361712970519,1.9976671285740462,-1,12.211514283089338
2023-12-06,5.407430648803711,19.830562591552734,5.988450824298644,1.1423586432447959,-1,12.651425171761213
2023-12-07,5.361604690551758,19.830562591552734,6.06925407395156,1.2463606846515096,-1,12.570621922108296
2023-12-08,5.361604690551758,19.830562591552734,6.06925407395156,1.2037393594604362,-1,12.570621922108296
2023-12-11,5.407430648803711,19.839187622070312,5.997075854816222,1.0376543868356471,-1,12.642800141243635
2023-12-12,5.407430648803711,19.839187622070312,5.997075854816222,1.0039619588013156,-1,12.642800141243635
2023-12-13,5.453256130218506,19.839187622070312,5.916273445952966,0.8300363508670278,-1,12.723602550106891
2023-12-14,5.590733051300049,19.839187622070312,5.67386537857354,0.3655373439005426,0,12.966010617486317
2023-12-15,5.682384490966797,19.839187622070312,5.512259720057369,0.04187468857447575,0,12.966010617486317
2023-12-18,5.682384490966797,19.839187622070312,5.512259720057369,0.015408827641338383,0,12.966010617486317
2023-12-19,5.682384490966797,19.407901763916016,5.080973861903072,-0.884166771448061,0,12.966010617486317
2023-12-20,5.72821044921875,19.23538589477539,4.82765474310953,-1.4152287027904675,0,12.966010617486317
2023-12-21,5.691549777984619,18.97661590576172,4.63352718566026,-1.7866848796721344,0,12.966010617486317
2023-12-22,5.691549777984619,18.97661590576172,4.63352718566026,-1.7770319783817303,0,12.966010617486317
2023-12-26,5.682384490966797,18.97661590576172,4.649688003748775,-1.7136430119514148,0,12.966010617486317
2023-12-27,5.682384490966797,18.97661590576172,4.649688003748775,-1.683920981713304,0,12.966010617486317
2023-12-28,5.682384490966797,18.97661590576172,4.649688003748775,-1.653773986359067,0,12.966010617486317
2023-12-29,5.774035930633545,18.97661590576172,4.488082345232604,-1.873234295849454,0,12.966010617486317
2024-01-02,5.774035930633545,18.97661590576172,4.488082345232604,-1.8333098999160633,0,12.966010617486317
2024-01-03,5.774035930633545,18.97661590576172,4.488082345232604,-1.7806575612014823,0,12.966010617486317
2024-01-04,5.72821044921875,18.97661590576172,4.568884754095858,-1.5830262408456657,0,12.966010617486317
2024-01-05,5.774035930633545,18.97661590576172,4.488082345232604,-1.6560749241107195,0,12.966010617486317
2024-01-08,5.774035930633545,18.985240936279297,4.496707375750182,-1.579455262781313,0,12.966010617486317
2024-01-09,5.72821044921875,18.97661590576172,4.568884754095858,-1.4111835622985411,0,12.966010617486317
2024-01-10,5.682384490966797,18.97661590576172,4.649688003748775,-1.237101997720393,0,12.966010617486317
2024-01-11,5.700715065002441,19.407901763916016,5.048652225726041,-0.5637053766827915,0,12.966010617486317
2024-01-12,5.682384490966797,19.839187622070312,5.512259720057369,0.20139752734906521,0,12.966010617486317
2024-01-16,5.682384490966797,19.839187622070312,5.512259720057369,0.20586329006141083,0,12.966010617486317
2024-01-17,5.700715065002441,19.839187622070312,5.479938083880338,0.15518219251762008,0,12.966010617486317
2024-01-18,5.764870643615723,19.925445556640625,5.453072814200027,0.10235773107443394,0,12.966010617486317
2024-01-19,5.764870643615723,19.925445556640625,5.453072814200027,0.09374257822499552,0,12.966010617486317
2024-01-22,5.72821044921875,19.839187622070312,5.431456470404452,0.05229540213363673,0,12.966010617486317
2024-01-23,5.847357273101807,19.925445556640625,5.307627132982709,-0.15958988453600173,0,12.966010617486317
2024-01-24,5.939008712768555,20.27047348022461,5.491049398050523,0.1325828821223719,0,12.966010617486317
2024-01-25,5.92067813873291,20.356733322143555,5.609630876146499,0.30952298085362817,0,12.966010617486317
2024-01-26,5.957338809967041,20.356733322143555,5.544988444582097,0.18578192717697656,0,12.966010617486317
2024-01-29,5.948173522949219,20.356733322143555,5.561149262670613,0.2033054793788883,0,12.966010617486317
2024-01-30,5.957338809967041,20.701763153076172,5.890018275514715,0.7356996442636732,0,12.966010617486317
2024-01-31,5.957338809967041,20.442991256713867,5.63124637915241,0.3148896452999432,0,12.966010617486317
2024-02-01,5.957338809967041,20.442991256713867,5.63124637915241,0.32776009693950514,0,12.966010617486317
2024-02-02,5.939008712768555,20.27047348022461,5.491049398050523,0.09945877207721839,0,12.966010617486317
2024-02-05,5.957338809967041,20.27047348022461,5.458728602663152,0.049121883806877153,0,12.966010617486317
2024-02-06,5.957338809967041,19.839187622070312,5.027442744508855,-0.6842430082274948,0,12.966010617486317
2024-02-07,5.911512851715088,19.839187622070312,5.108245994161772,-0.5470476438854234,0,12.966010617486317
2024-02-08,5.957338809967041,19.839187622070312,5.027442744508855,-0.6860776351991574,0,12.966010617486317
2024-02-09,5.911512851715088,19.839187622070312,5.108245994161772,-0.5246675697035572,0,12.966010617486317
2024-02-12,5.911512851715088,19.839187622070312,5.108245994161772,-0.5015736791110398,0,12.966010617486317
2024-02-13,5.957338809967041,20.01170539855957,5.199960520998113,-0.3190190196638423,0,12.966010617486317
2024-02-14,5.957338809967041,20.01170539855957,5.199960520998113,-0.2970801317455114,0,12.966010617486317
2024-02-15,6.003164768218994,20.05483055114746,5.162282423933087,-0.34628975373721754,0,12.966010617486317
2024-02-16,5.975668907165527,20.01170539855957,5.167639725610744,-0.31396863320078794,0,12.966010617486317
2024-02-20,5.957338809967041,20.701763153076172,5.890018275514715,1.0111913122950456,0,12.966010617486317
2024-02-21,5.957338809967041,20.701763153076172,5.890018275514715,1.0232112013234602,0,12.966010617486317
2024-02-22,5.957338809967041,20.442991256713867,5.63124637915241,0.5377914437166527,0,12.966010617486317
2024-02-23,5.957338809967041,20.27047348022461,5.458728602663152,0.21578388435411214,0,12.966010617486317
2024-02-26,6.003164768218994,20.27047348022461,5.3779253530102356,0.06243152824851816,0,12.966010617486317
2024-02-27,5.957338809967041,20.442991256713867,5.63124637915241,0.5284809581962545,0,12.966010617486317
2024-02-28,5.957338809967041,20.442991256713867,5.63124637915241,0.5193269769683814,0,12.966010617486317
2024-02-29,5.957338809967041,20.442991256713867,5.63124637915241,0.5796695728999437,0,12.966010617486317
2024-03-01,6.122311115264893,20.701763153076172,5.599128594659405,0.5754440176449621,0,12.966010617486317
2024-03-04,6.213962554931641,20.529245376586914,5.265005159653976,-0.06422592234588101,0,12.966010617486317
2024-03-05,6.213962554931641,20.529245376586914,5.265005159653976,-0.03942688016280296,0,12.966010617486317
2024-03-06,6.296448707580566,20.27047348022461,4.860788422864015,-0.8847817015998911,0,12.966010617486317
2024-03-07,6.369770050048828,19.925445556640625,4.3864756361512285,-1.8607131335404994,0,12.966010617486317
2024-03-08,6.3422746658325195,20.27047348022461,4.779985173211099,-0.9692563749677866,0,12.966010617486317
2024-03-11,6.351439476013184,19.839187622070312,4.332539337757947,-1.89525680025203,0,12.966010617486317
2024-03-12,6.351439476013184,19.839187622070312,4.332539337757947,-1.8248358134055358,0,12.966010617486317
2024-03-13,6.3422746658325195,19.79606056213379,4.305572255120278,-1.8019196411514324,0,12.966010617486317
2024-03-14,6.333109378814697,19.79606056213379,4.321733073208794,-1.6905730120540605,0,12.966010617486317
2024-03-15,6.323944568634033,19.79606056213379,4.337893050507647,-1.5888126016977762,0,12.966010617486317
2024-03-18,6.323944568634033,20.18421745300293,4.726049941376788,-0.7617523009706801,0,12.966010617486317
2024-03-19,6.323944568634033,20.18421745300293,4.726049941376788,-0.7564624912947718,0,12.966010617486317
2024-03-20,6.278118133544922,20.097959518432617,4.720596097249054,-0.7728171839379918,0,12.966010617486317
2024-03-21,6.232293128967285,20.442991256713867,5.1464294036038964,0.09555071365975346,0,12.966010617486317
2024-03-22,6.232293128967285,20.60687828063965,5.310316427529678,0.4185180304761127,0,12.966010617486317
2024-03-25,6.186467170715332,20.399860382080078,5.184101778623024,0.1346755026765428,0,12.966010617486317
2024-03-26,6.048989772796631,20.701763153076172,5.728413457788205,1.2474685982521023,0,12.966010617486317
2024-03-27,5.774035930633545,20.27047348022461,5.781939919695494,1.316959386291409,0,12.966010617486317
2024-03-28,5.774035930633545,20.27047348022461,5.781939919695494,1.2758119438332034,0,12.966010617486317
2024-04-01,5.627394199371338,19.66667366027832,5.436708144427486,0.5168266657874723,0,12.966010617486317
2024-04-02,5.627394199371338,19.66667366027832,5.436708144427486,0.49244622591690107,0,12.966010617486317
2024-04-03,5.590733051300049,19.839187622070312,5.67386537857354,0.9826274278229641,0,12.966010617486317
2024-04-04,5.563238143920898,19.407901763916016,5.291060293105467,0.10453413631522275,0,12.966010617486317
2024-04-05,5.480751991271973,19.839187622070312,5.86779099168742,1.3738642588627683,0,12.966010617486317
2024-04-08,5.224127769470215,19.623544692993164,6.104644242771416,1.8367505528289234,0,12.966010617486317
2024-04-09,5.0683207511901855,19.623544692993164,6.37937310553821,2.3004352157366785,-1,12.966010617486317
2024-04-10,4.98583459854126,19.830562591552734,6.7318358445254365,2.8089008901399115,-1,12.61354787849909
2024-04-11,4.949173927307129,19.839187622070312,6.805103306607416,2.7232876069961436,-1,12.540280416417112
2024-04-12,4.8025312423706055,19.718427658081055,6.942913068875761,2.740913337340125,-1,12.402470654148766
2024-04-15,4.8025312423706055,19.718427658081055,6.942913068875761,2.5429772629767484,-1,12.402470654148766
2024-04-16,4.857522487640381,19.75153923034668,6.879060573399954,2.2875804509970585,-1,12.466323149624573
2024-04-17,5.004164695739746,19.843835830688477,6.71278828827381,1.9269809437903855,-1,12.632595434750717
2024-04-18,5.004164695739746,19.843835830688477,6.71278828827381,1.8362214234463072,-1,12.632595434750717
2024-04-19,5.269953727722168,19.75153923034668,6.151835530472015,0.9809745271376217,-1,13.193548192552512
2024-04-22,5.269953727722168,19.75153923034668,6.151835530472015,0.9602648603571058,-1,13.193548192552512
2024-04-23,5.269953727722168,19.548486709594727,5.948783009720062,0.6521835596864629,-1,13.396600713304466
2024-04-24,5.315779209136963,19.548486709594727,5.867980600856807,0.5262099190771851,-1,13.47740312216772
2024-04-25,5.324944019317627,19.548486709594727,5.851820623557952,0.5039734619113242,-1,13.493563099466575
2024-04-26,5.4349260330200195,19.548486709594727,5.65789332886475,0.22223286423830324,0,13.687490394159777
2024-04-29,5.499082088470459,19.059310913085938,5.055593487315674,-0.634657607908797,0,13.687490394159777
2024-04-30,5.535742282867432,19.10546112060547,5.037102104060468,-0.6480814579484108,0,13.687490394159777
2024-05-02,5.63655948638916,19.10546112060547,4.859334786666118,-0.8835699740430845,0,13.687490394159777
2024-05-03,5.682384490966797,19.557716369628906,5.230788467615962,-0.3582698299980885,0,13.687490394159777
2024-05-06,5.72821044921875,19.38235092163086,4.974619769964999,-0.720734740632187,0,13.687490394159777
2024-05-07,5.957338809967041,19.650012969970703,4.838268092409246,-0.9080039873612907,0,13.687490394159777
2024-05-08,5.957338809967041,19.613094329833984,4.801349452272527,-0.948153778621286,0,13.687490394159777
2024-05-09,6.094816207885742,19.75153923034668,4.697385444616135,-1.0773391052664205,0,13.687490394159777
2024-05-10,6.003164768218994,19.816146850585938,4.923598723371564,-0.7499556827760762,0,13.687490394159777
2024-05-13,6.048989772796631,19.982280731201172,5.008931035913205,-0.6245295820772906,0,13.687490394159777
2024-05-14,6.003164768218994,19.936132431030273,5.0435843038159,-0.5725255779819666,0,13.687490394159777
2024-05-15,6.003164768218994,19.843835830688477,4.951287703474103,-0.6944035476823144,0,13.687490394159777
2024-05-16,6.003164768218994,19.75153923034668,4.858991103132306,-0.7971709883844117,0,13.687490394159777
2024-05-17,5.957338809967041,19.75153923034668,4.939794352785222,-0.6627235492265198,0,13.687490394159777
2024-05-20,6.048989772796631,19.843835830688477,4.87048613540051,-0.7384317675578908,0,13.687490394159777
2024-05-21,6.0306596755981445,19.843835830688477,4.9028069307878805,-0.6782399875362004,0,13.687490394159777
2024-05-22,6.323944568634033,19.853065490722656,4.394897979096514,-1.334468898390274,0,13.687490394159777
2024-05-23,6.003164768218994,19.843835830688477,4.951287703474103,-0.563421074243593,0,13.687490394159777
2024-05-24,6.003164768218994,19.982280731201172,5.089732603986798,-0.3637206150643836,0,13.687490394159777
2024-05-28,5.957338809967041,20.305320739746094,5.4935758621846364,0.18636284114401425,0,13.687490394159777
2024-05-29,5.774035930633545,20.305320739746094,5.816787179216979,0.6180026295639759,0,13.687490394159777
2024-05-30,5.682384490966797,20.305320739746094,5.97839283773315,0.8158157547344157,0,13.687490394159777
2024-05-31,5.682384490966797,20.305320739746094,5.97839283773315,0.7955964935668453,0,13.687490394159777
2024-06-03,5.682384490966797,20.305320739746094,5.97839283773315,0.769987864799335,0,13.687490394159777
2024-06-04,5.682384490966797,20.120725631713867,5.793797729700923,0.49893810454336573,0,13.687490394159777
2024-06-05,5.673219680786133,20.120725631713867,5.8099577069997785,0.4998087489530462,0,13.687490394159777
2024-06-06,5.673219680786133,20.120725631713867,5.8099577069997785,0.47482527498854044,0,13.687490394159777
2024-06-10,5.682384490966797,20.120725631713867,5.793797729700923,0.42722436476944,0,13.687490394159777
2024-06-11,5.682384490966797,20.120725631713867,5.793797729700923,0.40145823619747517,0,13.687490394159777
2024-06-12,5.691549777984619,20.43453598022461,6.09144726012315,0.8063042024919281,0,13.687490394159777
2024-06-13,5.691549777984619,20.305320739746094,5.962232019644635,0.589993159875191,0,13.687490394159777
2024-06-14,5.737375736236572,20.305320739746094,5.881428769991718,0.44390753358536955,0,13.687490394159777
2024-06-17,5.755705833435059,20.305320739746094,5.849107974604349,0.37080510994274596,0,13.687490394159777
2024-06-18,5.774035930633545,20.305320739746094,5.816787179216979,0.2967465064579382,0,13.687490394159777
2024-06-20,5.682384490966797,20.76680564880371,6.439877746790767,1.2385033402217562,0,13.687490394159777
2024-06-21,5.618228912353516,21.1359920501709,6.92218735240858,1.8965641204762376,0,13.687490394159777
2024-06-24,5.682384490966797,20.305320739746094,5.97839283773315,0.4394556886913419,0,13.687490394159777
2024-06-25,5.682384490966797,20.305320739746094,5.97839283773315,0.432399403782316,0,13.687490394159777
2024-06-26,5.774035930633545,20.305320739746094,5.816787179216979,0.18479137333494436,0,13.687490394159777
2024-06-27,5.774035930633545,20.305320739746094,5.816787179216979,0.18387876538504908,0,13.687490394159777
2024-06-28,5.810696601867676,20.988317489624023,6.435141497530509,1.0922355384045503,0,13.687490394159777
2024-07-01,5.774035930633545,20.988317489624023,6.499783929094908,1.151565172027991,0,13.687490394159777
2024-07-02,5.682384490966797,20.988317489624023,6.66138958761108,1.347380512977201,0,13.687490394159777
2024-07-03,5.682384490966797,20.536062240600586,6.209134338587642,0.6584397923329439,0,13.687490394159777
2024-07-05,6.0306596755981445,20.536062240600586,5.59503334069999,-0.23994257706104724,0,13.687490394159777
2024-07-08,6.0306596755981445,20.536062240600586,5.59503334069999,-0.22783869735958578,0,13.687490394159777
2024-07-09,6.0214948654174805,20.305320739746094,5.380451817144351,-0.5227095470454485,0,13.687490394159777
2024-07-10,6.0214948654174805,20.305320739746094,5.380451817144351,-0.4977627614235182,0,13.687490394159777
2024-07-11,5.966504096984863,20.305320739746094,5.477415044096121,-0.3254575200727531,0,13.687490394159777
2024-07-12,6.003164768218994,20.40684700012207,5.5142988729076965,-0.23946063976206244,0,13.687490394159777
2024-07-15,6.048989772796631,20.42530632019043,5.451956624902463,-0.3104394215803564,0,13.687490394159777
2024-07-16,6.048989772796631,20.42530632019043,5.451956624902463,-0.28127426324330596,0,13.687490394159777
2024-07-17,6.0306596755981445,20.42530632019043,5.484277420289834,-0.19659972099039724,0,13.687490394159777
2024-07-18,6.012329578399658,20.35146713256836,5.442759028055132,-0.2408627938362337,0,13.687490394159777
2024-07-19,6.039824962615967,20.35146713256836,5.394277414579246,-0.30943430649456,0,13.687490394159777
2024-07-22,6.012329578399658,20.35146713256836,5.442759028055132,-0.19976401345717554,0,13.687490394159777
2024-07-23,6.012329578399658,20.35146713256836,5.442759028055132,-0.18482354871746073,0,13.687490394159777
2024-07-24,6.0306596755981445,20.44376564025879,5.502736740358193,-0.06087063310641497,0,13.687490394159777
2024-07-25,6.08565092086792,20.44376564025879,5.405772672616759,-0.23026321489194837,0,13.687490394159777
2024-07-26,6.195632457733154,20.67450714111328,5.442587719567712,-0.15394028264138646,0,13.687490394159777
2024-07-29,6.195632457733154,20.67450714111328,5.442587719567712,-0.1672303447225372,0,13.687490394159777
2024-07-30,6.168137073516846,20.67450714111328,5.491069333043598,-0.09003677132337179,0,13.687490394159777
2024-07-31,6.094816207885742,20.536062240600586,5.481908454870041,-0.12938945484317302,0,13.687490394159777
2024-08-01,6.048989772796631,20.536062240600586,5.562712545312619,0.017156537400425182,0,13.687490394159777
2024-08-02,6.012329578399658,20.333009719848633,5.424301615335406,-0.27056535740840093,0,13.687490394159777
2024-08-05,5.939008712768555,20.333009719848633,5.553585637674546,-0.039686772244889666,0,13.687490394159777
2024-08-06,5.939008712768555,20.333009719848633,5.553585637674546,-0.06625630574018793,0,13.687490394159777
2024-08-07,6.003164768218994,20.305320739746094,5.41277261253172,-0.39046474179521506,0,13.687490394159777
2024-08-08,6.003164768218994,20.305320739746094,5.41277261253172,-0.4143587032047426,0,13.687490394159777
2024-08-09,6.0306596755981445,20.305320739746094,5.364291839845498,-0.5373742299806648,0,13.687490394159777
2024-08-12,6.0306596755981445,20.305320739746094,5.364291839845498,-0.5548404231095607,0,13.687490394159777
2024-08-13,6.039824962615967,19.566946029663086,4.609756311673973,-2.1481999667077942,1,13.687490394159777
2024-08-14,6.039824962615967,19.520795822143555,4.563606104154442,-2.191765139846818,1,13.641340186640246
2024-08-15,6.039824962615967,19.33620262145996,4.379012903470848,-2.464393415373823,1,13.456746985956652
2024-08-16,5.975668907165527,19.151609420776367,4.307543747827541,-2.4941044091768503,1,13.385277830313346
2024-08-19,6.003164768218994,19.197755813598633,4.305207686384259,-2.3909262829349944,1,13.382941768870063
2024-08-20,6.0214948654174805,19.290054321289062,4.36518539868732,-2.27248943273181,1,13.442919481173124
2024-08-21,6.003164768218994,19.197755813598633,4.305207686384259,-2.283265864989552,1,13.382941768870063
2024-08-22,6.039824962615967,19.197755813598633,4.24056609560952,-2.280421137829391,1,13.318300178095324
2024-08-23,6.003164768218994,19.059310913085938,4.166762785871564,-2.26340513249817,1,13.244496868357368
2024-08-26,6.076486110687256,19.133148193359375,4.111315203016201,-2.2130017714940133,1,13.189049285502005
2024-08-27,6.076486110687256,18.73627281188965,3.714439821546474,-2.6267477786243694,1,12.792173904032278
2024-08-28,6.076486110687256,18.828569412231445,3.806736421888271,-2.3292561234716422,1,12.884470504374075
2024-08-29,6.0306596755981445,18.782421112060547,3.841392212159951,-2.1493532493612246,1,12.919126294645755
2024-08-30,6.0306596755981445,18.782421112060547,3.841392212159951,-2.033325989541215,1,12.919126294645755
2024-09-03,6.012329578399658,18.920866012573242,4.012157908060015,-1.7241458018434643,1,13.08989199054582
2024-09-04,6.094816207885742,18.920866012573242,3.866712226842697,-1.8238224980461655,1,12.944446309328502
2024-09-05,6.094816207885742,18.920866012573242,3.866712226842697,-1.7416645988067596,1,12.944446309328502
2024-09-06,5.957338809967041,18.616287231445312,3.804542353883855,-1.7374214124299319,1,12.88227643636966
2024-09-09,6.048989772796631,18.597827911376953,3.6244782160889866,-1.8660743931784665,1,12.702212298574791
2024-09-10,5.975668907165527,18.920866012573242,4.076800339624416,-1.2808558305142148,1,13.15453442211022
2024-09-11,5.957338809967041,18.920866012573242,4.109121135011785,-1.2001645239164818,1,13.18685521749759
2024-09-12,6.003164768218994,18.920866012573242,4.028317885358868,-1.2501103339066646,1,13.106051967844673
2024-09-13,6.0306596755981445,19.013164520263672,4.072135620363076,-1.1585168340575993,1,13.14986970284888
2024-09-16,6.0306596755981445,19.013164520263672,4.072135620363076,-1.125263799365753,1,13.14986970284888
2024-09-17,6.003164768218994,19.03162384033203,4.139075713117657,-1.0277931650659684,1,13.216809795603462
2024-09-18,5.957338809967041,19.03162384033203,4.219878962770574,-0.8991076835403702,1,13.297613045256378
2024-09-19,5.957338809967041,19.290054321289062,4.478309443727605,-0.5588182399078553,1,13.55604352621341
2024-09-20,5.92067813873291,18.920866012573242,4.173763566576186,-0.9042787013286643,1,13.25149764906199
2024-09-23,6.048989772796631,18.920866012573242,3.9475163172852756,-1.1458231422757854,1,13.02525039977108
2024-09-24,5.939008712768555,18.920866012573242,4.141441930399155,-0.8813220694033492,1,13.21917601288496
2024-09-25,5.939008712768555,18.96701431274414,4.187590230570054,-0.8009049486928573,1,13.265324313055858
2024-09-26,6.094816207885742,19.151609420776367,4.097455635045822,-0.9057647798234277,1,13.175189717531627
2024-09-27,6.186467170715332,19.151609420776367,3.935850817319313,-1.1047453521484343,1,13.013584899805117
2024-09-30,6.186467170715332,19.160839080810547,3.9450804773534927,-1.0567649942146977,1,13.022814559839297
2024-10-01,6.186467170715332,19.38235092163086,4.166592318173805,-0.7146723298418108,1,13.24432640065961
2024-10-02,6.048989772796631,19.38235092163086,4.409001226342893,-0.34547637510761364,0,13.486735308828697
2024-10-03,5.993999481201172,19.38235092163086,4.505963612505001,-0.18545380777331696,0,13.486735308828697
2024-10-04,5.957338809967041,19.38235092163086,4.570606044069402,-0.06957858611860912,0,13.486735308828697
2024-10-07,5.957338809967041,19.38235092163086,4.570606044069402,-0.04695840213533199,0,13.486735308828697
2024-10-09,5.8840179443359375,19.39158058166504,4.709119726442722,0.1830302051739552,0,13.486735308828697
2024-10-10,5.939008712768555,20.028430938720703,5.249006856546616,1.0197317897569729,0,13.486735308828697
2024-10-11,5.8840179443359375,19.65924072265625,4.976779867433933,0.6223156534785584,0,13.486735308828697
2024-10-14,5.975668907165527,19.38235092163086,4.538285248682033,-0.03829574195045408,0,13.486735308828697
2024-10-15,5.975668907165527,19.38235092163086,4.538285248682033,-0.015941237317348287,0,13.486735308828697
2024-10-16,5.975668907165527,19.38235092163086,4.538285248682033,0.008450498936360615,0,13.486735308828697
2024-10-17,5.975668907165527,19.843835830688477,4.9997701577396505,0.7872398233588908,0,13.486735308828697
2024-10-18,6.003164768218994,19.834606170654297,4.942058043439923,0.7202778932363021,0,13.486735308828697
2024-10-21,6.0214948654174805,18.939327239990234,4.014458317388492,-0.8215806206442466,0,13.486735308828697
2024-10-22,5.975668907165527,19.290054321289062,4.445988648340236,-0.05377198666108574,0,13.486735308828697
2024-10-23,5.957338809967041,19.33620262145996,4.524457743898504,0.11380489146592945,0,13.486735308828697
2024-10-24,6.048989772796631,19.38235092163086,4.409001226342893,-0.06364520229962421,0,13.486735308828697
2024-10-25,6.003164768218994,19.38235092163086,4.4898027944164856,0.12111235288270507,0,13.486735308828697
2024-10-28,6.003164768218994,19.33620262145996,4.443654494245587,0.0712978969678533,0,13.486735308828697
2024-10-29,6.048989772796631,19.33620262145996,4.362852926171994,-0.05725422569865629,0,13.486735308828697
2024-10-30,6.048989772796631,19.33620262145996,4.362852926171994,-0.016856520679555877,0,13.486735308828697
2024-10-31,5.957338809967041,19.33620262145996,4.524457743898504,0.39849333004366533,0,13.486735308828697
2024-11-04,5.957338809967041,19.308513641357422,4.496768763795965,0.39011349765062386,0,13.486735308828697
2024-11-05,5.929843425750732,19.059310913085938,4.296047649000366,-0.06150718677178189,0,13.486735308828697
2024-11-06,6.186467170715332,19.068540573120117,3.852781969663063,-1.2244463243767354,0,13.486735308828697
2024-11-07,6.122311115264893,19.059310913085938,3.9566763546691703,-0.9387910885609451,0,13.486735308828697
2024-11-08,6.158971786499023,19.75153923034668,4.584262240365511,0.9389324847792409,0,13.486735308828697
2024-11-11,6.076486110687256,19.75153923034668,4.729706240003505,1.35307410933242,0,13.486735308828697
2024-11-12,6.048989772796631,19.75153923034668,4.778189535058713,1.4512316248189028,0,13.486735308828697
2024-11-13,6.048989772796631,19.566946029663086,4.593596334375119,0.8936212132128851,0,13.486735308828697
2024-11-14,6.048989772796631,19.936132431030273,4.962782735742307,1.870641779644698,0,13.486735308828697
2024-11-15,6.08565092086792,19.936132431030273,4.898139463388244,1.626632127146217,0,13.486735308828697
2024-11-18,6.048989772796631,19.936132431030273,4.962782735742307,1.7275009961924797,0,13.486735308828697
2024-11-19,5.993999481201172,19.843835830688477,4.967448521562618,1.6668084840635484,0,13.486735308828697
2024-11-20,6.067320346832275,19.843835830688477,4.838164499223479,1.2842279135331829,0,13.486735308828697
2024-11-21,6.094816207885742,19.843835830688477,4.789682044957932,1.121479745614486,0,13.486735308828697
2024-11-22,6.140641212463379,19.38235092163086,4.247395567826722,-0.2909291855459473,0,13.486735308828697
2024-11-25,6.0306596755981445,19.38235092163086,4.441322021730263,0.19077324161591494,0,13.486735308828697
2024-11-26,6.094816207885742,19.75153923034668,4.697385444616135,0.8422517232866263,0,13.486735308828697
2024-11-27,6.003164768218994,19.474647521972656,4.582099394758282,0.5077548530622807,0,13.486735308828697
2024-11-29,6.003164768218994,19.474647521972656,4.582099394758282,0.48546194453625835,0,13.486735308828697
2024-12-02,6.003164768218994,19.566946029663086,4.674397902448712,0.7128515415376149,0,13.486735308828697
2024-12-03,5.975668907165527,19.566946029663086,4.72288035671426,0.820657600448486,0,13.486735308828697
2024-12-04,5.975668907165527,19.65924072265625,4.815175049707424,1.053808944307848,0,13.486735308828697
2024-12-05,5.975668907165527,19.40081024169922,4.556744568750393,0.27653786129514424,0,13.486735308828697
2024-12-06,5.975668907165527,19.33620262145996,4.492136948511135,0.05996221249683342,0,13.486735308828697
2024-12-10,5.98483419418335,19.10546112060547,4.245234629568127,-0.710854415901303,0,13.486735308828697
2024-12-11,5.975668907165527,19.10546112060547,4.261395447656643,-0.681474839739967,0,13.486735308828697
2024-12-12,5.98483419418335,19.10546112060547,4.245234629568127,-0.7481462647978406,0,13.486735308828697
2024-12-13,6.003164768218994,19.197755813598633,4.305207686384259,-0.5774468231913275,0,13.486735308828697
2024-12-16,6.140641212463379,19.197755813598633,4.062800459794495,-1.3426942724716115,0,13.486735308828697
2024-12-17,6.103981018066406,19.197755813598633,4.127442050569234,-1.1263286789673355,0,13.486735308828697
2024-12-18,6.186467170715332,19.843835830688477,4.628077227231422,0.4519876734613907,0,13.486735308828697
2024-12-19,6.232293128967285,19.843835830688477,4.547273977578506,0.17803978980886803,0,13.486735308828697
2024-12-20,6.232293128967285,20.213022232055664,4.916460378945693,1.3193563309807357,0,13.486735308828697
2024-12-23,6.278118133544922,20.305320739746094,4.92795731856253,1.3104264693146532,0,13.486735308828697
2024-12-24,6.305614471435547,20.305320739746094,4.879474023507322,1.116351380498857,0,13.486735308828697
2024-12-26,6.369770050048828,20.305320739746094,4.766350819256697,0.725867585470497,0,13.486735308828697
2024-12-27,6.369770050048828,21.228288650512695,5.689318730023299,3.3751211151679645,-1,13.486735308828697
2024-12-30,6.369770050048828,21.228288650512695,5.689318730023299,3.1002917419498837,-1,13.486735308828697
2024-12-31,6.323944568634033,21.228288650512695,5.770121138886553,3.026839703291268,-1,13.405932899965443
2025-01-02,6.323944568634033,21.320587158203125,5.862419646576983,2.9632983893327585,-1,13.313634392275013
2025-01-03,6.278118133544922,21.228288650512695,5.850925229329132,2.696684374341673,-1,13.325128809522864
2025-01-06,6.232293128967285,21.228288650512695,5.931726797402725,2.6539399749288486,-1,13.244327241449271
2025-01-07,6.17730188369751,21.228288650512695,6.028690865144156,2.6379951455149726,-1,13.14736317370784
2025-01-08,6.186467170715332,21.412883758544922,6.197125155087868,2.7330224848007085,-1,12.978928883764128
2025-01-10,6.17730188369751,21.412883758544922,6.213285973176383,2.5903513085242027,-1,12.962768065675613
2025-01-13,6.186467170715332,20.39761734008789,5.181858736630836,0.7395372741467103,-1,13.99419530222116
2025-01-14,6.186467170715332,20.39761734008789,5.181858736630836,0.7182569316957831,-1,13.99419530222116
2025-01-15,6.186467170715332,20.39761734008789,5.181858736630836,0.6973673506048574,-1,13.99419530222116
2025-01-16,6.186467170715332,20.39761734008789,5.181858736630836,0.6768399273509251,-1,13.99419530222116
2025-01-17,6.140641212463379,20.40684700012207,5.271891646317933,0.8238395273111804,-1,13.904162392534063
2025-01-21,6.232293128967285,20.305320739746094,5.008758886636123,0.3592919709171187,0,14.167295152215873
2025-01-22,6.397265434265137,20.305320739746094,4.717869205780811,-0.17502359296157322,0,14.167295152215873
2025-01-23,6.323944568634033,20.76680564880371,5.308638137177569,0.8519933624962083,0,14.167295152215873
2025-01-24,6.323944568634033,20.76680564880371,5.308638137177569,0.8259435281431182,0,14.167295152215873
2025-01-27,6.278118133544922,20.76680564880371,5.3894422276201475,0.9380308524758595,0,14.167295152215873
2025-01-28,6.323944568634033,20.129955291748047,4.671787780121905,-0.3389850338408673,0,14.167295152215873
2025-01-29,6.323944568634033,19.843835830688477,4.385668319062335,-0.8441002945442255,0,14.167295152215873
2025-01-30,6.323944568634033,19.843835830688477,4.385668319062335,-0.8452757634365927,0,14.167295152215873
2025-01-31,6.333109378814697,19.843835830688477,4.369508341763481,-0.8742956213133197,0,14.167295152215873
2025-02-03,6.323944568634033,19.068540573120117,3.6103730614939753,-2.1145713518839973,1,14.167295152215873
2025-02-04,6.323944568634033,19.013164520263672,3.55499700863753,-2.1040197511485674,1,14.111919099359428
2025-02-05,6.333109378814697,19.38235092163086,3.908023432705864,-1.492149606444266,1,14.464945523427762
2025-02-06,6.323944568634033,19.040851593017578,3.5826840813914362,-1.9878667547048685,1,14.139606172113334
2025-02-07,6.333109378814697,19.08700180053711,3.612674311612114,-1.901180901836869,1,14.169596402334012
2025-02-10,6.369770050048828,19.197755813598633,3.6587858931092363,-1.757198057075729,1,14.215707983831134
2025-02-11,6.369770050048828,19.197755813598633,3.6587858931092363,-1.6869089269427948,1,14.215707983831134
2025-02-12,6.415595531463623,19.151609420776367,3.531837091423716,-1.7944907118187683,1,14.088759182145614
2025-02-13,6.406430244445801,19.151609420776367,3.5479979095122314,-1.7021681426565005,1,14.104920000234129
2025-02-14,6.507246971130371,19.38235092163086,3.600972933762037,-1.5618323240986884,1,14.157895024483935
2025-02-18,6.589733600616455,19.170068740844727,3.2432450717585866,-1.955676564491816,1,13.800167162480484
2025-02-19,6.589733600616455,19.170068740844727,3.2432450717585866,-1.8610395722182718,1,13.800167162480484
2025-02-20,6.6172285079956055,19.170068740844727,3.1947642990723644,-1.8329177904162124,1,13.751686389794262
2025-02-21,6.644723892211914,19.170068740844727,3.1462826855964785,-1.8067356253947027,1,13.703204776318376
2025-02-24,6.663054466247559,19.170068740844727,3.113961049419448,-1.76370238286361,1,13.670883140141346
2025-02-25,6.736375331878662,19.160839080810547,2.9754473670461294,-1.8504453538739578,1,13.532369457768027
2025-02-26,6.82802677154541,19.013164520263672,2.6661671479830815,-2.094046372511827,1,13.22308923870498
2025-02-27,6.82802677154541,18.920866012573242,2.573868640292652,-2.0769339862364005,1,13.13079073101455
2025-02-28,7.332109451293945,18.920866012573242,1.6850379388485415,-2.780937241250196,1,12.24196002957044
2025-03-03,7.332109451293945,18.920866012573242,1.6850379388485415,-2.5721912919142165,1,12.24196002957044
2025-03-04,7.332109451293945,18.828569412231445,1.5927413385067446,-2.471276178629155,1,12.149663429228642
2025-03-05,7.37793493270874,18.920866012573242,1.6042355299852886,-2.3035159220007846,1,12.161157620707186
2025-03-06,7.332109451293945,18.920866012573242,1.6850379388485415,-2.107720853725077,1,12.24196002957044
2025-03-07,7.332109451293945,18.920866012573242,1.6850379388485415,-1.9970602446799246,1,12.24196002957044
2025-03-10,7.332109451293945,18.920866012573242,1.6850379388485415,-1.8988540125510196,1,12.24196002957044
2025-03-11,7.332109451293945,18.920866012573242,1.6850379388485415,-1.812423933832828,1,12.24196002957044
2025-03-12,7.332109451293945,18.920866012573242,1.6850379388485415,-1.7337188280755138,1,12.24196002957044
2025-03-13,7.332109451293945,18.920866012573242,1.6850379388485415,-1.6618160797986765,1,12.24196002957044
2025-03-14,7.368769645690918,18.920866012573242,1.620396348073804,-1.6374014951136557,1,12.177318438795702
2025-03-17,7.368769645690918,18.920866012573242,1.620396348073804,-1.574371243262073,1,12.177318438795702
2025-03-18,8.01949405670166,19.013164520263672,0.5652961096418423,-2.160393017307583,1,11.12221820036374
2025-03-19,7.652889728546143,19.013164520263672,1.2117162213375394,-1.6633759568991664,1,11.768638312059437
2025-03-20,7.671219348907471,19.013164520263672,1.1793962667398326,-1.613789378088972,1,11.73631835746173
2025-03-21,7.616229057312012,18.551679611206055,0.8148737438443234,-1.7583945143698532,1,11.371795834566221
2025-03-24,7.698714733123779,18.874719619750977,0.9924697527512514,-1.582415900321114,1,11.549391843473149
2025-03-25,7.790366172790527,18.902406692504883,0.8585511669889883,-1.594495821552165,1,11.415473257710886
2025-03-26,7.790366172790527,18.874719619750977,0.830864094235082,-1.5461747831165393,1,11.38778618495698
2025-03-27,7.790366172790527,18.902406692504883,0.8585511669889883,-1.4760614197014752,1,11.415473257710886
2025-03-28,7.790366172790527,18.865488052368164,0.8216325268522695,-1.4458804817642625,1,11.378554617574167
2025-03-31,7.790366172790527,18.865488052368164,0.8216325268522695,-1.3985920981461328,1,11.378554617574167
2025-04-01,7.882017612457275,18.847028732299805,0.6415675482677372,-1.4542084192058164,1,11.198489638989635
2025-04-02,7.8361921310424805,18.920866012573242,0.7962072374044311,-1.3240913365072084,1,11.353129328126329
2025-04-03,7.8361921310424805,18.911636352539062,0.7869775773702514,-1.2920641729718214,1,11.34389966809215
2025-04-04,7.817861080169678,18.911636352539062,0.8193000543369422,-1.2402604122940983,1,11.37622214505884
2025-04-07,7.744540214538574,19.013164520263672,1.0501122444006938,-1.077614058585859,1,11.607034335122592
2025-04-08,7.744540214538574,18.96701431274414,1.0039620368811626,-1.0827994279329105,1,11.56088412760306
2025-04-09,7.790366172790527,19.013164520263672,0.9693089947477773,-1.0719501440438384,1,11.526231085469675
2025-04-10,7.790366172790527,19.013164520263672,0.9693089947477773,-1.0409462909217688,1,11.526231085469675
2025-04-11,7.744540214538574,19.003934860229492,1.0408825843665142,-0.9663428550496082,1,11.597804675088412
2025-04-14,7.801067352294922,18.920866012573242,0.8581414854683302,-1.0562025083228772,1,11.415063576190228
2025-04-15,7.801067352294922,20.40999984741211,2.3472753203071974,-0.03750757900206523,0,12.904197411029095
2025-04-16,7.781805038452148,19.5,1.4712400120711813,-0.6115363358304889,0,12.904197411029095
2025-04-17,7.781805038452148,19.5,1.4712400120711813,-0.586067478110005,0,12.904197411029095
2025-04-21,7.772173881530762,20.0,1.988222281659226,-0.18342299155479078,0,12.904197411029095
2025-04-22,7.772173881530762,19.799999237060547,1.788221518719773,-0.3029083686320094,0,12.904197411029095
2025-04-23,7.801067352294922,19.299999237060547,1.237274709955635,-0.7174592147662918,0,12.904197411029095
2025-04-24,7.810697555541992,19.299999237060547,1.220294121946914,-0.7090035964928667,0,12.904197411029095
2025-04-25,7.820328712463379,19.5,1.4033126152983186,-0.5270232559320875,0,12.904197411029095
2025-04-28,7.820328712463379,19.5,1.4033126152983186,-0.5016646402836177,0,12.904197411029095
2025-04-29,7.897376537322998,19.450000762939453,1.2174577439023864,-0.6503654348157277,0,12.904197411029095
2025-04-30,7.907007694244385,19.299999237060547,1.0504739484354353,-0.7838057257598672,0,12.904197411029095
2025-05-02,7.907007694244385,19.299999237060547,1.0504739484354353,-0.7576027679126431,0,12.904197411029095
2025-05-05,8.089995384216309,19.350000381469727,0.7778195377786901,-1.0068693059958984,0,12.904197411029095
2025-05-06,8.109257698059082,19.309999465942383,0.7038540830752531,-1.0558212094710537,0,12.904197411029095
2025-05-07,8.138150215148926,19.350000381469727,0.6929098714177826,-1.0430074433618903,0,12.904197411029095
2025-05-08,8.089995384216309,19.350000381469727,0.7778195377786901,-0.9310540498732,0,12.904197411029095
2025-05-09,8.089995384216309,19.350000381469727,0.7778195377786901,-0.9129131325698127,0,12.904197411029095
2025-05-12,8.176673889160156,19.149999618530273,0.42498171170546684,-1.301865615762417,0,12.904197411029095
2025-05-13,8.176673889160156,19.100000381469727,0.37498247464491996,-1.3481943172027686,0,12.904197411029095
2025-05-14,8.176673889160156,19.149999618530273,0.42498171170546684,-1.2833896467375383,0,12.904197411029095
2025-05-15,8.147781372070312,19.149999618530273,0.4759268388902811,-1.2031166118651033,0,12.904197411029095
2025-05-16,8.23445987701416,19.350000381469727,0.5230905386959641,-1.1309534363898401,0,12.904197411029095
2025-05-19,8.19593620300293,19.25,0.4910175539991002,-1.1736564105806888,0,12.904197411029095
2025-05-20,8.19593620300293,19.290000915527344,0.5310184695264439,-1.1156872786208498,0,12.904197411029095
2025-05-21,8.19593620300293,19.239999771118164,0.48101732511726425,-1.2096889359993,0,12.904197411029095
2025-05-22,8.23445987701416,19.100000381469727,0.2730905386959641,-1.5918486510017975,0,12.904197411029095
2025-05-23,8.23445987701416,19.100000381469727,0.2730905386959641,-1.5967094882941872,0,12.904197411029095
2025-05-27,8.23445987701416,19.280000686645508,0.45309084387174536,-1.2557593141577292,0,12.904197411029095
2025-05-28,8.282614707946777,19.010000228881836,0.09818071974716602,-1.8954645609766245,0,12.904197411029095
2025-05-29,8.282614707946777,19.0,0.08818049086533009,-1.834199642198415,0,12.904197411029095
2025-05-30,8.301876068115234,19.100000381469727,0.15421801473828722,-1.6357239946977353,0,12.904197411029095
2025-06-02,8.330768585205078,19.100000381469727,0.10327288755347297,-1.6668067732778118,0,12.904197411029095
2025-06-03,8.301876068115234,19.25,0.30421763326856066,-1.2373789295999216,0,12.904197411029095
2025-06-04,8.330768585205078,19.200000762939453,0.20327326902319953,-1.387893570362274,0,12.904197411029095
2025-06-05,8.330768585205078,19.0,0.003272506083746407,-1.7124322353839525,0,12.904197411029095
2025-06-06,8.378923416137695,19.0,-0.08163716027716106,-1.8055095145082345,0,12.904197411029095
2025-06-09,8.378923416137695,19.0,-0.08163716027716106,-1.7409478212027327,0,12.904197411029095
2025-06-10,8.378923416137695,19.0,-0.08163716027716106,-1.6823939732936901,0,12.904197411029095
2025-06-11,8.378923416137695,19.0,-0.08163716027716106,-1.6255492679230032,0,12.904197411029095
2025-06-12,8.648590087890625,19.0,-0.5571306192665197,-2.3931798511030054,1,12.904197411029095
2025-06-13,8.667852401733398,19.200000762939453,-0.39109439550315983,-1.986522234741222,1,13.070233634792455
2025-06-16,8.667852401733398,19.010000228881836,-0.581094929560777,-2.1918140561387465,1,12.880233100734838
2025-06-17,9.004936218261719,19.200000762939453,-0.9854620600295192,-2.6653271850297813,1,12.475865970266096
2025-06-18,9.342018127441406,19.190000534057617,-1.589826590279067,-3.2441778231889673,1,11.871501440016548
2025-06-20,9.342018127441406,19.5,-1.279827124336684,-2.577538478734538,1,12.18150090595893
2025-06-23,9.33238697052002,19.399999618530273,-1.3628452362183623,-2.498654256278416,1,12.098482794077253
2025-06-24,9.178292274475098,19.399999618530273,-1.0911356491269117,-2.0262507030287646,1,12.370192381168703
2025-06-25,9.351649284362793,19.450000762939453,-1.3468086309852723,-2.2088770716050585,1,12.114519399310343
2025-06-26,9.342018127441406,19.450000762939453,-1.329826361397231,-2.067371340104133,1,12.131501668898384
2025-06-27,9.197554588317871,19.5,-1.025099806833282,-1.6376761854121689,1,12.436228223462333
2025-06-30,9.197554588317871,19.010000228881836,-1.515099577951446,-2.0781302980907324,1,11.946228452344169
2025-07-01,9.245709419250488,19.049999237060547,-1.5600102361336425,-2.014090532981608,1,11.901317794161972
2025-07-02,9.197554588317871,19.049999237060547,-1.475100569772735,-1.8317601198851867,1,11.98622746052288
2025-07-03,9.342018127441406,19.149999618530273,-1.6298275058064107,-1.8937398613827248,1,11.831500524489204
2025-07-07,9.342018127441406,19.200000762939453,-1.579826361397231,-1.7603641732585493,1,11.881501668898384
2025-07-08,9.342018127441406,19.549999237060547,-1.2298278872761372,-1.3634192688852624,1,12.231500143019478
2025-07-09,9.36128044128418,19.100000381469727,-1.7137912820430472,-1.7532106475882399,1,11.747536748252568
2025-07-10,9.476852416992188,19.0,-2.0175755354106855,-1.9407912932439115,1,11.44375249488493
2025-07-11,9.293863296508789,19.0,-1.6949174579757766,-1.575331363968038,1,11.766410572319838
2025-07-14,9.293863296508789,19.0,-1.6949174579757766,-1.5133316167277506,1,11.766410572319838
2025-07-15,9.293863296508789,19.0,-1.6949174579757766,-1.48392413779968,1,11.766410572319838
2025-07-16,9.4672212600708,19.0,-2.000593265822637,-1.6990944652007183,1,11.460734764472978
2025-07-17,9.457590103149414,19.0,-1.9836109962345887,-1.6241053723736336,1,11.477717034061026
2025-07-18,9.457590103149414,19.0,-1.9836109962345887,-1.5846382140463406,1,11.477717034061026
2025-07-21,9.380541801452637,19.0,-1.8477545211095432,-1.4234439659246623,1,11.613573509186072
2025-07-22,9.380541801452637,19.0,-1.8477545211095432,-1.378243076218591,1,11.613573509186072
2025-07-23,9.380541801452637,19.0,-1.8477545211095432,-1.3357306415347319,1,11.613573509186072
2025-07-24,9.380541801452637,18.90999984741211,-1.9377546736974338,-1.3810747293192687,1,11.523573356598181
2025-07-25,9.293863296508789,18.950000762939453,-1.7449166950363235,-1.1673362411998576,1,11.716411335259291
2025-07-28,9.293863296508789,18.950000762939453,-1.7449166950363235,-1.1355433619827917,1,11.716411335259291
2025-07-29,9.293863296508789,18.950000762939453,-1.7449166950363235,-1.1030877243861865,1,11.716411335259291
2025-07-30,9.197554588317871,19.0,-1.525099806833282,-0.8581920685114167,1,11.936228223462333
2025-07-31,9.197554588317871,18.979999542236328,-1.5451002645969538,-0.8499438387446838,1,11.916227765698661
2025-08-01,9.197554588317871,19.0,-1.525099806833282,-0.801773783907384,1,11.936228223462333
2025-08-04,9.274601936340332,19.0,-1.6609546003790072,-0.9129946240475916,1,11.800373429916608
2025-08-05,9.274601936340332,18.950000762939453,-1.710953837439554,-0.9369584797119125,1,11.75037419285606
2025-08-07,9.197554588317871,18.950000762939453,-1.5750990438938288,-0.766360664883734,1,11.886228986401786
2025-08-08,9.149399757385254,18.93000030517578,-1.5101898352965932,-0.6697023368170345,1,11.951138194999022
2025-08-11,9.216815948486328,18.899999618530273,-1.659063045899778,-0.8058345007768547,1,11.802264984395837
2025-08-12,9.12050724029541,18.950000762939453,-1.4392442503481035,-0.5354964356110368,1,12.022083779947511
2025-08-13,9.04345989227295,18.950000762939453,-1.3033894568023783,-0.3555586507172464,0,12.157938573493237
2025-08-14,9.033828735351562,18.920000076293945,-1.3164078738598413,-0.3441025375823554,0,12.157938573493237
2025-08-15,9.033828735351562,18.899999618530273,-1.3364083316235131,-0.34108327487990425,0,12.157938573493237
2025-08-18,8.841209411621094,18.950000762939453,-0.9467685217707,0.17267497023473158,0,12.157938573493237
2025-08-19,8.841209411621094,18.950000762939453,-0.9467685217707,0.21002504446120998,0,12.157938573493237
2025-08-20,8.667852401733398,18.950000762939453,-0.6410943955031598,0.6477224547077058,0,12.157938573493237
2025-08-21,8.378923416137695,18.950000762939453,-0.13163639733770793,1.3635127415131034,0,12.157938573493237
2025-08-22,8.378923416137695,19.0,-0.08163716027716106,1.477482023869866,0,12.157938573493237
2025-08-25,8.571542739868164,18.93000030517578,-0.4912755205450168,0.9355463179880957,0,12.157938573493237
2025-08-26,8.600436210632324,19.0,-0.47222263448493607,0.9946422452552361,0,12.157938573493237
2025-08-27,8.475234031677246,18.969999313354492,-0.28145886122381114,1.30487631491457,0,12.157938573493237
2025-08-28,8.571542739868164,19.0,-0.421275825720798,1.1335432683804794,0,12.157938573493237
2025-08-29,8.571542739868164,19.200000762939453,-0.2212750627813449,1.4855809712649188,0,12.157938573493237
2025-09-02,8.571542739868164,19.700000762939453,0.2787249372186551,2.247407987673873,-1,12.157938573493237
2025-09-03,8.398185729980469,19.799999237060547,0.684397537607289,2.7429979519259433,-1,11.752265973104603
2025-09-04,8.475234031677246,20.0,0.7485418254216967,2.69592917788777,-1,11.688121685290195
2025-09-05,8.475234031677246,19.850000381469727,0.5985422068914232,2.390843122956122,-1,11.838121303820468
2025-09-08,8.475234031677246,19.600000381469727,0.34854220689142323,2.0032170129044613,-1,12.088121303820468
2025-09-09,8.571542739868164,19.5,0.07872417427920197,1.6265719743946399,-1,12.35793933643269
2025-09-10,8.619697570800781,19.5,-0.00618549208170549,1.479439001469662,-1,12.442849002793597
2025-09-11,8.658221244812012,19.389999389648438,-0.18411349920612707,1.2332329035802054,-1,12.620777009918019
2025-09-12,8.571542739868164,19.5,0.07872417427920197,1.5390783280953397,-1,12.35793933643269
2025-09-15,8.667852401733398,19.5,-0.09109515844261296,1.2817160350536738,-1,12.527758669154505
2025-09-16,8.54265022277832,19.5,0.12966930146401978,1.5020725040182088,-1,12.306994209247872
2025-09-17,8.54265022277832,19.5,0.12966930146401978,1.4466671518699468,-1,12.306994209247872
2025-09-18,8.54265022277832,19.5,0.12966930146401978,1.3939401510120804,-1,12.306994209247872
2025-09-19,8.54265022277832,19.5,0.12966930146401978,1.3477214901533336,-1,12.306994209247872
2025-09-22,8.54265022277832,19.5,0.12966930146401978,1.3008918219053707,-1,12.306994209247872
2025-09-23,8.282614707946777,19.0,0.08818049086533009,1.210380786805279,-1,12.348483019846562
2025-09-24,8.292244911193848,19.010000228881836,0.08120013173844143,1.1668789497070629,-1,12.35546337897345
2025-09-25,8.282614707946777,19.5,0.5881804908653301,1.675399412494451,-1,11.848483019846562
2025-09-26,8.475234031677246,19.5,0.24854182542169667,1.2471201589466376,-1,12.188121685290195
2025-09-29,8.455971717834473,19.5,0.2825063645977899,1.24059670899086,-1,12.154157146114102
2025-09-30,8.378923416137695,19.200000762939453,0.11836360266229207,1.02390272341098,-1,12.3182999080496
2025-10-01,8.513757705688477,19.299999237060547,-0.01938633429061909,0.8429772835305657,-1,12.45604984500251
2025-10-02,8.54265022277832,19.299999237060547,-0.07033146147543334,0.7630374074623566,-1,12.506994972187325
2025-10-03,8.561912536621094,19.299999237060547,-0.10429600065152655,0.6997357184461843,-1,12.540959511363418
2025-10-06,9.101244926452637,19.200000762939453,-1.155279711172014,-0.4888106223296337,0,13.591943221883906
2025-10-07,9.05309009552002,19.200000762939453,-1.0703700448111029,-0.4085958006411416,0,13.591943221883906
2025-10-09,9.05309009552002,19.149999618530273,-1.1203711892202826,-0.4805453715777866,0,13.591943221883906
2025-10-10,8.918257713317871,19.149999618530273,-0.8826261413049252,-0.22596565624625953,0,13.591943221883906
2025-10-13,8.86047077178955,19.100000381469727,-0.830731760837196,-0.1922359586879336,0,13.591943221883906
2025-10-14,8.908626556396484,19.100000381469727,-0.9156431087774273,-0.3201452424073051,0,13.591943221883906
2025-10-15,8.908626556396484,19.100000381469727,-0.9156431087774273,-0.3491433251345065,0,13.591943221883906
2025-10-16,8.937519073486328,19.200000762939453,-0.866587854492515,-0.31469975473739653,0,13.591943221883906
2025-10-17,8.956781387329102,19.299999237060547,-0.800553919547518,-0.2588984324648828,0,13.591943221883906
2025-10-20,8.937519073486328,19.5,-0.5665886174319681,0.014169693396956595,0,13.591943221883906
2025-10-21,8.812315940856934,19.389999389648438,-0.4558230862975776,0.1307298905874811,0,13.591943221883906
2025-10-22,8.86047077178955,19.389999389648438,-0.5407327526584851,-0.011204152578635303,0,13.591943221883906
2025-10-23,8.86047077178955,19.299999237060547,-0.6307329052463757,-0.16511261460492882,0,13.591943221883906
2025-10-24,8.86047077178955,19.149999618530273,-0.7807325237766491,-0.4103993116053327,0,13.591943221883906
2025-10-27,8.86047077178955,19.399999618530273,-0.5307325237766491,-0.07300293245799039,0,13.591943221883906
2025-10-28,8.956781387329102,19.399999618530273,-0.7005535380777914,-0.3524087944303033,0,13.591943221883906
2025-10-29,8.956781387329102,19.450000762939453,-0.6505523936686117,-0.30543982853859636,0,13.591943221883906
2025-10-30,8.908626556396484,19.350000381469727,-0.6656431087774273,-0.36507281693417737,0,13.591943221883906
2025-10-31,8.86047077178955,19.309999465942383,-0.6207326763645398,-0.33428868670964623,0,13.591943221883906
2025-11-03,8.956781387329102,19.5,-0.6005531566080649,-0.33825712168017197,0,13.591943221883906
2025-11-04,8.956781387329102,19.549999237060547,-0.550553919547518,-0.2892007299976817,0,13.591943221883906
2025-11-05,9.004936218261719,20.0,-0.18546282296897232,0.32230800281507,0,13.591943221883906
2025-11-06,8.976042747497559,19.899999618530273,-0.23451639567456084,0.2023846736293997,0,13.591943221883906
2025-11-07,8.850839614868164,20.0,0.0862501272811258,0.7862299533241099,0,13.591943221883906
2025-11-10,8.956781387329102,20.299999237060547,0.19944608045248202,0.9817292672150862,0,13.591943221883906
2025-11-11,8.86047077178955,20.299999237060547,0.3692670947536243,1.2946970507500535,0,13.591943221883906
2025-11-12,8.956781387329102,20.0,-0.10055315660806485,0.3107458255885275,0,13.591943221883906
2025-11-13,8.956781387329102,20.100000381469727,-0.0005527751383382906,0.4936611126327229,0,13.591943221883906
2025-11-14,8.956781387329102,20.200000762939453,0.09944760633138827,0.6803389180089613,0,13.591943221883906
2025-11-17,8.966412544250488,20.0,-0.11753542619610968,0.22065079897216627,0,13.591943221883906
2025-11-18,8.956781387329102,20.0,-0.10055315660806485,0.2572994422901708,0,13.591943221883906
2025-11-19,9.149399757385254,20.0,-0.4401901404723745,-0.46372315378553025,0,13.591943221883906
2025-11-20,9.300000190734863,20.100000381469727,-0.6057380394527812,-0.8071036731688163,0,13.591943221883906
2025-11-21,9.0,20.299999237060547,0.12324026867002402,0.7148526515543958,0,13.591943221883906
2025-11-24,9.0,20.100000381469727,-0.07675858692079629,0.2825383011964544,0,13.591943221883906
2025-11-25,9.100000381469727,19.5,-0.8530860130942912,-1.3092396857925617,0,13.591943221883906
2025-11-26,9.100000381469727,20.0,-0.3530860130942912,-0.25307820670441206,0,13.591943221883906
2025-11-28,9.300000190734863,20.200000762939453,-0.5057376579830546,-0.5470885668703085,0,13.591943221883906
2025-12-01,9.449999809265137,20.0,-0.97022730639884,-1.518786867150487,0,13.591943221883906
2025-12-02,9.300000190734863,19.5,-1.2057384209225077,-1.9688720816855898,0,13.591943221883906
2025-12-03,9.300000190734863,19.549999237060547,-1.1557391838619608,-1.7861129509328262,0,13.591943221883906
2025-12-04,9.350000381469727,20.0,-0.7939019432743919,-0.9653313855416183,0,13.591943221883906
2025-12-05,9.300000190734863,20.25,-0.4557384209225077,-0.2141843810007861,0,13.591943221883906
2025-12-08,9.300000190734863,20.25,-0.4557384209225077,-0.20447035712457662,0,13.591943221883906
2025-12-09,9.300000190734863,20.25,-0.4557384209225077,-0.18643044412265974,0,13.591943221883906
2025-12-10,9.300000190734863,20.0,-0.7057384209225077,-0.7141991349756304,0,13.591943221883906
2025-12-11,9.5,20.5,-0.5583908287507242,-0.3680797067952637,0,13.591943221883906
2025-12-12,9.510000228881836,20.5,-0.5760238695369679,-0.38515979270477013,0,13.591943221883906
2025-12-15,9.510000228881836,20.5,-0.5760238695369679,-0.3628568820390479,0,13.591943221883906
2025-12-16,9.449999809265137,20.5,-0.47022730639884003,-0.10095794003896838,0,13.591943221883906
2025-12-17,9.470000267028809,21.0,-0.005493387971320374,0.980807679455388,0,13.591943221883906
2025-12-18,9.470000267028809,21.0,-0.005493387971320374,0.9884031418932385,0,13.591943221883906
2025-12-19,9.5,21.0,-0.05839082875072421,0.8756997951283587,0,13.591943221883906
2025-12-22,9.75,20.989999771118164,-0.5092069878126608,-0.14384450776736532,0,13.591943221883906
2025-12-23,9.850000381469727,21.0,-0.6755338036345933,-0.5282439034073273,0,13.591943221883906
2025-12-24,9.949999809265137,21.0,-0.8518591667590414,-0.948002332740518,0,13.591943221883906
2025-12-26,10.25,20.600000381469727,-1.7808382378212926,-3.057677659782036,1,13.591943221883906
2025-12-29,10.5,21.010000228881836,-1.8116543205892839,-2.8704074727324578,1,13.561127139115914
2025-12-30,10.699999809265137,21.0,-2.1743069572993363,-3.2920889748894853,1,13.198474502405862
2025-12-31,10.699999809265137,21.0,-2.1743069572993363,-2.987823254722399,1,13.198474502405862
2026-01-02,10.710000038146973,21.5,-1.69193999808558,-1.9928434262806596,1,13.680841461619618
2026-01-05,11.020000457763672,21.649999618530273,-2.088552872873528,-2.560165967094638,1,13.28422858683167
2026-01-06,11.550000190734863,21.649999618530273,-3.0230821740131333,-3.667220472315279,1,12.349699285692065
2026-01-07,11.489999771118164,21.149999618530273,-3.4172856108750054,-3.691665299874809,1,11.955495848830193
2026-01-08,11.350000381469727,21.799999237060547,-2.5204301476546433,-2.313287316721748,1,12.852351312050555
2026-01-09,11.449999809265137,21.850000381469727,-2.6467543663699047,-2.3247936465642245,1,12.726027093335293
2026-01-12,11.5,22.0,-2.5849182701915154,-2.1261359763633694,1,12.787863189513683
2026-01-13,11.550000190734863,22.5,-2.1730817925434067,-1.57467579251583,1,13.199699667161791
2026-01-14,11.420000076293945,22.5,-1.9438573070602345,-1.2672501005057575,1,13.428924152644964
2026-01-15,11.550000190734863,23.0,-1.6730817925434067,-0.928520232522475,1,13.699699667161791
2026-01-16,11.489999771118164,23.5,-1.0672852294052788,-0.22520913013378183,0,14.30549623029992
2026-01-20,11.449999809265137,22.5,-1.9967547478396312,-1.2452198037686137,0,14.30549623029992
2026-01-21,11.399999618530273,22.5,-1.908591225487747,-1.1104115864953243,0,14.30549623029992
2026-01-22,11.390000343322754,22.5,-1.8909598662808307,-1.059789887865723,0,14.30549623029992
2026-01-23,11.350000381469727,22.5,-1.8204293847151902,-0.9519586838796411,0,14.30549623029992
2026-01-26,11.350000381469727,22.8799991607666,-1.4404302239485887,-0.5190639779373394,0,14.30549623029992
2026-01-27,11.380000114440918,22.75,-1.623326825494587,-0.7000806555947355,0,14.30549623029992
2026-01-28,11.479999542236328,22.700000762939453,-1.849651425679582,-0.9206613298579018,0,14.30549623029992
2026-01-29,11.539999961853027,22.700000762939453,-1.9554479888177099,-1.0043281559084907,0,14.30549623029992
2026-01-30,11.489999771118164,22.100000381469727,-2.4672848479355522,-1.4970670107844914,0,14.30549623029992
2026-02-02,11.600000381469727,21.700000762939453,-3.061244551955838,-2.014276359523221,1,14.30549623029992
2026-02-03,11.449999809265137,22.450000762939453,-2.046753984900178,-0.9407604384371545,1,15.319986797355579
2026-02-04,11.399999618530273,22.200000762939453,-2.208590462548294,-1.0703258899650536,1,15.158150319707463
2026-02-05,11.350000381469727,22.200000762939453,-2.120428621775737,-0.9485309177692659,1,15.24631216048002
2026-02-06,11.699999809265137,22.549999237060547,-2.387571440959185,-1.1865095565753359,1,14.979169341296572
2026-02-09,11.729999542236328,22.549999237060547,-2.440468881738589,-1.207169689487986,1,14.926271900517168
2026-02-10,11.5,22.600000381469727,-1.9849178887217889,-0.7027030129988047,1,15.381822893533968
2026-02-11,11.449999809265137,22.600000381469727,-1.8967543663699047,-0.5840875305748702,1,15.469986415885852
2026-02-12,11.5,22.600000381469727,-1.9849178887217889,-0.6529760443896003,1,15.381822893533968
2026-02-13,11.5,22.899999618530273,-1.684918651661242,-0.3011404036139559,0,15.681822130594515
2026-02-17,11.399999618530273,23.5,-0.9085912254877471,0.5857968963904161,0,15.681822130594515
2026-02-18,11.600000381469727,23.5,-1.261245314895291,0.20521937102267424,0,15.681822130594515
2026-02-19,11.420000076293945,23.0,-1.4438573070602345,0.012912228850864009,0,15.681822130594515
2026-02-20,11.65999984741211,23.0,-1.8670401964540915,-0.447728099484638,0,15.681822130594515
2026-02-23,11.640000343322754,23.5,-1.3317757964609314,0.21482120021926174,0,15.681822130594515
2026-02-24,11.569999694824219,23.799999237060547,-0.9083469554760129,0.7293198091491949,0,15.681822130594515
2026-02-25,11.600000381469727,23.75,-1.011245314895291,0.626517050833155,0,15.681822130594515
2026-02-26,11.699999809265137,24.0,-0.9375706780197319,0.7324307081022157,0,15.681822130594515
2026-02-27,11.699999809265137,24.100000381469727,-0.8375702965500054,0.8518519016184022,0,15.681822130594515
2026-03-02,11.6899995803833,24.09000015258789,-0.8299374846456047,0.8493733601926503,0,15.681822130594515
2026-03-03,11.640000343322754,23.75,-1.0817757964609314,0.5373724360645871,0,15.681822130594515
2026-03-04,11.609999656677246,23.75,-1.0288766741022073,0.6095150994545908,0,15.681822130594515
2026-03-05,11.449999809265137,24.0,-0.49675474783963125,1.268858895138777,0,15.681822130594515
2026-03-06,11.350000381469727,24.0,-0.3204293847151902,1.4781853849354667,0,15.681822130594515
2026-03-09,11.550000190734863,24.0,-0.6730817925434067,1.0540681254785855,0,15.681822130594515
2026-03-10,11.640000343322754,23.149999618530273,-1.681776177930658,-0.17605909916309273,0,15.681822130594515
2026-03-11,11.670000076293945,23.149999618530273,-1.7346736187100618,-0.22042025806377794,0,15.681822130594515
2026-03-12,11.729999542236328,22.299999237060547,-2.690468881738589,-1.3803264413649774,0,15.681822130594515
2026-03-13,11.699999809265137,22.600000381469727,-2.3375702965500054,-0.905007917053367,0,15.681822130594515
2026-03-16,11.75,23.0,-2.025734200371616,-0.48413109117953734,0,15.681822130594515
2026-03-17,11.850000381469727,23.0,-2.2020612450753845,-0.6892456689457815,0,15.681822130594515
2026-03-18,11.850000381469727,23.549999237060547,-1.6520620080148376,0.08821223145988442,0,15.681822130594515
2026-03-19,11.550000190734863,23.75,-0.9230817925434067,1.1730030703027186,0,15.681822130594515
2026-03-20,11.729999542236328,23.0,-1.9904681187991358,-0.3532680727698316,0,15.681822130594515
