,Aceite_Soya,Harina_Trigo,Arroz,Maiz
2016-01-04,5.51208111051202,4.18011563503131,2.802243992618815,1.5955602931922885
2016-01-05,5.508546375986796,4.037293933882656,2.7959384807433,1.622410187863653
2016-01-06,5.524389313289612,4.053077450545724,2.790373574321543,1.5797092712655458
2016-01-07,5.564683269998124,4.081799238596315,2.7844707006014153,1.5640974082523182
2016-01-08,5.554668172572294,4.170632250204566,2.784473780099054,1.5395521538163164
2016-01-11,5.549346352435788,3.949755277712427,2.788691228335114,1.554793053681247
2016-01-12,5.592021502732906,4.084187399451473,2.7958255562498695,1.6221226571087755
2016-01-13,5.6112735130081175,3.6823115529551944,2.7945265449818253,1.5749344216671095
2016-01-14,5.600567448257142,3.6460404282965437,2.792014741893043,1.61932297312864
2016-01-15,5.617727591108686,3.640984482622688,2.7971452567293897,1.5761371918971374
2016-01-18,5.602090378963507,3.796118609526449,2.796857721453238,1.535216504544066
2016-01-19,5.588322861185644,3.8430511617568586,2.7953910562359026,1.584552745606678
2016-01-20,5.5935434615334385,3.6731020340752094,2.7997681692495493,1.6295605936324793
2016-01-21,5.540768850822063,3.5767385943725443,2.8004790561990935,1.66010951324301
2016-01-22,5.497346147802131,3.664051014126641,2.8064492574437043,1.5810219786062627
2016-01-25,5.482542463780858,3.706777189356034,2.807619584492998,1.5622785318526586
2016-01-26,5.455812484628699,3.6673990925968027,2.8085172169302095,1.6047165093060256
2016-01-27,5.4601070377498235,3.6539053475052685,2.8177519848693207,1.610253200312381
2016-01-28,5.438177820000978,3.8113441896682922,2.8157895929851,1.5559248437883622
2016-01-29,5.399191845196551,3.7632087184115974,2.8240005856089554,1.5866002949661904
2016-02-01,5.437875063417975,3.80374434041684,2.8336741311936744,1.55835144016459
2016-02-02,5.433022428446958,4.192193145176252,2.825033945229055,1.6558356109179837
2016-02-03,5.438177544678358,3.9576708461850303,2.8249649256255553,1.7208870477583953
2016-02-04,5.398718848350806,3.6877931679369933,2.8314454268537967,1.7311540532072403
2016-02-05,5.378560821963074,3.8544449395427276,2.8259258739902227,1.7697142870072542
2016-02-08,5.382251609646469,3.784920591284099,2.810936663812513,1.7301258114483995
2016-02-09,5.356882789196237,3.7718228517699126,2.811084727216028,1.7386427553835495
2016-02-10,5.369641603309136,3.699800541271712,2.8123643968653367,1.7869773382158856
2016-02-11,5.355060297157392,3.7079634054816633,2.804225373750872,1.7482015511241669
2016-02-12,5.346943981751939,4.003073144657566,2.786492253670025,1.6906540075691132
2016-02-15,5.333671493731875,4.146204306221899,2.783637944411549,1.5819602157138097
2016-02-16,5.379639440546871,4.302866097963649,2.772899337333423,1.5755654542108277
2016-02-17,5.380746449830701,4.047946433151868,2.7768626068949436,1.6172093217330716
2016-02-18,5.355008469346761,3.8702845461248665,2.7856152550539246,1.658497999583122
2016-02-19,5.378903726044706,3.488075934476166,2.7840043002251407,1.6628737635013127
2016-02-22,5.3538096923173315,3.4419211607124534,2.7747806895084275,1.6117813794049887
2016-02-23,5.360449916232062,3.6576659354057193,2.783512051307416,1.5122688628313252
2016-02-24,5.309607466688814,3.777330947872552,2.7818995680938228,1.5101596492471165
2016-02-25,5.276232948435108,3.7755154854568795,2.766723332122993,1.508750288202842
2016-02-26,5.277907381624703,3.8119297409405983,2.7709867870192064,1.514902234108414
2016-02-29,5.295600832316997,3.747138837456465,2.784989678122144,1.5633641356957328
2016-03-01,5.299514958082816,3.822406978665458,2.7895319697309118,1.6691200477533266
2016-03-02,5.295887372637366,3.9763292372637573,2.795639610915262,1.659869663276048
2016-03-03,5.288984154384677,3.7418651205231166,2.801982167965802,1.6412566646549742
2016-03-04,5.2502742986252375,3.8211610923863035,2.804033157397868,1.6175604250651539
2016-03-07,5.234930052177262,3.997054349482084,2.8087307802433448,1.620008524004623
2016-03-08,5.223786381497115,3.940922532710788,2.809786319620538,1.5742769766873106
2016-03-09,5.250760724153181,4.079849856311806,2.8072168853811204,1.5865093535789583
2016-03-10,5.2591592514595815,4.572587676523546,2.812923254940698,1.6175983856482756
2016-03-11,5.215581874826416,4.482817497301475,2.8000003285209716,1.6197694656428718
2016-03-14,5.225843925943226,4.5084806999767775,2.79560416907452,1.634092270488499
2016-03-15,5.214801657767371,4.324875509249651,2.798845455422055,1.6517560262544813
2016-03-16,5.196932680990842,4.323296429032974,2.799682290468528,1.5584783846622468
2016-03-17,5.211997284644081,4.379470941410383,2.795942177396602,1.5994760425720775
2016-03-18,5.2354541208554215,4.3857097599516,2.7987397131937977,1.5724357770085682
2016-03-21,5.257607256473793,4.183371431147993,2.798461151398453,1.5317057079587957
2016-03-22,5.235892393654989,4.203194318792479,2.8089054655575,1.5059660913731407
2016-03-23,5.230374244877444,4.442173795279999,2.8097274459561863,1.5532503545371943
2016-03-24,5.239666869855795,4.482633343406324,2.8143505218773615,1.562344355951779
2016-03-25,5.265088604618713,4.61758031341969,2.830108521430595,1.5087570572974363
2016-03-28,5.255201233284314,4.508043163221867,2.829355551666116,1.56298538321795
2016-03-29,5.250651611991968,4.592794783669357,2.830152337554881,1.5137670464181079
2016-03-30,5.224076122395645,4.574716362822849,2.8349557750850995,1.5521474544208103
2016-03-31,5.194367591343204,4.338087563891277,2.8265763399968975,1.5828211410329471
2016-04-01,5.215636599869466,4.369549174061223,2.844424269806386,1.6482173012708152
2016-04-04,5.2488972168245684,4.1769301080013586,2.841760268428752,1.7386048130716316
2016-04-05,5.242386455809948,4.062764262750868,2.8406652595264528,1.6450355066189948
2016-04-06,5.267838209129404,4.1059697583629235,2.8409500209499163,1.6390723235437958
2016-04-07,5.280416744963044,4.15956524702684,2.8512185553279923,1.630417298758885
2016-04-08,5.26646276396509,3.957858791000733,2.856386433246499,1.6591102630248407
2016-04-11,5.278066264289628,4.150690435711551,2.852066684200738,1.6654178726372006
2016-04-12,5.320231516897848,4.254450215019587,2.8594893341296164,1.6456933465028323
2016-04-13,5.319930921927726,4.121237850083193,2.8538329484664873,1.619187928154516
2016-04-14,5.360887471939691,3.8866453241668157,2.8523133835318193,1.5724695357382474
2016-04-15,5.293013255628035,3.8762087199851463,2.8515666664495805,1.6398090814642265
2016-04-18,5.3136894205664476,3.8410232880584445,2.8525110530748923,1.6710624022865344
2016-04-19,5.3176449911440455,3.8928336756261297,2.848846250059722,1.7099441066330165
2016-04-20,5.3130010919923345,3.862608701972085,2.841290458883382,1.6739623809509374
2016-04-21,5.315470474985834,3.5935540337575693,2.8411155292543864,1.6307001109468038
2016-04-22,5.264473390164169,3.585334840350148,2.835128358952182,1.5763917154347207
2016-04-25,5.2593471645522065,3.599425351506329,2.8484838526101703,1.613609501053929
2016-04-26,5.270058846906054,3.7539523577317,2.8544041104317412,1.57669650115141
2016-04-27,5.304936904345115,3.6995371294506905,2.8611846778466914,1.6864364181477474
2016-04-28,5.287321098210087,4.003774333314645,2.865978929260188,1.617295163220694
2016-04-29,5.266103550790582,3.7165217583652894,2.8701643365809595,1.6403799996097093
2016-05-02,5.251291288805407,3.9607673702969306,2.863417745795183,1.7226976823596685
2016-05-03,5.273765798925331,3.9487229883419217,2.862592134512728,1.7349188056160623
2016-05-04,5.282204731871936,4.1095459316191825,2.852382874312488,1.7218891162727141
2016-05-05,5.2682562480466295,4.119917630403285,2.8424985367174904,1.6492074161242067
2016-05-06,5.284743559241172,4.31608834713277,2.845951540732789,1.582456856778852
2016-05-09,5.2883207975882955,4.226953993577523,2.8435701328388245,1.6355531675802266
2016-05-10,5.314029781185545,4.039643885689453,2.8433997085844323,1.7171823940795674
2016-05-11,5.297894511337133,4.282244984120893,2.8476145432436955,1.6782523620788985
2016-05-12,5.28758261092514,4.240558876129425,2.8463174610348356,1.61445341169248
2016-05-13,5.280256592733092,4.261422391028834,2.839347572558914,1.5046575304774352
2016-05-16,5.2435540182276466,4.447914949028024,2.8400068046244353,1.4945317065806918
2016-05-17,5.252841066508253,4.230107461825426,2.8555455947508217,1.5286901410343636
2016-05-18,5.257593476949688,4.318523903385508,2.854028493271488,1.630159827932867
2016-05-19,5.254876219548575,4.192271320275124,2.859581572027466,1.6675807673801974
2016-05-20,5.251100044176417,4.159308513094893,2.8628559658270487,1.6782703977825764
2016-05-23,5.216748792301862,4.155798066496269,2.8595329702004952,1.6475092571301302
2016-05-24,5.204764483708074,3.904297689649911,2.8459970932526653,1.6157318910152125
2016-05-25,5.19481783269197,3.8039378055001816,2.8444827176999574,1.6929356913693074
2016-05-26,5.177595716180129,4.046061384801215,2.8360678299163133,1.6857256026311949
2016-05-27,5.17154180169915,4.1957169006427435,2.830153739746056,1.5726818981339992
2016-05-30,5.185402042366898,4.1760673599370115,2.8202603482006228,1.553985166771296
2016-05-31,5.231096030692231,4.219496935761545,2.817947140307368,1.5379996583038795
2016-06-01,5.237237436263883,4.157999780695367,2.8310617703554914,1.5461860970717203
2016-06-02,5.243446163602563,4.3850476964544844,2.8297361115785007,1.594853129952154
2016-06-03,5.243257059907484,4.316012428868055,2.837538746924368,1.6044045582742223
2016-06-06,5.194472783955512,4.3162836409679715,2.8352517413772955,1.6087381431964527
2016-06-07,5.193889042351169,4.490020888208054,2.8371287712613706,1.6870766740390424
2016-06-08,5.19589153059637,4.305175474806284,2.8218393671621373,1.637968483343505
2016-06-09,5.25600330606153,4.573033718436981,2.817189623595008,1.7359582302215621
2016-06-10,5.2531290432353535,4.2460467154132635,2.8069973374763735,1.6755118821004145
2016-06-13,5.260079018225343,4.516502428596054,2.8021671224540725,1.671021948091335
2016-06-14,5.2591425105503395,4.399607065235002,2.795794760037994,1.645783298789396
2016-06-15,5.228061704147653,4.312934875918212,2.7962098394810666,1.6533076223526222
2016-06-16,5.251854300656499,3.9813939335891115,2.793022588786012,1.6692137355820078
2016-06-17,5.270862871167817,3.929524295338379,2.795203444917927,1.6854791290128102
2016-06-20,5.296446274059477,3.796804735738024,2.7933944787359244,1.635424339755563
2016-06-21,5.275454639686854,3.737173217860265,2.797605706178075,1.5817785090291816
2016-06-22,5.311480297394955,3.7690287404020726,2.793552576205163,1.7209668780606384
2016-06-23,5.275727214210412,3.949664615364711,2.791121588704603,1.6726966114615958
2016-06-24,5.291080248461835,4.0064925225135575,2.7923074375004058,1.6997475211515243
2016-06-27,5.3486033215417335,4.085237637834829,2.79953612065974,1.6106015598614505
2016-06-28,5.3211453202524535,3.9088699068307706,2.7989670185683813,1.6022839758317449
2016-06-29,5.309491487065923,3.7955183340153846,2.809306255472457,1.6101698524067143
2016-06-30,5.313977135296206,4.120913922655306,2.8138088488613104,1.647923422004272
2016-07-01,5.3030977754652255,3.999318741655443,2.8085223105880397,1.5164806033403613
2016-07-04,5.265116863184306,4.278228716978272,2.8016126147216482,1.550677247012026
2016-07-05,5.267312605815162,4.21754541371118,2.8022273886892446,1.5208832399488736
2016-07-06,5.242352653181694,4.198405883272049,2.8016886196680093,1.5637920286875513
2016-07-07,5.255947783606659,4.3745115143291065,2.8134354264968255,1.5413177063493493
2016-07-08,5.232480736902847,4.561498574576299,2.8214466934383977,1.5279602636194207
2016-07-11,5.2707661860521755,4.495632763021185,2.8105352559258505,1.541692580301347
2016-07-12,5.251621389655093,4.374056349457716,2.8036495375022117,1.5142624911151576
2016-07-13,5.247178889684123,4.330497939642062,2.806011362095178,1.5272309273880886
2016-07-14,5.265519534017944,4.3671571651789804,2.805418776094098,1.4992899515878122
2016-07-15,5.2318485078758075,4.48323229429542,2.798937060579464,1.4522152508851929
2016-07-18,5.238328038743843,4.438669062741832,2.8058199076093526,1.5479328555352203
2016-07-19,5.271827154739275,4.517685443699537,2.8005258667195188,1.51058614193399
2016-07-20,5.232087972256452,4.757369227208044,2.7972564810329126,1.534908440330429
2016-07-21,5.237656953647916,4.747448461906811,2.791171009680539,1.5975129837322404
2016-07-22,5.244146009109181,4.7260497861387485,2.793108852729538,1.5826066384616917
2016-07-25,5.267422236772604,4.3800510249686795,2.8010336200457924,1.5619434157678007
2016-07-26,5.233306931566156,3.9041634729929524,2.7997650098077878,1.5936580066958068
2016-07-27,5.198934954654532,3.9800242216092037,2.8028291207560634,1.6626541777385702
2016-07-28,5.2121779748329535,3.9821224150253363,2.807818120180603,1.6009317968124737
2016-07-29,5.216601085216334,3.915698527936919,2.8007104597303627,1.5998649859893292
2016-08-01,5.222927563659261,3.9776314705320965,2.7998759789566323,1.5299489063764709
2016-08-02,5.235517116769535,3.986079529980614,2.812532673801917,1.5464849022043659
2016-08-03,5.218916723050198,4.180160054892098,2.8053449333734863,1.5704308488619043
2016-08-04,5.22563830563388,4.186846309821013,2.7989624889953006,1.546434786797621
2016-08-05,5.2307759700881,4.055120406134548,2.787799330408102,1.5459551467015755
2016-08-08,5.212002843045634,4.2197318474916194,2.795793829302443,1.5070981763898417
2016-08-09,5.2585211858377585,4.18168098361241,2.796752858898654,1.5456320508357164
2016-08-10,5.270246606318222,4.26538109857191,2.7966999224164804,1.6201946047566975
2016-08-11,5.243302545386173,4.159245531974709,2.787304896177111,1.5704869923372118
2016-08-12,5.261447033296796,4.051352286950564,2.7897132616838176,1.5591349932273002
2016-08-15,5.23498005877666,4.065157334902795,2.7778900392623633,1.597648576980579
2016-08-16,5.255733853045639,4.077689194842024,2.778165869799873,1.667438449612492
2016-08-17,5.2865200327066315,4.169285142464052,2.786749154033131,1.5904832791706158
2016-08-18,5.268559444933467,4.113869659519141,2.7831530605017907,1.5900539544632435
2016-08-19,5.2967498509047335,3.829739018444823,2.7746133322296362,1.6091475282427405
2016-08-22,5.3055248786878515,3.7996025956808217,2.7760889287589325,1.6155219181492295
2016-08-23,5.325199913381616,3.966141562996848,2.7852392422872443,1.502420436978699
2016-08-24,5.371632298228846,3.950309737157269,2.7989643050761384,1.5617599457920628
2016-08-25,5.36523596593614,3.9322940845683205,2.801207220993275,1.6536845981649968
2016-08-26,5.347285063530552,4.111158640629247,2.797207950950058,1.654859405002912
2016-08-29,5.3270319831537645,3.993304380812889,2.7992546812157055,1.601862240407687
2016-08-30,5.3064760034820715,3.7644655412698143,2.792102979819131,1.5831096981614985
2016-08-31,5.304258215679704,3.781064954400332,2.798212572306966,1.6836551999380582
2016-09-01,5.3136988122618485,3.749741689667085,2.797249524763707,1.7163571521519745
2016-09-02,5.31940910261801,3.650673918688693,2.7866617919792325,1.7229858643135636
2016-09-05,5.345464911509544,3.6853435286469014,2.7866446025111182,1.7188159628040176
2016-09-06,5.342789345835156,3.8101807334138957,2.7899352487708198,1.6620635665176144
2016-09-07,5.381024189248085,3.8559221731957822,2.795831294393599,1.643453346592884
2016-09-08,5.3789748919700955,3.937054660223235,2.795543829101862,1.6313693875403785
2016-09-09,5.450118477501636,4.279046032898938,2.807712257865874,1.6631524652622214
2016-09-12,5.466532674422416,4.2113603051760995,2.8116443769376582,1.7353578267942025
2016-09-13,5.4437447687039136,4.24701110844528,2.8034773034079756,1.7720085280615727
2016-09-14,5.415876648603284,4.143833971399774,2.803084425363866,1.6639527832677492
2016-09-15,5.431849952353444,4.011255902540541,2.7934692508278904,1.6614925652964094
2016-09-16,5.421661947507345,3.932924589287892,2.80506045230376,1.698586937164694
2016-09-19,5.444048407685195,3.8895566342732204,2.805014592758034,1.7145754254364376
2016-09-20,5.4537581204452845,3.980556092252975,2.795320442557554,1.6604183892152793
2016-09-21,5.451706586016856,4.395917182285384,2.8000617332284072,1.8069740683714446
2016-09-22,5.429094640072605,4.237937482983015,2.809338455575549,1.7013366910973555
2016-09-23,5.391461733329154,4.148270415914122,2.812155968191274,1.6321577351157517
2016-09-26,5.376910862897191,4.133849639640516,2.8234328109246936,1.6510153871064859
2016-09-27,5.400489531757939,4.207485875015245,2.8321907557326793,1.762631168241717
2016-09-28,5.410854222325321,4.247948780717934,2.8244332480754397,1.6866687252321886
2016-09-29,5.376094394525212,4.449689032742628,2.8204004793982693,1.6605603488029164
2016-09-30,5.3814040312802955,4.005127572715229,2.826263865207854,1.7147493954229978
2016-10-03,5.390370079938472,3.6575912711973424,2.811496698630028,1.6858498739145937
2016-10-04,5.368893752745864,3.635180378867191,2.814938431042478,1.656242068398743
2016-10-05,5.373327817247803,3.8593386894381463,2.8096761577034455,1.6738258035525826
2016-10-06,5.373880261814152,3.6561705108012856,2.8158301991821775,1.6747740153012878
2016-10-07,5.34594922765187,3.284752671981578,2.8235478617035232,1.7142724143292642
2016-10-10,5.3594332844829315,3.457897002269137,2.8219332135636677,1.7576683190741915
2016-10-11,5.373898609711945,3.5713088401931192,2.8027124515947515,1.7376447028362716
2016-10-12,5.403896094194469,3.487184217656342,2.8018324298876878,1.7191805305293264
2016-10-13,5.428924961332353,3.4287889829416778,2.8124947487000913,1.7142744127363765
2016-10-14,5.391511355317612,3.36737788097457,2.8196974685119405,1.7254037634118782
2016-10-17,5.368739482944395,3.4628433202456876,2.8115411894019915,1.7008919453861417
2016-10-18,5.385655140687729,3.454306278673201,2.818633147296283,1.6898579735574504
2016-10-19,5.400153512500968,3.604693281583475,2.8190403951700502,1.7365168576738637
2016-10-20,5.4132756330492064,3.2733427604953205,2.813251024780291,1.7912795050483854
2016-10-21,5.514754930432135,3.2759952044495333,2.808421646437677,1.6738558482039116
2016-10-24,5.527564630200211,3.227339185631233,2.806232606689012,1.6625371493053092
2016-10-25,5.559564886450783,3.3021847405009335,2.8144588220223867,1.6255576096084914
2016-10-26,5.587500162694614,3.331649226319391,2.817948338677806,1.6142183257357576
2016-10-27,5.60443265926251,3.540385379008732,2.812012511953026,1.6382729190862138
2016-10-28,5.5953535028930546,3.3532328476961593,2.800642474565904,1.6660879778485755
2016-10-31,5.61682144793989,3.4561812668288603,2.793587756016566,1.6485058953529903
2016-11-01,5.595494253688196,3.613864928448222,2.785503794418533,1.5458174416511676
2016-11-02,5.5894365943942965,3.9620546737071787,2.7918554645038682,1.520068875408722
2016-11-03,5.581561844357887,3.9118606130393525,2.7767104310501143,1.582676806886995
2016-11-04,5.583650775162324,3.997254030803165,2.7743867026226043,1.4649270215028984
2016-11-07,5.645675468595708,3.7555290127026657,2.776513213546951,1.561162382400993
2016-11-08,5.594298525467835,3.449434199454391,2.7763611623248092,1.605737748176928
2016-11-09,5.614877011309184,3.6581720376541953,2.7802810426295306,1.6758449250051572
2016-11-10,5.571621688453034,3.7091974243959815,2.782138243719113,1.6533149462349546
2016-11-11,5.558015590279788,3.9428125969743864,2.794571216276609,1.5549164899449632
2016-11-14,5.590544121549511,3.767314951030088,2.8014208498434217,1.5968422004064442
2016-11-15,5.595893393304503,3.8983920077840164,2.7976409482519387,1.667949175358181
2016-11-16,5.566128011903919,4.231078762041938,2.787933250989603,1.7005421053008571
2016-11-17,5.5433531974730625,4.292055808700779,2.79936300597692,1.650962588605179
2016-11-18,5.564152392082722,4.332766454877665,2.803043200772487,1.65357490158973
2016-11-21,5.543605220159815,4.311752537830019,2.802663120208136,1.6201782421999582
2016-11-22,5.551567400197751,4.0371151949686555,2.804392834737942,1.5848409990574246
2016-11-23,5.5488517010592195,4.28045307289112,2.7946657836771576,1.6418036665705302
2016-11-24,5.533941791167671,4.16249929162513,2.7851521801000385,1.5807692139673548
2016-11-25,5.588924244288214,4.264940820197084,2.7689921084092934,1.541842513569406
2016-11-28,5.608043703245383,4.003916346079714,2.7722214970504044,1.5097213407425345
2016-11-29,5.554269812356569,3.829043989200217,2.7809571287520174,1.4729715778043824
2016-11-30,5.557566721623107,4.100354513354139,2.7813278846256244,1.5138355481990093
2016-12-01,5.53948193538573,4.049921818021504,2.7775741906200326,1.595030397190819
2016-12-02,5.564166456487413,4.316263058713092,2.7801777396676997,1.5900807000051271
2016-12-05,5.543718297984838,4.282431845926434,2.7782282494707644,1.5281546425594934
2016-12-06,5.5424047602145095,3.9673592832134412,2.7779815265395906,1.5895926721454536
2016-12-07,5.560694408009819,4.143063524430989,2.7727942960813623,1.676245152975997
2016-12-08,5.580804392011818,4.057392310120674,2.779538412048004,1.6344445897997055
2016-12-09,5.552778230351935,4.18213617832504,2.7903739729078803,1.6116074849791824
2016-12-12,5.544544775268372,4.18523231265126,2.7841236277658497,1.6378575506370825
2016-12-13,5.530373035137713,3.931580804101794,2.781330239703123,1.717696427721184
2016-12-14,5.51056502961954,3.9822714185769437,2.78447441037868,1.670011408888151
2016-12-15,5.557485158485913,4.386254213485223,2.786451705699656,1.5966671631478881
2016-12-16,5.570797762630037,4.453100557856525,2.791199854986946,1.6289499595979249
2016-12-19,5.53734423548308,4.401940142203196,2.7997343375502846,1.6710480320777612
2016-12-20,5.5656022798588545,4.576012427032976,2.7948994316658555,1.6580260412718937
2016-12-21,5.619771949664853,4.582258153318532,2.788548755610597,1.6209405542373116
2016-12-22,5.648116249526277,4.581948897635082,2.7954738639534615,1.6813525202406465
2016-12-23,5.6047146716436815,4.33087343206816,2.792933704135163,1.69729540632725
2016-12-26,5.592963436171902,4.352876464552298,2.7913275804670112,1.6417405405722973
2016-12-27,5.629525775301035,4.528031297722618,2.7850692047818324,1.6335144022915205
2016-12-28,5.609940361396429,4.335845617013412,2.797594061816969,1.571852331943913
2016-12-29,5.616500237712398,4.5752223451069325,2.791106206596817,1.6141376519360695
2016-12-30,5.638322313639072,4.5190171274893265,2.784230066163819,1.6004539857853817
2017-01-02,5.614721503498102,4.318516878052211,2.7835772795532376,1.583624670711267
2017-01-03,5.614474439811986,4.480201507122648,2.7893727737679828,1.596600156947782
2017-01-04,5.530975570293251,4.3728085119994216,2.8009699957889675,1.6088277053433495
2017-01-05,5.501928856740904,4.475772190284973,2.799361411826486,1.657156687221601
2017-01-06,5.49719790886374,4.386050825698121,2.8007952684631072,1.6807124031968705
2017-01-09,5.467416137181242,4.341632678079075,2.7882213854222027,1.6576322870640603
2017-01-10,5.506946383969792,4.417717779866785,2.7882524885101185,1.6888457553262064
2017-01-11,5.470409389776369,4.4293637860565225,2.792232488874347,1.6939800340091933
2017-01-12,5.458202760915123,4.056757675966807,2.7932405436581593,1.65986764826924
2017-01-13,5.461887994934317,3.8921144267579084,2.7955690532584923,1.6505722562979923
2017-01-16,5.5010099298201505,4.082906590212461,2.80173173852616,1.6415766769366331
2017-01-17,5.4625989202829786,4.062547908148717,2.793577473712778,1.6643118602469245
2017-01-18,5.492137763643402,3.9979962345316005,2.8022379595370577,1.6421383271744876
2017-01-19,5.49292198518947,3.8064368591172464,2.7995570729321178,1.6220483778293644
2017-01-20,5.46516444510843,3.6796665858578774,2.7919479309733735,1.720834113420099
2017-01-23,5.475359734069296,3.447142107815405,2.785067589402056,1.7458910042782576
2017-01-24,5.482522000982012,3.51418025701256,2.787188176310286,1.6787226181107946
2017-01-25,5.464675027950315,3.49846977602503,2.8026587075710556,1.6999441084716922
2017-01-26,5.468400883458698,3.438033022350619,2.804986411527877,1.6893907327381938
2017-01-27,5.4597432338573375,3.506921495945064,2.7946555728733267,1.6910154239243667
2017-01-30,5.459385963038563,3.632589830492473,2.7998078323357958,1.6832796507771555
2017-01-31,5.475718630642023,4.019522049424384,2.7991832446187974,1.7316105286944041
2017-02-01,5.5206413951150735,3.8113005082243094,2.806073230058388,1.7249730503311926
2017-02-02,5.48622314859716,4.0281459511193844,2.814714503249697,1.7023003319480328
2017-02-03,5.542096541106184,4.220793665883428,2.8081024506594194,1.7436537749602692
2017-02-06,5.491863696878137,4.074461649796093,2.800616102493197,1.7271362330938818
2017-02-07,5.490023065396464,4.119239022140351,2.801202307350225,1.7084221841846217
2017-02-08,5.505434877615353,4.054941720529212,2.796086634323647,1.701986028064936
2017-02-09,5.51198890475466,4.101603161780482,2.795770687169025,1.682520672608731
2017-02-10,5.499105876058067,4.363169603914117,2.801290103585074,1.6769520439166339
2017-02-13,5.497877364926713,4.446434996469148,2.791601773787258,1.6376417970365593
2017-02-14,5.48746951389343,4.500838750472835,2.7899540397831117,1.6008389855921488
2017-02-15,5.472592206053365,4.379971744126864,2.8075149207059655,1.568345199627521
2017-02-16,5.493618704133174,4.108737500026322,2.813820695676256,1.524123039052853
2017-02-17,5.501653478993982,4.0845618286991,2.8256158332397185,1.5150981630250344
2017-02-20,5.484970520724791,4.293538651149399,2.8226978091124306,1.5350356397491243
2017-02-21,5.510069066697882,4.0317586855861265,2.8309625363647246,1.5690341835673756
2017-02-22,5.521738934330842,3.8847576671116806,2.8341572255180885,1.5717877949274124
2017-02-23,5.545211448298534,3.945055045103478,2.8294079152849525,1.4769141230987706
2017-02-24,5.559097303203833,3.8234335984477115,2.8267229950085166,1.5878579593386934
2017-02-27,5.53979414727468,3.7407645723223855,2.827860699573612,1.6508524682848191
2017-02-28,5.523154968575146,3.724116886496158,2.832849371590342,1.6682575499467611
2017-03-01,5.542594265318183,3.5800620800350127,2.8227346242401152,1.75145271952727
2017-03-02,5.559857772477848,3.512509106483839,2.825164008354299,1.6741436056329149
2017-03-03,5.564184687411493,3.6913176769241614,2.8322036274803835,1.765407687582101
2017-03-06,5.574694990653698,3.5596669652386264,2.8247860831644127,1.6751629353640805
2017-03-07,5.6107987348373385,3.4135969502957164,2.8337805148410937,1.6795679723822643
2017-03-08,5.5949268363336415,3.409713567928976,2.8232236842152405,1.6022837815767987
2017-03-09,5.6112871670085696,3.603841268601775,2.836258467763733,1.613295757422667
2017-03-10,5.6082833371007474,3.6418283022085474,2.8332149802441484,1.6369927342088415
2017-03-13,5.602156065639112,3.6356541952662615,2.8323225267467063,1.6286821799887772
2017-03-14,5.636277043035446,3.7140222876739775,2.8275139963378604,1.6644961652980557
2017-03-15,5.659625792188477,3.521393220195857,2.845943453575258,1.666357020706017
2017-03-16,5.683354952786532,3.675894978911955,2.8399986042562406,1.6285427692012657
2017-03-17,5.721061625526885,3.804401631721351,2.8398969854045655,1.6045375238666482
2017-03-20,5.7230612175176,3.7915436158877016,2.8499211420029242,1.6563003828737974
2017-03-21,5.744212295495828,4.005173118334927,2.8573731057240583,1.6228830444735278
2017-03-22,5.734706709836418,3.8526840949964334,2.869952604571017,1.6825143066801695
2017-03-23,5.742813727593396,4.078919371687568,2.8706070758568725,1.7352056141230316
2017-03-24,5.737161284800586,4.121966237922132,2.8726220064423527,1.6335699196471487
2017-03-27,5.741301457799791,4.081573769593235,2.869961586287031,1.6948226008330367
2017-03-28,5.759981412827085,4.101688005847668,2.8684595177878305,1.7970911724020782
2017-03-29,5.7389134479446335,4.09573417101697,2.862796166094303,1.7746959993030496
2017-03-30,5.801190490811063,4.334801649245691,2.8684147415617103,1.7748693945570053
2017-03-31,5.773693700005282,4.136013662723054,2.883078969345774,1.8053924611109096
2017-04-03,5.74213689843206,4.016993612177017,2.880602197818822,1.7518433197548606
2017-04-04,5.772086776549741,4.22196488272047,2.879720711892335,1.7320767563350248
2017-04-05,5.793628712409331,4.131016352762867,2.876126745389261,1.644154272495252
2017-04-06,5.813093109930173,4.302640205738985,2.8787105245430404,1.6555999104520234
2017-04-07,5.833099498080596,4.605149537427491,2.8870531274849873,1.6860438046701458
2017-04-10,5.832537381851039,4.489883370057119,2.887225998885884,1.706357484622449
2017-04-11,5.807769984055064,4.578569829344384,2.893985965941241,1.7555673178086935
2017-04-12,5.806821724542305,4.333826178990403,2.891162083015573,1.6875599999578232
2017-04-13,5.787614469285745,4.451917550299626,2.8893229539906713,1.6525287175344117
2017-04-14,5.8173040100891,4.470909615022899,2.890815884089103,1.7498500822635463
2017-04-17,5.815002014999344,4.529303181975277,2.89470071885782,1.7182814297949474
2017-04-18,5.793629849878983,4.37574123009737,2.8969463356894973,1.713600821552752
2017-04-19,5.785277160327571,4.078509058074945,2.896805590756257,1.6990242400385243
2017-04-20,5.797235499522132,4.185260255407383,2.8884346071079556,1.646584623356398
2017-04-21,5.780505638698152,3.8573950507190164,2.8899549832137557,1.7327126225052683
2017-04-24,5.759807379393147,3.8484915102930772,2.8890241912537005,1.6871469715795389
2017-04-25,5.767981086074493,4.0454394091798145,2.8841294452905752,1.620818136074958
2017-04-26,5.7763660156569285,4.1025564901621285,2.8834765106655835,1.6072872119532804
2017-04-27,5.76157587538533,4.449808703759005,2.893913473999097,1.5243966706775673
2017-04-28,5.744073948644719,4.605067308851754,2.8872636764303183,1.5254193229616146
2017-05-01,5.7534599628754926,4.444583224833287,2.878913103638027,1.5123246131872659
2017-05-02,5.712970217927714,4.413840798278384,2.8808567734225803,1.5759851490380477
2017-05-03,5.673000294576772,4.372643694777226,2.8768142436264705,1.561916398560255
2017-05-04,5.655491327772378,4.0828853913821,2.8855861409386327,1.632095773696628
2017-05-05,5.649266073295865,3.946012075714542,2.8814392561446414,1.7041368908503551
2017-05-08,5.660555142151383,3.8919964911857092,2.882906907141051,1.7286091104312649
2017-05-09,5.70264716119759,3.631888525175867,2.8925058899847835,1.7093122724786254
2017-05-10,5.7281961618181345,3.7117925137649355,2.8841699804697067,1.7004264709397363
2017-05-11,5.721131428238967,3.732186466651291,2.8782940916439936,1.6090017510302497
2017-05-12,5.72384102425035,3.544542146111327,2.885930673032267,1.6162493993631855
2017-05-15,5.697414338115419,3.674190131442379,2.8835102041171856,1.5767718171056966
2017-05-16,5.696522341517893,3.8450343404413077,2.886360543508576,1.626869636350989
2017-05-17,5.689416343494614,3.922919623421562,2.898599959852839,1.7718957620709908
2017-05-18,5.6946447862423755,3.908466982625443,2.885872620919313,1.7618132175131898
2017-05-19,5.673458943209563,4.034692699515775,2.87209566086375,1.624770297117159
2017-05-22,5.685733196791042,4.171836637603333,2.8610238265791472,1.6056167500446996
2017-05-23,5.725077966592789,4.240184586298843,2.869059029345101,1.622531848683505
2017-05-24,5.7190641140446505,4.100605734495254,2.8767010282343763,1.6353937429870606
2017-05-25,5.733111870663479,4.165807495846461,2.868125009074029,1.6000150212654234
2017-05-26,5.751147804131986,4.383692644886728,2.8702412398476036,1.6249273363621846
2017-05-29,5.74406464374825,4.261715791186741,2.8820963075094888,1.5754346660904037
2017-05-30,5.749474211468596,4.633582720153284,2.8940158362205843,1.5559008978287108
2017-05-31,5.746355969566869,4.488539027917076,2.8951311048335366,1.6106174851717043
2017-06-01,5.746943481157431,4.464087916064876,2.8835634425989296,1.5645892966117902
2017-06-02,5.728948595296232,4.314291943637289,2.885937269657683,1.6074899674502248
2017-06-05,5.729723714692734,4.343762280086102,2.8845680909294353,1.5499030168083123
2017-06-06,5.74263629142088,4.042478870347305,2.881477744968852,1.6570089847484968
2017-06-07,5.783609019810868,3.9878148899659123,2.876513346303687,1.6144274359331383
2017-06-08,5.811932308447637,3.8533367631296938,2.884109308678754,1.614465775268811
2017-06-09,5.8754069992704006,3.9359311634706113,2.8809754113296524,1.6432934615229198
2017-06-12,5.857667375138438,4.132039005461126,2.8792623719311683,1.6167190126954574
2017-06-13,5.881869756071966,4.263099624060144,2.884776278333415,1.6362165864821367
2017-06-14,5.88439728287602,3.87927682763641,2.8810101146289244,1.6706697960932584
2017-06-15,5.946066970665783,4.274591522525977,2.8774445179466226,1.7158856200290704
2017-06-16,5.924132531349132,4.321952949919268,2.8862415519925175,1.7453437138107424
2017-06-19,5.898500108406394,4.179340239628536,2.8877300001819943,1.7149227187830727
2017-06-20,5.879772993480266,4.213078181359118,2.9001545575325998,1.7019113696487278
2017-06-21,5.821401092363615,4.235573554073136,2.893224807119159,1.8107902827101219
2017-06-22,5.8070801305075115,4.12346689048325,2.8907192015275354,1.821491329378414
2017-06-23,5.7864973900706875,4.166995425256513,2.8954530301326615,1.7307494332263251
2017-06-26,5.789382632041428,4.077518695431201,2.8986080384717976,1.7197397823165705
2017-06-27,5.798816979565948,4.0346824120624145,2.8996911645292975,1.6931530470449783
2017-06-28,5.849579945502037,3.9626232711273963,2.9067209779256418,1.67962073069432
2017-06-29,5.878889998152769,3.782013785468696,2.9001477537002573,1.6102072316116383
2017-06-30,5.865530503546665,3.8574624326019973,2.9025446926128953,1.6061270879745724
2017-07-03,5.836446087182602,3.990560075248639,2.901542950495247,1.7141719509791884
2017-07-04,5.848536579298261,4.109172450129657,2.8920853069120547,1.7242154908121683
2017-07-05,5.808577715329074,4.255284829656433,2.8916273344002437,1.5849300286149992
2017-07-06,5.858811304617432,4.324129928185596,2.8893321101270324,1.6566556315619076
2017-07-07,5.892348656229314,4.235058957576422,2.884069185436848,1.7082306657908715
2017-07-10,5.87615578559467,4.3809060322371876,2.875324448398806,1.6720004048150638
2017-07-11,5.826351446235766,4.124859982742271,2.883926527575566,1.7054243728350513
2017-07-12,5.862452227586841,4.003195185974242,2.8886790641592723,1.649034934506687
2017-07-13,5.8601845753991,3.881288692935086,2.882062320704195,1.6215111257188066
2017-07-14,5.895741771152483,4.108094725126278,2.8901424424583966,1.7061382821734796
2017-07-17,5.849571489191405,4.275199880677471,2.8817756422992256,1.6724037335745898
2017-07-18,5.833645686521753,4.3543081593569966,2.884762781687627,1.5757393898379009
2017-07-19,5.83298359203902,4.533459712329095,2.88517955900451,1.586807499770508
2017-07-20,5.834131897577531,4.344983744164464,2.8858479113188507,1.5953773879378126
2017-07-21,5.825906130235484,4.3938899069533095,2.8880986817299927,1.6675152210860045
2017-07-24,5.8469514765032455,4.361475899440004,2.897055373354691,1.6641811280362482
2017-07-25,5.814506988926611,4.491194672767167,2.8945987133635422,1.6438353881561452
2017-07-26,5.812928398537158,4.441732637798536,2.9031172988137888,1.697589145326542
2017-07-27,5.818639367892134,4.353315806750968,2.8975456566886613,1.6930046589736487
2017-07-28,5.83081304757216,4.4402336493407155,2.892360467457752,1.6433841252101122
2017-07-31,5.853148446118645,4.582335181439719,2.893308169988393,1.7037470638412782
2017-08-01,5.825685081607312,4.416405066525341,2.8952885967345052,1.7019571813160541
2017-08-02,5.780810149702143,4.374980773291478,2.89916507658121,1.6891897025143803
2017-08-03,5.81470285421082,4.1876605107519,2.8842172183528505,1.6815339365530664
2017-08-04,5.826822678175855,3.7999083234003415,2.8873312339864445,1.620754898086465
2017-08-07,5.807021096813626,3.879008415846666,2.8870044204684673,1.602968879657117
2017-08-08,5.852177647266795,4.0301649526331085,2.8844285277188626,1.611616154699674
2017-08-09,5.856694191736362,4.10193327796449,2.87682099669554,1.6055629163145422
2017-08-10,5.891332589424507,3.8203900029871227,2.885799618486921,1.6829132740844124
2017-08-11,5.890587382159289,3.818536777122653,2.886327779031704,1.6865669382377242
2017-08-14,5.952112717702406,3.5552167622569306,2.8828712850167717,1.7194760504347675
2017-08-15,6.005764194757203,3.8535750707022878,2.8776345344834007,1.696960569199274
2017-08-16,5.998520904779063,3.7378101369073002,2.877050271700624,1.7340187539460226
2017-08-17,6.026937911682296,4.004196193238037,2.8820398361007435,1.7358445426327613
2017-08-18,6.042419035356829,4.1995841753352,2.879151096179898,1.7138689314611297
2017-08-21,6.083982924006559,4.074148697778431,2.878702030029445,1.6935636945839876
2017-08-22,6.057739786918308,3.9159768521625997,2.8815695581460825,1.635393405634993
2017-08-23,6.078056125487044,4.0230846847202,2.8805379992316418,1.6597148568325268
2017-08-24,6.1122509374170395,3.9311795964692764,2.885346717834713,1.6592728414894957
2017-08-25,6.060543770182002,3.9819601995807,2.8855240067210675,1.637022068764786
2017-08-28,6.028062979993406,3.936893840515603,2.8806007341638913,1.6946217558416605
2017-08-29,5.967389418468167,3.693435213304741,2.8737476841736544,1.6193637764225322
2017-08-30,5.9600983031832,3.4387141712657217,2.8584729316205766,1.5962400037868907
2017-08-31,5.9807228338805585,3.568284968643812,2.847365306579217,1.6512536621657157
2017-09-01,6.025032496110341,3.5773557066145876,2.8429768753764173,1.6570542616542774
2017-09-04,6.026767016239189,3.5787874377012483,2.842587855643907,1.6479186193642077
2017-09-05,6.0742315212323215,3.773456105061619,2.841446059258741,1.6541938532426292
2017-09-06,6.036602867311041,4.011296693731866,2.8345519411664006,1.6510023436310668
2017-09-07,5.9868803880267185,3.9911628254642686,2.8338578572961355,1.5695770484015323
2017-09-08,5.981917766758995,3.971681568884763,2.8366916592607594,1.5677199668627206
2017-09-11,5.997631018723598,4.094673340789785,2.841934675928798,1.6620846402658538
2017-09-12,6.000484451528239,3.9024320858348354,2.8278514571698334,1.613060264291329
2017-09-13,5.938636613792133,3.9697942224847886,2.833137687095321,1.5984402842704613
2017-09-14,5.938209682335715,4.096324312434366,2.8243784796834612,1.5721096978855353
2017-09-15,5.900428905716058,4.223325097956198,2.823986295889881,1.5813215306899944
2017-09-18,5.920523459939965,3.9195153133642457,2.8292873771667324,1.5652191517741851
2017-09-19,5.932123411983427,3.8455846508340574,2.8206773314896134,1.598213194673616
2017-09-20,5.905340095059502,3.755815248561901,2.8192417222644592,1.6090342481830249
2017-09-21,5.8894167850523615,3.8270500032388135,2.826063715653723,1.6458573694231833
2017-09-22,5.8584000284264555,3.9465677456338435,2.810112126768395,1.5776372685042954
2017-09-25,5.854960186921069,4.22900812865348,2.8134736102523803,1.5688852921899248
2017-09-26,5.88037862261684,4.157126908808356,2.8046140409135747,1.5657729560433622
2017-09-27,5.852932367755255,4.08230648876084,2.8120454612571546,1.6002476706571096
2017-09-28,5.865899949325652,4.300730327404727,2.802219415400752,1.5599464234677196
2017-09-29,5.853053545411127,4.3452358795388015,2.796199723632072,1.6116947535059167
2017-10-02,5.834756929269069,4.55653401320444,2.783255465910633,1.6609529010859783
2017-10-03,5.830873633339206,4.57186375517503,2.7807923892581794,1.5920471277261767
2017-10-04,5.802990796011592,4.3213600496278515,2.7784908254139964,1.5638661414467903
2017-10-05,5.7892097474589965,4.086076536488734,2.7841982123974325,1.548148913918336
2017-10-06,5.7575658133380525,3.8512473159726275,2.7767794173202947,1.683630723181684
2017-10-09,5.812762006476418,4.01437466723304,2.784168900981076,1.6381472678366724
2017-10-10,5.815938607013019,4.240589647261123,2.778989207296584,1.7076561678022064
2017-10-11,5.79801954474687,4.56366895858944,2.7630365883447334,1.6089907391531786
2017-10-12,5.801569242692124,4.681669977445758,2.7640756375346407,1.5545236554172135
2017-10-13,5.800922332938228,4.848557784174925,2.7628764123568605,1.5313970006830824
2017-10-16,5.797293612323277,4.662751316821177,2.7603699478798096,1.501097874540144
2017-10-17,5.813099328081996,4.407505288105289,2.763329322056346,1.5108404507219524
2017-10-18,5.834829750076348,4.547123112217039,2.7612054921444784,1.4930238088563064
2017-10-19,5.822047558442534,4.584704354617697,2.764413894795045,1.4754565017462697
2017-10-20,5.80595642817299,4.559742367845845,2.762405111579937,1.5551551720543528
2017-10-23,5.801249376094402,4.591594806061001,2.756470176061337,1.6168032924273192
2017-10-24,5.743390017796781,4.592972571471993,2.756433358437427,1.653120261734515
2017-10-25,5.700434043489453,4.776348947499056,2.7611286517272497,1.658229530873543
2017-10-26,5.735247459021939,4.9680010793983325,2.7591859480385357,1.6421587255430403
2017-10-27,5.7818764251402825,4.995642045214693,2.743700224065177,1.5921339343275116
2017-10-30,5.777098245887178,5.066896316046497,2.7357080941640337,1.534325174981052
2017-10-31,5.7930368308428815,5.068986028748202,2.7367782140125225,1.5598912189471805
2017-11-01,5.805536057114819,4.876365405429469,2.7431572715130876,1.5102865040218374
2017-11-02,5.889288194207407,4.96973753767236,2.7318697540514174,1.47610745095488
2017-11-03,5.9231373572061035,4.625617373518057,2.739689806183075,1.5491495758597715
2017-11-06,5.918540721346793,4.779624966078893,2.7358374302575217,1.644630055156442
2017-11-07,5.895981845642063,4.491335036255522,2.7383796733235775,1.6459086302504276
2017-11-08,5.855826447889717,4.505958930667761,2.727232365069189,1.6722392146608716
2017-11-09,5.860219747188372,4.329233144981748,2.730293905207085,1.6274729468567752
2017-11-10,5.838166522815317,4.413078320701494,2.723129671978484,1.5445406482709647
2017-11-13,5.800904265953576,4.379262484729658,2.7351565402351246,1.5782066387070415
2017-11-14,5.782495929672445,4.089970201167017,2.752050571992201,1.6094825582012329
2017-11-15,5.752910014769199,4.171175836268336,2.7525862599431554,1.6010583858404548
2017-11-16,5.80021074090332,4.095955711001186,2.7408689973386395,1.5751474246340151
2017-11-17,5.820803165119082,4.267665637500304,2.7454946811805545,1.6189129922763565
2017-11-20,5.821013860023055,4.267098754067678,2.749840835749176,1.5625591785401225
2017-11-21,5.861363701500499,4.344834443393689,2.755734607400588,1.5280616315428253
2017-11-22,5.862853373173158,4.173339150435958,2.7468070436763417,1.48864104186969
2017-11-23,5.84250531687514,4.0825107541265275,2.751676637401673,1.5143592440102345
2017-11-24,5.8828897206428366,4.039245481554142,2.7531056282154305,1.480720238552801
2017-11-27,5.900517981674994,4.213195535727119,2.7434634298804084,1.468352204148715
2017-11-28,5.871028161888581,4.50630290741949,2.748680500850591,1.4622472170144478
2017-11-29,5.865479553861931,4.33435302735124,2.756450214931975,1.4798170199743488
2017-11-30,5.843193182689381,4.511257072375424,2.7680580055452966,1.4406903692405884
2017-12-01,5.80579180914309,4.099409327498188,2.7603798102851873,1.4769562879095106
2017-12-04,5.833457656082863,3.9324360124484152,2.762879353209147,1.5569049199045262
2017-12-05,5.889919782165839,3.8343078361895464,2.780167286374211,1.572206849866198
2017-12-06,5.850205158959654,3.671745679591404,2.771637548328074,1.6435927018436411
2017-12-07,5.8650680700151305,3.5123060030581197,2.7820364617037088,1.6941927851208247
2017-12-08,5.844709795428176,3.6512541405106247,2.7733983365337354,1.6975565629367604
2017-12-11,5.829601108838818,3.685091051530284,2.773667751814901,1.6729967947693594
2017-12-12,5.820375185429938,3.8052991493404167,2.77103529419357,1.6480477567602412
2017-12-13,5.799637645308449,3.960314045602586,2.782515779721633,1.6720963699906493
2017-12-14,5.7983182274525005,4.03693635484903,2.7818217977382966,1.630982404713112
2017-12-15,5.772644941984249,4.164316185726653,2.772596061327398,1.524966661507284
2017-12-18,5.781720542886632,4.164994432637449,2.7830533495635,1.56585062295553
2017-12-19,5.782054522019044,3.981649487529867,2.791783762310509,1.523096869406415
2017-12-20,5.777156901245926,4.1852129648801935,2.799238008395218,1.4983786110506516
2017-12-21,5.751918136722671,4.088945768626848,2.7960446930053218,1.5182746131824802
2017-12-22,5.7361870011682585,3.9524665331130193,2.796414941992365,1.529974784242023
2017-12-25,5.75823920143773,3.96283533100538,2.7954850164641605,1.4805410545010438
2017-12-26,5.772761103212279,3.855764676586848,2.792593676671977,1.5115848915883667
2017-12-27,5.7410981545579,3.828910242501711,2.798236593775407,1.5810311728482622
2017-12-28,5.743767669237649,3.9304183960643733,2.804529347156777,1.5314874172287567
2017-12-29,5.763019055596916,4.0267963938262445,2.786824083289718,1.5962313942828263
2018-01-01,5.717881777617144,3.8987648148460305,2.7935120651291254,1.5210613670914603
2018-01-02,5.740123069223531,3.866738585432808,2.790659320966123,1.635774601961055
2018-01-03,5.723194046922404,4.077177181433871,2.7911565083825125,1.6019863836659274
2018-01-04,5.738630029871209,4.181935773356861,2.787099205085639,1.6024829559085858
2018-01-05,5.720210398903528,4.546197041724156,2.7874200177926483,1.5117457768102616
2018-01-08,5.672416564606146,4.711667931925521,2.786436886919622,1.5306420049477938
2018-01-09,5.629671334442996,4.854985589349712,2.7836744463727348,1.5564285324410745
2018-01-10,5.632788490313413,4.515932217106187,2.780504295788981,1.5591924471786966
2018-01-11,5.644907980025474,4.620742436169006,2.7812277223892576,1.5398887598816176
2018-01-12,5.618365701371161,4.552860221403336,2.7856248898487923,1.5083121420044496
2018-01-15,5.637132519990209,4.41688924596303,2.7793684590924626,1.5774524239048267
2018-01-16,5.59072888212486,4.408761504027564,2.7789791417293803,1.582927232569965
2018-01-17,5.590645144954705,4.5521583104640735,2.775593664652303,1.6607049668282872
2018-01-18,5.556644054391866,4.5899196092630365,2.786233365341564,1.6226756398073705
2018-01-19,5.5388039206377195,4.378531513815502,2.79910892865473,1.599514683405252
2018-01-22,5.539853499657847,4.486694586841071,2.8006576716501494,1.6364545831257036
2018-01-23,5.519616586111458,4.332088155445488,2.8083153056706895,1.5522558627750271
2018-01-24,5.511902881029246,4.349233487816467,2.8057353918991024,1.5047491335404886
2018-01-25,5.5362746711488935,4.282980498629446,2.8168774276468658,1.580959267711176
2018-01-26,5.5215285059404,4.230108835048863,2.8154408874163788,1.5288539071017402
2018-01-29,5.542591745186127,4.361671385442889,2.8124797236819195,1.460021840268776
2018-01-30,5.510284308860021,4.15507862240696,2.8127719973959255,1.5794078063302794
2018-01-31,5.524277522923826,4.498455231927681,2.792125890842851,1.508646686453645
2018-02-01,5.562394105153837,4.156123017991787,2.7795819792707586,1.5292735042300918
2018-02-02,5.502570809986981,4.046950840756817,2.7786267390674375,1.5438200063640761
2018-02-05,5.482951164843527,4.117863743839143,2.7794078140823064,1.426884817691596
2018-02-06,5.495570416582024,4.225297533250997,2.785461808988253,1.4501848195513836
2018-02-07,5.489415927831908,4.200747057932991,2.7770847402410275,1.4950992436408759
2018-02-08,5.501891350309668,4.1912432081039865,2.7775221140991357,1.5267376452979244
2018-02-09,5.490987782073323,4.255994058359899,2.7779521155594007,1.5804879162786314
2018-02-12,5.490225892594184,4.206863023735395,2.779955879453841,1.5615097649541123
2018-02-13,5.482439578101407,4.441603714955318,2.7743988668837645,1.5976184305504555
2018-02-14,5.517825879796543,4.569179385202463,2.777800075634768,1.5627042325995133
2018-02-15,5.525871574858054,4.683852499005665,2.782276676315418,1.5024399609207355
2018-02-16,5.533354111364216,4.447754664160319,2.778221486247838,1.4600568281508741
2018-02-19,5.524048436871496,4.398876988443514,2.780662958764973,1.4229928714902063
2018-02-20,5.505767587057443,4.315185446842449,2.773695432529085,1.4989636070121233
2018-02-21,5.494794919572128,4.126186932005605,2.771699205395664,1.4482139015682707
2018-02-22,5.506370885156055,4.195125109652154,2.7869065303590808,1.4933596280208519
2018-02-23,5.497727071966118,4.101668466086997,2.790405525822748,1.503059819570326
2018-02-26,5.50358725665605,4.221315281082314,2.803196729717979,1.521042396933353
2018-02-27,5.5593228251701365,4.053675712687691,2.799883672653591,1.5984913126918099
2018-02-28,5.580997565181003,4.3657579671272755,2.8104917545260824,1.577798977448423
2018-03-01,5.573285721086829,4.190256969772424,2.813389220027669,1.6078215821793562
2018-03-02,5.603954248612057,4.236035692656457,2.822634850305327,1.6091134131143203
2018-03-05,5.592522637780524,4.365300898202776,2.812631030094208,1.5966448091202647
2018-03-06,5.5363151181651045,4.23224574115592,2.8167597411834366,1.7115066803991255
2018-03-07,5.511466711259783,4.366466354151819,2.830371885037811,1.615285540173086
2018-03-08,5.464509462471568,4.122886296845637,2.8315874114052013,1.6735000522491763
2018-03-09,5.455221616729108,4.372491547115249,2.8347904339517047,1.6877047389353261
2018-03-12,5.45622385164073,4.349793937023219,2.8348452634378978,1.6459839168216768
2018-03-13,5.497560293130158,4.236388335325612,2.831100954774699,1.716347739119115
2018-03-14,5.505974588621853,4.181055217610288,2.825445122972018,1.5909761393240995
2018-03-15,5.500516666053572,4.316736976030563,2.8393992748657886,1.5758238633266244
2018-03-16,5.528693280482939,4.2078943719052875,2.841977117533074,1.5250424764094075
2018-03-19,5.46832992709023,4.065258187246678,2.8423329893634985,1.5640933913379305
2018-03-20,5.478163272990353,4.04407687176775,2.8507181344622854,1.5265513160307047
2018-03-21,5.5011038497525115,3.8781121324181105,2.847392072570169,1.5646151613181196
2018-03-22,5.463249791685267,4.198253554878196,2.8375254818879414,1.5623800651332131
2018-03-23,5.497631044327122,4.109557050973497,2.829446616793107,1.5508160643525588
2018-03-26,5.507831040932918,4.259540454828005,2.8212118100069685,1.5753806392507224
2018-03-27,5.498158328914268,4.282914779780315,2.820394083663411,1.5669164454198259
2018-03-28,5.515207582253685,4.109553841381016,2.8192317984214625,1.5243721328092115
2018-03-29,5.57882424183378,4.133634698848255,2.810945131583779,1.676244905359518
2018-03-30,5.586592834740396,4.275288416796534,2.80499983440412,1.6256685924645513
2018-04-02,5.592300709651601,4.235667615326514,2.81290555857625,1.5183738806606029
2018-04-03,5.577486055927014,4.43425512298225,2.8159096242829373,1.4994259133630115
2018-04-04,5.554773799136932,4.582318288322717,2.831959064673038,1.4713268894855671
2018-04-05,5.575618754427399,4.709457458720701,2.82147980917701,1.5396981561730485
2018-04-06,5.553057552007277,4.553702484114767,2.8136345371167684,1.5665589445842767
2018-04-09,5.558160340646079,4.31936012874173,2.8143360592033964,1.5942479448059792
2018-04-10,5.544860724203907,4.196046303062905,2.819337816674718,1.5769390185031962
2018-04-11,5.557973019373302,4.231733097221112,2.805879152304872,1.5645335593911687
2018-04-12,5.567456261789165,4.3228515895710995,2.8223934700329147,1.559822189994345
2018-04-13,5.5975994053486255,3.9563937248061203,2.819528060781989,1.5634118025076509
2018-04-16,5.579342811655686,3.9793255535757908,2.808835494967569,1.6044824134236804
2018-04-17,5.571213612514708,4.028290861208212,2.815540429745353,1.6221932783088049
2018-04-18,5.546013390325316,3.996989464176865,2.810932376048678,1.6377774900214745
2018-04-19,5.537298716446842,4.230310736031791,2.812005028249531,1.6486400627158995
2018-04-20,5.546688410745749,4.299501034875817,2.797676372765562,1.6708289153360945
2018-04-23,5.563147199529137,4.5214255877668545,2.808959724580265,1.669996252161289
2018-04-24,5.540393251269701,4.435867245027084,2.800180771519861,1.6625416018250243
2018-04-25,5.5625990033255235,4.580056329878481,2.797378350389291,1.7029460244111725
2018-04-26,5.5966972151583505,4.84850960126434,2.8134510980257836,1.64352917235061
2018-04-27,5.606863039378961,5.025948587947238,2.817666016464702,1.590210641369053
2018-04-30,5.657636355056265,4.72414578086704,2.8199932130087877,1.5346952414475337
2018-05-01,5.635749315292716,4.6070881906631165,2.8152830626930787,1.5508090888949817
2018-05-02,5.597687381514509,4.484731723202824,2.8048115050123434,1.4720239151590508
2018-05-03,5.552534633034863,4.525014132195551,2.8133202673366036,1.5203288984382388
2018-05-04,5.595851260589146,4.620893015189541,2.7984133384022813,1.5277297909866616
2018-05-07,5.615367528444738,4.423160241517613,2.796395205181648,1.5946470160049402
2018-05-08,5.611764289017791,4.407647801747436,2.7983531972639453,1.5618726348791618
2018-05-09,5.619307372070808,4.044697262359254,2.8062629610689314,1.5612061182119574
2018-05-10,5.589464334773988,4.297278066119972,2.800378004916307,1.6164564280561853
2018-05-11,5.657276452185487,4.216375705673234,2.8120745355098777,1.6847786196435117
2018-05-14,5.66275306997935,4.227474251567278,2.816413994256877,1.630161966707462
2018-05-15,5.664516870286858,4.174975451924221,2.812345913316966,1.6297770233375675
2018-05-16,5.684925858930261,4.381984630117054,2.812228428823578,1.6393022452579409
2018-05-17,5.69956491979451,3.898293280942023,2.8287156853203332,1.6565574895406856
2018-05-18,5.709473508851889,3.936386503288943,2.8235950294320067,1.6254827210400709
2018-05-21,5.689909480806341,3.949211328337352,2.829109852571866,1.6819898982283894
2018-05-22,5.705057204418637,3.913583005653364,2.8124197491416596,1.5607699071792582
2018-05-23,5.757482185473691,4.246331548425127,2.816499380406799,1.5494324822722125
2018-05-24,5.798518526412618,4.108226754932095,2.817429622053945,1.5825387259447248
2018-05-25,5.844456816934272,4.266674318566703,2.822314734251396,1.6070837269361153
2018-05-28,5.828591575677736,4.323793145491875,2.823017230954502,1.6675199372339076
2018-05-29,5.804692451475267,4.533278732204571,2.812430449317918,1.700046277578054
2018-05-30,5.803272705017071,4.380276800672539,2.8131695747692254,1.6573568634964317
2018-05-31,5.804260865784088,4.239316883382007,2.8255105599676194,1.710081632956411
2018-06-01,5.8341734504918925,4.439429006937612,2.824983142529335,1.6414512532610541
2018-06-04,5.788119194680322,4.481364475881297,2.8246398128380408,1.6758757286714683
2018-06-05,5.832317985150513,4.197521635241188,2.810262428617875,1.7397528595472962
2018-06-06,5.828822435931632,4.114780223651426,2.811686543529731,1.764484537267427
2018-06-07,5.818081049239961,4.193904774263149,2.8159392160578425,1.7218691871582426
2018-06-08,5.794286655685707,4.338733315222107,2.8165584946380466,1.6666800026647215
2018-06-11,5.751367645589415,4.201488699093868,2.8076603734038286,1.5683931439553658
2018-06-12,5.775039816253704,3.7489623614881364,2.80061117435636,1.5841857150909149
2018-06-13,5.7797105377043,3.8872869902824423,2.80818835617566,1.5318035757675106
2018-06-14,5.742121719455306,3.7334081714792355,2.796131296792168,1.5023938598826045
2018-06-15,5.707902238023876,3.489698281341324,2.79611651179023,1.4652240204348768
2018-06-18,5.703291864715676,3.1879193254211993,2.793371932388289,1.470721104063364
2018-06-19,5.749124677543858,3.4167090694200315,2.7940773169473028,1.4903015490699671
2018-06-20,5.740478224137686,3.5228259647791558,2.800966751969449,1.5284329713202345
2018-06-21,5.698178711254033,3.560435722781187,2.8010593291903056,1.5093708091855083
2018-06-22,5.689436327471166,3.840320432641861,2.7981572950989544,1.5719409650408458
2018-06-25,5.680664422133935,3.982910451908756,2.793814225254511,1.557862533886002
2018-06-26,5.60721938014393,4.259597205210653,2.7956769155687096,1.529998387223891
2018-06-27,5.603055647838412,4.0215348746317385,2.789606944358694,1.553092816527124
2018-06-28,5.5973309156529405,4.035993117488128,2.7835349169614143,1.6493261249548157
2018-06-29,5.618544043428962,3.8067004450316526,2.790803354425204,1.650291953858924
2018-07-02,5.667025914868412,3.829090332283406,2.7872852562093864,1.6143764002016536
2018-07-03,5.701673201179128,3.8439700075651357,2.784238932970491,1.533835765883519
2018-07-04,5.695938214925756,3.9856417096350785,2.7847352804019696,1.5331860654115312
2018-07-05,5.668554998031597,4.014565564266179,2.7829827013272026,1.5519145906166885
2018-07-06,5.737957025405977,4.1584791045023515,2.7843576133545205,1.5404695495138896
2018-07-09,5.742009789737697,4.288099530048033,2.784650343027589,1.471515591592802
2018-07-10,5.740345347972362,4.667367279371125,2.7899384181245557,1.4648319726032712
2018-07-11,5.742184266934539,4.55656426277974,2.7814490659542135,1.5545256345950753
2018-07-12,5.74850151548735,4.3522063118831396,2.7969825310591374,1.6341221390273721
2018-07-13,5.746250673551746,4.381152339350396,2.7967163982394427,1.5776135051528188
2018-07-16,5.728213888776631,4.221670589846609,2.798990046228104,1.6115983753386034
2018-07-17,5.711609278216329,4.47685890938173,2.813442689193154,1.5513727808308138
2018-07-18,5.712532780669637,4.396958529285211,2.804076855158738,1.6242682343998922
2018-07-19,5.695946129773638,4.274656011515835,2.812355870663706,1.6289555192422276
2018-07-20,5.677995918770762,4.184723489243819,2.8042283748204855,1.6539827393217275
2018-07-23,5.678245812701592,4.3115871290777585,2.798899057146531,1.5493454824620148
2018-07-24,5.67367881471042,4.272699918865146,2.797405740792328,1.5835751197385348
2018-07-25,5.71242647535355,4.168457974711042,2.786363735823248,1.5748774000229528
2018-07-26,5.641895836197855,4.4444074068097565,2.7823681483566682,1.6121726535672884
2018-07-27,5.673405958039345,4.275794039427581,2.7861936092444344,1.645995075828167
2018-07-30,5.706307463911184,4.284107406372773,2.7935258306627446,1.6314087849428838
2018-07-31,5.651565990232074,4.3760054719981785,2.7996451999805956,1.5873888367521014
2018-08-01,5.643316641192946,4.079300660866232,2.802580922924294,1.617638437802897
2018-08-02,5.632500582388251,4.171945097109341,2.8044364616361777,1.603230855610227
2018-08-03,5.5927662335616875,3.9941976049917196,2.810230765339799,1.5535982319193775
2018-08-06,5.5679973568965435,4.146524026356869,2.814121846724548,1.5183095603001027
2018-08-07,5.539612454757393,3.9883103819402033,2.8223849890606085,1.4679140715509817
2018-08-08,5.583353163773435,4.135784306256801,2.8235062235889616,1.471400040850641
2018-08-09,5.609148442791629,4.337692880654206,2.820399284533978,1.5436998874752836
2018-08-10,5.643345144711225,4.482675773408902,2.8185789138826545,1.5565431675337826
2018-08-13,5.664919495207801,4.500601281948684,2.8087827107113528,1.5331383958039813
2018-08-14,5.634071818833051,4.416431167289824,2.8023531501359775,1.578118218914918
2018-08-15,5.619613787040153,4.287466783558828,2.8043573051882773,1.5372862050559604
2018-08-16,5.6349297830452585,4.5415059968128455,2.8013426445820984,1.5518286856348886
2018-08-17,5.603169928670747,4.367872330560431,2.8046209536113538,1.54781405120879
2018-08-20,5.623539956612513,4.176524345475576,2.8084507055731147,1.5901079373466438
2018-08-21,5.61856052217963,4.291893691729202,2.8107050220579004,1.5123310912247854
2018-08-22,5.6054656323193415,4.144171143769688,2.8031585577983757,1.4864077038043517
2018-08-23,5.626780609779198,4.0019052261320995,2.803843800467246,1.4311360286580597
2018-08-24,5.640625153917801,3.803720599829884,2.8026382391152667,1.4460965467935032
2018-08-27,5.629021305418739,3.7743714218157143,2.799431940884993,1.5254615920788799
2018-08-28,5.660333101168185,3.819047654878407,2.8042990433240096,1.5117334802568
2018-08-29,5.6313990781550345,3.895750352283357,2.801277035808115,1.497487494633823
2018-08-30,5.648220882919853,4.089146498968311,2.8022434741645843,1.5509408323642848
2018-08-31,5.66553334597523,4.1960700457269615,2.8044259386364625,1.6042017063798102
2018-09-03,5.660814358283636,4.165840186257815,2.8072725640212743,1.5898721465497199
2018-09-04,5.672590584574022,4.1422796959614665,2.805096398081388,1.6105924151057183
2018-09-05,5.636118806656751,4.2278418971851774,2.820672861499338,1.549305773428949
2018-09-06,5.663034229151545,4.454141097074895,2.8211794810146005,1.6213787957038273
2018-09-07,5.661471691234035,4.447337169281641,2.8144437353903653,1.7087599800902766
2018-09-10,5.6486101708914385,4.333742236460509,2.8049094877613583,1.692785752671254
2018-09-11,5.680056409306746,4.159339896805841,2.8183919420523944,1.5612922524311041
2018-09-12,5.665896998467679,3.9295829104327686,2.815151770318592,1.534434176912557
2018-09-13,5.630476598589033,4.061538411982289,2.796690679221982,1.5608392003001168
2018-09-14,5.58956795552171,4.163993360601646,2.7916134757453626,1.5336257233413573
2018-09-17,5.6086434359551856,4.270844309210775,2.79760155561121,1.595491544493281
2018-09-18,5.575047139142399,4.232170603105539,2.7939511431082398,1.606384621823919
2018-09-19,5.6227077057418136,4.486010260470911,2.7925694549034175,1.5548188005655066
2018-09-20,5.56646119614209,4.3511481492172726,2.794534729366892,1.5525214261206175
2018-09-21,5.6159337787003185,4.514740322975973,2.8087439698794197,1.5135335034223965
2018-09-24,5.6202344914261975,4.470985210851531,2.8035043574571303,1.511931202286121
2018-09-25,5.621520121821067,4.332299808479239,2.809123474255642,1.4986092847894348
2018-09-26,5.608405450296726,4.417247758636063,2.815320160624693,1.5703310455600201
2018-09-27,5.616465640904662,4.466080509031159,2.8185365893134167,1.6744147922934884
2018-09-28,5.616726324791503,4.498093303500134,2.8188239433305675,1.5766302599852036
2018-10-01,5.642260754154361,4.483860516124691,2.812516853702783,1.4772490437933599
2018-10-02,5.647219635067617,4.445263191143205,2.8175742307253273,1.4863733445236
2018-10-03,5.653749000912795,4.861833654526779,2.826289098074209,1.4397279853909535
2018-10-04,5.643004204655621,5.008100678036369,2.826522500422534,1.4702098055365176
2018-10-05,5.642192122406246,5.049146523245136,2.8387003126656167,1.531948511246186
2018-10-08,5.655405286189737,4.967040147055973,2.8402443654659892,1.6139409689938455
2018-10-09,5.608485219242915,5.055993718724362,2.8422255071526643,1.614175225682359
2018-10-10,5.570394156496505,5.036991403460567,2.849299408130834,1.5978970317938683
2018-10-11,5.594064632613346,4.940205109832968,2.8524582199944075,1.5013757146087552
2018-10-12,5.603499636330605,4.789500013254098,2.839706826183433,1.511668016518184
2018-10-15,5.599009437105842,4.698621484240868,2.836355733653968,1.5265148623239957
2018-10-16,5.602218970318669,4.084822481183113,2.841616944336643,1.5700801915378317
2018-10-17,5.615034579063215,4.136916017270742,2.8505721000595545,1.5337600903796285
2018-10-18,5.599290573150549,4.061094949707864,2.8532478641889987,1.5208918279126904
2018-10-19,5.5777748325589025,4.340274477509105,2.84912803684548,1.4616873568049285
2018-10-22,5.5862170808745555,4.32852334830471,2.858382850222245,1.393172256316967
2018-10-23,5.564238537584974,4.106876535483444,2.8661428885512654,1.3936039039665615
2018-10-24,5.576854514178776,4.1122771347349,2.860590997367385,1.3676995010370199
2018-10-25,5.5299600057369345,3.941773208102162,2.862762549966091,1.4307817987676394
2018-10-26,5.562209129372187,4.05432065072733,2.8508877692991677,1.4397981800740494
2018-10-29,5.574103149346099,4.121493448165214,2.8477558090228055,1.449646267261393
2018-10-30,5.58065594272972,4.293512342362661,2.8480093918115017,1.4378811424574798
2018-10-31,5.608258108920981,4.155796253823483,2.8535944539389493,1.337299743934108
2018-11-01,5.657239855902028,4.180097815844273,2.854536087621571,1.459119514544929
2018-11-02,5.6872491738651485,3.9696491982930615,2.877789120810605,1.4541423882733508
2018-11-05,5.638603519331546,4.101054843253354,2.865571739366053,1.4648398358305759
2018-11-06,5.605564571561975,4.192036928779196,2.85263938390915,1.4243581142584165
2018-11-07,5.589322350816146,4.273221312998071,2.8569757135849785,1.5032818654847264
2018-11-08,5.591717848652231,4.2653475292747105,2.8486617568354626,1.5222576036856006
2018-11-09,5.6004081929123,4.33117295811901,2.8440146534386113,1.4914615479492364
2018-11-12,5.58071705930745,4.596002627426456,2.8471426301384986,1.488461334484093
2018-11-13,5.586708434122635,4.496488249218411,2.8390111956476867,1.5808166962086427
2018-11-14,5.564371492098205,4.478329992315343,2.8332447603610977,1.568206327102073
2018-11-15,5.549363756935355,4.250289465943705,2.835094899415198,1.558357343472581
2018-11-16,5.512010954186032,4.08850009138982,2.824005149794907,1.5128231360730156
2018-11-19,5.491932469881602,4.110202086812557,2.821747909090011,1.4385393879265793
2018-11-20,5.460286787304112,4.295109846375938,2.8306081361982955,1.4628394984909279
2018-11-21,5.434191762062982,4.2287063208221545,2.8286365665235325,1.497904561489656
2018-11-22,5.461852102896713,4.188119668038119,2.8298376709046282,1.5617514971805844
2018-11-23,5.437292591140387,4.1114882949242935,2.8303846082798456,1.4594105230689836
2018-11-26,5.5058767491815725,4.047885634004445,2.8167122188742693,1.4270258753367004
2018-11-27,5.51980182053657,4.115200763216508,2.8087214995452867,1.4231483681855328
2018-11-28,5.523467636824537,3.884392585374389,2.808640775066752,1.4524905839383497
2018-11-29,5.498709864629149,4.118640877385757,2.812716684663982,1.4694740925810916
2018-11-30,5.519040742007167,4.0223805645686745,2.8251155044389904,1.4894390411176313
2018-12-03,5.505638873926471,4.156061646456388,2.832282760242643,1.523614820494464
2018-12-04,5.507532703332925,3.953225148066131,2.841137822141427,1.492494527369636
2018-12-05,5.578072494338622,4.105804995968652,2.8345856755777117,1.5498484977626348
2018-12-06,5.574538685827482,4.227919810601814,2.831294153015381,1.572222811073902
2018-12-07,5.606391829951713,4.298134499058992,2.8432898607673365,1.559110889912145
2018-12-10,5.58978170718516,4.115403702169606,2.8310347795727915,1.6280219501272846
2018-12-11,5.5892149891763205,4.166779886522453,2.831514609395257,1.687573811966342
2018-12-12,5.638401399042213,3.9902544163440448,2.848040977007045,1.7090185550967256
2018-12-13,5.620746991512622,3.9716299516669915,2.8505205848526765,1.527582708920439
2018-12-14,5.669867439317266,4.180195130374537,2.8602426702174895,1.6175267716064514
2018-12-17,5.6891485867108,4.325800940706395,2.860060531936923,1.641824078678608
2018-12-18,5.672569171682608,4.311992641447674,2.8583399839854717,1.7235786063018075
2018-12-19,5.6898676018188326,4.141059237983575,2.8653366826543256,1.7470456714065365
2018-12-20,5.713408571752823,4.266014238940564,2.849357714158869,1.7734380211430136
2018-12-21,5.72981944439179,4.269620082679719,2.845582077673934,1.7583403041743146
2018-12-24,5.6866026204014055,3.877331685999031,2.8455308550943252,1.7709868902048715
2018-12-25,5.666662162047811,4.037215090291337,2.844401940926317,1.822537311045341
2018-12-26,5.659839709999789,4.053172294684102,2.847971922539226,1.766575737500048
2018-12-27,5.658130774905217,4.272947789294841,2.8547763929060155,1.6342841303193854
2018-12-28,5.676555306065253,4.088153989440214,2.8645251405827903,1.6034721844182287
2018-12-31,5.6838417025836945,3.6160370310189593,2.862919903227672,1.6111506908564082
2019-01-01,5.646510824361636,3.717010417273522,2.8667211089486746,1.606836657170234
2019-01-02,5.654555313703041,3.819741859863588,2.870956893362725,1.5379927614813116
2019-01-03,5.6692422358561725,3.6159492670503286,2.8764630687126767,1.4714254062343137
2019-01-04,5.6838429366833045,3.5455509528417783,2.869989174987141,1.4608372627763004
2019-01-07,5.713058710137171,4.050105549553501,2.868807070441788,1.5252962623398358
2019-01-08,5.734665278520427,4.027457729838763,2.867431771038191,1.608843297343109
2019-01-09,5.744799449026255,4.175018351647069,2.8758223828628044,1.6465900418559734
2019-01-10,5.742276635901802,4.074800791009311,2.8681028337322823,1.6750756712447732
2019-01-11,5.69754691448604,3.7556190907785574,2.864795262106575,1.6388305356829445
2019-01-14,5.711124249195575,3.7867801495659106,2.865754122261972,1.5393706824818016
2019-01-15,5.716003241970806,3.79824614007194,2.856243801893177,1.5243685465457895
2019-01-16,5.722971746219164,3.7885843187115067,2.8519095036245976,1.520754221588987
2019-01-17,5.686353229928822,3.813466503923395,2.8573331788750407,1.5117048087154759
2019-01-18,5.657304188582681,3.8947914602757447,2.8527557362748213,1.5254083241180574
2019-01-21,5.6845004356464,3.9152925378428765,2.8467333522710088,1.554652484690018
2019-01-22,5.685179128126602,3.756618031068198,2.8470179898362753,1.602505501900362
2019-01-23,5.700189913036304,3.8884336608283214,2.8536654154581527,1.586538107508998
2019-01-24,5.700600776648872,3.6333172659970674,2.866582514385983,1.5012310495521144
2019-01-25,5.702557971495151,3.409233536376826,2.870440789927139,1.4977445495330433
2019-01-28,5.729178413878054,3.6095163508522603,2.8827179426608334,1.5242205329721865
2019-01-29,5.721622024724087,3.7532680440564703,2.8738046366901475,1.5928309984028202
2019-01-30,5.725521492519374,3.800231703135034,2.8637084450736983,1.559485324578582
2019-01-31,5.710994019335282,3.6378169829834253,2.852473419031656,1.5791668622213109
2019-02-01,5.699333994098452,3.5984945143094738,2.8648324610846867,1.5966107593149197
2019-02-04,5.68729534394332,3.627876577560117,2.861675136293185,1.5898815996738473
2019-02-05,5.693634533772114,3.467794874754898,2.8523921847690183,1.6296248704899436
2019-02-06,5.679127356689812,3.444725817179586,2.843574904359249,1.5796081611839974
2019-02-07,5.7160120721467225,3.631612000565216,2.847475542073472,1.552212243096112
2019-02-08,5.690723772825574,3.9103319293031626,2.8474885265075796,1.554746764582629
2019-02-11,5.6858108720580205,3.88020573547458,2.843409084829217,1.5238515195083397
2019-02-12,5.67283401089079,4.03733732127156,2.846608881491882,1.5590056389315756
2019-02-13,5.716803684599058,3.770106056019179,2.8399377568896615,1.522401483709043
2019-02-14,5.721922318660661,3.9263661445095472,2.835617203872689,1.5391540550976697
2019-02-15,5.75500951337881,3.8445580234832524,2.8266698092944518,1.5312813859380279
2019-02-18,5.716436753851796,3.9292624584188203,2.820024732119267,1.5404802385779577
2019-02-19,5.7253308268327725,3.9276495960556077,2.821380544645945,1.5209654141243079
2019-02-20,5.75113976516518,4.18497993649607,2.8092560424654405,1.5043703302432325
2019-02-21,5.754778408503141,4.048674066269766,2.8013581143034507,1.5116293834238075
2019-02-22,5.780289535237723,4.181564530838943,2.80345192897691,1.52599742295107
2019-02-25,5.765773036815253,4.1395164301298575,2.801599457574564,1.5254083486634717
2019-02-26,5.807337283982285,4.136383473171535,2.8144610923794184,1.6145017209113077
2019-02-27,5.872129348797568,4.136312127043079,2.8305687911160713,1.5550998559343117
2019-02-28,5.859085996356115,4.011322754381422,2.8268544131566613,1.5462679640645864
2019-03-01,5.846915423927787,4.0363451310313305,2.827323080736218,1.47579492016266
2019-03-04,5.892333692964988,4.064207159877923,2.835389539452591,1.5119276140243814
2019-03-05,5.940616019032446,4.140848761285289,2.8262763735436476,1.4683390669120049
2019-03-06,5.926052481005292,4.169095234275099,2.8133385467859777,1.46931084970204
2019-03-07,5.916836837810875,4.316445970402876,2.8147573165535036,1.4698304025887357
2019-03-08,5.908445802359492,4.472738678640442,2.8160352351831524,1.4987263513944802
2019-03-11,5.866908934293061,4.255889609601434,2.8084025801383046,1.4821288173699634
2019-03-12,5.839403156588341,4.401187376548755,2.8093446974561864,1.470651183402648
2019-03-13,5.815425012129965,4.1754382621962485,2.8026507546511614,1.549944475764018
2019-03-14,5.793860640550731,4.279420745732277,2.7942302267604053,1.5552865495089403
2019-03-15,5.792795589023123,4.383376837043315,2.7988684778762494,1.5238113946333074
2019-03-18,5.799080097367768,4.047643338671871,2.80406995974345,1.5157719589340415
2019-03-19,5.847319540727519,4.099027280355397,2.7974686247570855,1.592542726458667
2019-03-20,5.823617558333265,4.036664305475621,2.80044178198216,1.5688212402924897
2019-03-21,5.856861628496634,3.949385219459896,2.784969013857244,1.521251593256633
2019-03-22,5.850944711276492,4.206377976586082,2.787752728821603,1.4894030153408977
2019-03-25,5.8507154990929395,4.104956950922857,2.7888601152368677,1.4725739076983322
2019-03-26,5.86660697052008,3.997107185719757,2.7824323756473373,1.4565534653033736
2019-03-27,5.838991805612953,4.034722350090451,2.7823608076750785,1.4149736963065067
2019-03-28,5.847455450386449,4.176761043779404,2.7925679710954396,1.3987346613113478
2019-03-29,5.8531049533588195,4.1652869297677535,2.78668901969744,1.3914615297781825
2019-04-01,5.8648512927486856,4.38017812974463,2.8022268945272546,1.4571309514373216
2019-04-02,5.8720839596410865,4.462705461680298,2.801630101088265,1.4601418898396394
2019-04-03,5.940184094373942,4.085604499062975,2.800771464412655,1.4692405715311017
2019-04-04,5.921061991032347,4.019061146087556,2.804021325529928,1.544510363707434
2019-04-05,5.905188603219509,3.9564851919354025,2.8162050543720567,1.6130835274766782
2019-04-08,5.886732010010569,4.0670834455923774,2.8135068513444446,1.578512747216525
2019-04-09,5.873484386996902,3.6810437035799306,2.815161015235014,1.5355360740300694
2019-04-10,5.8534231662998835,4.144920372312837,2.807805674080557,1.4938885123824612
2019-04-11,5.887916162733163,4.257657940204465,2.8010514869232392,1.5355969920801973
2019-04-12,5.931562960781937,4.296599691873344,2.7831008652241773,1.5196120934920878
2019-04-15,5.914594177042161,4.499049963141874,2.7826666693094992,1.504289779636512
2019-04-16,5.889790402093613,4.905114599862116,2.78940147820324,1.4798443684066742
2019-04-17,5.903060802448419,5.000245265580395,2.7911861655091346,1.459788260677938
2019-04-18,5.890684565419168,5.094111964017437,2.7901774054684583,1.4914987878384582
2019-04-19,5.909539630693982,5.020311293894367,2.7801059370635266,1.4417893592537112
2019-04-22,5.914514866083722,4.899197263097551,2.7776041275579653,1.5114181146206331
2019-04-23,5.873245959733577,4.718545386721501,2.7743208147843217,1.4902854720188863
2019-04-24,5.914899836729323,4.522458305106805,2.7852201003591186,1.500590661275881
2019-04-25,5.968211612601531,4.385185638444211,2.794295152986934,1.4575120816690514
2019-04-26,5.9521314205776035,4.140669493951907,2.7888593570045743,1.47959297977421
2019-04-29,5.940808804511924,4.1434130998857635,2.7908375176983853,1.4815416178446745
2019-04-30,5.947446727542381,3.8912413886883224,2.8020068855350635,1.4991815226618292
2019-05-01,5.955366383432521,3.9694071627006413,2.809390275352651,1.5844382332234745
2019-05-02,5.97597739805191,4.006139812794608,2.801371956502138,1.582482840827104
2019-05-03,6.037368508980109,4.0786982067358,2.7986803419224717,1.5358634078380977
2019-05-06,6.031187780707529,4.020090961666961,2.7856441342888756,1.5022256888616417
2019-05-07,6.009704010343602,4.579519945133532,2.7924216787912197,1.5417253371533697
2019-05-08,5.965542238107712,4.787924109778427,2.7965603814800604,1.6069626495723914
2019-05-09,5.943734523148994,4.4909438393887235,2.781702471846807,1.600783367093004
2019-05-10,5.9431910942591575,4.508233266841788,2.7779874615938183,1.617937672600452
2019-05-13,5.9929046717892405,4.386779639292832,2.7725075829215835,1.6231535319768844
2019-05-14,5.976272691943536,4.198659688192581,2.766215122930279,1.6675242788176385
2019-05-15,5.981576418265241,3.9921809037898512,2.768188665054967,1.5425780643407858
2019-05-16,5.982282568232963,4.098499644005153,2.759127833209462,1.5695688118657163
2019-05-17,6.016535237034987,4.019543353405886,2.759881618325099,1.606265034067228
2019-05-20,6.08499274865252,4.230074567622899,2.7483080276171634,1.5192462030374188
2019-05-21,6.064845600383215,4.408513531158608,2.740525723801952,1.4820383350701816
2019-05-22,6.049629492126626,4.642462280628726,2.7388259393949492,1.4556211169291986
2019-05-23,6.081625888137885,4.4562841494230865,2.738932224537321,1.4389891467174092
2019-05-24,6.095349804043313,4.529318603846801,2.7363768356610336,1.4384990103677422
2019-05-27,6.148883104783221,4.634492946551184,2.7445778923185356,1.470871001318147
2019-05-28,6.165337086001981,4.516350392423557,2.741940840156279,1.5203872610404976
2019-05-29,6.158625044501894,4.357385823000626,2.735315040238904,1.5654891535056408
2019-05-30,6.175653334235101,4.6501235425620315,2.744750474735383,1.5212726045132303
2019-05-31,6.210054380385829,4.664242864545588,2.7410640772491037,1.481551880159815
2019-06-03,6.235410843962456,4.752389640394293,2.739519496316921,1.551121440233911
2019-06-04,6.2457870152516675,4.554556352133764,2.743887784307457,1.577639244070601
2019-06-05,6.280279465041933,4.324247478654726,2.765593405679964,1.5815169468543822
2019-06-06,6.3166768672629985,4.241405245218986,2.754917524426614,1.588211025919022
2019-06-07,6.36052504596746,4.24750105981178,2.753019527080105,1.5746121860890443
2019-06-10,6.390900813835651,4.0940044923880725,2.744567276750797,1.5867548046272968
2019-06-11,6.380965504646387,4.125949942313057,2.7501056337661285,1.5552259186150301
2019-06-12,6.390378649959214,3.888350251448461,2.7484013449437423,1.5588731225298047
2019-06-13,6.427269431405369,3.7813836585847826,2.7435421524999626,1.4783724251991772
2019-06-14,6.403363682250878,3.9515329845580482,2.7390358726078547,1.4590610721600854
2019-06-17,6.415101720689191,4.103907086337725,2.733593366724574,1.4402228482628263
2019-06-18,6.402426978055967,4.0720723934048335,2.7383642507613573,1.446380142986165
2019-06-19,6.4023632228697736,3.946658562010248,2.739613939942562,1.4249477298459923
2019-06-20,6.4431370959987815,3.846562441823488,2.737984188773351,1.4271078623761841
2019-06-21,6.445653026773377,3.8532615749727217,2.7361586335439787,1.3847064481586058
2019-06-24,6.4495417473576495,4.0198859707091374,2.7324805417501983,1.4401188365494098
2019-06-25,6.40702659850359,4.2095493138214195,2.7309827635759176,1.4572861986839734
2019-06-26,6.427626130301569,4.154096034349312,2.7277022532296575,1.3958157420430488
2019-06-27,6.446927124187203,3.99965334538157,2.719538091899324,1.388898867345619
2019-06-28,6.518016323534158,4.106763426712222,2.717235448186721,1.4312056289560668
2019-07-01,6.507521197179891,4.008009076185976,2.715254196428074,1.4248269607572919
2019-07-02,6.515825552775197,3.9750164242959216,2.700323103154405,1.4086468936894883
2019-07-03,6.522244579924143,4.247998827989941,2.7043040440152466,1.4329769502527847
2019-07-04,6.57433558930683,4.425801401710274,2.699757564747749,1.463882483885714
2019-07-05,6.573657051253583,4.45613783754801,2.707259272467187,1.4158535612988108
2019-07-08,6.587863241018872,4.2371267741336105,2.7124982853185893,1.466363972899301
2019-07-09,6.607178641949819,4.302638373489269,2.707358485678788,1.4384417757824473
2019-07-10,6.615397699890233,4.510076360206324,2.7086925863282443,1.451100789343195
2019-07-11,6.602023958142748,4.433222118199023,2.720594734442339,1.4717924622978755
2019-07-12,6.612132658324817,4.6843652246958865,2.7231916433462713,1.4651408740975684
2019-07-15,6.644916607794044,4.911831070166332,2.7264637477895706,1.433955286666578
2019-07-16,6.614755736310225,5.181513194918505,2.7348324077644945,1.4435733863004077
2019-07-17,6.618993020519457,5.152176010124097,2.7330620669178582,1.53341305914498
2019-07-18,6.5971450778811205,5.1776642793827765,2.731035112120207,1.4701248900110022
2019-07-19,6.635870891084813,5.391563524887803,2.7266820314468796,1.5571598255539065
2019-07-22,6.588722763041056,5.352099744184885,2.7111367291114785,1.5278483304114434
2019-07-23,6.571290253529211,5.126113930183091,2.706656680013934,1.5203717425321908
2019-07-24,6.584291267690239,4.953027950021749,2.701357503518885,1.4682190910856818
2019-07-25,6.6386754533552494,4.950687007228964,2.694107816309165,1.4399232961909887
2019-07-26,6.6397282888309395,4.6434965878032815,2.6897574880804984,1.4332252944421544
2019-07-29,6.624889857182676,4.59126785408831,2.6845602958575285,1.4017147950756839
2019-07-30,6.684297269442211,4.795164561848331,2.6789575125902454,1.413672079454712
2019-07-31,6.636169546289335,4.345126243281543,2.6843113235822047,1.4191835535541681
2019-08-01,6.569533156380138,4.61841156629705,2.6857974660520396,1.5216568067956973
2019-08-02,6.58625736764821,4.812618200500695,2.681840665663876,1.4639297472905868
2019-08-05,6.574802037036042,4.677720520887866,2.68915392430836,1.4803999526201324
2019-08-06,6.541594606693306,4.7430594423666985,2.6916104279177677,1.4987578790441265
2019-08-07,6.563797028894556,4.711587971172891,2.695476559307785,1.4578301507418803
2019-08-08,6.567700036426251,4.91555504252837,2.7021336210187155,1.4995992909379814
2019-08-09,6.549437281782802,5.046267253659471,2.701810398409173,1.4823579378396967
2019-08-12,6.512427677718275,4.689414585336976,2.6942367561374048,1.3768487712465465
2019-08-13,6.539060488082436,4.775194706691863,2.697714147069568,1.4337695652131164
2019-08-14,6.561706172859742,4.700288511030134,2.7104700375389936,1.405623067194189
2019-08-15,6.558608168945259,4.683373409937939,2.7170018627890165,1.3896845174927936
2019-08-16,6.618388368670412,4.534555461104762,2.7237121819149515,1.4514548332501411
2019-08-19,6.581985239971526,4.843500707406138,2.710004606362115,1.444993167720176
2019-08-20,6.534710008738828,4.98529191385721,2.7153499387222824,1.5046237262493896
2019-08-21,6.505775740869403,4.7652851756959445,2.7046437548849434,1.5547095704894291
2019-08-22,6.504386441977657,4.477824889770663,2.710325341975674,1.5153821698172452
2019-08-23,6.508263170821192,4.404451270238849,2.7097523629749385,1.5482198388399417
2019-08-26,6.50438842443801,4.483892871383589,2.7159099697449998,1.50542953012478
2019-08-27,6.517937034767564,4.523844911665132,2.709715447158338,1.6052186613480381
2019-08-28,6.480626574710954,4.735254109223079,2.71120951184109,1.5508928550552945
2019-08-29,6.530187600583113,4.860463558660732,2.699542190352153,1.5824332667214187
2019-08-30,6.5256579256555325,4.996297057773059,2.693794186977664,1.5994096988185582
2019-09-02,6.565861628491164,5.00084829493151,2.687351478493618,1.585059644607181
2019-09-03,6.579650992011604,4.667414128048869,2.6822304875221787,1.5247911581897806
2019-09-04,6.593995726366078,4.607766214085996,2.6781288663885676,1.509457730828522
2019-09-05,6.6155876363967785,4.792870896126542,2.68644678357334,1.416623853329495
2019-09-06,6.627416838956021,4.744298034023425,2.704745294456247,1.4552363583240626
2019-09-09,6.646233975733083,4.809563596078513,2.70412190997169,1.4836916372881188
2019-09-10,6.687678952156306,4.716460578795997,2.712108097483835,1.4994318321233617
2019-09-11,6.693109615357081,4.498677803218573,2.7128672582538074,1.3748591445508789
2019-09-12,6.713625893035038,4.47837988900617,2.716689506160613,1.3570553892955355
2019-09-13,6.7145558073345315,4.534357060568994,2.7139687299996402,1.3625478262690447
2019-09-16,6.760972220699858,4.421122886072343,2.7178137579806534,1.4115237038442747
2019-09-17,6.740546591389832,4.3831038858524005,2.7145064879388476,1.4506787225128055
2019-09-18,6.798060778055261,4.245724544037698,2.7099583804190903,1.4570556371113788
2019-09-19,6.7923460158462525,4.469722385785629,2.710811800490973,1.498903992652858
2019-09-20,6.747126393662125,4.410303744191101,2.71273358662586,1.456641775090989
2019-09-23,6.7466541059567895,4.6836983949848,2.7233808434116025,1.500612852421105
2019-09-24,6.724988345059928,4.9478378400674226,2.7160550119768514,1.5220761229356785
2019-09-25,6.749024361694338,4.879669249032101,2.7218766914719033,1.5366635942567715
2019-09-26,6.733804380071234,4.6361478550525375,2.7296736984963292,1.5290834825244077
2019-09-27,6.722385894443426,4.245403351495264,2.741562922954222,1.6172107467453378
2019-09-30,6.662505675479094,4.016058760557282,2.7524122979077528,1.6221500582727353
2019-10-01,6.6519500593253325,3.8480189415791584,2.748846590923063,1.5524453060831802
2019-10-02,6.573306027890602,4.122100820167598,2.751947811914472,1.5591231669773293
2019-10-03,6.525460756407194,4.168312622139083,2.757326565962076,1.5909052814877824
2019-10-04,6.550369624310678,4.271036687082418,2.7686102035711753,1.5545222437224608
2019-10-07,6.576343738395024,3.931775305020126,2.7569702727444163,1.5946490211880042
2019-10-08,6.593669787926492,3.807061301342701,2.748528280142275,1.591877097999597
2019-10-09,6.565584766242351,4.013202726856743,2.7614699475431084,1.4731333311958137
2019-10-10,6.5653646584114504,4.109430795573463,2.7596014512740243,1.5000530135584615
2019-10-11,6.561431560838052,4.1229852180512125,2.7593839809176623,1.4870656066250998
2019-10-14,6.523066815728242,4.246475191018712,2.751609767169088,1.5170777011572132
2019-10-15,6.57051268786448,4.568754232702337,2.7555059448340735,1.560358760216703
2019-10-16,6.599016033462821,4.520501765419334,2.745062466780166,1.5545442514683128
2019-10-17,6.589568329864525,4.522483725490928,2.754097504928813,1.6323741665456293
2019-10-18,6.59730719653268,4.550459617894285,2.7603478604642806,1.5960729736880266
2019-10-21,6.608444892851603,4.997133748872675,2.758255425094431,1.607521910269411
2019-10-22,6.5460962546178685,4.5166402746676395,2.7682106931523065,1.6273963952510226
2019-10-23,6.5390457407357845,4.630429095515798,2.777326025635323,1.6006136528401667
2019-10-24,6.51764318333551,4.580501043744642,2.7820092134064027,1.6238020569429514
2019-10-25,6.484432421597429,4.658776668547745,2.780485934382665,1.576545353257089
2019-10-28,6.476407788405407,4.507931136857572,2.7769689868740137,1.5446684176694119
2019-10-29,6.533730061065218,4.502691757267824,2.77580765550244,1.4817440137628903
2019-10-30,6.551128604672696,4.628735419756635,2.785021635111255,1.5083765427598677
2019-10-31,6.534588341953732,5.211851328546757,2.7887920202747347,1.528470154869982
2019-11-01,6.552689958369248,5.285146061151263,2.7859692567762813,1.5852740207817395
2019-11-04,6.592346988763969,5.01385608755233,2.791614606843625,1.611966337352602
2019-11-05,6.6199215323155505,4.8666630442562475,2.799283842618625,1.5822912863883307
2019-11-06,6.621250837189429,4.729340618182911,2.793913695419147,1.5105360665315173
2019-11-07,6.606236181126207,4.36689497669153,2.8000741452299223,1.53865888403863
2019-11-08,6.630420141850215,4.325323645533899,2.790692303807546,1.589219830970612
2019-11-11,6.639938551968227,4.47256890175071,2.7940620933049707,1.614380529540591
2019-11-12,6.670361465553191,4.255862662474305,2.793629890980939,1.6507172058842967
2019-11-13,6.687124454094877,4.468134400737024,2.8018466226086653,1.6184692358074533
2019-11-14,6.724347425662919,4.565577833409712,2.81364450966849,1.5831295833367738
2019-11-15,6.706366538404286,4.4193965042490255,2.822594482123024,1.545798118759386
2019-11-18,6.749195697552679,4.411113713771417,2.835706090410666,1.5513438051288606
2019-11-19,6.75972452596889,4.714558444576298,2.8388849643531633,1.5515195030208353
2019-11-20,6.824427981945258,4.842654997761731,2.8336148767537157,1.5642993541004624
2019-11-21,6.798633095366762,4.796103971325702,2.827923231530843,1.5613573522356725
2019-11-22,6.854468416040342,4.727867378039105,2.8327698451285905,1.5592535158748326
2019-11-25,6.864382501761917,4.718176898335828,2.830181813618399,1.5247827409315577
2019-11-26,6.839342091578906,4.592193400860768,2.828397177673853,1.581178223336739
2019-11-27,6.816294715195335,4.207066331086079,2.82106380346752,1.5819378720241526
2019-11-28,6.805137874764951,4.599869076071464,2.813218125500368,1.5675332556909036
2019-11-29,6.821057984826512,4.620148785764542,2.8197359694306336,1.5374032527833565
2019-12-02,6.84202885996586,4.684998889022569,2.8229359712876443,1.485603542064952
2019-12-03,6.822495268204401,4.64802995428316,2.8353994623009138,1.5748140736037595
2019-12-04,6.821120860217031,4.496024749854903,2.8330927158206185,1.5963075358054752
2019-12-05,6.895356853938236,4.480578013940466,2.8256176666576756,1.5130092659855774
2019-12-06,6.948130120095239,4.218667213933893,2.8296098777730636,1.562998260560267
2019-12-09,6.962172185086105,4.664272975599491,2.8363260209528356,1.613561106817154
2019-12-10,6.96452987998532,4.425254993191005,2.8416233827736606,1.611713086461782
2019-12-11,6.970353531188584,4.26024387057089,2.84159830048134,1.6831782198470489
2019-12-12,6.990044405283645,4.221891583540309,2.8398313559612,1.6628365402004655
2019-12-13,6.956463872935006,4.476781539535046,2.834593733552567,1.5677780282023024
2019-12-16,6.9415184171481625,4.482938498177998,2.8336041847938556,1.5869817845795318
2019-12-17,6.884882319716923,4.25995009882092,2.8259037271648597,1.5896437131147974
2019-12-18,6.899891689026479,4.514358729579498,2.8219556219770956,1.5534953114606924
2019-12-19,6.919194334036729,4.653788858182327,2.8269283394127482,1.5852281247580997
2019-12-20,6.903880437720804,4.735614337950015,2.81646179932404,1.4999106521154344
2019-12-23,6.95803788320065,4.85961357673358,2.8254654171419427,1.5671974405261317
2019-12-24,6.916824841552455,5.292887173111456,2.834141116190684,1.5314211570887344
2019-12-25,6.869394822624523,5.655174708598828,2.8254584341019724,1.4913844461266277
2019-12-26,6.8747019383546695,5.3567125315141135,2.8259689540423696,1.5016557971442506
2019-12-27,6.90932339039959,5.610168310704115,2.8164177557133248,1.5285504005886072
2019-12-30,6.967654502856641,5.567966450794621,2.8120517417674415,1.5400357851333588
2019-12-31,6.953316914705791,5.538435119720024,2.8173512900501536,1.5120676462526657
2020-01-01,6.988331678355061,5.06204257607592,2.816339221342374,1.4984991458553591
2020-01-02,6.988225777337087,4.962671389612917,2.8207122868875234,1.4633866699161988
2020-01-03,6.9849926043567905,4.7523659300237755,2.804516859196994,1.4707106714276212
2020-01-06,7.009494064926548,4.891703290055612,2.8077963047648318,1.5420980669914592
2020-01-07,7.035299795762266,5.067762181628023,2.798512610312173,1.5427288526757226
2020-01-08,6.98188627544379,4.592355781571566,2.8040220312531674,1.5853508991964709
2020-01-09,7.033304905635197,4.5938627047910225,2.803315441458113,1.6468885549254768
2020-01-10,7.084009402611525,4.811553364063941,2.7954544700290684,1.5892618373037186
2020-01-13,7.059460815003608,4.7397946788840475,2.792839225147452,1.565379523942493
2020-01-14,7.071444388933325,4.8601208948234165,2.800093467688782,1.668476657338076
2020-01-15,7.087982063475157,4.895437861128919,2.7976585368054363,1.7111499704262254
2020-01-16,7.095199406407717,4.923067516035953,2.8033119866127985,1.5910808977644768
2020-01-17,7.081961556325401,4.823011110915029,2.8037929809283524,1.6008467963333357
2020-01-20,7.0573132833338965,4.557951807227039,2.797335392300593,1.5892953410494866
2020-01-21,7.055444202074102,4.357569474401174,2.7848802740467233,1.613238615092528
2020-01-22,7.096419783055101,4.516305463926709,2.7826781826493097,1.5601483949200912
2020-01-23,7.112108982845679,4.529330514991485,2.782115595806352,1.5178174381027287
2020-01-24,7.098912482331265,4.506223182124655,2.786871139711782,1.5012425542761572
2020-01-27,7.126731655032757,4.443685874009162,2.79559768034974,1.4908147737889759
2020-01-28,7.0295773786993605,4.383841021226257,2.803839956377347,1.549868599326163
2020-01-29,7.068747504190547,4.600891029129625,2.8074210767857997,1.5009325103244489
2020-01-30,7.009041432455262,4.521343540170169,2.805185452256307,1.4858787349041818
2020-01-31,6.993180389967818,4.284689594288863,2.8025978363180064,1.4262136553417197
2020-02-03,6.957148318066049,4.437169922117871,2.8059124129158723,1.5046092948353798
2020-02-04,6.919456098900289,4.404107974857465,2.7991753162014694,1.5744587186176806
2020-02-05,6.958726596593314,4.432931322690894,2.7933349115129644,1.5539150715941095
2020-02-06,6.944303180755853,4.736884374397998,2.7946582523532864,1.5403450038379198
2020-02-07,6.958346991814866,4.711284317739948,2.8099974574200117,1.57175769113289
2020-02-10,6.953805015351951,4.7432888927748085,2.8014421594238628,1.6324746328098905
2020-02-11,6.975052090273528,4.5052038389334585,2.812167236757456,1.6375391206565475
2020-02-12,6.978747590742898,4.470638035632456,2.804782254497449,1.5807854882190286
2020-02-13,6.9409860912276375,4.5807332651051755,2.790470781153106,1.4951546665147273
2020-02-14,6.9727710926808575,4.305709304594773,2.803392836367457,1.463572686809641
2020-02-17,6.961882508984778,4.365572384367238,2.8162352615167356,1.492062139688867
2020-02-18,6.912755873956907,4.3925085693837,2.829922219337097,1.4835867884403366
2020-02-19,6.9006433442165145,4.412761527204384,2.833101227965221,1.514931469720112
2020-02-20,6.951739404734075,4.6251366339004285,2.8399450131712745,1.5100216261690196
2020-02-21,6.980032376570998,4.682869566200976,2.8386500766680194,1.4801942710574836
2020-02-24,6.972265707991408,4.947746927439011,2.8306746074815012,1.4510248020069827
2020-02-25,6.961534642313106,4.703412605508459,2.8322312973139607,1.5536956388470173
2020-02-26,6.945884101240558,4.704826375398348,2.846201506218489,1.6065429973245804
2020-02-27,7.012896311321192,4.715470843092707,2.8412356792486486,1.6825584811469536
2020-02-28,7.0258045552878405,4.501339414964846,2.8388917951865227,1.6805439643703162
2020-03-02,7.041758568267929,4.686694487223325,2.843069386553545,1.631598398870005
2020-03-03,7.07707481628155,5.134719639032503,2.829482774931519,1.6744834166474534
2020-03-04,7.089213737955113,5.061986705602238,2.838990081745963,1.646082135699513
2020-03-05,7.075446803846592,5.098149705628853,2.8368357773150743,1.629735143404933
2020-03-06,7.0697530493044365,5.046217253309196,2.836649833413658,1.6105118314882458
2020-03-09,7.062751257945981,4.843346024437396,2.839173525999933,1.4659730532686541
2020-03-10,7.064200811658043,4.470886353591206,2.8395060244656602,1.5618160261133196
2020-03-11,7.089215805345414,4.362055107312868,2.84763278197737,1.591736913189236
2020-03-12,7.092741328067191,4.14911483058086,2.8344763516307183,1.596328487363989
2020-03-13,7.115838200481499,4.498210744933489,2.846774477413929,1.5898093599438252
2020-03-16,7.117292444896107,4.486495731717702,2.8558985902654532,1.5948579062906183
2020-03-17,7.123516666244965,4.436153730465714,2.846848910444994,1.554284199628404
2020-03-18,7.0577307175183455,4.59856375569409,2.856979730698762,1.596327992663663
2020-03-19,7.0890414763678145,4.39890780124929,2.8514232302444067,1.5295734255514155
2020-03-20,7.103056790452941,4.287991531432013,2.8469525017824324,1.5461413103213308
2020-03-23,7.135718286864901,4.3394168467256335,2.836894998291354,1.5735237922850775
2020-03-24,7.040175601186167,4.5291208191621815,2.8342673350157566,1.561565587477078
2020-03-25,7.116365304584292,4.641404359947082,2.8379631641594885,1.5795678070045418
2020-03-26,7.115214069499447,4.678890924261539,2.8417403369162924,1.5301490720410829
2020-03-27,7.151647535381331,4.688764233961249,2.8459965313559197,1.4939129811865848
2020-03-30,7.117636892178053,4.742987694010965,2.8454430837752476,1.5243432890294957
2020-03-31,7.135482202203667,4.764473299924548,2.8418457403702373,1.564990387461367
2020-04-01,7.101687221988338,4.542449979237617,2.83416480953044,1.4726677298097832
2020-04-02,7.082298791491697,4.549511684417495,2.8352941502065883,1.5166606649927825
2020-04-03,7.14289364766171,4.372872002616564,2.8284654018583244,1.4936537717970562
2020-04-06,7.133613997083213,4.409158948920884,2.8323242096049723,1.4998887383853776
2020-04-07,7.140825602033831,4.345935592956499,2.8347002885520762,1.4493775390216506
2020-04-08,7.170421083525124,4.847527980892217,2.8379954079548906,1.4365450271855478
2020-04-09,7.184600123984319,4.810667543544033,2.850072298387904,1.5113004792184936
2020-04-10,7.191483408329146,4.523435182212999,2.843360399629879,1.519505601544641
2020-04-13,7.205393682881511,4.509918208628671,2.849534180086936,1.5132185924608643
2020-04-14,7.289015984418561,4.633119388241137,2.8510295447245193,1.516151348523616
2020-04-15,7.285380497294427,4.949958792073272,2.8680461950569542,1.5539398618725624
2020-04-16,7.296059637933347,4.795816290677813,2.8691607914969928,1.5742378374761965
2020-04-17,7.338391894963538,4.489581714341802,2.8640560981212397,1.563124115362499
2020-04-20,7.376600020505768,4.663189156082764,2.8739986435518,1.6153993641401496
2020-04-21,7.417526971155975,4.417290174526881,2.8621404907470938,1.645926926853743
2020-04-22,7.442360704140369,4.371461913189898,2.8513099420135775,1.6395217012243986
2020-04-23,7.401172711096926,4.349624813818025,2.8515716233935477,1.6178412112450853
2020-04-24,7.4596103026587635,4.382696008471268,2.8514488643663065,1.632235587544458
2020-04-27,7.42146574906412,4.528835634719169,2.8617830347649864,1.6316821227673997
2020-04-28,7.427174366371163,4.420557171216486,2.8510812408751223,1.6564932178627674
2020-04-29,7.404828464451979,4.393276348404036,2.8537270733335736,1.6731841382327566
2020-04-30,7.403356591176671,4.4187837854324465,2.8538789040935693,1.5938922324782003
2020-05-01,7.414421485669994,4.473171605443258,2.857498849874242,1.5327791242528885
2020-05-04,7.426196184881309,4.5126630995161685,2.869342950129301,1.5099922838051076
2020-05-05,7.441734589464353,4.610758799980727,2.8742454900721577,1.5662183596161767
2020-05-06,7.495008749907737,4.7849858011508895,2.881947930082003,1.4906445448713255
2020-05-07,7.516437123530549,4.849505522092278,2.886492903169282,1.526550046622207
2020-05-08,7.508358129660147,4.912807291653218,2.8883249474977175,1.551271368000951
2020-05-11,7.545124828292519,4.589938503299624,2.879556113392742,1.6064360970497904
2020-05-12,7.591822755712045,4.618168646898822,2.880305387786927,1.604328498582502
2020-05-13,7.544740759218254,4.704349503204209,2.8757877774254905,1.5273383711076352
2020-05-14,7.568445084843842,4.8440415226282605,2.8768753903628053,1.4886556013588654
2020-05-15,7.593755115367749,4.696654820962883,2.8712781571327204,1.4503353078811745
2020-05-18,7.586092355534197,4.5704438341122735,2.8825719386962465,1.4561013953630262
2020-05-19,7.630467535726744,4.4879176639598555,2.8641266360308775,1.4611608947041106
2020-05-20,7.62528130949243,4.607752037957769,2.86570361562094,1.4320562100380556
2020-05-21,7.6286496726715525,4.812380725395525,2.867041880839331,1.5257439865703755
2020-05-22,7.62424281032924,4.718248204703683,2.855815150630771,1.4652761086939583
2020-05-25,7.62685682669279,4.8889063589181525,2.855817714257581,1.5459410326127583
2020-05-26,7.585288444276589,4.878502245280482,2.851307160747461,1.6025373660336015
2020-05-27,7.531494738380167,4.817452136151266,2.8536814261108283,1.633157499859567
2020-05-28,7.5896303251034425,4.771032280878475,2.836614548826401,1.5675755933640445
2020-05-29,7.5567319375604365,4.8962674746620065,2.8422474310173915,1.580811128396972
2020-06-01,7.523992567048369,4.924640958489263,2.8399030786530544,1.5089691879676597
2020-06-02,7.446119082323545,5.339019404365729,2.8466874150886072,1.560762992145662
2020-06-03,7.4152831163878385,5.0670953446330715,2.8519741739589826,1.5550214328484049
2020-06-04,7.367823889613728,5.106990683431364,2.8513032649694194,1.529949390937994
2020-06-05,7.423633681874141,4.95421370960253,2.857609506693178,1.4796144882857771
2020-06-08,7.455434753480139,4.754443552109985,2.8542150532450354,1.386763215916273
2020-06-09,7.427766227780514,4.733092524739347,2.8405134524580804,1.3733658866862455
2020-06-10,7.509437978003671,4.766057313505914,2.8485626854043917,1.463838998271587
2020-06-11,7.549524318925893,5.351384083301202,2.8466706171700964,1.4615351216653119
2020-06-12,7.5393098070914295,5.223064763661822,2.8478459070950795,1.469119065464114
2020-06-15,7.448188820719771,4.903973268120749,2.8507112206766827,1.5126595298556629
2020-06-16,7.532520982007772,4.945040567976424,2.8500193342456166,1.6026588434988644
2020-06-17,7.481671230623176,4.508566880374452,2.849328145194285,1.6486719929617344
2020-06-18,7.421345978522454,4.496153651616225,2.8553970022466113,1.5741342389766133
2020-06-19,7.455015538031985,4.523079941492022,2.8523947552409044,1.4706523237524376
2020-06-22,7.5381524021137105,4.702422862025814,2.852248378268783,1.5910734747966189
2020-06-23,7.587830034184755,4.895618128336938,2.8513848171422196,1.6850290520423905
2020-06-24,7.609486082321254,4.776262812202072,2.856921131828582,1.6605822527901242
2020-06-25,7.631556402356142,4.740735085047498,2.85206555521146,1.566364471382137
2020-06-26,7.662220444337816,4.5975022210906475,2.859503140910035,1.607656312133374
2020-06-29,7.687890094101834,4.410435536916381,2.8612635600882133,1.584553735888609
2020-06-30,7.700762832474439,4.501867101024103,2.853861516154984,1.5652949315756859
2020-07-01,7.701173390575443,4.300420902107,2.852715651362557,1.5990536615645314
2020-07-02,7.7018662512718485,4.275070158866469,2.8545276928204757,1.597851901078797
2020-07-03,7.6715812381667545,4.149422009144495,2.8531163394281016,1.5284436727903672
2020-07-06,7.659559981925675,4.302414025479006,2.865788606648699,1.5204321263527592
2020-07-07,7.593720317338509,4.6579246107686885,2.8662989486538963,1.5574132954467113
2020-07-08,7.5892216795682845,4.422774725882807,2.878609046930412,1.5820668506737712
2020-07-09,7.556846158188596,4.128069561481612,2.870833625724701,1.5818889789261743
2020-07-10,7.519073689748263,4.161250108068888,2.8641117015584996,1.6151479488858553
2020-07-13,7.52911730817082,4.222783396968122,2.8580724804215474,1.5764776558252007
2020-07-14,7.581782115320859,4.321311500535739,2.8595338062078923,1.5766390373291137
2020-07-15,7.6125235860305045,4.291025853160416,2.8558884057360134,1.415276184602698
2020-07-16,7.5549578209193164,4.28988909772503,2.859204713139993,1.4283638410856663
2020-07-17,7.517410408363307,4.3900817644420185,2.8553872071572877,1.4863142754072567
2020-07-20,7.5560581821096,4.617763645677318,2.8549711872542285,1.4818397874843312
2020-07-21,7.517510215551949,4.268305734858875,2.858683768970639,1.4774633748409074
2020-07-22,7.512694838289162,4.249333088374652,2.8396813725337178,1.440033018969702
2020-07-23,7.5358502542912955,4.33805508099451,2.8535038572305567,1.5152524973092276
2020-07-24,7.506996565308445,4.21246743544294,2.851578082031507,1.5459383087917853
2020-07-27,7.51016464410041,4.569900268039561,2.8469917590261336,1.5755956317517852
2020-07-28,7.464951958015667,4.456013302181482,2.8439523400223705,1.4864166203551625
2020-07-29,7.450827435434918,4.468298413352919,2.8365093601249303,1.4909977872567266
2020-07-30,7.461026371003126,4.592319086668019,2.8387463017031997,1.4887166481337932
2020-07-31,7.400241257003013,4.47855567472773,2.8459293766231184,1.4907599921589827
2020-08-03,7.410922138485107,4.178862275700052,2.845949982399089,1.4773771361900268
2020-08-04,7.412929461245782,4.1597548827585245,2.841190213843238,1.4784285072766807
2020-08-05,7.427611884432474,4.394510509780182,2.850386103808089,1.5340900711028496
2020-08-06,7.435086782495052,4.365607425226576,2.8559139338368134,1.4502378512464502
2020-08-07,7.485838617492255,4.261580028632907,2.855470720566142,1.5600706452705768
2020-08-10,7.491493667191349,4.470364837637284,2.8451505363851597,1.574506182052974
2020-08-11,7.477939084172396,4.4301619713357425,2.853129808721686,1.5652877154372795
2020-08-12,7.48359412421033,4.367248838942704,2.851535227744829,1.6032820193478794
2020-08-13,7.50757530407619,4.431855466532354,2.854147410208729,1.5236707748496725
2020-08-14,7.507076831028079,4.59782942490343,2.8481974524565836,1.496392154414017
2020-08-17,7.50710717516236,5.065226208442001,2.833584819456879,1.4965437722087185
2020-08-18,7.480140470630464,5.176637276058458,2.8273054297524864,1.570440016590653
2020-08-19,7.459450288460114,5.348118426996129,2.833436809224195,1.5613369438435394
2020-08-20,7.412660211307027,5.141998334340521,2.8341163303081207,1.5827364808434756
2020-08-21,7.477121085272326,4.889194449067449,2.8280441838142822,1.5410334502936693
2020-08-24,7.436725940206787,4.862867116554449,2.838425872839061,1.567974697104295
2020-08-25,7.409133744461951,4.850286594547047,2.8457669733502455,1.652197462788435
2020-08-26,7.3891452385491005,4.616008173807685,2.839749049118175,1.674869728831323
2020-08-27,7.42607158970206,4.593623795691237,2.837656596918207,1.6343366717984256
2020-08-28,7.418341290717831,4.671480521359448,2.8376860770532475,1.6436610484826168
2020-08-31,7.468822587971975,4.7464811981654895,2.835210088848384,1.6471184418900888
2020-09-01,7.440380304216604,4.824713258819403,2.843603224728972,1.6484093822132535
2020-09-02,7.449384089480336,4.8607990700904224,2.8454578987699595,1.675535314074218
2020-09-03,7.41798583247629,4.730308587561927,2.855545746086181,1.7039589562300077
2020-09-04,7.497524330047749,4.640404936380516,2.8454142814670904,1.6539307788560789
2020-09-07,7.452371828882614,4.415470300998019,2.8338468256926856,1.6515524811429296
2020-09-08,7.466321828814465,4.77432991742721,2.841417626718229,1.609110346890737
2020-09-09,7.493776147072149,4.767737294834217,2.8277913285298344,1.5411250949546758
2020-09-10,7.511364540926123,4.715305717047097,2.830691799475036,1.5270770135998586
2020-09-11,7.5061393481820975,4.5356095121649185,2.841939765460819,1.5374748187206757
2020-09-14,7.499099725603607,5.115277459054355,2.835579577041468,1.4652684075459796
2020-09-15,7.498736438110418,4.845176857129998,2.830069087772102,1.5203765035972
2020-09-16,7.49779344097368,4.7398036429200285,2.8277292727245786,1.404533284831597
2020-09-17,7.535514632968407,4.817373133657096,2.824854440968125,1.5600510216943435
2020-09-18,7.616386398860113,4.93365207989363,2.818348437017793,1.6283626320938285
2020-09-21,7.59537042411293,5.089206525189674,2.8222371822836023,1.5970185144013187
2020-09-22,7.540085560553226,5.401736548684163,2.8162255824307025,1.5809021723716177
2020-09-23,7.5342661465624206,5.414545821544916,2.828588593591032,1.592209975239882
2020-09-24,7.634585190223474,5.122041427187621,2.830338865189428,1.5546690023593919
2020-09-25,7.601904340403715,5.008164501124745,2.8339631172700526,1.5653843992358198
2020-09-28,7.663143970859155,5.043017056647485,2.835477430915194,1.5532913324980848
2020-09-29,7.72883609265779,5.446860766053408,2.8372616869044776,1.553137302652814
2020-09-30,7.705074120162941,5.05552704985261,2.838156924621334,1.5613481940040488
2020-10-01,7.727335378341189,5.263757285682756,2.8326941508965624,1.5004887255389925
2020-10-02,7.7915168728769215,5.24599249242941,2.8239299119331864,1.5126047223817367
2020-10-05,7.7780117625919365,5.3529688987874575,2.8132535250122075,1.5263444801335322
2020-10-06,7.779957873949769,5.251137287359216,2.8205050821758504,1.540447948853578
2020-10-07,7.753709821106183,5.006141297765073,2.817797769483829,1.5316339615640902
2020-10-08,7.719920565419775,5.113398257176334,2.8130034220345332,1.5862916321168372
2020-10-09,7.695982362755851,5.190965071250749,2.804797320473802,1.5572980809283592
2020-10-12,7.653876690438249,5.322322823386217,2.807528743662099,1.5673548547962226
2020-10-13,7.657092939529335,5.240010581459832,2.800859605613811,1.6218314564278686
2020-10-14,7.6272187663865925,5.041225832732094,2.8018817491705907,1.5979766104523452
2020-10-15,7.637093026468605,4.696953807097323,2.797873497680361,1.5947155256865564
2020-10-16,7.575244114192318,4.838231212083409,2.7927999455246755,1.5702213696203888
2020-10-19,7.589723045038587,4.903658206823751,2.7776744082731,1.615344422568274
2020-10-20,7.621668459643084,4.697812496037031,2.776251981191524,1.5831343608087936
2020-10-21,7.551610385975848,4.581017908683266,2.779215106064786,1.6293256215148666
2020-10-22,7.568989382294149,4.5099583856578125,2.783347370821747,1.6031939811779283
2020-10-23,7.6154525598788245,4.277272519573454,2.7833092286804995,1.549018048640943
2020-10-26,7.572417532868463,4.1763745983338945,2.7883012362007804,1.5809041870552232
2020-10-27,7.6313769450759015,4.056215092292912,2.796542938940451,1.5633609792026293
2020-10-28,7.645174745263352,4.061927861729861,2.792644525920647,1.5884461970659438
2020-10-29,7.62357434235598,4.008033949826435,2.791748112620166,1.456319361639444
2020-10-30,7.626524036092814,3.826770863470092,2.800160457369477,1.477356703525159
2020-11-02,7.646873726520392,4.2549911426422735,2.81293700134916,1.4829182424409801
2020-11-03,7.650416785282281,4.52661709342559,2.8160439628527536,1.4609316871188038
2020-11-04,7.668065070318024,4.409814404857907,2.822498189220916,1.4617541816204038
2020-11-05,7.638446009531571,4.485369137785522,2.8273423014316656,1.4628102182757956
2020-11-06,7.64730485540199,4.586741411936712,2.8318523830951934,1.4907010462478802
2020-11-09,7.602095528114603,4.813139413260958,2.827130083172954,1.4492399661707414
2020-11-10,7.595976675717129,4.640882226505948,2.826344140167019,1.4904651896362617
2020-11-11,7.562552477496637,4.8450899548921,2.8303111575641045,1.576031965465603
2020-11-12,7.537200278004907,4.713554418552606,2.8226596168972677,1.5885803472240336
2020-11-13,7.584620967346553,4.4724335594072615,2.8313437319001746,1.6240709245034746
2020-11-16,7.62440785967569,4.636796298083723,2.8248545809728443,1.661549095474879
2020-11-17,7.644675101235981,4.8928076427659555,2.821559936047299,1.6930062199487685
2020-11-18,7.607988411295766,5.389456260581311,2.8283820604445715,1.7563676988405432
2020-11-19,7.599241924966397,5.048519273170362,2.8293252278681282,1.6845164844188634
2020-11-20,7.641430737270556,5.154268639221004,2.8325048300425797,1.6183542986247328
2020-11-23,7.651389560415177,5.015181743096752,2.837950436515231,1.64917974230919
2020-11-24,7.741288406242932,5.154191728465,2.8261044129129544,1.6618073683324828
2020-11-25,7.756954367431018,4.81062024047554,2.818424172450725,1.6726214531201697
2020-11-26,7.764976682011217,4.563855459060542,2.8197970669992043,1.740913045593083
2020-11-27,7.755802847587503,4.43963501664195,2.8174455192311325,1.695564663592682
2020-11-30,7.7587220226572695,4.486071666076254,2.8205587260565608,1.6865214442272483
2020-12-01,7.753759249473683,4.397307236350047,2.821095877634911,1.6051586429712668
2020-12-02,7.774084939250004,4.5563611110896005,2.8293481459278995,1.7062459617189036
2020-12-03,7.813230477541073,4.77530407082339,2.8369803641324682,1.6623128683283122
2020-12-04,7.779570765334079,4.877380222255525,2.8398180746094197,1.625586438024202
2020-12-07,7.735287212431176,5.172317795388253,2.8478403243111057,1.6016493028357348
2020-12-08,7.667010553375606,5.183729634073144,2.8311713333488235,1.5623419094726312
2020-12-09,7.6856924161007285,4.882892504043865,2.8391607478640193,1.5364943348384321
2020-12-10,7.643787446014341,5.122655692644987,2.8468576101963468,1.5276782284232702
2020-12-11,7.564937828902937,4.929164071302882,2.851935393711116,1.4834422619270444
2020-12-14,7.583969313976312,5.083410217430328,2.8557350598429623,1.4742621945997945
2020-12-15,7.668246666882331,5.380193875759939,2.8361207511808475,1.5816612488113293
2020-12-16,7.6725547149407065,5.391202010823305,2.8339839592690805,1.6138135249099996
2020-12-17,7.705155142734392,5.001631595780803,2.823864141833069,1.6471740794710672
2020-12-18,7.705077877843882,4.7853967589763995,2.8201366345847587,1.6832601034581196
2020-12-21,7.698725385994419,5.033068326153185,2.8291729109057298,1.748495054158646
2020-12-22,7.738569916343418,4.967026933365339,2.8226585805422153,1.612664748912176
2020-12-23,7.72549103091365,4.947903727620624,2.814867729298328,1.5407449710297372
2020-12-24,7.732463672508415,5.071193556507954,2.805993455098834,1.506493999007229
2020-12-25,7.748556770219059,5.171613363847113,2.8025973734738505,1.496516850502894
2020-12-28,7.725412271193481,5.165758306669411,2.8044854015690976,1.5026324713902288
2020-12-29,7.759996031933424,5.0735511609750334,2.8026205369617574,1.4952408974443738
2020-12-30,7.7547740952991955,4.965033612666976,2.8033644021213995,1.5197395922190726
2020-12-31,7.724142305189136,5.098969261937769,2.803120872071744,1.5296602646416055
2021-01-01,7.748090020110609,5.168548345083151,2.7976611303806975,1.5050481525252284
2021-01-04,7.718640643213704,5.052068931246967,2.80446841602532,1.4241429684422169
2021-01-05,7.721945484725159,5.231187598342608,2.7914348479485933,1.4042293828017784
2021-01-06,7.723342458815456,5.138614837836117,2.8006996432021958,1.4193176465999469
2021-01-07,7.7697967465211075,4.9244342354155295,2.810398414969725,1.4461032258739812
2021-01-08,7.788142863037678,4.756110579418193,2.8054982961350388,1.4209400642648073
2021-01-11,7.784149511848733,4.568239300823222,2.804457614565469,1.428869311703801
2021-01-12,7.8167949694096945,4.542773567460747,2.8100995786002056,1.4085046637736893
2021-01-13,7.876329809401334,4.807755818516124,2.801915670296766,1.4346502501333191
2021-01-14,7.894873468694932,4.650865392901855,2.807777915318979,1.41651979916321
2021-01-15,7.8947558949191565,4.696750075175639,2.7965765735541344,1.4054012280300614
2021-01-18,7.847134966719703,4.570353644004744,2.789857870425452,1.3791226422219007
2021-01-19,7.807574757840514,4.533678983826359,2.792086736224568,1.4157513777874104
2021-01-20,7.793705223489082,4.286149632381263,2.785787578367903,1.4062700654349127
2021-01-21,7.775046741533303,4.29422065391723,2.7886192628567215,1.4825457076021131
2021-01-22,7.775906351834647,4.309301671194114,2.788730516335673,1.5173564969429605
2021-01-25,7.779253606169004,4.451928021688988,2.7741535266188695,1.5145691394606744
2021-01-26,7.796861601789491,4.526593980263548,2.7758804079930846,1.4869275756122495
2021-01-27,7.790019130356872,4.335061576026066,2.7736065054693078,1.5171284350319318
2021-01-28,7.809662225344591,4.577465222032583,2.771552573830281,1.5532220384900433
2021-01-29,7.816154971781074,4.634763718946337,2.7662716768554687,1.5572796449591484
2021-02-01,7.7444818439982335,4.667276280661205,2.762970691215198,1.6313914696018605
2021-02-02,7.71025143203643,4.663243093297726,2.768455250491685,1.6336754936637201
2021-02-03,7.703721080023331,4.570740268993291,2.7717387805033904,1.6604064462606316
2021-02-04,7.656385986242472,4.6161900440307875,2.7785463864241122,1.6400059434515246
2021-02-05,7.681644312940279,4.719200481460019,2.771918125887876,1.6448714829802338
2021-02-08,7.741742102625355,4.409999328182505,2.7718844536903173,1.5794198073699455
2021-02-09,7.782973826828415,4.358054293292149,2.7942242873000516,1.5599892314261383
2021-02-10,7.780572448002743,4.354488873453915,2.797046245757611,1.5778711723637175
2021-02-11,7.838872645951103,4.453273905133524,2.807981204771443,1.5980699317775642
2021-02-12,7.849489285580293,4.70694944188181,2.8195836007153026,1.619947635946413
2021-02-15,7.83321954930111,4.563305787932862,2.8231748618777486,1.6627140107308747
2021-02-16,7.8065485902176395,4.486936689581756,2.8241541614520336,1.572283413205697
2021-02-17,7.795381961079456,4.4206421144624,2.829918562561368,1.5272672302462316
2021-02-18,7.783058366131842,4.312480808167048,2.8192727427962585,1.5429816320256888
2021-02-19,7.795650183258858,4.3014020614492425,2.8195835987397153,1.515817555397664
2021-02-22,7.804489117301389,4.487499640900995,2.8265797083502737,1.6965185212570304
2021-02-23,7.804469983730152,4.328548956340726,2.819307327620907,1.688048925589084
2021-02-24,7.818270761956817,4.452126206490318,2.8220300740079796,1.6554514870132722
2021-02-25,7.867579873715566,4.198053316188222,2.832840256923157,1.6122725715434187
2021-02-26,7.901103868864791,4.170707556648029,2.829649703494405,1.576446936908006
2021-03-01,7.850728712635545,4.1706020390796965,2.8272992114045628,1.5748988425213784
2021-03-02,7.754813767346944,4.508117671561556,2.8209351397443707,1.5750488157357525
2021-03-03,7.795251374928386,4.490574547580181,2.8177689212751815,1.5483096598506896
2021-03-04,7.746997159411923,4.127684706560103,2.8137548826593513,1.5345320668389302
2021-03-05,7.738838663398396,3.869797672070218,2.811330362289835,1.6003286008462205
2021-03-08,7.694511879238564,3.9592725108942153,2.8179901664333364,1.6618612594073738
2021-03-09,7.627815212352376,4.129214709098075,2.8142763020903763,1.6446314945528286
2021-03-10,7.649588153937287,4.259779458021546,2.8170858674230472,1.558712234754189
2021-03-11,7.678364875613453,4.343727104873422,2.8100757500889957,1.5818318897977763
2021-03-12,7.655940199471516,4.58831894413503,2.8174902826379205,1.6550672245277545
2021-03-15,7.561416857293823,4.482583759013822,2.815815412922319,1.7045181118968693
2021-03-16,7.542457407823383,4.664641331904379,2.822798665220794,1.7091968219009421
2021-03-17,7.550827883293878,4.371601238226071,2.827397312628895,1.7470108129902537
2021-03-18,7.499390138592087,4.2392322997862975,2.8293324801407658,1.7025871828260137
2021-03-19,7.5036527964726645,3.9890183084633954,2.820994525529046,1.6949199195594165
2021-03-22,7.5002407593176565,4.018715066420657,2.8333651931869572,1.6352592892141486
2021-03-23,7.516651674299446,4.0858821476897536,2.8351836203125353,1.6303634326327323
2021-03-24,7.516173846689529,4.16969591899481,2.845047181132018,1.6831042618845946
2021-03-25,7.477692847648634,4.228495482446929,2.8510291187925603,1.6295513132827584
2021-03-26,7.5192337393379525,4.129314700120098,2.8485310543135975,1.5724900019408383
2021-03-29,7.51998842032233,4.158049820507176,2.8592828271224793,1.5812146055472396
2021-03-30,7.51802284955089,3.9698887713349698,2.8572883823459536,1.5723819695663508
2021-03-31,7.485550769685179,4.267292239391482,2.8658625547319465,1.6119485771848765
2021-04-01,7.471434653338859,4.256938710853336,2.8689870804362254,1.582144699983323
2021-04-02,7.440755646555275,4.21286711487422,2.865878992015213,1.661468329030243
2021-04-05,7.434945804257663,4.540750857630655,2.8646409594889053,1.5765792476754483
2021-04-06,7.49330064339882,4.343918826007815,2.8594433735026534,1.6382772187968773
2021-04-07,7.449035935189129,4.178548796154835,2.859633704686877,1.5866895106943066
2021-04-08,7.397502204461102,4.04054016586861,2.8549284812906635,1.5003188626676875
2021-04-09,7.445508445727344,4.105629970495539,2.8455317469465897,1.5232526112611946
2021-04-12,7.435580044733737,4.23737123086452,2.844825988851917,1.5250456478072623
2021-04-13,7.411502008860287,4.407618094168074,2.8517504699666087,1.493542585466631
2021-04-14,7.446311777614453,4.923061536113386,2.845643448753312,1.4418315663929284
2021-04-15,7.426794047267186,4.4639602370569715,2.8544100616263592,1.4774402039803773
2021-04-16,7.49059187004083,4.609033470348291,2.8560382098751464,1.550254998407011
2021-04-19,7.522119016551279,4.519327040939071,2.859052382708521,1.5883635407660912
2021-04-20,7.508698339079119,4.428126628875935,2.8644467067697774,1.5945623360508858
2021-04-21,7.5881076291504685,4.362015736715831,2.862197843442742,1.6184423961385086
2021-04-22,7.569792066492825,4.237828963695637,2.855082829372286,1.6095850778432634
2021-04-23,7.600773488595576,4.593028262325547,2.8463170750101683,1.5348693184169087
2021-04-26,7.610592617166837,4.7629830306208225,2.841886818392321,1.48275894338693
2021-04-27,7.656407765285565,4.767335591336045,2.8453081445075785,1.500412808298576
2021-04-28,7.714868373696105,5.035525398337343,2.8401890878753218,1.5137288292951159
2021-04-29,7.719330974487858,4.702048823179483,2.84950143391229,1.5728398186029906
2021-04-30,7.692508378008963,4.452998603886874,2.8564742091979896,1.6149405612963375
2021-05-03,7.705265952284937,4.110107224953415,2.864781174929307,1.6417474609804872
2021-05-04,7.678389475580615,4.05659822264505,2.871696787129392,1.6211446898939266
2021-05-05,7.753345992122042,4.169239976453115,2.8787480824313563,1.5504350604678443
2021-05-06,7.758814830156577,4.249227326596727,2.8703613979195723,1.5771162257421123
2021-05-07,7.751954986548527,4.326646369652452,2.868318140252881,1.6053166416316436
2021-05-10,7.75514999513599,4.131672722960864,2.8693741250479854,1.4917302647946726
2021-05-11,7.707340355456973,4.324871184942813,2.8619411779407287,1.4726251073918775
2021-05-12,7.676663905945908,4.4042329217976555,2.872715699986702,1.4745048104592353
2021-05-13,7.728661044957807,4.580901947509656,2.871558423805644,1.508944910841132
2021-05-14,7.703700367927233,4.255712114237876,2.8715245829475284,1.4944259674765528
2021-05-17,7.667205288014312,4.3534507483002285,2.8822147518197765,1.5220313982070799
2021-05-18,7.689348173927219,4.193150535404408,2.8817466294364635,1.5290381539642397
2021-05-19,7.734459386611392,4.192154124304312,2.8834273424122094,1.5405579338241018
2021-05-20,7.761510967535142,4.347902025715527,2.876010600493824,1.521607246871559
2021-05-21,7.800691991348906,4.413865756915334,2.8741298794641783,1.5106949806995795
2021-05-24,7.765158991091106,4.293693314956223,2.872451601661187,1.4805577837999773
2021-05-25,7.715066214436449,4.333214485820963,2.889924026700443,1.5319028450452292
2021-05-26,7.771878831672918,4.12646630901429,2.882642120136319,1.5744700475041253
2021-05-27,7.759780811396809,4.387970844035572,2.8849032043077325,1.547414229778672
2021-05-28,7.757412471853992,4.388949203586952,2.8724985556290212,1.6267292566116254
2021-05-31,7.805543547788575,4.638997447644215,2.885219305903315,1.6083651510994759
2021-06-01,7.825775728649096,4.55604709129482,2.89121816311734,1.6861634231439544
2021-06-02,7.84979760603484,4.4860440718309755,2.8879208132641185,1.6340505442382587
2021-06-03,7.9297930287339025,4.3943759633936,2.8891026709122,1.5300041926350647
2021-06-04,7.904229547034885,4.58834194031573,2.889732685987083,1.5685727827685776
2021-06-07,7.939678826287807,4.484671421013476,2.8977367523085675,1.598409260247688
2021-06-08,7.9451587518616895,4.634732382230218,2.8837437659022576,1.5973921140885345
2021-06-09,7.9567063976045675,4.5802611074233806,2.8958523421815854,1.5724805814380376
2021-06-10,8.011794299262993,4.261321588837592,2.892316001056855,1.576973698819353
2021-06-11,8.030280730810285,4.224797939566629,2.89274063373118,1.560408384239477
2021-06-14,8.049744622418382,4.092606916859649,2.8902955637382854,1.5569725548893867
2021-06-15,8.091689228658257,4.182049330672614,2.8891587068020637,1.6077492368187258
2021-06-16,8.079549194096755,4.0500437668679234,2.8903851943740824,1.615969484044078
2021-06-17,8.049058709251875,4.281473627390764,2.8851724978206366,1.6385903445488343
2021-06-18,8.003745865120166,4.313307627737977,2.8916877203547373,1.621783886542515
2021-06-21,7.9325673117025985,4.320518289547676,2.8851596270738673,1.59414741911308
2021-06-22,8.01269814768313,4.501694654141565,2.8884482320250244,1.5428583405911367
2021-06-23,7.975433179900088,4.702980325363813,2.8824033250584287,1.5385888311439126
2021-06-24,7.96902081463064,4.704332280924815,2.87309242561748,1.4021966294916932
2021-06-25,7.962583055739339,4.566091532629247,2.8658075809124246,1.4232578039095434
2021-06-28,7.976467322110146,4.276600412433481,2.8656680868266466,1.455408716438696
2021-06-29,8.012714967489103,4.22105974442283,2.869678698128828,1.5133295849561426
2021-06-30,8.048202897014452,4.184915175636566,2.858034675086749,1.5145705318848597
2021-07-01,8.026037034078405,4.265515444295551,2.8595348992550904,1.549470022882469
2021-07-02,8.02753635484768,4.263869485114857,2.8515991996394847,1.4566417441067077
2021-07-05,8.04193458579927,4.44477968931117,2.855699415810612,1.4830141687907594
2021-07-06,8.034826892161028,4.372780517929004,2.8513708407785447,1.4338722639859298
2021-07-07,8.093572205186618,4.419768354867774,2.8475287283686566,1.414626393008719
2021-07-08,8.1091377932741,4.681239041483643,2.84680634569929,1.4457434180230122
2021-07-09,8.139396587919801,4.764376179157015,2.841793544080531,1.5300858504942811
2021-07-12,8.166464607088086,4.761669292680049,2.8450086836228023,1.5604024359819992
2021-07-13,8.211233141111133,4.661385839224035,2.847620217639298,1.5717303397862301
2021-07-14,8.219492016168369,4.563081132874997,2.8625601309169975,1.5840760276693924
2021-07-15,8.17433253258561,4.429594125769117,2.8589815730034487,1.5530904340717226
2021-07-16,8.192963934971873,4.38004333488146,2.8639054797163586,1.540728473947856
2021-07-19,8.164314873398316,4.558979807755536,2.859941756803638,1.5678696361646618
2021-07-20,8.143913587019908,4.5423084057371375,2.8611469921962565,1.5147519541797565
2021-07-21,8.164891270652113,4.335196964451048,2.8622261997495975,1.5650536477739836
2021-07-22,8.212949275327203,4.71938420909441,2.857159093599791,1.5533648068366985
2021-07-23,8.213086082043672,4.790670438233353,2.8626699039193646,1.6081278046311183
2021-07-26,8.224356743568848,4.532446495087004,2.8644631732974544,1.652504460068266
2021-07-27,8.288331345883288,4.496933766138439,2.861167022852396,1.5574486036182713
2021-07-28,8.298155134119819,4.556756485274126,2.865746760205158,1.5423921472074922
2021-07-29,8.40122100473127,4.932984897433202,2.8570470656798697,1.5135080654454387
2021-07-30,8.414864453720952,4.71154234147386,2.8639498342519625,1.4563150783871204
2021-08-02,8.351567513239178,4.90287380498364,2.861315401796056,1.442039928015852
2021-08-03,8.386143789897094,5.183914174281514,2.852249242429338,1.5876780495828746
2021-08-04,8.400908333816878,5.016979877284785,2.8504747190365034,1.6147739430725907
2021-08-05,8.453818018417278,4.951670531701077,2.855103537346818,1.70674463780696
2021-08-06,8.4778831030688,4.7441088300807905,2.856130530411177,1.717117366716243
2021-08-09,8.478677521562203,4.719448582238039,2.8476515183681546,1.6420500928618607
2021-08-10,8.436071759647373,4.720848330412178,2.8459021939237763,1.6067313116026458
2021-08-11,8.428814511618206,4.861511849844585,2.845617634754211,1.6290893615637876
2021-08-12,8.398583400866421,5.070380907996137,2.8385656605001395,1.6340941447644284
2021-08-13,8.376470555603362,4.889486032766627,2.833205932727352,1.5877421089321997
2021-08-16,8.39635041633088,4.517643059412144,2.847557794671753,1.5218083115111243
2021-08-17,8.463205050623756,4.564340930536692,2.837408780910332,1.6924268660049544
2021-08-18,8.480379015209595,4.656117384541793,2.841751536491933,1.6549578833599847
2021-08-19,8.430980585697437,4.71744287520308,2.8318257124033894,1.61794127930574
2021-08-20,8.44892925289321,4.675245608187039,2.826606003634587,1.6112628024298215
2021-08-23,8.497967260042087,4.729418640518571,2.829791374842617,1.5927964978365279
2021-08-24,8.47353417562439,5.036834825601489,2.836987669938905,1.5983540955106872
2021-08-25,8.468939554724873,5.091359873175635,2.8420344734107,1.6554615692014771
2021-08-26,8.466621595561765,4.9872623756833,2.827194185007386,1.6252387881231163
2021-08-27,8.43303932341031,4.866273148597373,2.832322665903224,1.5620247182675069
2021-08-30,8.45565252836022,4.836018922956524,2.8228335138438316,1.5585340341646454
2021-08-31,8.454727320104645,5.1655123556638705,2.832824439811273,1.5485467194448712
2021-09-01,8.465315009441376,5.092033964507336,2.8213503075184385,1.6171217178528057
2021-09-02,8.43389496713646,5.05270098631162,2.8292668170882203,1.6654264195325734
2021-09-03,8.421546166811355,4.929466521500669,2.8407291655858895,1.6561718356509911
2021-09-06,8.450452582058121,5.146949082485422,2.8432429288616214,1.5753033836787786
2021-09-07,8.42723856488961,5.5224006088556505,2.844522018378281,1.519816606434156
2021-09-08,8.496837608725125,5.551838733772379,2.8444172027669956,1.537333008763247
2021-09-09,8.481014871468654,5.478922521560613,2.8353125108066215,1.5626984996839623
2021-09-10,8.487414067833049,5.410127747750896,2.834783376278701,1.5490222018338893
2021-09-13,8.52441770905229,4.86272981149585,2.826606118494854,1.533608238349636
2021-09-14,8.472440819588082,4.999939107113648,2.8286221200167416,1.515664103860167
2021-09-15,8.404041558381966,4.995411099805977,2.834964257878508,1.5344849304288615
2021-09-16,8.340304713436304,5.0496630355733325,2.8427424903432383,1.4413377532783347
2021-09-17,8.38631420722177,4.891530340362924,2.8421908665175013,1.4287879451107428
2021-09-20,8.36370399091083,4.8063970290277185,2.848010284968218,1.4419448885894681
2021-09-21,8.466992458337064,4.751982322987298,2.8474701017447455,1.5308479580492427
2021-09-22,8.446443415126145,4.959065669995045,2.8429434532219653,1.5048290242942801
2021-09-23,8.45279515900687,4.873197927732899,2.837747786872176,1.5305170531221524
2021-09-24,8.518019853951113,5.308424454177779,2.839499927704465,1.5539174258727682
2021-09-27,8.607786579174759,5.364505186436215,2.829628091428035,1.618925452878991
2021-09-28,8.696917281224252,5.058990473300658,2.821745348863961,1.6688813404827154
2021-09-29,8.748038903026982,5.024521201765427,2.8241646410660413,1.640520570855826
2021-09-30,8.791204999259987,4.890557284833925,2.83935661653693,1.6090672358934375
2021-10-01,8.815691423437581,4.4874041398773485,2.823998223527759,1.560507560976373
2021-10-04,8.853577719779345,4.845084714623166,2.830114484430826,1.551591004472598
2021-10-05,8.828675670114288,4.989284196818425,2.8388297403847957,1.5429042760689833
2021-10-06,8.794932972564608,5.08263949957855,2.8452321050991625,1.578191057628219
2021-10-07,8.795674256278089,5.0969440241490656,2.850344442055156,1.6013318877205283
2021-10-08,8.787431298182728,4.80118789279464,2.8466058944325763,1.625456504416255
2021-10-11,8.764223803754,4.7188170560782146,2.8507717978140916,1.6740638813623778
2021-10-12,8.795408356756656,4.910634278712778,2.8423097056228595,1.7354883941682053
2021-10-13,8.836323275604284,4.717490848742867,2.843032823845088,1.7001301246205756
2021-10-14,8.842550209859683,4.286888881128446,2.8417950767462083,1.7199358086239678
2021-10-15,8.904297493104933,4.330731561662549,2.835603234900385,1.660174423039439
2021-10-18,8.860668784641486,4.367724660986297,2.8363710756972336,1.6934197352311724
2021-10-19,8.850039926203333,4.4544910249297,2.8361671620306623,1.7211779310382018
2021-10-20,8.826389487373914,4.638422161355662,2.845556124751158,1.744117403556757
2021-10-21,8.742250135039372,4.777013480711743,2.8510485200589755,1.7073597230487974
2021-10-22,8.741000438704903,4.842691108862565,2.847404309382892,1.639843868748993
2021-10-25,8.738254310006765,5.0880340632340015,2.8416636452581825,1.5535992323449872
2021-10-26,8.799868427578323,4.779604954859108,2.838658476317403,1.5588370026843454
2021-10-27,8.828758668784767,4.90008935366799,2.856777338450045,1.6439451076007223
2021-10-28,8.790662989971278,5.020435893820399,2.860539657495548,1.612663229285954
2021-10-29,8.862093745730107,4.7797529440984174,2.846175828143727,1.6340642607836626
2021-11-01,8.916692757792053,4.528003328919297,2.848334205531882,1.662995306133768
2021-11-02,8.933442969026936,4.444682676387959,2.8584357655278962,1.6308806744348614
2021-11-03,8.92100387080603,4.382743462108203,2.8579413400516396,1.6768611444450494
2021-11-04,8.886513941343653,4.576786698493761,2.863114914845289,1.5133288120816364
2021-11-05,8.869296977287672,4.503778668687287,2.875122607011281,1.4750661893152963
2021-11-08,8.912296711307201,4.407835090370035,2.8707995437885168,1.4589683602058938
2021-11-09,8.993290643476836,4.374971049528778,2.86281370910353,1.4486301486799817
2021-11-10,9.068379178116974,4.65829065496904,2.863596689123613,1.497554526723864
2021-11-11,9.041222491431457,4.6928177260542245,2.86325560204669,1.5289308760750735
2021-11-12,8.989702080707554,4.682178488687428,2.8555867334305445,1.553340663636308
2021-11-15,9.001893423769447,4.696278674381108,2.8433287394637623,1.5779271785538136
2021-11-16,8.933153853411996,4.964928261068096,2.8540414549316795,1.5345347346131823
2021-11-17,8.947367367638321,4.819257993931827,2.8629222388203113,1.4895728752774153
2021-11-18,8.937315162201873,5.094281597351166,2.8569519892195796,1.5276484195019822
2021-11-19,8.925537847237736,5.117375549267867,2.851953822576493,1.5078060147783559
2021-11-22,8.86383744525648,5.051896160975944,2.8525163362777395,1.4508843565380563
2021-11-23,8.888840827228446,5.573405006135967,2.844460584634068,1.5188356421772473
2021-11-24,8.863969821777706,5.261150547687701,2.8386773674718384,1.5934367094576936
2021-11-25,8.814865105252116,5.137717362870013,2.8310590371470563,1.652703870801861
2021-11-26,8.694307578693065,4.84263151894828,2.821502324599851,1.6335487663841297
2021-11-29,8.695005489883307,5.038311607033435,2.8185434306878845,1.641754214657099
2021-11-30,8.775080889001293,5.390203437848188,2.8234455452973934,1.6885533855940948
2021-12-01,8.849153444674517,5.716413874675898,2.8208616302007377,1.6216233212939672
2021-12-02,8.826660872954262,5.89279530627571,2.8287416344139786,1.661372927309739
2021-12-03,8.806734973880566,5.71790630654282,2.834036202020616,1.652952222544659
2021-12-06,8.828385329369755,5.539703182723441,2.8461186383387838,1.6787005044362917
2021-12-07,8.789296832536982,5.101486902623174,2.8483320719259635,1.6603297808222472
2021-12-08,8.80790778284783,5.514610481792966,2.8513404459022476,1.7010698979916339
2021-12-09,8.837132824309137,5.5497773361373985,2.849010313403179,1.6734519713142184
2021-12-10,8.889914501862362,5.376181401726634,2.8506164057553454,1.5760718710128077
2021-12-13,8.884463798851247,5.611197663724434,2.8514838803535274,1.6499666046407098
2021-12-14,8.870927288651105,5.31237017589123,2.855051450877626,1.5855651841106113
2021-12-15,8.835553042239,5.344808744229794,2.8664026602431125,1.6505212307569264
2021-12-16,8.810104465461926,5.251606206888676,2.8601252303577884,1.6222268767897354
2021-12-17,8.79476068699645,5.3429810833926705,2.852632615748598,1.66329818141992
2021-12-20,8.81087373049229,5.280659890730352,2.855742999333862,1.6997049789030574
2021-12-21,8.852571955748221,4.949669743224264,2.86594558873697,1.6898799886774716
2021-12-22,8.81964840270446,4.956303151520782,2.867218446476907,1.691044277279267
2021-12-23,8.883375951684096,5.178097435481452,2.8703597198219484,1.6835272864881625
2021-12-24,8.867922741528856,5.139788161128939,2.862984196530221,1.5564513586275115
2021-12-27,8.868548410485289,5.2762274176281325,2.8603919239551474,1.5660684557204418
2021-12-28,8.834829520837353,5.013258474496561,2.850352382444509,1.511148401599717
2021-12-29,8.725672022574814,4.976309700819947,2.840571592375314,1.5292406919775556
2021-12-30,8.767666930630003,4.853782973914484,2.848612464463337,1.4898066559660266
2021-12-31,8.802809638178264,5.0158392700936085,2.8596194638376358,1.4595732853275356
2022-01-03,8.791815568695624,5.008883357560675,2.8637861855796087,1.5616949503602153
2022-01-04,8.796152632452504,5.139175177893001,2.8544595005519295,1.6090619065848997
2022-01-05,8.822459274632106,5.3456833458043445,2.8482678582847143,1.5969548826408047
2022-01-06,8.758022839552455,5.428318697746103,2.843572768507079,1.5933106758555287
2022-01-07,8.739669116237197,5.4190051824148835,2.8595774511626844,1.577996874774199
2022-01-10,8.772710362714859,5.152668531930048,2.8546818001672625,1.5998909557564558
2022-01-11,8.725327578895186,5.113705144763861,2.84695474524048,1.5547960532917255
2022-01-12,8.739451275802285,4.984168250261295,2.844800298336161,1.6032426869375216
2022-01-13,8.684097093799986,4.896530003167681,2.8391463924141482,1.577835305381053
2022-01-14,8.699836846448974,4.827302501506747,2.835952839875272,1.558604701823948
2022-01-17,8.700043063097924,4.650582273519487,2.8335799457484265,1.5580170296961593
2022-01-18,8.63067364655856,4.315731223715399,2.822150339007165,1.5261027344170965
2022-01-19,8.677539290102029,4.2735167428173035,2.803315725391011,1.5405643011850998
2022-01-20,8.644867625331806,4.372170789394987,2.8063820193060405,1.5174782806019231
2022-01-21,8.608327950794852,4.192765573782439,2.7987537511876415,1.5443709338245275
2022-01-24,8.624635850330845,4.275969085903808,2.7894192399580056,1.5964873448295955
2022-01-25,8.677632488412167,4.698519959735423,2.802288859166944,1.5528182215420556
2022-01-26,8.642751034848496,4.9125390427839735,2.800175796155125,1.5471297125652022
2022-01-27,8.641773640536382,5.2436061868436985,2.793658050992368,1.56853926712179
2022-01-28,8.66051911626691,5.286193681259426,2.802493280314119,1.5478538239573023
2022-01-31,8.685579908916452,5.493776967339248,2.811122251369437,1.5731184093815511
2022-02-01,8.691215564184859,5.265570503113712,2.799949991792372,1.5916564145136993
2022-02-02,8.673425630766802,5.084121417159445,2.7959156371543634,1.629693815350869
2022-02-03,8.64401545355415,4.530867056616293,2.803005161563835,1.5829157115468768
2022-02-04,8.64691167316423,4.795626286761662,2.7966467404877315,1.5323594569514614
2022-02-07,8.606892275437714,5.104490904503125,2.801019209536364,1.523821238819505
2022-02-08,8.48977480893139,4.942842681081368,2.8000303812475904,1.4842292610279146
2022-02-09,8.516107908870906,4.888545985134866,2.8021962489411454,1.5282285576249246
2022-02-10,8.548762433124235,4.747242480559823,2.8032963878929076,1.4789494422770795
2022-02-11,8.457284537283304,4.817567274988035,2.807576669775739,1.604343624431751
2022-02-14,8.420927818287474,5.036475482464485,2.816219214580627,1.6591457127126177
2022-02-15,8.443379163460055,4.680299518353065,2.8106659405726595,1.6303755168516494
2022-02-16,8.531297284590726,4.795667715057009,2.7978219079299205,1.6466738446475644
2022-02-17,8.533978817804067,4.752243178849426,2.7918509108869305,1.5394182025244894
2022-02-18,8.504116139976565,4.782153951653035,2.799870093224307,1.6652638462915152
2022-02-21,8.49453334687526,4.878908297714115,2.8000050417681814,1.6069521697703277
2022-02-22,8.549002281910642,4.8512906349758085,2.790141221411816,1.5855594747560295
2022-02-23,8.530209151684232,4.830234384435387,2.792681079433861,1.48860643890657
2022-02-24,8.498231068409595,4.787550573737011,2.796260949025411,1.5263405408897752
2022-02-25,8.481893503062834,4.983133535917359,2.789996950935115,1.4784062055064129
2022-02-28,8.441173829496156,5.043701506388774,2.7953646737166884,1.5001164930975057
2022-03-01,8.444186822304204,5.065494940294456,2.7977402015661617,1.4840884764160558
2022-03-02,8.51466103319214,4.803686667608003,2.7810785896071493,1.4476036742358218
2022-03-03,8.523955171669048,4.740774571882797,2.779414391395252,1.4326644060691112
2022-03-04,8.512903513618337,4.927832452270472,2.7714605794300637,1.4665521986549892
2022-03-07,8.50178370991635,4.925655129419076,2.7733347370549386,1.4273157434356394
2022-03-08,8.43928190688593,5.036753809985802,2.7752428994699634,1.4220471320236743
2022-03-09,8.475202209263143,5.389368281112181,2.75754318766777,1.4658247503421546
2022-03-10,8.474055671349229,5.548362561323708,2.751100356757285,1.5968658715854684
2022-03-11,8.469742108534948,5.480159012029072,2.741301921152263,1.5984529698554426
2022-03-14,8.603773033811615,5.3213967916375395,2.7477778570474163,1.5407360717924645
2022-03-15,8.613412008741173,4.757484028531605,2.743591419784834,1.5157177355539697
2022-03-16,8.58209679432687,4.7347600839148445,2.7487368558499483,1.5187900497976807
2022-03-17,8.569330892005668,4.688034436860877,2.752195053834868,1.5087851746203618
2022-03-18,8.620473833331719,4.794560938555099,2.749278320310791,1.5497408572513198
2022-03-21,8.621116549733983,4.776352323492344,2.748841610191196,1.5541422136746146
2022-03-22,8.563692501018297,4.71763442027378,2.7459956450838248,1.5858730046836107
2022-03-23,8.59544552507283,4.416799792017387,2.741196799070966,1.55249776323233
2022-03-24,8.568769630094994,4.3007085602592,2.7376137513712417,1.603356627913985
2022-03-25,8.653424091563913,4.465599153592377,2.7373375451019015,1.5702142336675444
2022-03-28,8.69580012614296,4.844113597310368,2.7472874753874916,1.5208401671544924
2022-03-29,8.674947645060847,4.828228468548974,2.7491949000744826,1.627249437423463
2022-03-30,8.731819619913706,4.911744275953285,2.756092800653862,1.519946272571681
2022-03-31,8.729973784767042,5.101939481248896,2.768831492334133,1.490788550856334
2022-04-01,8.76426429863648,4.923185093234748,2.7564485368534197,1.4672590911419494
2022-04-04,8.787479045585568,4.9997964003258,2.767150819708526,1.598988029186377
2022-04-05,8.750332033018694,4.837490577823616,2.7815148798166796,1.6731034759465135
2022-04-06,8.723218109471375,5.011755732241869,2.7764355657093036,1.707964667710395
2022-04-07,8.769762326702462,5.039017816410914,2.780626769526946,1.648542907343261
2022-04-08,8.757858417204705,5.082242554799576,2.7817269324933505,1.7436825451771878
2022-04-11,8.742538702413214,4.902928273421916,2.791833950657238,1.71520000717018
2022-04-12,8.702065224188138,5.036560705405392,2.7836918901256738,1.7179229884237013
2022-04-13,8.721765469627222,5.461455001355409,2.7773395808856067,1.6761574218894406
2022-04-14,8.80880955107428,5.196899855799504,2.7816396288677874,1.6360508259757411
2022-04-15,8.766093519173193,5.085196964004305,2.787151378041796,1.603447145933425
2022-04-18,8.766071433747058,5.111861669624457,2.7760447548363327,1.5704435434032384
2022-04-19,8.82575703369797,5.263170804168459,2.757608179635627,1.581918426141
2022-04-20,8.819596495833805,5.105052809440515,2.759718236026792,1.5853494140385704
2022-04-21,8.839351389936132,4.542361651761112,2.75843952422785,1.5671426132595792
2022-04-22,8.792240863626478,4.834640135278991,2.7588147232430567,1.6284740166606189
2022-04-25,8.807114563620507,4.997677707639342,2.7632057859985673,1.4687467437507227
2022-04-26,8.800821241007421,4.651785213125191,2.7590109023509304,1.5042027633750485
2022-04-27,8.84402102102801,4.579018069880714,2.7508338543351725,1.5355607903852564
2022-04-28,8.89806860401223,4.929632205991544,2.7620546016886056,1.5928621690897307
2022-04-29,9.008528120823858,5.2478410066391525,2.7579229026997307,1.56923650894836
2022-05-02,9.035824336635358,5.4181561435725305,2.75304404488648,1.5633427084688678
2022-05-03,9.052684100007774,5.328086790656887,2.7638504715181935,1.6030493388151692
2022-05-04,9.063471854478246,5.303925230466526,2.764600994469603,1.6536306161704573
2022-05-05,9.045856376094521,5.23225966747556,2.7651194418698783,1.6049118148675103
2022-05-06,9.061831588498764,5.443679383487676,2.7741712255123816,1.598308907345596
2022-05-09,9.051033870838346,5.197561968949214,2.782012576384673,1.6651932034247714
2022-05-10,9.059106321072868,5.0076009569431195,2.7856747852638586,1.5278570479947813
2022-05-11,9.109705213980332,5.220065818536789,2.7967707685873653,1.5016821486144951
2022-05-12,9.067106040194718,5.173426411330503,2.777235410849212,1.569013176721279
2022-05-13,9.12565404700879,5.453441967541658,2.786977855958849,1.6125537079701922
2022-05-16,9.182942709910046,5.263741279647852,2.7829360743743705,1.612636581724871
2022-05-17,9.17580152805972,5.218214412419198,2.7904367441809357,1.5739523082893387
2022-05-18,9.084904464386536,4.985634618895267,2.792477610475218,1.5223589244914122
2022-05-19,9.060294198662744,4.981571516011336,2.7873489550451205,1.4949898147324683
2022-05-20,9.121956044712713,4.705824401227092,2.79206697910683,1.5769607377853665
2022-05-23,9.117096122056559,4.646205363741175,2.794646818869564,1.539101699754831
2022-05-24,9.076850281166964,4.417180503991991,2.8036606364917938,1.544669317521606
2022-05-25,9.057747748802319,4.60365526833386,2.7974860059298248,1.5041755550110973
2022-05-26,9.094579837490242,4.788482754042036,2.7932456883040953,1.54792453579249
2022-05-27,9.120443295522254,4.4939093011787845,2.789420071175466,1.518679992343628
2022-05-30,9.11447053100891,4.798547405698053,2.790384385187386,1.5169264136023384
2022-05-31,9.102339676299454,5.32445030332476,2.795426001099371,1.4479187716819426
2022-06-01,9.081812987616045,5.287734196832408,2.785875940820069,1.392541591617677
2022-06-02,9.045381855974012,5.109513807176542,2.7835166801879456,1.4261108225019665
2022-06-03,9.116283984185745,5.71744209412728,2.7752987155253965,1.3931135910469787
2022-06-06,9.103184292484592,5.332438352627374,2.77331892921939,1.5149891318420372
2022-06-07,9.157524712379297,5.304471924788747,2.7754468509318433,1.4233953053978894
2022-06-08,9.224824211816827,5.317658890326014,2.7700577153125487,1.4119083192981
2022-06-09,9.274296062857534,5.581490710071517,2.756812573131797,1.4263552337405168
2022-06-10,9.2555321659059,5.5861781475337455,2.754190128103229,1.4277630143836186
2022-06-13,9.270075561421024,5.4079629374805975,2.7494096364899407,1.3963284444273976
2022-06-14,9.26828150401441,5.1587123749571075,2.75076884984814,1.3831983266338217
2022-06-15,9.229562880412688,5.063878556464655,2.740711680195141,1.368131622464875
2022-06-16,9.249229948894353,4.860955790965067,2.743663275010399,1.3872049069942212
2022-06-17,9.199987691440501,4.8788587016433,2.749008037194838,1.505206627151431
2022-06-20,9.250177986475183,4.7932751522845995,2.7513291601747367,1.5121882336096777
2022-06-21,9.239490154621432,4.5374546471597785,2.7604716647366563,1.5691914127668463
2022-06-22,9.250135337815914,4.82990425555178,2.7500039227120507,1.5765177848967256
2022-06-23,9.268190126082345,4.758854190846002,2.7467764001352566,1.6146676148704582
2022-06-24,9.256858080899596,4.549958970879715,2.745485726890461,1.4595322281868193
2022-06-27,9.285686837820279,4.577149351189701,2.7456854413957053,1.4581656254800488
2022-06-28,9.26839675478589,4.637497016887172,2.750003603046134,1.5313782775344482
2022-06-29,9.31252175370642,4.372540544068529,2.7455475777925864,1.498374740412402
2022-06-30,9.257204974867095,4.4958277503358275,2.764299058217935,1.5884079366547583
2022-07-01,9.266795782643822,4.369567055693821,2.7625384866167253,1.6406194937306007
2022-07-04,9.353012555109277,4.772384990931763,2.765068864520396,1.5880698601146495
2022-07-05,9.306826852644953,4.895805839275636,2.769886269498156,1.5518850375182032
2022-07-06,9.27857582775354,4.827621455129359,2.776192623725529,1.5019041057218316
2022-07-07,9.305708947013489,4.7122219701393,2.7710048962206213,1.474723764323186
2022-07-08,9.31364921159914,4.729765804650718,2.778552730773459,1.4337521565310367
2022-07-11,9.334059990738954,4.885930332665258,2.77714300743396,1.4773552037756117
2022-07-12,9.362189832128667,4.902735045451132,2.78114423162582,1.428740574546612
2022-07-13,9.388066432001107,4.880205609789938,2.7768880740327937,1.475831956652994
2022-07-14,9.435801691766358,4.918877509378188,2.775753990850023,1.5139288864983336
2022-07-15,9.454606893955246,4.819507583255057,2.7813776379192414,1.4458849106168152
2022-07-18,9.445582133053781,4.778806600290689,2.7794733668655147,1.5325780217244311
2022-07-19,9.474894913716694,4.430014287965517,2.774508558350656,1.5530127361741854
2022-07-20,9.567634290828796,4.695219408481924,2.7898483658334348,1.586519378295555
2022-07-21,9.563932186997858,4.795016858704542,2.793808137052266,1.5362697013053077
2022-07-22,9.520210855874096,4.67257862760698,2.7841974104662475,1.5604883406422712
2022-07-25,9.56620543616154,5.098440116696001,2.7749056860288475,1.6016908566767982
2022-07-26,9.556413165555725,5.110921470795281,2.7724649985058507,1.578131138114883
2022-07-27,9.459088777122915,4.880939300651711,2.7679652253422127,1.6559128014341624
2022-07-28,9.49030394898373,5.077615949746923,2.76133901101314,1.6217625155758533
2022-07-29,9.470541821910047,5.152662834932768,2.761877316291565,1.6520855713115845
2022-08-01,9.46658565442548,5.2214851544463015,2.7710214086173375,1.6372606561401848
2022-08-02,9.494750259543327,5.1182518643703885,2.774517446886788,1.6393676235867165
2022-08-03,9.512974527499782,5.2072219856805955,2.771703297599933,1.529072984193398
2022-08-04,9.545495765722798,5.141401674377071,2.773874764429201,1.549322251310281
2022-08-05,9.525920209655384,5.243922650771794,2.774757694681667,1.5093380259394764
2022-08-08,9.553978520272057,4.843661038510482,2.765432942467868,1.471525462576812
2022-08-09,9.549350213554733,4.785388103452207,2.763204867743003,1.5633091530830037
2022-08-10,9.577764273735202,5.167278363918915,2.7722218928104305,1.5483910038793833
2022-08-11,9.600002934345321,5.004008864344109,2.7736363568066245,1.4980351976210595
2022-08-12,9.555381316608985,4.885001752774317,2.773874937951216,1.4894741620608705
2022-08-15,9.608328684309473,4.828772766475804,2.7799104648112216,1.4474442726232146
2022-08-16,9.58631363792133,4.62384094539384,2.770787806579,1.5280416561812609
2022-08-17,9.628457192835414,4.286908927715382,2.7637508579764094,1.492181492202135
2022-08-18,9.641590692834214,4.3371572430299095,2.749226069609718,1.5183454836692427
2022-08-19,9.718807528988064,4.457124389957672,2.749436384990159,1.5829218430317162
2022-08-22,9.712497882795342,4.519021916759286,2.752020710975464,1.544282365076517
2022-08-23,9.693790235280858,4.555168991182082,2.7553094618917915,1.568939835095157
2022-08-24,9.685838684311664,4.6232458430403955,2.7615071134526503,1.5116962987821703
2022-08-25,9.67308853410403,4.870200102572778,2.764604790559869,1.6294320782926128
2022-08-26,9.714160275943991,4.866065075345901,2.759524978701616,1.6486198735007034
2022-08-29,9.63938711668142,4.769222055386631,2.7658704623867365,1.6082327233209106
2022-08-30,9.589768170611952,4.743546310701903,2.7561134171239905,1.5448248108496074
2022-08-31,9.540897089812791,4.88541789097058,2.7729034280772984,1.5434621810542128
2022-09-01,9.583863118208754,5.199912138434385,2.7737902485917267,1.5264781255239457
2022-09-02,9.658443281849136,5.069613401075776,2.778869775746453,1.6209755496973914
2022-09-05,9.651614970176562,5.090523609671072,2.784055725308347,1.5431540037759264
2022-09-06,9.6465797595302,5.158341040081621,2.7846755030289594,1.5501340559571855
2022-09-07,9.651837823618484,4.949939043029943,2.7791008514380153,1.54577474995015
2022-09-08,9.707245690251042,4.980048980313178,2.769590581400241,1.5360074131801893
2022-09-09,9.661058623744285,4.701588706235326,2.773764211341909,1.5330797199345834
2022-09-12,9.672190415884375,4.4238169422697755,2.778358949762014,1.5303221614931701
2022-09-13,9.709889702336156,4.571547341813419,2.776641533426121,1.570150733343936
2022-09-14,9.734746181808323,4.565054912970968,2.784109894976135,1.595823928590528
2022-09-15,9.749959201896218,4.666387379674369,2.7809828957918383,1.6032121014461262
2022-09-16,9.791928941688244,4.720528169918941,2.7822666894003842,1.4522548819689165
2022-09-19,9.664202382740994,4.562238028596781,2.794919531729472,1.4933121858965974
2022-09-20,9.697751234535863,4.619569558729732,2.7930806181649572,1.4344729688177948
2022-09-21,9.672971964934312,4.445153894770203,2.7955229228713168,1.4924749323946678
2022-09-22,9.58739555886024,4.761613689142517,2.7956112033893157,1.578367100077579
2022-09-23,9.609057521715235,4.548307939340764,2.793040849483161,1.5267553809443895
2022-09-26,9.665783134581599,4.582277235715497,2.791495542637615,1.521331643582661
2022-09-27,9.66058069384125,4.449907128288214,2.796653867576197,1.5023059355632493
2022-09-28,9.713574963231975,4.635185214881553,2.794622052388091,1.5684583646172703
2022-09-29,9.790908655738177,4.639424559216691,2.8055892532206053,1.5769471740875944
2022-09-30,9.853600729737323,4.607553134188539,2.7972422089094375,1.6503647245269282
2022-10-03,9.933546927379217,4.842193640971388,2.787753639140064,1.640684210528153
2022-10-04,9.969748744711342,4.888628466416834,2.7892156509657715,1.6340478047816447
2022-10-05,9.970914034348109,5.021453721086643,2.789676938510904,1.6195476040303647
2022-10-06,9.898588134671215,4.829811254215649,2.7848560734089363,1.63921368917316
2022-10-07,9.888587742999766,4.59750429029676,2.7896709787467744,1.5371198100351817
2022-10-10,9.849501065185288,4.671784966408507,2.7985661111754125,1.5508588043890705
2022-10-11,9.949588357940844,4.680298167518128,2.7972003924925324,1.5497811002040442
2022-10-12,9.94717240644217,4.852898691483226,2.815785610809453,1.5964069371922043
2022-10-13,9.956499905220873,4.872435722307422,2.8064307833231705,1.574259503899574
2022-10-14,9.98148179911814,4.9486625836241664,2.8133642796574088,1.5258508402149151
2022-10-17,9.988371614786319,4.660437364875292,2.812513067470904,1.5404404843296642
2022-10-18,10.068772418770891,5.100652575021307,2.801072840614394,1.5016234291040103
2022-10-19,10.03638787553728,5.0687416029206585,2.801190405756972,1.433394760264258
2022-10-20,10.04351859678723,5.22410637036008,2.79365686050211,1.4984324012641357
2022-10-21,10.001501427585739,5.037040898796374,2.7953184985636037,1.5447380386003813
2022-10-24,9.941001134771417,5.10214622898528,2.798684307308394,1.5769414922935592
2022-10-25,9.905387329151276,4.841096009934236,2.8088087589902972,1.642175780372663
2022-10-26,9.899553247771756,4.963043291725654,2.8164171835438827,1.59808106281087
2022-10-27,9.871765805277064,4.907613186515498,2.81145353968364,1.5236325982172256
2022-10-28,9.839458658520197,4.933403380379518,2.8137737904955182,1.5333348904859285
2022-10-31,9.773457013818819,5.083738045837732,2.810111838703798,1.5250742902381913
2022-11-01,9.769063999452516,4.841175122966971,2.8060857529009073,1.49768515986897
2022-11-02,9.695491358554094,4.728222736505521,2.81638232370558,1.5164033192615016
2022-11-03,9.72714415805801,4.864267166037881,2.812375613077203,1.5040227184253392
2022-11-04,9.733580391183038,5.321431045482599,2.8285186494866146,1.4496649278057245
2022-11-07,9.664364279528446,5.252140263197837,2.823122628054069,1.464257763566916
2022-11-08,9.652024390303353,5.354950422237435,2.8243941651606366,1.4445634421693
2022-11-09,9.614604307301924,5.2919700824380955,2.8258825901323634,1.4901052712901486
2022-11-10,9.630813398057988,5.694689635335873,2.8294569482047907,1.4825767504223837
2022-11-11,9.698809641522375,5.25111950311855,2.822566755853724,1.5589764675154278
2022-11-14,9.614927118914975,5.235938907511476,2.826462453702579,1.6475687818042737
2022-11-15,9.619419874263127,4.8892102306874765,2.8306684306727927,1.667408519310828
2022-11-16,9.613786873694323,4.442188819660619,2.827672499065916,1.5702484960339358
2022-11-17,9.64465973847956,4.573293501493684,2.823279699303129,1.6439608962221441
2022-11-18,9.655337421151604,4.659512610781928,2.816766556089968,1.7061210149249997
2022-11-21,9.620066389713115,4.649463003672216,2.81475750812571,1.6758910970521899
2022-11-22,9.605481959076986,4.676703983798479,2.826829737719679,1.7242638839914641
2022-11-23,9.570427603483646,5.339338790327095,2.8191138800262303,1.6562325264156663
2022-11-24,9.616932788767311,5.26074571019493,2.818968380823808,1.5473906481585258
2022-11-25,9.614778302327444,5.346187915983055,2.819365425370717,1.5215002960875195
2022-11-28,9.698309767616777,5.19282818056409,2.80413410221579,1.6113565651831978
2022-11-29,9.690057300181746,5.240869805221069,2.803457039066067,1.5292954923637252
2022-11-30,9.653234819727254,5.166432437859961,2.8018317057572,1.5375642587027496
2022-12-01,9.584728298614666,5.060080846673238,2.8071364264750804,1.544350484165109
2022-12-02,9.499496945741003,5.426652817559725,2.80400935495154,1.5271352470737138
2022-12-05,9.430229535956983,5.625956059870683,2.8066400203880795,1.516411297577876
2022-12-06,9.443215345606024,5.585920545632261,2.7980847281364563,1.5303526807991301
2022-12-07,9.459608611669607,5.035483117526984,2.8012117812240644,1.5149216907853278
2022-12-08,9.391295823748765,4.952416607647068,2.8150724880141706,1.4701119542112886
2022-12-09,9.435543553208053,5.538240511598159,2.815622354528935,1.511001321992158
2022-12-12,9.410701972177211,5.421344755635735,2.8040235840337595,1.5707296932263226
2022-12-13,9.419671660623816,5.618537849948859,2.804961209313455,1.615033531688829
2022-12-14,9.490357585377062,5.890753435241852,2.8010818770924675,1.5657729031946763
2022-12-15,9.53243495290735,5.843590723892485,2.8036407961807295,1.5107451400716219
2022-12-16,9.516103250061997,5.5504415274182355,2.806191762155542,1.5121827147141333
2022-12-19,9.469446684770666,4.971163581929792,2.806360866084483,1.6013282691661153
2022-12-20,9.371457525209612,5.100351202639922,2.8081464040722564,1.6262656481589564
2022-12-21,9.33944855203178,4.9230866923985115,2.8054478361760338,1.6453819461986876
2022-12-22,9.329250803803667,4.968482923350776,2.8005005044199773,1.667311202457259
2022-12-23,9.281495046602174,4.724176945209908,2.793490104174201,1.6613216263635762
2022-12-26,9.274907588270253,4.706940860234726,2.7995198851667156,1.644254289132379
2022-12-27,9.280071503196764,4.750231790293523,2.804187171728414,1.6599981261630696
2022-12-28,9.270636002697774,4.831309304825499,2.810711738006407,1.6139535039922235
2022-12-29,9.243170679774773,4.636449799619288,2.8046102873490435,1.5354538207313126
2022-12-30,9.248917062063686,4.9102325147737265,2.804340660975961,1.5795381146632275
2023-01-02,9.273644688461644,4.810494167789717,2.8090722164804274,1.6415011479332628
2023-01-03,9.221632546513415,4.5124806335732925,2.80922672742683,1.5759582391928104
2023-01-04,9.286851543145232,4.560286080754742,2.8018629698457946,1.6165198180765477
2023-01-05,9.287590187417424,4.619341867412831,2.7981725879793133,1.6899232801644497
2023-01-06,9.290960721344291,4.696070816606341,2.8015072798702167,1.6625662037273103
2023-01-09,9.322589016480414,5.00462569241941,2.7924056530424526,1.597680996580926
2023-01-10,9.331805392880666,4.961551961582892,2.7871318009942074,1.5976587906033575
2023-01-11,9.379233010796051,4.954295536402421,2.787946164660915,1.5690420952797894
2023-01-12,9.387574912883682,4.751090517809638,2.789691632316818,1.5451667554324657
2023-01-13,9.357135880811542,4.938482264205063,2.7867742385126983,1.5735473286311532
2023-01-16,9.372645951677917,4.9889729033805175,2.7971287890992125,1.5021420516043753
2023-01-17,9.326694058911654,4.902658732319776,2.7970102779963444,1.454252892764294
2023-01-18,9.333719645019109,4.557667494771202,2.8053273495659723,1.4877564779121482
2023-01-19,9.329364406728589,4.884996174510746,2.8098819225057583,1.509318848498738
2023-01-20,9.319638169536217,4.66504792803452,2.8041972925178804,1.5417398264365745
2023-01-23,9.312346455969688,4.595417269488606,2.797106061398763,1.6395757945458886
2023-01-24,9.22672629440992,4.69650557810533,2.7921844320111573,1.6290033259596222
2023-01-25,9.206796680063219,4.508023615236436,2.795344190034118,1.6437365526165693
2023-01-26,9.2065845420187,4.299909503300401,2.796799540901875,1.5823433084776501
2023-01-27,9.220320166373757,4.02414422948521,2.78941847151259,1.6169412531506837
2023-01-30,9.178724148865106,4.24499415282175,2.796580930680441,1.5879923781942864
2023-01-31,9.239427784696716,4.245287944816418,2.8038545277314917,1.5960188655347416
2023-02-01,9.200125641040728,4.861011590374278,2.8000565698373405,1.585842750273061
2023-02-02,9.243222302266085,4.695077800072173,2.8015713482137983,1.6361615195595738
2023-02-03,9.257627729173402,4.5629640526981445,2.794524233294334,1.558638429229708
2023-02-06,9.227757627189245,4.506346800807545,2.7956427962485266,1.4602450458761096
2023-02-07,9.309310508007597,4.622407054897522,2.8042415929432045,1.4876436840900686
2023-02-08,9.26166647795733,4.57338412269895,2.8019302879892884,1.533050001353518
2023-02-09,9.299243706726754,4.745371465625004,2.8069098519192046,1.5554211680270136
2023-02-10,9.343394917672768,4.601718886591613,2.807316632051698,1.6252603560484564
2023-02-13,9.313548528717055,4.395934094816749,2.7993823568563627,1.6345964191713325
2023-02-14,9.37152361618868,4.16581786547995,2.797150211092728,1.5926696669598548
2023-02-15,9.363245812729739,3.8976052481673853,2.786893327190361,1.4795359465703657
2023-02-16,9.37426471639188,3.9381146414151638,2.7804237471694235,1.4905741343523844
2023-02-17,9.38600290818247,4.009074314983197,2.7669950065925404,1.5487626848692384
2023-02-20,9.379008609739637,4.016500689349303,2.778627774762209,1.5372912250058655
2023-02-21,9.413362381596444,4.342901227475766,2.7926715823820083,1.55428318498075
2023-02-22,9.450013193859393,4.650233083495562,2.7955484009118203,1.5804581799119648
2023-02-23,9.370973069992658,4.620196314688969,2.7899312664736917,1.527271540041386
2023-02-24,9.429179000955024,4.354126979184565,2.7819347021607213,1.5651455736746736
2023-02-27,9.35225680971903,4.319946982382142,2.7799342131788007,1.6435041005828817
2023-02-28,9.40067707416166,4.303004703123623,2.7742278155569418,1.6121402727270029
2023-03-01,9.458665896817068,4.2807354142641705,2.7804149687535236,1.5501128793700212
2023-03-02,9.410543065293535,4.238697624057511,2.7854807176867724,1.554539363601333
2023-03-03,9.396499272989558,4.213906327712054,2.7807039470034103,1.4540610514866195
2023-03-06,9.34231173732911,4.23058657493799,2.7835082020119764,1.4991710417694237
2023-03-07,9.334014627024963,4.2094310749712855,2.7923362582787266,1.5428851176025835
2023-03-08,9.316879012419957,4.333177067023833,2.797893989460924,1.6384271080984278
2023-03-09,9.347036145736404,4.4797917142493455,2.8126934592753323,1.626074960237206
2023-03-10,9.403980308312407,4.389208678321848,2.813557834386172,1.6343630529667585
2023-03-13,9.472464144962034,4.707278795938994,2.830919212738381,1.59262278330303
2023-03-14,9.451284692251065,4.561321096734359,2.828896410757496,1.576486489253468
2023-03-15,9.443471114991944,4.326611823378421,2.8336650054982733,1.509413783129475
2023-03-16,9.362478307493141,4.461475908467464,2.829807876034181,1.5233078389757653
2023-03-17,9.326346419940162,4.374811032415716,2.8218861673071642,1.5257140616716318
2023-03-20,9.371520076864938,4.513311267979743,2.8314746974004055,1.5586101421696466
2023-03-21,9.445895638501048,4.165093927914035,2.824274330521582,1.53453988902668
2023-03-22,9.38392323752309,4.495999658403693,2.821969591024861,1.5520498857214289
2023-03-23,9.354691438495852,4.6766976567135154,2.824220608314667,1.5513211688562665
2023-03-24,9.354014382227753,4.442835236013333,2.825865975114458,1.5470774544457058
2023-03-27,9.369360899032031,4.252951476386073,2.829046527662729,1.5638004691664027
2023-03-28,9.325572322867995,4.632387743290983,2.827162375733776,1.5759853372315449
2023-03-29,9.344715367490803,4.545107187327354,2.833264058008053,1.6230110000121616
2023-03-30,9.324765080923086,4.446249324657389,2.822549914096801,1.6060987591729705
2023-03-31,9.32803374041919,4.1214933472453295,2.8270074529822113,1.589571338316262
2023-04-03,9.355866260824316,4.166254521161269,2.820822647622875,1.5826343149550626
2023-04-04,9.359083879337451,4.223432357693527,2.8271376208175747,1.5537710347395446
2023-04-05,9.337259381552034,4.434649862459551,2.8371028107174485,1.5523571862901677
2023-04-06,9.325974398142586,4.255048047287151,2.8288641135145394,1.6587385543662176
2023-04-07,9.321299868693927,4.083984963092008,2.822294878808393,1.5954903534707994
2023-04-10,9.309232872337573,4.26104881219527,2.8108863135047053,1.5749598929179147
2023-04-11,9.303603984996274,4.523483465521945,2.80459478526696,1.5580338045364641
2023-04-12,9.378685141859819,4.313551474240426,2.810267817491993,1.5584929676452959
2023-04-13,9.406338081934553,4.593327729037328,2.808521554200376,1.5507545006367855
2023-04-14,9.395184553106459,4.649807465757846,2.807858969475117,1.5688312822603878
2023-04-17,9.425324948870122,4.909820271753187,2.8091890020793446,1.4927119814668892
2023-04-18,9.410497790948554,4.909150537125304,2.8048416622445966,1.5574090525377122
2023-04-19,9.470715687044576,4.4620843178474745,2.800160131030899,1.5883454278918239
2023-04-20,9.484716729101287,4.503946902929489,2.797715671233146,1.5282865357281672
2023-04-21,9.48671689896189,4.764892095315436,2.791051116637407,1.4346803991649608
2023-04-24,9.506662123672706,4.633681665452045,2.8014139461727714,1.429163397430748
2023-04-25,9.441008398402584,4.599456775422334,2.7958037517331187,1.4536328313729279
2023-04-26,9.385552946927929,4.608765751608188,2.7990236282960925,1.6029215926519302
2023-04-27,9.334853732137487,4.140112065737308,2.8072990251807086,1.6212927867991107
2023-04-28,9.339255395118435,4.531358674183734,2.8161937543439697,1.5274638891049486
2023-05-01,9.412668474974206,4.437855540381845,2.826667919111207,1.5112414207464908
2023-05-02,9.515615122804782,4.615881163007823,2.829559995787772,1.5271735694939501
2023-05-03,9.5494215345011,4.656704390150786,2.836944796361613,1.5546507045134608
2023-05-04,9.569937333873241,4.9504980890317976,2.8327606702583217,1.5008835075878255
2023-05-05,9.482632558403925,5.0298775109921126,2.839292608839947,1.5170073301901172
2023-05-08,9.458373195305695,4.981251341205833,2.840232077894638,1.500044669727211
2023-05-09,9.423099471983457,4.807946102175466,2.8415511890984075,1.4712301049403618
2023-05-10,9.397872415162668,4.987702301128015,2.8456736404910874,1.50952766672939
2023-05-11,9.394609547017959,4.632647438816857,2.8408468822712503,1.5619003212385667
2023-05-12,9.373872251983016,4.798244305621737,2.836209268116901,1.6042792813254199
2023-05-15,9.292873664008564,4.604356066855081,2.8393409605608277,1.6276281802632655
2023-05-16,9.327877498549897,4.897609454406558,2.8424710573285776,1.5969877799797816
2023-05-17,9.279426633779003,4.935540726559825,2.8501777658886533,1.633430451909266
2023-05-18,9.284845154748481,5.07523443975152,2.8357737851884255,1.6328445935706508
2023-05-19,9.377507949995277,5.102570509486953,2.8476345806014147,1.6325849583399898
2023-05-22,9.335706433581542,4.742074237843013,2.8460933996352016,1.5913769714199866
2023-05-23,9.227288100429845,4.5949171469114924,2.847360553726435,1.569712363302336
2023-05-24,9.21707152338268,4.767130275624332,2.8387205854376947,1.575363595818615
2023-05-25,9.262279859854688,4.835320437323702,2.8385987821935874,1.6991709313551313
2023-05-26,9.351148715783333,5.108237602125841,2.8433853866074776,1.687464514772061
2023-05-29,9.29936359779018,5.171585594378511,2.837356414428538,1.6266927005509952
2023-05-30,9.328006591911127,4.963012631660002,2.8378763435318017,1.5786087201176757
2023-05-31,9.311245355307273,4.811627300970008,2.841988026469434,1.5626790301609483
2023-06-01,9.310088845329446,4.856144339233887,2.8438673499130736,1.675367373918721
2023-06-02,9.429994531181944,4.464636444270864,2.848597260803488,1.6397525251192608
2023-06-05,9.364412346302391,4.832350563812584,2.847843842883157,1.6731661441219816
2023-06-06,9.381262382025511,4.945567503053312,2.8532878548109424,1.6384505525468571
2023-06-07,9.398086949317632,5.208835568017476,2.8420565171844574,1.632794618721787
2023-06-08,9.4466308220015,4.879013104102203,2.8595889110161887,1.6710002033081282
2023-06-09,9.44891049003952,5.14941752448762,2.862797659079384,1.6308522455902181
2023-06-12,9.465084825478446,5.620119952973254,2.853049320097633,1.592681869592153
2023-06-13,9.45271424901672,5.260607309241935,2.8394716899624717,1.669364460832953
2023-06-14,9.463430429239882,5.400887570068884,2.848866966315675,1.7018756737880474
2023-06-15,9.439580091329367,5.353113010313882,2.849352483262205,1.7098454430417398
2023-06-16,9.466981889115273,5.001957945188155,2.859804432903564,1.7219877934090195
2023-06-19,9.454411083978068,5.105188190521506,2.8614025358501376,1.7145489891154477
2023-06-20,9.47433484853862,5.2751582361737475,2.848466908818713,1.785424944757435
2023-06-21,9.475384786116294,5.123465611594605,2.8449153074093783,1.7423112934713216
2023-06-22,9.526433464962945,5.369221720077936,2.846950411607735,1.738118844586428
2023-06-23,9.5199738555243,4.9863945853105065,2.851735985614718,1.6340322281015391
2023-06-26,9.441998510885389,4.691865713192319,2.8574270301694358,1.5869073349215235
2023-06-27,9.49695456295537,4.768691430107555,2.8531317201626645,1.5298318788591343
2023-06-28,9.464777706481236,4.801559401052526,2.8597639667867396,1.6109672225073843
2023-06-29,9.438031425709582,4.689668027210088,2.8544768385486394,1.4894289153062847
2023-06-30,9.409652173956228,4.881617615097226,2.842525315729022,1.4936561046330674
2023-07-03,9.47037720723946,5.016882310923388,2.851380100938385,1.392867480793197
2023-07-04,9.374191464071117,5.177883823064075,2.8664447950598158,1.414042732529124
2023-07-05,9.516296181134571,5.162147780020178,2.867965347375422,1.4392306498465313
2023-07-06,9.569696800660468,5.285818499634877,2.8759820126040134,1.5509829208897947
2023-07-07,9.581437529021422,5.1687850878185815,2.8793881291779115,1.5867167505149882
2023-07-10,9.576876471948832,5.597774459116802,2.8791087114853284,1.5539303855869073
2023-07-11,9.598034403572996,5.359106309085899,2.8709381404215897,1.6181446477961143
2023-07-12,9.623032453588312,5.797335358356082,2.8770387055347637,1.6246252318446737
2023-07-13,9.656623080825826,5.721148047737002,2.875593230805856,1.6226414056505691
2023-07-14,9.680829796442904,5.343683050770341,2.878884150797882,1.5669141727316893
2023-07-17,9.687175079231796,5.612819122307581,2.882601441434319,1.532069750893372
2023-07-18,9.679982306903897,5.574182302469559,2.88218660840807,1.5137801115995941
2023-07-19,9.666420756473189,5.701983233439993,2.886096213213908,1.5450527427857819
2023-07-20,9.665942766670451,5.906692490009178,2.883931350634999,1.5660833924568711
2023-07-21,9.724485726934484,5.893311178862607,2.8819435201767476,1.6527225591671644
2023-07-24,9.75146178752587,5.661699155760713,2.885398226460129,1.6677781458170668
2023-07-25,9.611328235804452,5.784836785297504,2.890743791056151,1.533138761278767
2023-07-26,9.643747479109877,5.70197609519818,2.8975927341578034,1.5714070057445961
2023-07-27,9.653873063323113,5.782585927380948,2.897544548733853,1.5164286177698607
2023-07-28,9.655151953616032,5.224422046308982,2.8972822030360095,1.4979985202456976
2023-07-31,9.638672546298228,5.298416487088216,2.9044119236056245,1.492856312677611
2023-08-01,9.693558899134848,5.149373142754095,2.9039884919997285,1.496622831847532
2023-08-02,9.7441653790705,5.504221399613498,2.9056171403263913,1.463463122001264
2023-08-03,9.711066502013143,5.585395581944773,2.905964946664155,1.5141911437581548
2023-08-04,9.726752709652358,5.580744026536182,2.9021228922235762,1.478341660783509
2023-08-07,9.68754629294311,5.621150100095194,2.8846285688197653,1.5245672579903087
2023-08-08,9.630693636503791,5.3264163108421485,2.877421556042597,1.6521513603578108
2023-08-09,9.614648606091977,5.648449586577709,2.8724225254098688,1.5774881678084751
2023-08-10,9.650965122060851,6.047209334368887,2.8743424923564285,1.573395450918387
2023-08-11,9.696937131638,6.0266457297771705,2.8863517770303484,1.4751978634588745
2023-08-14,9.713532793417222,6.297970707284305,2.882636210512892,1.4982732783882744
2023-08-15,9.750336195416265,6.009819924977422,2.876170130054964,1.5555430121048235
2023-08-16,9.773162822454758,5.712844547280639,2.875908607702678,1.606963378530042
2023-08-17,9.751395552103267,5.641452595390364,2.866310070712959,1.6131754949847865
2023-08-18,9.76938767943589,5.675551570997861,2.864026807757145,1.6600969163358774
2023-08-21,9.801153502126224,5.522784163845211,2.864112486194845,1.7840740796463774
2023-08-22,9.835636582068469,5.597781260390142,2.8773001974905226,1.8400069970242563
2023-08-23,9.884904198873176,5.616180853384278,2.8780587626678025,1.7570733673799588
2023-08-24,9.922342804864616,5.344863153132615,2.890450002834313,1.6572953032248374
2023-08-25,9.931683311212046,5.4325623259331195,2.8892740950932243,1.6354617332875176
2023-08-28,9.983743154773194,5.596057418052796,2.8904342057422556,1.5879265490309458
2023-08-29,9.974977018266081,5.576467419146653,2.908981731401374,1.6304263019386047
2023-08-30,9.93236425032862,5.774714458249065,2.902244987255925,1.5785222668325132
2023-08-31,9.931913627550125,5.4234424685455185,2.894410163093964,1.588659524461731
2023-09-01,9.898684778803764,5.483583793065999,2.906227421596461,1.6495367626664879
