,spread_trigo_soya,z_trigo_soya,spread_maiz_arroz,z_maiz_arroz,señal_supply
2016-01-04,0.037100488323071446,,0.027577387607593984,,Neutral
2016-01-05,-0.10495994563731603,,0.05786890023741087,,Neutral
2016-01-06,-0.09258848389614638,,0.01820537096904551,,Neutral
2016-01-07,-0.07254470742145447,,0.005815361566236854,,Neutral
2016-01-08,0.018445231391137185,,-0.01873157369355627,,Neutral
2016-01-11,-0.20128559362574805,,-0.00579260361238032,,Neutral
2016-01-12,-0.07604431534148226,,0.0576430049170884,,Neutral
2016-01-13,-0.48206642052454596,,0.011163784159177625,,Neutral
2016-01-14,-0.5160318060245088,,0.05692330546250912,,Neutral
2016-01-15,-0.5247834899795922,,0.010937232621780923,,Neutral
2016-01-18,-0.3662816146813923,,-0.02982651480482179,,Neutral
2016-01-19,-0.31638398559065006,,0.02031024831700967,,Neutral
2016-01-20,-0.4874574612875371,,0.06292901976166321,,Neutral
2016-01-21,-0.5724549612791958,,0.09308992943100547,,Neutral
2016-01-22,-0.4757906994563301,,0.010743793078065611,,Neutral
2016-01-25,-0.4298762907597724,,-0.008638431092761634,,Neutral
2016-01-26,-0.46349761684036395,,0.033309608671645785,,Neutral
2016-01-27,-0.47791626940544374,,0.03380586143780051,,Neutral
2016-01-28,-0.3157545848854002,,-0.019451399942225,,Neutral
2016-01-29,-0.35549374145158374,,0.0067424008590946105,,Neutral
2016-02-01,-0.3232892301870147,,-0.026786381863275643,,Neutral
2016-02-02,0.06620467477828473,,0.07541369772785611,,Neutral
2016-02-03,-0.16942786907309815,,0.14050280622943956,,Neutral
2016-02-04,-0.4308074237445041,,0.14723268260023215,,Neutral
2016-02-05,-0.2598142669626875,,0.18880554925748783,,Neutral
2016-02-08,-0.33013349119918045,,0.1573983500087992,,Neutral
2016-02-09,-0.33776760947788986,,0.16583447930453743,,Neutral
2016-02-10,-0.4125377547784015,,0.2134706043220449,,Neutral
2016-02-11,-0.4012345500828558,,0.17913718585447724,,Neutral
2016-02-12,-0.10437681977389879,,0.1312685749117981,,Neutral
2016-02-15,0.04161280529433764,,0.024132696545023924,,Neutral
2016-02-16,0.1883745919939761,,0.023599185278101897,,Neutral
2016-02-17,-0.06678348671816181,,0.06307985654183401,,Neutral
2016-02-18,-0.23890224740997423,,0.09959124244752426,,Neutral
2016-02-19,-0.626257122448342,,0.10484628328699519,,Neutral
2016-02-22,-0.6670074551255794,,0.058788247695775064,,Neutral
2016-02-23,-0.45269276932667113,,-0.04548994249208471,,Neutral
2016-02-24,-0.32207794200608486,,-0.04671904494571977,,Neutral
2016-02-25,-0.31670561549745724,,-0.039845048938247585,,Neutral
2016-02-26,-0.2806519786223176,,-0.03602014375919271,,Neutral
2016-02-29,-0.349253477601851,,0.004798825352293257,,Neutral
2016-03-01,-0.2748283121510102,,0.10807550452889503,,Neutral
2016-03-02,-0.12012478928730497,,0.09549150209976287,,Neutral
2016-03-03,-0.35310217668187605,,0.07341666585494133,,Neutral
2016-03-04,-0.2654693572161597,,0.0486009736019033,,Neutral
2016-03-07,-0.08627144703648826,,0.048485058157416105,,Neutral
2016-03-08,-0.1400032785231442,,0.0021773858009124236,,Neutral
2016-03-09,-0.006885353575006192,,0.015812188252296355,,Neutral
2016-03-10,0.48404369621210996,,0.04378662085030527,,Neutral
2016-03-11,0.40365867073916295,,0.05301117668000255,,Neutral
2016-03-14,0.4271117603935881,,0.0697334538599661,,Neutral
2016-03-15,0.24588471614007368,,0.085628079772196,,Neutral
2016-03-16,0.24815403404517866,,-0.008106315622277371,,Neutral
2016-03-17,0.30108411932810153,,0.03493273727167323,,Neutral
2016-03-18,0.30227109603485847,,0.006365545801255479,,Neutral
2016-03-21,0.09516170022660475,,-0.03421248114688846,,Neutral
2016-03-22,0.1196612651275295,,-0.06565271964605901,,Neutral
2016-03-23,0.3598291719128097,,-0.018817102453572154,,Neutral
2016-03-24,0.3982873899708075,,-0.01224642688908828,,Neutral
2016-03-25,0.527759342721712,2.2335691852237125,-0.07443461557779707,-1.763663998565976,Retrasar_compra_trigo
2016-03-28,0.420351611670184,1.8148675977022124,-0.019795310451349524,-0.9129187331334475,Retrasar_compra_trigo
2016-03-29,0.506083073003655,1.9845004437636138,-0.06944854178124005,-1.596793855313509,Retrasar_compra_trigo
2016-03-30,0.49372815079542587,1.8589386781864279,-0.033689902985015285,-1.045460410055689,Retrasar_compra_trigo
2016-03-31,0.26349760602988326,1.143676251217444,0.0015573717593122538,-0.526896212476005,Neutral
2016-04-01,0.29037856149932484,1.1963305686970849,0.05721193496807042,0.2722550234051541,Neutral
2016-04-04,0.09059623716115528,0.5985265481256205,0.14905348811614205,1.5604655907200637,Neutral
2016-04-05,-0.02216740130528816,0.2681043418983633,0.056081849605017275,0.2141179971033969,Neutral
2016-04-06,0.015556612020703575,0.35671520863098577,0.04996324060275392,0.11628876212775816,Neutral
2016-04-07,0.06644309197738707,0.48244973563901594,0.03570353644838509,-0.08550259134424507,Neutral
2016-04-08,-0.1322581290576239,-0.1270928770586585,0.06157581592259742,0.2780462577097693,Neutral
2016-04-11,0.05807449797504205,0.4250718424100396,0.07024119222946301,0.3828896827245642,Neutral
2016-04-12,0.15275324925493372,0.6871901204106512,0.04646530186030029,0.02820249269330176,Neutral
2016-04-13,0.019605622727061345,0.26341108985688555,0.02304720122107451,-0.30544080007111374,Neutral
2016-04-14,-0.22380761587543496,-0.5076602832520545,-0.022841795886544336,-0.9468791064425245,Neutral
2016-04-15,-0.21962631496730278,-0.5142312847584241,0.04490531626240757,0.03500090106592846,Neutral
2016-04-18,-0.2592647223111051,-0.6536185903197009,0.07564318044399188,0.46586545638865945,Neutral
2016-04-19,-0.20830623637000922,-0.5115358662528727,0.11652517471462409,1.0363448419828494,Neutral
2016-04-20,-0.23753106474451746,-0.6267880217294102,0.08466748322932194,0.5590537023379192,Neutral
2016-04-21,-0.5071175579758203,-1.4774160643926135,0.04150069174691695,-0.08293975193292777,Neutral
2016-04-22,-0.5043536331052092,-1.4461885711226123,-0.009539840150097456,-0.8233281664262948,Neutral
2016-04-25,-0.48915909919139455,-1.3750386095193134,0.020388369662297512,-0.40166867706231063,Neutral
2016-04-26,-0.3369390419741958,-0.8683810146234444,-0.019755972285029344,-0.9626658920168076,Neutral
2016-04-27,-0.3988658727615215,-1.042109553677443,0.08628303619753508,0.6087803857517339,Neutral
2016-04-28,-0.0908347955218538,-0.10119390917785386,0.014525025947873083,-0.42952509960710333,Neutral
2016-04-29,-0.3735177988242593,-0.9811227576290362,0.035325420838246746,-0.08039720938126152,Neutral
2016-05-02,-0.1260821060102053,-0.217194057458819,0.12132546728286808,1.3046830242113363,Neutral
2016-05-03,-0.14296676861559154,-0.2824018907045881,0.13399721828725353,1.53970623068769,Neutral
2016-05-04,0.016038702172465946,0.20165838182929824,0.12653985581305238,1.522033765018529,Neutral
2016-05-05,0.029414452034944638,0.22395509656273924,0.05925313619046335,0.42305045574122446,Neutral
2016-05-06,0.22203433660275618,0.8263640466982434,-0.009382110847861558,-0.7914481082574479,Neutral
2016-05-09,0.1321295619143683,0.5305423036480824,0.04501399865916533,0.20600831581039233,Neutral
2016-05-10,-0.0607174273198412,-0.07716077730666052,0.12673624459706256,1.6432315946501816,Neutral
2016-05-11,0.18535868498372032,0.7018164668652396,0.08550570933169355,0.8891174893286823,Neutral
2016-05-12,0.14589342593474086,0.5547616755144377,0.0224147207272416,-0.22202792812377323,Neutral
2016-05-13,0.16833472757611112,0.6023133260728091,-0.0835769184499302,-2.039839296619017,Neutral
2016-05-16,0.36273182989016295,1.2264426637646275,-0.09406255848218747,-2.1002318702879323,Neutral
2016-05-17,0.14292421365908403,0.4494350937557221,-0.06838536713888987,-1.6395740834896884,Neutral
2016-05-18,0.2303171401267523,0.7275800176602939,0.03391237048715956,0.06827167090135589,Neutral
2016-05-19,0.10464976614219701,0.2643328763945465,0.0683023782752401,0.6327783728317279,Neutral
2016-05-20,0.07250022467893924,0.13041898160753856,0.07720480841122224,0.7594624544975701,Neutral
2016-05-23,0.07638792375189674,0.12089659577999225,0.04825739543861984,0.24283225696137065,Neutral
2016-05-24,-0.17253142166440316,-0.8000380420952292,0.023868060320511253,-0.16064477707732067,Neutral
2016-05-25,-0.27074911974678795,-1.1426115200091045,0.10189842356132095,1.2162726190600803,Neutral
2016-05-26,-0.024916455047852892,-0.2706008327724944,0.09928127342776616,1.1540730506519772,Neutral
2016-05-27,0.1260428776495255,0.2686000840979053,-0.010534455396764342,-0.7514285899319971,Neutral
2016-05-30,0.10340829057990408,0.17212617697784516,-0.023831264487497394,-0.955627202317488,Neutral
2016-05-31,0.13699686313675752,0.28228504596101595,-0.038554198562187336,-1.1870704463943096,Neutral
2016-06-01,0.07417704847106155,0.03988045276551855,-0.037525869585138816,-1.1417579572244965,Neutral
2016-06-02,0.29988780570523144,0.9182834828072153,0.01186472248346937,-0.2940625050896356,Neutral
2016-06-03,0.2308932649222477,0.6721293551211511,0.017157386337284475,-0.19429040976147696,Neutral
2016-06-06,0.24167102802919516,0.7356958846847221,0.02273924412257111,-0.08648905587039046,Neutral
2016-06-07,0.41553399428060445,1.3913897319549235,0.10005327134275555,1.2230371875148314,Neutral
2016-06-08,0.23025730984982662,0.6732597499027949,0.05929020611217628,0.5120887420216776,Neutral
2016-06-09,0.4851694264196311,1.6270825981691197,0.15981783433575436,2.1012570074759322,Retrasar_compra_trigo
2016-06-10,0.15880144639874683,0.38910223106683267,0.10493454844271688,1.1652021961383834,Neutral
2016-06-13,0.42776036035053533,1.3808163704171987,0.10308099909076396,1.0979468671973585,Neutral
2016-06-14,0.311066690372523,0.9201471191254663,0.0813204555099647,0.719979589247158,Neutral
2016-06-15,0.23108829883047033,0.6317859553073009,0.0886182241330582,0.8121990890960535,Neutral
2016-06-16,-0.10557679721274926,-0.6188565990439947,0.10626397396082754,1.0670743461320338,Neutral
2016-06-17,-0.16154026511967023,-0.8078330242894337,0.12133903205064933,1.284173326214223,Neutral
2016-06-20,-0.29976966005465755,-1.308112036569823,0.07227159649618198,0.4404149484151795,Neutral
2016-06-21,-0.3548802606295953,-1.485581026777228,0.01632723136400349,-0.5455362253456423,Neutral
2016-06-22,-0.33078349647634386,-1.356155374993927,0.1577278434580549,1.840376161301023,Neutral
2016-06-23,-0.1424475668381615,-0.5706139921619855,0.11078443666101956,0.9985214742306326,Neutral
2016-06-24,-0.08892620538108797,-0.330618984826816,0.13718809699320889,1.4046081723980077,Neutral
2016-06-27,-0.022569694576364263,-0.0495061810350637,0.04409664067144203,-0.14024709885223585,Neutral
2016-06-28,-0.1930238625425913,-0.7376182495777555,0.03608967884283287,-0.27255736781513407,Neutral
2016-06-29,-0.3038655776136041,-1.1575115640771712,0.0383322858295021,-0.23041807923260899,Neutral
2016-06-30,0.020563947863312393,0.16280951371321856,0.07362829027253825,0.3671812815395054,Neutral
2016-07-01,-0.0986881718374426,-0.3242736981476341,-0.05492907746866704,-1.766136075766652,Neutral
2016-07-04,0.1884016603016656,0.8301159391348615,-0.016961045549593212,-1.0946019500471271,Neutral
2016-07-05,0.12724546527797465,0.5850582144898606,-0.04709060302784884,-1.5369599349788343,Neutral
2016-07-06,0.11348149920582884,0.5218434553120136,-0.003887748212451747,-0.8229873967136542,Neutral
2016-07-07,0.28665918004799007,1.1802539673042516,-0.03277360733540102,-1.2839537707173094,Neutral
2016-07-08,0.4787002811386021,1.8590949243762647,-0.050503687960618215,-1.513723828539122,Retrasar_compra_trigo
2016-07-11,0.404589025401628,1.5089047163964053,-0.030815788284465073,-1.162714333506482,Retrasar_compra_trigo
2016-07-12,0.28713578013245034,1.018766418089775,-0.05448757637607349,-1.4774865942668003,Neutral
2016-07-13,0.24453414074400737,0.8253088701109854,-0.042808250027022154,-1.2508081823969712,Neutral
2016-07-14,0.27724338626308587,0.9305335620279928,-0.07042578584914794,-1.6101702696197813,Neutral
2016-07-15,0.4005701624874929,1.4005738109465757,-0.11396269470280318,-2.156600971901492,Neutral
2016-07-18,0.35461145011066453,1.19314330919638,-0.022001823908964102,-0.8090195453545528,Neutral
2016-07-19,0.42641320783110004,1.4566444675066337,-0.05645899157658274,-1.285146898556151,Neutral
2016-07-20,0.6746555225381536,2.4108901693153886,-0.03035222639707058,-0.8827667378183368,Retrasar_compra_trigo
2016-07-21,0.6635353792425809,2.22319891329353,0.03557383441767348,0.05241118061011255,Retrasar_compra_trigo
2016-07-22,0.640739171362771,2.057010315543082,0.01960979302827437,-0.17158133724624053,Retrasar_compra_trigo
2016-07-25,0.2897274655824802,0.6074647000031891,-0.005378855110945713,-0.5039737816164104,Neutral
2016-07-26,-0.17881275598242263,-1.3011848274678661,0.02702815728316632,-0.010543216600725191,Neutral
2016-07-27,-0.0955493981936999,-0.9489909012161912,0.09435190276009653,0.9988890408771702,Neutral
2016-07-28,-0.09630332186399748,-0.937959185433292,0.029906470898059867,0.047521020968411695,Neutral
2016-07-29,-0.1636798034912461,-1.1705982141856395,0.03271909957658625,0.07917955757833563,Neutral
2016-08-01,-0.10310937919030216,-0.9071453626385637,-0.03674151122207392,-0.931859858922677,Neutral
2016-08-02,-0.09737270121312225,-0.8802824460864567,-0.027113679098275556,-0.7619787552584083,Neutral
2016-08-03,0.10028301016870511,-0.09436442458377407,0.0007554155966553733,-0.32324021237614625,Neutral
2016-08-04,0.1055216541843631,-0.07101740114336996,-0.019757037900323127,-0.6214266643768062,Neutral
2016-08-05,-0.027310735815405884,-0.5812491885693016,-0.014143702862035479,-0.5649576861880302,Neutral
2016-08-08,0.141343828309898,0.09843355456627889,-0.05736415888385604,-1.258534463123626,Neutral
2016-08-09,0.09327442194398383,-0.08913347179816718,-0.01935373337379631,-0.6866017778336363,Neutral
2016-08-10,0.1744492615775135,0.2371692604228829,0.055237713863271365,0.4891602295553159,Neutral
2016-08-11,0.07411657193184862,-0.1596554376581347,0.010658010432602394,-0.20171044296177573,Neutral
2016-08-12,-0.03768440737776757,-0.5950561398857568,-0.0020085011454538115,-0.3838529667583384,Neutral
2016-08-15,-0.018179231415614616,-0.5104392552830757,0.04295832786622533,0.3355284199909235,Neutral
2016-08-16,-0.010117065733838082,-0.49360351028679733,0.11259764914717363,1.399891993160988,Neutral
2016-08-17,0.07484853715911655,-0.18119579448192724,0.0309576274604062,0.13855937232241228,Neutral
2016-08-18,0.02330118237379608,-0.39505498221654384,0.03249109028274977,0.18298838031444964,Neutral
2016-08-19,-0.26690075795558554,-1.5209458195554824,0.05624574198295873,0.5475903465953624,Adelantar_compra_trigo
2016-08-22,-0.2989270371373025,-1.5866003885293776,0.06181473502160939,0.6152139928970471,Adelantar_compra_trigo
2016-08-23,-0.13662543424949147,-0.927385231347078,-0.05628108823981348,-1.277843936363817,Neutral
2016-08-24,-0.16245729002198894,-1.0036105732718394,-0.0044328701428415496,-0.4579370064744454,Neutral
2016-08-25,-0.17909538006276327,-1.0327010299733765,0.08626757397355256,0.9786060041023984,Neutral
2016-08-26,0.0036352182436649727,-0.31848486364624207,0.08962522653012894,1.0043379085102284,Neutral
2016-08-29,-0.10985718484988993,-0.7304686295777912,0.035510933971714564,0.14162905973672033,Neutral
2016-08-30,-0.3342689329848074,-1.5329207087605443,0.020661869261666466,-0.07399345111946924,Adelantar_compra_trigo
2016-08-31,-0.3171918802826532,-1.4129095735732076,0.11787268804339934,1.448959135892526,Neutral
2016-09-01,-0.350548343369089,-1.490364236669916,0.1511002822329648,1.9862070913231678,Neutral
2016-09-02,-0.4508459257102868,-1.7818501199672887,0.1635078957763494,2.1116255091911094,Adelantar_compra_trigo
2016-09-05,-0.42178789201935407,-1.6155690732346448,0.15934737646817365,1.9862208742373855,Adelantar_compra_trigo
2016-09-06,-0.2963744571724405,-1.1196128951895405,0.10079890914330658,1.0906962067285828,Neutral
2016-09-07,-0.25886756273789624,-0.9509635453780382,0.07897056245903311,0.7661334450940678,Neutral
2016-09-08,-0.17729372353375084,-0.6484296855164087,0.06704350513473067,0.6014687668886853,Neutral
2016-09-09,0.14937562794507997,0.5185291868947334,0.09218492016730129,1.0006366689364106,Neutral
2016-09-12,0.078154814504102,0.2394843276805869,0.16224408772179166,1.9905987990076381,Neutral
2016-09-13,0.11871339367243827,0.36468305652224503,0.20335246783945515,2.423994809797911,Neutral
2016-09-14,0.021538145956919053,-0.019301320828140203,0.09551116021723383,0.9351218050349925,Neutral
2016-09-15,-0.1144800545292961,-0.5357392817947102,0.098299010604177,0.9814907638785247,Neutral
2016-09-16,-0.19061720192652043,-0.8140791436148443,0.12906677680634604,1.432497882360039,Neutral
2016-09-19,-0.23880647448943293,-0.9742974039056025,0.1450802957241739,1.6040580859519957,Neutral
2016-09-20,-0.14989817376038594,-0.6458880578309445,0.09621443365042492,0.890820445652315,Neutral
2016-09-21,0.2659047502583709,0.8816080466529157,0.24018226404170018,2.686532968470326,Neutral
2016-09-22,0.112794930826011,0.2984379042418828,0.12948154934857037,1.202676144704437,Neutral
2016-09-23,0.03123277146615422,-0.016973980925417916,0.05876476389207519,0.25890136257660307,Neutral
2016-09-26,0.019945780811108094,-0.049121458139159274,0.07146739068704622,0.4084493083637022,Neutral
2016-09-27,0.08850393554962466,0.21300304877069148,0.17830298890844576,1.7465752203646656,Neutral
2016-09-28,0.1267346230222941,0.3568916028022923,0.10657467917676589,0.7856103047975681,Neutral
2016-09-29,0.33596101472316153,1.142345854863624,0.08266743239020014,0.4527279903576896,Neutral
2016-09-30,-0.10974396887422966,-0.5145218423950683,0.13365617833715748,1.0858509118312936,Neutral
2016-10-03,-0.45921126651167343,-1.7913110293000643,0.11281673929201164,0.7836324786775314,Adelantar_compra_trigo
2016-10-04,-0.47699685442375905,-1.7780187231240088,0.08133039824839972,0.3427159729173334,Adelantar_compra_trigo
2016-10-05,-0.2537934975535401,-0.908803094907394,0.10178634025609123,0.5929417749381966,Neutral
2016-10-06,-0.45708065483467974,-1.6064946676575182,0.09937560826027525,0.5345992537887898,Adelantar_compra_trigo
2016-10-07,-0.8224830546757698,-2.751437893370004,0.13466162192523656,1.0147840574008222,Adelantar_compra_trigo
2016-10-10,-0.6522427529530033,-2.048465427454652,0.1789388194413799,1.5997966747572283,Adelantar_compra_trigo
2016-10-11,-0.5419462769850241,-1.613868763386268,0.16940610717340254,1.4231368578256662,Adelantar_compra_trigo
2016-10-12,-0.6325313848861533,-1.9096529704198433,0.1514222604245803,1.1249549251786448,Adelantar_compra_trigo
2016-10-13,-0.6963170259172142,-2.116682738314071,0.14069653137278793,0.9359980835580624,Adelantar_compra_trigo
2016-10-14,-0.7496704504405125,-2.2864842239773857,0.14789455809814056,1.0078990738182594,Adelantar_compra_trigo
2016-10-17,-0.649300688332866,-1.8365020414544044,0.12783452720929822,0.6870314647344364,Adelantar_compra_trigo
2016-10-18,-0.6614808140227177,-1.799680884632491,0.11292968650723911,0.4465145287614158,Adelantar_compra_trigo
2016-10-19,-0.5142162902310163,-1.221037411677481,0.15936629024046245,1.1100531995635803,Neutral
2016-10-20,-0.8483928905459317,-2.274401511179293,0.21728883985526037,1.8690699124713506,Adelantar_compra_trigo
2016-10-21,-0.8675957963597667,-2.202059229246009,0.1025011109989078,0.20483306488922945,Adelantar_compra_trigo
2016-10-24,-0.919010609100325,-2.227083440488999,0.09237721414960864,0.02847014465611175,Adelantar_compra_trigo
2016-10-25,-0.8510568716856111,-1.91193149306972,0.05090771535345495,-0.6214384547914908,Adelantar_compra_trigo
2016-10-26,-0.8276087384525694,-1.7595704866408493,0.03766381478588254,-0.8411726967764387,Adelantar_compra_trigo
2016-10-27,-0.622519296417336,-1.1059383130406546,0.06495824786030968,-0.4542429957662101,Neutral
2016-10-28,-0.8077164718773298,-1.59287002074322,0.09897919848876158,0.05343095820382401,Adelantar_compra_trigo
2016-10-31,-0.709391551920322,-1.2599780953177808,0.08524765922115907,-0.21870747367985907,Neutral
2016-11-01,-0.5471147042821114,-0.7555520804766575,-0.013028479039745244,-1.906171839301945,Neutral
2016-11-02,-0.19762033565604264,0.3011829000930929,-0.042243856900885834,-2.2807002144303787,Neutral
2016-11-03,-0.24611843053754434,0.17332180490944282,0.02863040095101632,-1.1280111502370442,Neutral
2016-11-04,-0.16117490072673935,0.43928374848780033,-0.0878510678166704,-2.873869592989506,Neutral
2016-11-07,-0.416258026384166,-0.3200876726325538,0.007223619954394689,-1.3593982019380784,Neutral
2016-11-08,-0.7112879121937361,-1.1833397008522115,0.0518819769651504,-0.6485838756442626,Neutral
2016-11-09,-0.5069820125011764,-0.5357500995453917,0.11984963986999819,0.382971683564972,Neutral
2016-11-10,-0.4466408319499027,-0.32863988033866603,0.09630598025222081,-0.0004966608509171239,Neutral
2016-11-11,-0.21009534705929678,0.4045801562673214,-0.008878529648577382,-1.6050233483678278,Neutral
2016-11-14,-0.3925985837661927,-0.15828771358222987,0.029308575231348888,-1.0016157813033206,Neutral
2016-11-15,-0.26267358667590734,0.2531413810716134,0.10247866218021717,0.0823272894650164,Neutral
2016-11-16,0.07642366546942458,1.2836221495364808,0.14037016040614536,0.6655865275340591,Neutral
2016-11-17,0.14230566858860172,1.4465739601956566,0.08455215731925003,-0.24897536151762928,Neutral
2016-11-18,0.17853684274694892,1.530050239232791,0.08515577937607333,-0.23780029844160253,Retrasar_compra_trigo
2016-11-21,0.1619481202039985,1.4455672922894824,0.05196657215224043,-0.7895108623075593,Neutral
2016-11-22,-0.11440401803073641,0.6157336882033402,0.015685231733180593,-1.382645992819979,Neutral
2016-11-23,0.12951873341832965,1.293487553016487,0.07795703104628693,-0.34872166683582084,Neutral
2016-11-24,0.014776063227145642,0.9355554150509633,0.022115208251287877,-1.2221583353740162,Neutral
2016-11-25,0.10537615443162984,1.158006520926955,-0.007991146703063778,-1.6440574775162389,Neutral
2016-11-28,-0.1597660311171465,0.38907751174848487,-0.04187495548423881,-2.074339334240284,Neutral
2016-11-29,-0.3230572357412318,-0.07533933585150364,-0.08339272259655495,-2.524620726875639,Neutral
2016-11-30,-0.05245675892732837,0.6838315637635851,-0.04273111484876768,-1.8391188325168888,Neutral
2016-12-01,-0.09899457777883391,0.5470294603801655,0.040512541750612474,-0.6391862344796716,Neutral
2016-12-02,0.16203041756570258,1.285663263454065,0.03414179876640944,-0.7132289589259516,Neutral
2016-12-05,0.13260307500392265,1.1961947004060958,-0.0267202054185125,-1.518842576284718,Neutral
2016-12-06,-0.18218659427026562,0.324443701769423,0.03485248826569287,-0.6266480077987001,Neutral
2016-12-07,-0.010421350069938384,0.8176048934688229,0.1243362167177009,0.6530555878592625,Neutral
2016-12-08,-0.10042360278442164,0.5593458120494894,0.07885464063033898,0.004781292879228414,Neutral
2016-12-09,0.030356191776640173,0.916688923704524,0.050103367129860965,-0.390608006911559,Neutral
2016-12-12,0.03522554532383815,0.9111406909044404,0.07976494013435231,0.05301059686496399,Neutral
2016-12-13,-0.2153738299790926,0.20764413699263826,0.16112847924612161,1.2052093114059113,Neutral
2016-12-14,-0.16041721347228233,0.3906870854122786,0.11172733736470386,0.5518758814829996,Neutral
2016-12-15,0.23346050725848322,1.5076422100496616,0.03730386202021796,-0.5468497380698935,Retrasar_compra_trigo
2016-12-16,0.2974397484136926,1.6503077412511167,0.06699506619683371,-0.10065237578029146,Retrasar_compra_trigo
2016-12-19,0.253484137638079,1.4960621250343784,0.10443492392171239,0.4557261457511095,Neutral
2016-12-20,0.42147055609392137,1.9028126887728585,0.09405187809728122,0.32707413665900975,Retrasar_compra_trigo
2016-12-21,0.41604989218008104,1.8389664686446374,0.06043266012880988,-0.17897247997238697,Retrasar_compra_trigo
2016-12-22,0.4096361934882786,1.808325549321975,0.11706482558501086,0.6831413964854417,Retrasar_compra_trigo
2016-12-23,0.16790802032061247,1.1454779757099949,0.13439415892928142,0.9490730804225583,Neutral
2016-12-26,0.19244188784269234,1.1697656214015277,0.07971593319482762,0.11785724476854617,Neutral
2016-12-27,0.35972237885049285,1.5393485540184044,0.07490568541970344,0.045375824688261554,Retrasar_compra_trigo
2016-12-28,0.17175476115784427,1.0329107017023775,0.006407409899513938,-0.9796272682720505,Neutral
2016-12-29,0.4097187046241748,1.5669383737517293,0.05223387285965342,-0.26605069851132435,Retrasar_compra_trigo
2016-12-30,0.3488137195235259,1.3717236581216963,0.04230328003056871,-0.397591684140985,Neutral
2017-01-02,0.153396319236359,0.8569317025774409,0.025830263091540573,-0.626557082613641,Neutral
2017-01-03,0.31513415781271714,1.2170750110271606,0.03564250463653029,-0.44607800343327614,Neutral
2017-01-04,0.22572411138574022,0.962991647114073,0.041540161286026,-0.3267284051595647,Neutral
2017-01-05,0.33494350980998444,1.1953989973815637,0.090747126040569,0.5013653033620092,Neutral
2017-01-06,0.24624103797521535,0.9443272570324286,0.11352022724199218,0.899922336719432,Neutral
2017-01-09,0.20823691817878043,0.8199181962409386,0.09730307521667902,0.6406207701927867,Neutral
2017-01-10,0.275808486740881,0.960984337573274,0.12849956707024046,1.1598125347105994,Neutral
2017-01-11,0.2953233766159009,0.9780980495930973,0.13146151763798497,1.2319875151409307,Neutral
2017-01-12,-0.0746538214678063,-0.008417790412257169,0.09679892447386629,0.7179030616319885,Neutral
2017-01-13,-0.2400907505754004,-0.4960647959460615,0.08623260626932527,0.5325610435883914,Neutral
2017-01-16,-0.057724183203824,-0.032195452495370994,0.07387336528806587,0.31360946154064395,Neutral
2017-01-17,-0.06981037944998292,-0.11078295795381628,0.10105923630995872,0.7913365192290206,Neutral
2017-01-18,-0.14072376200709646,-0.3827990739135575,0.07415871451238698,0.29097775749418475,Neutral
2017-01-19,-0.3324520333108296,-1.0424912578104522,0.055532022657898805,-0.0451848054479743,Neutral
2017-01-20,-0.4532442325904129,-1.524800154145,0.15847091189113427,1.7694945256761903,Adelantar_compra_trigo
2017-01-23,-0.6879644452504126,-2.3431617609187665,0.18728316909854725,2.1631633200807405,Adelantar_compra_trigo
2017-01-24,-0.6224688160799667,-2.093791260690241,0.11895734319741824,0.9634812411945057,Adelantar_compra_trigo
2017-01-25,-0.634335637838789,-2.0396167397039315,0.13173484688998305,1.1531495272743146,Adelantar_compra_trigo
2017-01-26,-0.6955748199633467,-2.139133161421043,0.11991098465230965,0.9163958993755983,Adelantar_compra_trigo
2017-01-27,-0.6248217694050613,-1.835267541569187,0.1271743615695231,1.0390517126279604,Adelantar_compra_trigo
2017-01-30,-0.49907649030928036,-1.4316110844698315,0.1166264283562124,0.8157047027063806,Neutral
2017-01-31,-0.11566179832448586,-0.28714960260114036,0.16529821314127568,1.647357842168085,Neutral
2017-02-01,-0.3335582461845985,-1.00896992025913,0.15490010469909343,1.4304187474380072,Neutral
2017-02-02,-0.1093002291443419,-0.3024063188529261,0.1275108840578718,0.9237426885751279,Neutral
2017-02-03,0.07131416880036756,0.2798623057961494,0.17247325833313454,1.6645069152233878,Neutral
2017-02-06,-0.06419932164912101,-0.19000574321656022,0.16004184790234843,1.3906824209973865,Neutral
2017-02-07,-0.019025536973840573,-0.05220796067061607,0.14100784191377258,1.036366131198303,Neutral
2017-02-08,-0.08664204314482493,-0.27163549557342354,0.137363876579772,0.9745663264944828,Neutral
2017-02-09,-0.04139212679777593,-0.10851569234359061,0.11807096856680976,0.6260001145716417,Neutral
2017-02-10,0.222948901931324,0.7831764021730535,0.1094897814920357,0.4688079796780989,Neutral
2017-02-13,0.30647887594446654,1.0504395319568904,0.0754675319193725,-0.1289526146099236,Neutral
2017-02-14,0.36312414354287004,1.2001947094140943,0.03956407187598665,-0.7658507468840899,Neutral
2017-02-15,0.24546122684707328,0.7998047711948116,-0.0025146366680472987,-1.452540724631256,Neutral
2017-02-16,-0.030301443068218248,-0.10990069347687564,-0.05017855880119915,-2.177618091753032,Neutral
2017-02-17,-0.05620754433946917,-0.1868092822669148,-0.06564135106202973,-2.3457437902406086,Neutral
2017-02-20,0.15636224630771256,0.4994694551071346,-0.04411118457096519,-1.995406614488895,Neutral
2017-02-21,-0.11082313213343475,-0.4003901832412181,-0.014623620082347077,-1.602751658392145,Neutral
2017-02-22,-0.26033746165203064,-0.8825989658427227,-0.013613705313317404,-1.6187279268629826,Neutral
2017-02-23,-0.20509530197499481,-0.6912293137572298,-0.10589515121148496,-2.9212771866787164,Neutral
2017-02-24,-0.3297073114707709,-1.0683249300419593,0.006514144141483991,-1.1295491958944028,Neutral
2017-02-27,-0.40821906379406414,-1.2803400336422563,0.06888768138222745,-0.17956264009333595,Neutral
2017-02-28,-0.42128321012297754,-1.2940864029263637,0.0835698908110245,0.043632886481602566,Neutral
2017-03-01,-0.5695246107025347,-1.6955669683648533,0.17228580110426184,1.4431901287180615,Adelantar_compra_trigo
2017-03-02,-0.6407955838548878,-1.8352170180804306,0.09365070255387575,0.1868650939251947,Adelantar_compra_trigo
2017-03-03,-0.4629188905730621,-1.2538778876824495,0.18107248270690235,1.516444953299918,Neutral
2017-03-06,-0.596833180736676,-1.588204874134757,0.09487630802381442,0.16459183640245095,Adelantar_compra_trigo
2017-03-07,-0.7506787713626948,-1.949296422147399,0.0943720849857701,0.1762595455965842,Adelantar_compra_trigo
2017-03-08,-0.7511438615040538,-1.86536099303306,0.022849928822941568,-0.9270396083142959,Adelantar_compra_trigo
2017-03-09,-0.5605396455068745,-1.2934889508638159,0.026747375978565024,-0.8610408922211743,Neutral
2017-03-10,-0.5219056843496341,-1.1485713468283016,0.05210552183562833,-0.45831068301279887,Neutral
2017-03-13,-0.5267601757213418,-1.1230784016284547,0.044282078582051465,-0.564361261135893,Neutral
2017-03-14,-0.45574063533020714,-0.9008101347444729,0.0827206128471587,0.04042971465184923,Neutral
2017-03-15,-0.6533982661955999,-1.398156656114685,0.07452246713912003,-0.09172182427876746,Neutral
2017-03-16,-0.5040069991556089,-0.9569055169825365,0.03995297998983216,-0.6131924188773186,Neutral
2017-03-17,-0.3836211408588124,-0.598130056918594,0.01600319934575012,-0.9561605393312947,Neutral
2017-03-20,-0.3969098039621768,-0.6113235575941731,0.06229476307214421,-0.22724720201174728,Neutral
2017-03-21,-0.1878355577997981,0.0031797188587997243,0.024810060645810372,-0.7960412734331991,Neutral
2017-03-22,-0.33827738624540027,-0.4079296437034625,0.07757529357604431,0.006264149385503479,Neutral
2017-03-23,-0.11378809827535363,0.27483023730655365,0.12990938336946578,0.8047917836455322,Neutral
2017-03-24,-0.06952387916718195,0.4369447265206857,0.027173917546715387,-0.7964657464589109,Neutral
2017-03-27,-0.11080800649778144,0.3279699248179897,0.08987868540920418,0.1661913550067635,Neutral
2017-03-28,-0.0947168267810019,0.40734945326991145,0.19296710253935667,1.7051925708438012,Neutral
2017-03-29,-0.09613330519239582,0.4265085133941227,0.173663049285675,1.357477086120174,Neutral
2017-03-30,0.12952171759499898,1.1773290854317355,0.17076976405257382,1.2752568306543803,Neutral
2017-03-31,-0.06334435188586252,0.5785683540785852,0.19328893327271102,1.5605534037338604,Neutral
2017-04-03,-0.17556809073355328,0.23296072108770505,0.14109164114546813,0.7811385812871077,Neutral
2017-04-04,0.022952947312700367,0.9341319940341987,0.12180620247087304,0.5021022241004899,Neutral
2017-04-05,-0.07263501704220232,0.6442559612016651,0.03584534520531801,-0.728079022155423,Neutral
2017-04-06,0.09479683592196153,1.2141543024713022,0.0458807279898088,-0.5679823363399858,Neutral
2017-04-07,0.3929974403932013,2.131817635404905,0.07177113746758312,-0.1880300534855685,Retrasar_compra_trigo
2017-04-10,0.2778523346297197,1.6888740155964566,0.09199046230176489,0.1014515473440475,Retrasar_compra_trigo
2017-04-11,0.3718728882163651,1.9151703442846304,0.1375106308778129,0.7509481268314377,Retrasar_compra_trigo
2017-04-12,0.12733346221017428,1.1099434849501242,0.07104461948729268,-0.21011887583805258,Neutral
2017-04-13,0.2495614534265327,1.4401929300752907,0.03701715397914085,-0.6962163585219531,Neutral
2017-04-14,0.2621593538675917,1.4236161073858273,0.13352366098713975,0.7063817017791644,Neutral
2017-04-17,0.3210486959105392,1.549799462906031,0.09983462283541256,0.24324927176403394,Retrasar_compra_trigo
2017-04-18,0.17208961531822453,1.0600141290690377,0.09392833214771845,0.16243148465411134,Neutral
2017-04-19,-0.12334365824552052,0.12746230393361602,0.07942857077107268,-0.039702528792761975,Neutral
2017-04-20,-0.01916789937671215,0.42790228824880633,0.03155792933198365,-0.7290305525899032,Neutral
2017-04-21,-0.3434300345789043,-0.6359360725206077,0.11685609042604939,0.5417882034991358,Neutral
2017-04-24,-0.34787584117768056,-0.6636210946584543,0.07179847602273903,-0.11793294714292499,Neutral
2017-04-25,-0.1526882936436742,-0.021279666416141332,0.008141246874839414,-1.0335977761146744,Neutral
2017-04-26,-0.09737705457720569,0.14772465063930101,-0.005033298323853019,-1.190554530949446,Neutral
2017-04-27,0.2530604756023678,1.2634864124167027,-0.09362044935139435,-2.354976579157244,Neutral
2017-04-28,0.41208842814228586,1.7223324078994597,-0.08896826417856607,-2.1735131345971745,Retrasar_compra_trigo
2017-05-01,0.24958290103905423,1.176116914000032,-0.09750513918030701,-2.1725428185130156,Neutral
2017-05-02,0.22756065249754087,1.0840385354734707,-0.034905479744935075,-1.2751177402893172,Neutral
2017-05-03,0.19497177429519041,0.9605241704210479,-0.04676777285359712,-1.3845792398938055,Neutral
2017-05-04,-0.091015665451331,0.08121175347816702,0.01862380393820895,-0.48390375040972483,Neutral
2017-05-05,-0.226548263184414,-0.3165364651895134,0.09292833657039279,0.525405926218127,Neutral
2017-05-08,-0.28299514704972006,-0.46807615496015686,0.11659949604298725,0.8324202703122956,Neutral
2017-05-09,-0.5521683689533519,-1.2787771795858054,0.09206342733635475,0.4891137909564891,Neutral
2017-05-10,-0.477766806565354,-1.0089197491272128,0.08772745719157093,0.4121238155689444,Neutral
2017-05-11,-0.4558513391694121,-0.9110577296151866,-0.0004901377606270074,-0.8008336964259518,Neutral
2017-05-12,-0.6440792188203095,-1.4523719803560036,0.0025893801863965393,-0.7898239824539477,Neutral
2017-05-15,-0.5087397822909905,-0.9961508738800574,-0.03556708342910442,-1.3280760453569755,Neutral
2017-05-16,-0.33770346615165403,-0.44935086945032143,0.012974989124918235,-0.6587686405669197,Neutral
2017-05-17,-0.25828778163872235,-0.20161317949269977,0.15132070635105,1.2443537923774401,Neutral
2017-05-18,-0.27386645944871013,-0.24653007332080112,0.14818488382021466,1.1855151744673296,Neutral
2017-05-19,-0.14307799900817475,0.15194689582452078,0.018661580241372544,-0.7050407506716295,Neutral
2017-05-22,-0.008577537098350518,0.5519872649521134,0.005551162491191253,-0.8751547644756422,Neutral
2017-05-23,0.0512968240996452,0.7148359987513818,0.018080558797645585,-0.6753826445129745,Neutral
2017-05-24,-0.08698683888925363,0.26029162528281763,0.026771365783464063,-0.5245533949426929,Neutral
2017-05-25,-0.02481050875681401,0.4324706413593653,-0.003926470050241715,-0.9469609307787128,Neutral
2017-05-26,0.189190285104484,1.0856587313460508,0.019830782939215252,-0.5738413603054304,Neutral
2017-05-29,0.06873891445022196,0.671754970970191,-0.03613251407458229,-1.361973511278314,Neutral
2017-05-30,0.4394407979575332,1.829128035512634,-0.06217209263023249,-1.6717376285007226,Retrasar_compra_trigo
2017-05-31,0.29506867390499547,1.3281116636438057,-0.008064231202376648,-0.8764804642565084,Neutral
2017-06-01,0.2704910311086941,1.208936570734084,-0.047778662073795,-1.4077970901238928,Neutral
2017-06-02,0.12457057353660161,0.6875795139780324,-0.006173652237505323,-0.7998027694300446,Neutral
2017-06-05,0.1538739744038775,0.7617607151836508,-0.06301329002163603,-1.5432979623689647,Neutral
2017-06-06,-0.15019038561816256,-0.3258089678016026,0.04577942284358394,-0.03288310776516657,Neutral
2017-06-07,-0.2136785629836493,-0.5994688299954841,0.005907497598247158,-0.5676411394032347,Neutral
2017-06-08,-0.354256607691807,-1.142597361490059,0.001799876853617155,-0.6136327868922684,Neutral
2017-06-09,-0.2853325973232943,-0.8969498005012791,0.0323380788611729,-0.19723646015832239,Neutral
2017-06-12,-0.08540421557584033,-0.16616379975341627,0.006698625839562933,-0.5367003279697876,Neutral
2017-06-13,0.04044399503294738,0.30086201532295864,0.023186648669897947,-0.3095338693052324,Neutral
2017-06-14,-0.3439231486988126,-1.1701423867580263,0.05969547198784286,0.19687290024497858,Neutral
2017-06-15,0.038109895336928545,0.2824793311472962,0.10685743793665448,0.8562213163463351,Neutral
2017-06-16,0.09019528964361356,0.47082906022367194,0.13151401346712266,1.160424569921043,Neutral
2017-06-19,-0.046897027983161976,-0.0571190864454454,0.10028060699367924,0.7292887100348799,Neutral
2017-06-20,-0.009125873002073348,0.08189333474415918,0.08048779736130429,0.5008274700697739,Neutral
2017-06-21,0.025940914260829118,0.2082942541863855,0.19314904466317473,2.0697105620032485,Neutral
2017-06-22,-0.08308147856199533,-0.19584039292534636,0.20521767851093387,2.195203834195574,Neutral
2017-06-23,-0.035120088979596176,-0.013618272434999133,0.11189200647176722,0.9548272951337904,Neutral
2017-06-26,-0.12521820635943648,-0.36313372206090755,0.09916031719726037,0.792759026778703,Neutral
2017-06-27,-0.17008634223705155,-0.5221690466972682,0.07198239977196619,0.418720114693108,Neutral
2017-06-28,-0.25307817983442726,-0.8242474306815496,0.054613133700639915,0.1626695227399852,Neutral
2017-06-29,-0.44000010033374837,-1.477797092904561,-0.011212627069017378,-0.772559790049736,Neutral
2017-06-30,-0.3616742512994624,-1.1510772949771884,-0.016601046413100784,-0.8253467754906734,Neutral
2017-07-03,-0.22231276855115345,-0.5970315081366742,0.09199057849283254,0.7319037231094958,Neutral
2017-07-04,-0.10630429358736215,-0.12417008328186256,0.10719620455182532,0.9655712020692414,Neutral
2017-07-05,0.048413929406037504,0.4915799201384281,-0.0318392911949994,-1.013515234080839,Neutral
2017-07-06,0.10644034183552531,0.7372985507364294,0.04113907048637966,0.033570359358369564,Neutral
2017-07-07,0.010146513277248026,0.3756302128593797,0.09558666708384145,0.8330383650467674,Neutral
2017-07-10,0.15948100715154556,1.0057293594342849,0.06412938007529156,0.38745873452876467,Neutral
2017-07-11,-0.08583880275828548,0.01579343090009922,0.0928582383628358,0.8070663962088725,Neutral
2017-07-12,-0.21527853711137102,-0.5136890276184306,0.03387481312625584,-0.0427843711443276,Neutral
2017-07-13,-0.3366966514073404,-0.9867472780320524,0.009962495927169801,-0.38712854234421057,Neutral
2017-07-14,-0.1175484860914846,-0.10295050971589743,0.09017943277005758,0.7975597576593008,Neutral
2017-07-17,0.05950025093072675,0.6065837109853205,0.06101157601967566,0.371342250532835,Neutral
2017-07-18,0.14203843104491298,0.9241342197019631,-0.03728318135614117,-1.0572195656088579,Neutral
2017-07-19,0.32133257769742496,1.6015351532854254,-0.026442553081927223,-0.8900859001633148,Retrasar_compra_trigo
2017-07-20,0.13260930175838226,0.8528664901949218,-0.01823745898257756,-0.809176025144565,Neutral
2017-07-21,0.1832870280779897,1.1027859396261799,0.05267187883957747,0.2209940173731707,Neutral
2017-07-24,0.14634053546148174,0.9634430840263037,0.04444912467039952,0.060308070221855345,Neutral
2017-07-25,0.28304679926521725,1.5288179326123676,0.025444256920944763,-0.26321709220382744,Retrasar_compra_trigo
2017-07-26,0.2339247414741159,1.3150829070904169,0.07454847615612259,0.5076895113258049,Neutral
2017-07-27,0.1442779528294169,0.9164125783623203,0.07300505355419462,0.46716699807112894,Neutral
2017-07-28,0.22857397959827708,1.2235376842601193,0.02621465328772854,-0.28587299406393885,Neutral
2017-07-31,0.36586519116855065,1.7114205371602553,0.08606032542045372,0.7179914206335034,Retrasar_compra_trigo
2017-08-01,0.20584979435610862,1.0407248760382557,0.08318950412461446,0.6738549899453051,Neutral
2017-08-02,0.17409010619833332,0.8829586291036944,0.06830619984843733,0.4320638436219053,Neutral
2017-08-03,-0.020529545780522795,0.027866031671441874,0.06880913984704518,0.4223844941995998,Neutral
2017-08-04,-0.41089195017845537,-1.7593892117409025,0.0063304372867014624,-0.6292188130624548,Adelantar_compra_trigo
2017-08-07,-0.32752723925533056,-1.4312713121782026,-0.011277202718382062,-0.9395778269041979,Neutral
2017-08-08,-0.18609595904756215,-0.7956088978031077,-0.0012239769899640152,-0.7631235798302565,Neutral
2017-08-09,-0.11530035092718727,-0.4772074723476964,-0.0031249409989233534,-0.7701015244796083,Neutral
2017-08-10,-0.4043036134724871,-1.8141305764137092,0.06932478592456626,0.5220381846773315,Adelantar_compra_trigo
2017-08-11,-0.4059963458584739,-1.7581526990899192,0.07269017422466284,0.5650950634385646,Adelantar_compra_trigo
2017-08-14,-0.6825669227853166,-2.7687255463502307,0.10748587899498596,1.1446153200695266,Adelantar_compra_trigo
2017-08-15,-0.39576340262530163,-1.487197731326735,0.08782867398438854,0.7744586000725379,Neutral
2017-08-16,-0.5099683666527977,-1.876526767168781,0.12520575580489712,1.38063598468653,Adelantar_compra_trigo
2017-08-17,-0.24970241206939114,-0.8010949926411723,0.1243081851857899,1.316432702152047,Neutral
2017-08-18,-0.0576485619719076,-0.009739446441881116,0.10390928013812673,0.9371683766267137,Neutral
2017-08-21,-0.19203555326188937,-0.538522565045268,0.08384914852102443,0.5697914505995565,Neutral
2017-08-22,-0.3445554781917677,-1.1342501799038474,0.02411373108485515,-0.5060142706338154,Neutral
2017-08-23,-0.2418231261201056,-0.6796084130311992,0.04899821852040254,-0.07865094427786776,Neutral
2017-08-24,-0.3410926679517696,-1.0677635560290728,0.045931551503058055,-0.16713894615117691,Neutral
2017-08-25,-0.2791760178378486,-0.7754739802215412,0.02358401254792053,-0.5971441734471888,Neutral
2017-08-28,-0.31724706802102043,-0.907983442719834,0.08387087611127964,0.509191426355202,Neutral
2017-08-29,-0.5476385776718979,-1.8180223346798927,0.012353366995308646,-0.8743425094759385,Adelantar_compra_trigo
2017-08-30,-0.8007893499232699,-2.6613382560984253,-0.0024332771509354423,-1.1558604142122837,Adelantar_compra_trigo
2017-08-31,-0.6756604076212125,-2.0821473070863132,0.05864304554013078,0.010491465974577568,Adelantar_compra_trigo
2017-09-01,-0.6761325339696662,-1.9935419152224225,0.06683889920236807,0.16011115665463937,Adelantar_compra_trigo
2017-09-04,-0.6750743622697306,-1.8927267767410187,0.05791558817485587,-0.032101347363932956,Adelantar_compra_trigo
2017-09-05,-0.49062801005091794,-1.1928153987773606,0.06481402711920436,0.09120622938167323,Neutral
2017-09-06,-0.24468342959161493,-0.3298497701619192,0.0653854032340846,0.10067900015966698,Neutral
2017-09-07,-0.2541086882795387,-0.3470059246736666,-0.01566105336034207,-1.4547869704312129,Neutral
2017-09-08,-0.27252115717160885,-0.39309931702730416,-0.01906485528041557,-1.4712115480362238,Neutral
2017-09-11,-0.15291351017222166,0.04105677749563151,0.07243812177237774,0.33864111221334675,Neutral
2017-09-12,-0.3457693020188657,-0.6291332729166579,0.031100521994703145,-0.46246753427406184,Neutral
2017-09-13,-0.2650871467938969,-0.3240916918425111,0.013595259350752453,-0.7989034930980098,Neutral
2017-09-14,-0.13846510965363557,0.13403491747776886,-0.007954454977215475,-1.2833760423973788,Neutral
2017-09-15,-0.0033275700467285674,0.6171260594817781,0.001471436069246046,-1.0346076159025133,Neutral
2017-09-18,-0.3114650699690231,-0.47712682254262767,-0.017524331501094448,-1.4233878014052694,Neutral
2017-09-19,-0.38789398599268754,-0.7345962890712856,0.02016916933458024,-0.5341928369723493,Neutral
2017-09-20,-0.4718951303598642,-1.0127329517655212,0.03177379419999515,-0.25730810207488997,Neutral
2017-09-21,-0.39723101108696035,-0.7527238174533935,0.06487339617249455,0.4836895501462483,Neutral
2017-09-22,-0.27103326516203197,-0.3115001603431105,0.005359848481548912,-0.9253523657191259,Neutral
2017-09-25,0.012147948166699507,0.678475276984503,-0.005226862609937655,-1.1367221163199706,Neutral
2017-09-26,-0.06520757842881064,0.4018397546029168,-0.0035035480523935014,-1.0634883307964949,Neutral
2017-09-27,-0.13411696523809358,0.1697278165108179,0.02691501533744023,-0.37061437252334517,Neutral
2017-09-28,0.08151407686328938,0.9395209856293598,-0.008023067600164246,-1.1907555422612157,Neutral
2017-09-29,0.1287863278024819,1.093883254990873,0.047010876628355014,0.16144325990410527,Neutral
2017-10-02,0.34402495924125276,1.8144521092505377,0.10333414290336806,1.50163152158267,Retrasar_compra_trigo
2017-10-03,0.36019103722311474,1.7944856856201163,0.03577274395875829,-0.10659704918720345,Retrasar_compra_trigo
2017-10-04,0.11569239061934944,0.9408455234418627,0.008847976621631393,-0.7512083568754191,Neutral
2017-10-05,-0.11662313156934889,0.1481420996945375,-0.009984405699299925,-1.192030755707735,Neutral
2017-10-06,-0.34463727486196394,-0.6056932230241509,0.129546663778227,2.104598838793886,Neutral
2017-10-09,-0.19339739363745156,-0.08378161099678419,0.08002994671351416,0.9278568411012718,Neutral
2017-10-10,0.03213344964953002,0.6876012071078309,0.15236598064624496,2.478564236052545,Neutral
2017-10-11,0.3590719458898626,1.7886302112816648,0.06240766744683346,0.4048315591099254,Retrasar_compra_trigo
2017-10-12,0.47630847492249107,2.1007789730355135,0.007373459197855148,-0.8954932165984926,Retrasar_compra_trigo
2017-10-13,0.6433356050339079,2.5057424881476495,-0.015098645201654604,-1.3751474625063762,Retrasar_compra_trigo
2017-10-16,0.45831064642426433,1.8660490714123674,-0.04402971537598277,-1.9442388413856617,Retrasar_compra_trigo
2017-10-17,0.19966057910001211,1.0840820135498466,-0.0359023982742972,-1.697861558480253,Neutral
2017-10-18,0.33459837501348133,1.4837937636601932,-0.052559830339107716,-1.9565813643498966,Neutral
2017-10-19,0.3749324869763422,1.5720328829261947,-0.07187831901824326,-2.2238689243164864,Retrasar_compra_trigo
2017-10-20,0.3534360078427339,1.4885914542948737,0.008916767334126163,-0.5703780612267709,Neutral
2017-10-23,0.38630219242987796,1.5831884384618256,0.073804241000897,0.7555670597167289,Retrasar_compra_trigo
2017-10-24,0.40014098728786873,1.5941140027391552,0.1101413057734788,1.4711867268798984,Retrasar_compra_trigo
2017-10-25,0.5927686871546243,2.075117299462472,0.11268783202573118,1.4837952764281452,Retrasar_compra_trigo
2017-10-26,0.7769231383179793,2.4308954204589477,0.09767737580486902,1.1661017099273097,Retrasar_compra_trigo
2017-10-27,0.7945217369705873,2.3211850365086057,0.056104863607844946,0.3322083435166927,Retrasar_compra_trigo
2017-10-30,0.8668050726611778,2.344618489757394,0.002658296948844674,-0.7300987026826374,Retrasar_compra_trigo
2017-10-31,0.8654621310383241,2.2011803645880876,0.027640257693663628,-0.24586790740489553,Retrasar_compra_trigo
2017-11-01,0.6701495797200083,1.6662828350445895,-0.025446217203807242,-1.2853836496594706,Retrasar_compra_trigo
2017-11-02,0.7454842176444965,1.7578392585282843,-0.0534644186905342,-1.755322173330588,Retrasar_compra_trigo
2017-11-03,0.3940740414801507,0.9312792540203578,0.015309435472238064,-0.41176521874336836,Neutral
2017-11-06,0.5490716003400493,1.2430082014832093,0.11289258405727787,1.469186234778052,Neutral
2017-11-07,0.2656401207781185,0.5757957031023149,0.11278357483398316,1.4447309812717346,Neutral
2017-11-08,0.28891218566044774,0.6041414928789348,0.1451984830922155,2.0328298233004602,Neutral
2017-11-09,0.11124022577650372,0.1812693933196909,0.09876119289895824,1.1783330872189512,Neutral
2017-11-10,0.19983495085869496,0.37592729760398835,0.01973921186148786,-0.3072158504600015,Neutral
2017-11-13,0.17404419663123782,0.3027241048143613,0.046840804895234234,0.23060674170356774,Neutral
2017-11-14,-0.11128352826330445,-0.36883515679819723,0.06889577544290271,0.6436819902315797,Neutral
2017-11-15,-0.023706046538155334,-0.17404333736065505,0.0601792186875616,0.47015895908123156,Neutral
2017-11-16,-0.10911321429184273,-0.38494556424710996,0.0406636687022468,0.09340160445238098,Neutral
2017-11-17,0.05816177182619242,-0.004975670325144258,0.08190448706257092,0.8692767206036294,Neutral
2017-11-20,0.057549511543909304,-0.021331790789092094,0.023178494206088196,-0.24515908745367682,Neutral
2017-11-21,0.12659515352708972,0.1184176732352402,-0.014535938392088221,-0.9624406966941456,Neutral
2017-11-22,-0.045220966400132845,-0.341974273530975,-0.04908376527527403,-1.5857387201243522,Neutral
2017-11-23,-0.13166705125331646,-0.60075055165683,-0.026023441122486002,-1.111910186520525,Neutral
2017-11-24,-0.1836298147650277,-0.7810519872436551,-0.060442405533955856,-1.6819566439087748,Neutral
2017-11-27,-0.013476316348703499,-0.36815611911349694,-0.0675476216920512,-1.731337043102964,Neutral
2017-11-28,0.2859822061956159,0.44057893933182213,-0.07650014372847647,-1.8035338066289457,Neutral
2017-11-29,0.1152273163596167,-0.06444839818187782,-0.06317113644741101,-1.508531429265249,Neutral
2017-11-30,0.296931123006102,0.43691797226953716,-0.10863344738155756,-2.1788060755452165,Neutral
2017-12-01,-0.1068615789043399,-0.7520911713034366,-0.06817668501629592,-1.4730833491500186,Neutral
2017-12-04,-0.27979322020479946,-1.244780668185236,0.010407668870160869,-0.1748099301260026,Neutral
2017-12-05,-0.39008150740269754,-1.5588694861124448,0.016273654150410932,-0.07450841473764751,Adelantar_compra_trigo
2017-12-06,-0.5440904220740439,-1.9503938857578977,0.09231513127297064,1.139203535774015,Adelantar_compra_trigo
2017-12-07,-0.7067310876569781,-2.2881733978448984,0.13723937288518995,1.7819673514565537,Adelantar_compra_trigo
2017-12-08,-0.5633984380601587,-1.8198899757184677,0.14531793473440646,1.8196877563624623,Adelantar_compra_trigo
2017-12-11,-0.5263076059111462,-1.6889050886599888,0.12061111673374092,1.3866248703024164,Adelantar_compra_trigo
2017-12-12,-0.40411254338767444,-1.3673825386188942,0.09709890314162517,1.0017201662938333,Neutral
2017-12-13,-0.24463145348431503,-0.97304096083097,0.11488134069190137,1.2320178149355092,Neutral
2017-12-14,-0.16772498441931116,-0.788493188950461,0.07414615843846195,0.6240313194372784,Neutral
2017-12-15,-0.03481596041487389,-0.4470565259095433,-0.02683407603491994,-0.8611466602794141,Neutral
2017-12-18,-0.036092303624350563,-0.4479510408286894,0.008342182105393725,-0.3459896496501625,Neutral
2017-12-19,-0.21950917700639128,-0.9305619026412804,-0.03917672705487485,-1.0322194366998807,Neutral
2017-12-20,-0.014890910967256588,-0.3883936466714765,-0.0679635951759261,-1.406879200248214,Neutral
2017-12-21,-0.10572249581419157,-0.6222728790750005,-0.046324646268349534,-1.0773930987670535,Neutral
2017-12-22,-0.23881375487709056,-0.9550235111112658,-0.03482656119136651,-0.8877060696577939,Neutral
2017-12-25,-0.23319428578847257,-0.9107163123071395,-0.08375272731799122,-1.5235427981207774,Neutral
2017-12-26,-0.34339248691618574,-1.1621849308175654,-0.051130765068235995,-1.0344164930623523,Neutral
2017-12-27,-0.363427748663955,-1.1794646471988146,0.01523554977106878,-0.11000031599887025,Neutral
2017-12-28,-0.262494521993196,-0.9069459062917656,-0.03774286008000405,-0.8392708250143677,Neutral
2017-12-29,-0.17026264854684836,-0.6808329439385727,0.03666484535758108,0.22031964675485624,Neutral
2018-01-01,-0.28857312161416715,-0.9809636911906269,-0.042155556118811166,-0.8666547998828587,Neutral
2018-01-02,-0.3253894039730323,-1.0510094199665003,0.07411473799293389,0.8184902145716317,Neutral
2018-01-03,-0.1113048455622554,-0.48222609321281373,0.04005514931983467,0.330053406604288,Neutral
2018-01-04,-0.00987066379049839,-0.20207094460006678,0.0427662424713553,0.36061006455597955,Neutral
2018-01-05,0.3583575957541001,0.7776183143941187,-0.04814603974239251,-0.9487243260632142,Neutral
2018-01-08,0.5341217279492865,1.2325991980328923,-0.02871320792621912,-0.673261894055355,Neutral
2018-01-09,0.6866453217587694,1.5783190708559103,-0.0014189099008994344,-0.2868732313649914,Retrasar_compra_trigo
2018-01-10,0.3469206152274982,0.7043546826577505,0.003075308005671129,-0.23695627430499794,Neutral
2018-01-11,0.44912068923119364,0.9610624325332641,-0.01662323351233197,-0.5472690755520107,Neutral
2018-01-12,0.38695482054389707,0.7994739411192254,-0.05059987390849985,-1.0293885366775162,Neutral
2018-01-15,0.24694208096518722,0.44877810879852537,0.021955236933903333,0.05493534427669479,Neutral
2018-01-16,0.24880817779498354,0.4620383755851279,0.027642539311649506,0.16238600575730397,Neutral
2018-01-17,0.3922230185024178,0.8488728823930541,0.10726810431494926,1.3678584106982627,Neutral
2018-01-18,0.4373070495818565,1.0025937806826648,0.06343151125637614,0.7199033217559148,Neutral
2018-01-19,0.2297611404044373,0.49051606176676393,0.033242930325334985,0.26607795394926126,Neutral
2018-01-22,0.33769816814603537,0.8438253406821692,0.06933750902961955,0.7967782787157124,Neutral
2018-01-23,0.18745011166226533,0.4687179888978986,-0.019040832465961,-0.5343550951399771,Neutral
2018-01-24,0.20625672595898603,0.5649932331423131,-0.06513941629647113,-1.2124409916380219,Neutral
2018-01-25,0.1347548435368422,0.3921639927696042,0.0049892718187223295,-0.17438778651380551,Neutral
2018-01-26,0.0850590257364372,0.25151320252117665,-0.04633200928172365,-0.930368611745251,Neutral
2018-01-29,0.2120852374600597,0.7014553304533927,-0.11354784027410414,-1.8632283172620752,Neutral
2018-01-30,0.01245044850579724,0.0476930191715198,0.005678599569264309,-0.0640338731154338,Neutral
2018-01-31,0.3528133735053336,1.1863279323949136,-0.05381364753574003,-0.9444873573703665,Neutral
2018-02-01,0.0022720838457868098,0.015882824782397102,-0.02634022441018735,-0.4900926025627709,Neutral
2018-02-02,-0.09401609562937185,-0.2921860628109386,-0.011272341632840632,-0.24239723000672683,Neutral
2018-02-05,-0.01887775723173135,-0.02810953930454199,-0.12863384966703806,-1.9970867452721264,Neutral
2018-02-06,0.08583825458736793,0.3150118076259024,-0.10863818502840328,-1.6212642266690658,Neutral
2018-02-07,0.06261325656124317,0.2314773801351849,-0.05915146438173635,-0.8407008396801576,Neutral
2018-02-08,0.05042260529798437,0.18140454927458444,-0.02775178620254981,-0.34665425580765713,Neutral
2018-02-09,0.11752173055846171,0.40469713069909036,0.025763785236387227,0.49070177221770267,Neutral
2018-02-12,0.06855478222033007,0.2385131592153841,0.005691957468186626,0.18509827975050056,Neutral
2018-02-13,0.3049723930783683,1.0199617419605784,0.04483370184292146,0.7720385041018744,Neutral
2018-02-14,0.42492700148837326,1.3735196999330104,0.008063086625785143,0.19147744473695527,Neutral
2018-02-15,0.5378673334904471,1.6709275624955287,-0.05464456310056587,-0.7677052017535368,Retrasar_compra_trigo
2018-02-16,0.3001580029340376,0.8754388045995303,-0.09481432838543125,-1.3639194012524722,Neutral
2018-02-19,0.25328446772777014,0.707388304340809,-0.13321086768584767,-1.8871427544297588,Neutral
2018-02-20,0.17353002834407327,0.459686763771302,-0.05343717946273352,-0.7087337497034466,Neutral
2018-02-21,-0.013105329750809247,-0.13371273446060966,-0.10309732211023181,-1.4254724049901382,Neutral
2018-02-22,0.053339760307786754,0.09373655307223575,-0.0662519214245958,-0.9023967575391824,Neutral
2018-02-23,-0.03825528620784713,-0.20681301031185026,-0.05846152020809381,-0.7897502066165584,Neutral
2018-02-26,0.08012943504611769,0.1588591147430475,-0.047460523072835104,-0.6084133395199264,Neutral
2018-02-27,-0.09951376734884576,-0.4508995569829579,0.031796695788570695,0.5737903765633702,Neutral
2018-02-28,0.20790045098598053,0.5438719913698317,0.005314352406611045,0.2033300224802425,Neutral
2018-03-01,0.03406033476039827,-0.09889562725206845,0.033755488495326835,0.6899651431806613,Neutral
2018-03-02,0.0732340513700418,0.00520562901442369,0.03000095240585332,0.6953803739880475,Neutral
2018-03-05,0.20496125517195196,0.48175205274187355,0.02299254386799987,0.630570661415665,Neutral
2018-03-06,0.08401137508768564,-0.03370856424129384,0.13560091907699712,2.5124753704279117,Neutral
2018-03-07,0.2235835291180619,0.5168068861419827,0.0319501205350059,0.808262957249247,Neutral
2018-03-08,-0.009883459583209131,-0.47471271954361677,0.08950118490731396,1.8012781120154444,Neutral
2018-03-09,0.2417220914623055,0.5675216030364468,0.10195762654452833,1.9180848588363557,Neutral
2018-03-12,0.21880863247194693,0.4535308677626874,0.060206877892310606,1.1851193271996352,Neutral
2018-03-13,0.09650050178353631,-0.08704008068550799,0.13261438517388058,2.24619369982515,Neutral
2018-03-14,0.039355217687824684,-0.3371695830137413,0.010329800784811383,0.2727732814392064,Neutral
2018-03-15,0.17621243563347022,0.23369596746779622,-0.012438805290330812,-0.10329173012422563,Neutral
2018-03-16,0.06130150250400934,-0.2926474961913215,-0.06462720717999515,-0.9331657438167676,Neutral
2018-03-19,-0.06833437336657511,-0.8929707211860181,-0.025770531023308063,-0.3285174911765951,Neutral
2018-03-20,-0.09163347266525523,-1.048889796959957,-0.06788931104950735,-1.0050999392444144,Neutral
2018-03-21,-0.2625388683058598,-1.881461586251154,-0.02801006448067045,-0.34726800227220145,Adelantar_compra_trigo
2018-03-22,0.06575509068665575,-0.3683611573254649,-0.024859866600472902,-0.30013502190573316,Neutral
2018-03-23,-0.03034602008200249,-0.8591765258509838,-0.03201433366789108,-0.39877764628020707,Neutral
2018-03-26,0.11744063528092497,-0.17013029199139715,-0.0029551103606726414,0.06359473501019884,Neutral
2018-03-27,0.14289814872413942,-0.08385543261090253,-0.01097298013023229,-0.044760716478059175,Neutral
2018-03-28,-0.0341346459515286,-1.060842642892959,-0.052882904630808136,-0.714203137132666,Neutral
2018-03-29,-0.023754753923096672,-1.0015050200832656,0.10351282211692525,1.8208140152011367,Neutral
2018-03-30,0.1162258610420297,-0.21617963603269286,0.05618151802470184,1.0196944061938942,Neutral
2018-04-02,0.0753757684177172,-0.41489682275132633,-0.055428225266385134,-0.769309675611936,Neutral
2018-04-03,0.27715387205897457,0.8495194595827394,-0.07601584477439483,-1.0692960915707181,Neutral
2018-04-04,0.4301085209726452,1.7707325026568648,-0.11287483031080736,-1.5892948038514525,Retrasar_compra_trigo
2018-04-05,0.5527583639854248,2.456910183082535,-0.03878387034253339,-0.43054756222175145,Retrasar_compra_trigo
2018-04-06,0.4018623407399726,1.5448695980865808,-0.007641045873881147,0.042098973046068064,Retrasar_compra_trigo
2018-04-09,0.1664210101732797,0.1413635588198964,0.019665055852147395,0.4682563380518968,Neutral
2018-04-10,0.0459714905807278,-0.5633402235699837,-0.00037388486928557896,0.16369623397115687,Neutral
2018-04-11,0.07883432158014703,-0.34057159859759,-0.005433456461552799,0.11746789648308346,Neutral
2018-04-12,0.16791043104733028,0.24092474901058647,-0.01915852269798135,-0.08249623400045616,Neutral
2018-04-13,-0.20503928932357152,-2.0064320756093155,-0.014004938197786254,0.014527977013331203,Adelantar_compra_trigo
2018-04-16,-0.17817558231841524,-1.767072725272431,0.03290179312454011,0.8028011219370288,Adelantar_compra_trigo
2018-04-17,-0.12745950881411705,-1.4064130937821382,0.046953030623808845,1.0086911862400725,Neutral
2018-04-18,-0.15333359520787138,-1.4993239520716832,0.06505236889068766,1.2606535506177683,Neutral
2018-04-19,0.08186453479093636,-0.11710162568237278,0.07532947617794039,1.3865741646386247,Neutral
2018-04-20,0.14903259798286328,0.26984847995669975,0.10533906706771101,1.7818983792332268,Neutral
2018-04-23,0.3674124615146317,1.5078274733632078,0.09834782596875469,1.6184201867941705,Retrasar_compra_trigo
2018-04-24,0.2867545813385455,1.0106416226162844,0.09568482508230236,1.5222556364902635,Neutral
2018-04-25,0.4261612673109747,1.781052342703447,0.13761884004422065,2.0493971692069626,Retrasar_compra_trigo
2018-04-26,0.6872708896443633,2.9533821051482367,0.06942930497243038,1.0049100901754586,Retrasar_compra_trigo
2018-04-27,0.8625204874592693,3.421386504210625,0.013810224998313192,0.17847967598626907,Retrasar_compra_trigo
2018-04-30,0.5497827547180894,1.850383883471738,-0.042975384475911316,-0.6998444481607184,Retrasar_compra_trigo
2018-05-01,0.4374389231009488,1.2879174635730033,-0.02429068501302245,-0.44809590807479416,Neutral
2018-05-02,0.3232797618599932,0.7469348711551899,-0.09736036702068729,-1.5538761526984757,Neutral
2018-05-03,0.3732866086095923,0.9436714677601458,-0.05369956010616361,-0.8732763789317655,Neutral
2018-05-04,0.45983649475017696,1.289343134349687,-0.03816230125813003,-0.6182520440679404,Neutral
2018-05-07,0.25790054987830136,0.37894203458272185,0.029856443140621414,0.4115766368555808,Neutral
2018-05-08,0.2431641310306656,0.31873011410439406,-0.003986631668711604,-0.09136052371808272,Neutral
2018-05-09,-0.12141094383130024,-1.260116644542331,-0.00897038469924194,-0.16310303463329803,Neutral
2018-05-10,0.13759708237856216,-0.0827444958117093,0.04949199914935409,0.7044880665924979,Neutral
2018-05-11,0.04209019093130095,-0.49843210112039477,0.11143009527589265,1.5954718348773427,Neutral
2018-05-14,0.05200925095465436,-0.4380421095591732,0.05444491787291894,0.7034655249646442,Neutral
2018-05-15,-0.0008694140760798774,-0.6633200982908558,0.05628037796838026,0.7067121634553127,Neutral
2018-05-16,0.20174432980929513,0.2413210489835341,0.06586972422160176,0.8338996743356493,Neutral
2018-05-17,-0.28509979834346755,-1.8939960146769836,0.0741260419833798,0.9373002952874795,Adelantar_compra_trigo
2018-05-18,-0.24914056475230106,-1.6861440142454132,0.0458461839693749,0.45000185736745457,Adelantar_compra_trigo
2018-05-21,-0.23210228250785025,-1.5570089099385918,0.0993433098358445,1.292094457812079,Adelantar_compra_trigo
2018-05-22,-0.2709929336299943,-1.6822200990439589,-0.012767038597772062,-0.547675931518713,Adelantar_compra_trigo
2018-05-23,0.05046496832053826,-0.32799790739404605,-0.026331171265132625,-0.7592965578920193,Neutral
2018-05-24,-0.09647772223672835,-0.9272090637532623,0.006267336251818634,-0.2165321224814278,Neutral
2018-05-25,0.05207622335962636,-0.30868747474776287,0.028145989102134727,0.14323843603955672,Neutral
2018-05-28,0.11261190875503058,-0.05104215521880285,0.08819876894782497,1.0999311342333054,Neutral
2018-05-29,0.32724459179244825,0.8193376127762867,0.1265034915267531,1.73266313826943,Neutral
2018-05-30,0.17454842760632872,0.19197722820132723,0.08341065461808861,1.0066400561310014,Neutral
2018-05-31,0.03337569253180295,-0.3954844168311452,0.1293995781828734,1.7137429536573698,Neutral
2018-06-01,0.22704561538130186,0.4079203300949716,0.06105706874500494,0.6421101253741983,Neutral
2018-06-04,0.27889967752603173,0.6173620076921223,0.09566893728932402,1.1798467979742198,Neutral
2018-06-05,-0.014462149251768253,-0.5864941742947136,0.16739340311663065,2.272740198496519,Neutral
2018-06-06,-0.0964507328975035,-0.909751107136769,0.19134778320378487,2.46200410025291,Neutral
2018-06-07,-0.015012835926528467,-0.5615571971961272,0.14641127750356908,1.7156369857367917,Neutral
2018-06-08,0.13494024577185204,0.0466498475042346,0.0908840839276781,0.8812561899272352,Neutral
2018-06-11,0.00693899259096753,-0.483791296230675,-0.0025460820276621554,-0.49267322601888847,Neutral
2018-06-12,-0.45068556290727413,-2.248908497700334,0.017094019730845567,-0.22924118956286438,Adelantar_compra_trigo
2018-06-13,-0.31336685604585934,-1.6940748608382508,-0.03942382903829378,-1.068178854892234,Adelantar_compra_trigo
2018-06-14,-0.4591502623719834,-2.1429026564310174,-0.06225266887069658,-1.3845255922020883,Adelantar_compra_trigo
2018-06-15,-0.695490385918557,-2.7907708410770966,-0.09941443850122456,-1.8715933728510672,Adelantar_compra_trigo
2018-06-18,-0.9962764169386231,-3.388395067158062,-0.09241933315069462,-1.70819562670317,Adelantar_compra_trigo
2018-06-19,-0.7773575745034229,-2.504119252082097,-0.07322389481981362,-1.4030229057983568,Adelantar_compra_trigo
2018-06-20,-0.6693785134778181,-2.0717494223181645,-0.038852802224602634,-0.9328539460842326,Adelantar_compra_trigo
2018-06-21,-0.6226588121382619,-1.8527192603281812,-0.057965494027995446,-1.1588159180666748,Adelantar_compra_trigo
2018-06-22,-0.34089127631890914,-1.0386455731662168,0.00618862405626408,-0.25687950047389047,Neutral
2018-06-25,-0.19641207310788467,-0.6259856685525879,-0.00551931165482511,-0.4351045349813646,Neutral
2018-06-26,0.09609236047774061,0.18633858137714263,-0.03440013524387586,-0.8595864306398374,Neutral
2018-06-27,-0.14107323718890008,-0.4451396963711875,-0.007992648676442116,-0.5265458736400882,Neutral
2018-06-28,-0.1253820726680086,-0.37683647050199165,0.09155483930514752,0.9011994969511422,Neutral
2018-06-29,-0.3592433649235529,-1.00534044264248,0.08855347483953047,0.8308791604850342,Neutral
2018-07-02,-0.34729490055355683,-0.9417853462953613,0.054558138008141244,0.3251455633254613,Neutral
2018-07-03,-0.3398771271608103,-0.8966451011193811,-0.02431977947221431,-0.8183530208968935,Neutral
2018-07-04,-0.19697029503267105,-0.4825184570428892,-0.025240391849140842,-0.8241927959785396,Neutral
2018-07-05,-0.1621489834972536,-0.3701320137840875,-0.005555289646524075,-0.543082795340892,Neutral
2018-07-06,-0.033182389308166194,-0.016689681515506486,-0.017750772904999934,-0.719007994842916,Neutral
2018-07-09,0.09556520222820097,0.3323351966352932,-0.08686450591171035,-1.6537043758137975,Neutral
2018-07-10,0.4751914183311001,1.350372571946691,-0.09643441463927727,-1.7115170067914813,Neutral
2018-07-11,0.363992358229857,1.0109992878278782,-0.0021071705589945644,-0.3922544032318082,Neutral
2018-07-12,0.1582738768580363,0.44180834579313116,0.06901099721840032,0.5940594945432837,Neutral
2018-07-13,0.18770466268531205,0.5203576627996594,0.012647621573420809,-0.16706419483946594,Neutral
2018-07-16,0.032107451704329826,0.11005556807525946,0.04539150959892102,0.30615321123616296,Neutral
2018-07-17,0.29087186588058866,0.8254555885041637,-0.022722496913731183,-0.6309015274292263,Neutral
2018-07-18,0.21077259330403564,0.6195682339280317,0.05528493221658559,0.5066155882314318,Neutral
2018-07-19,0.09204230224652399,0.3264479395873085,0.055453439043317454,0.5135191723672072,Neutral
2018-07-20,0.0059756733142872775,0.12664037788379343,0.08491673603512839,0.9178642602316971,Neutral
2018-07-23,0.1327854940993758,0.5500707234321054,-0.016811720432945876,-0.5590155413877806,Neutral
2018-07-24,0.09488186715015967,0.45718091921226506,0.01823298538737217,-0.061417286100889874,Neutral
2018-07-25,-0.017705066552440307,0.11667439564424541,0.015562113824510782,-0.13114634088648855,Neutral
2018-07-26,0.2734343779711237,1.0718706677669427,0.05503820309654439,0.43633813475339406,Neutral
2018-07-27,0.09803475219103142,0.5316193501280583,0.08677264659366579,0.8854059006481579,Neutral
2018-07-30,0.09926220173958367,0.5484950798845524,0.06818434835247,0.5928153351033127,Neutral
2018-07-31,0.20294980557553455,0.900915370716487,0.02082438086515781,-0.12777406668932562,Neutral
2018-08-01,-0.09197836329283238,-0.09330487046478646,0.049471631939687954,0.29094073021193856,Neutral
2018-08-02,0.002995501261120914,0.23477151637464325,0.034051276243534545,0.06140572515279735,Neutral
2018-08-03,-0.1661945006707608,-0.3251164574268346,-0.018743942344732645,-0.7119487964309728,Neutral
2018-08-06,-0.008533666505770476,0.21124151956846626,-0.0561564091190927,-1.2406878269225938,Neutral
2018-08-07,-0.1606341235001576,-0.29416305825423344,-0.11106201213307854,-1.9629172000396131,Neutral
2018-08-08,-0.022580529431222907,0.18667708394529853,-0.10818802501101232,-1.8296336657831431,Neutral
2018-08-09,0.17377257838485782,0.8281107762079266,-0.03419237676731779,-0.7503717560536803,Neutral
2018-08-10,0.3113906105163444,1.2511871056396744,-0.020355518320843258,-0.536939893227098,Neutral
2018-08-13,0.32466970359719927,1.2510767911796543,-0.03841341426567979,-0.7663458922994384,Neutral
2018-08-14,0.24714317806526953,0.9609667309705942,0.010075733952881416,-0.07738763327218885,Neutral
2018-08-15,0.12129258552065725,0.5385706726318742,-0.03185016984803357,-0.6767912661528451,Neutral
2018-08-16,0.3720332299200395,1.3232151689705867,-0.015662254245637497,-0.43891902498109703,Neutral
2018-08-17,0.20523960635453786,0.7672387921504283,-0.021466225913690185,-0.5091455960032373,Neutral
2018-08-20,0.009504577833894245,0.1371995073424917,0.018737339344871318,0.08230069466109671,Neutral
2018-08-21,0.12594633278549416,0.5320743493554833,-0.060269937589146894,-1.0267558667953292,Neutral
2018-08-22,-0.01895600055437452,0.06690225624927604,-0.08207438154691715,-1.2992611196584114,Neutral
2018-08-23,-0.1658124731100301,-0.4062131623993518,-0.1377200697030394,-2.027043278983161,Neutral
2018-08-24,-0.36697876525278206,-1.0340308509857994,-0.12210154287918162,-1.7225579714889319,Neutral
2018-08-27,-0.3938288506032981,-1.0855227443566147,-0.04098646464052269,-0.550146901944538,Neutral
2018-08-28,-0.3558961629298443,-0.9351783066062896,-0.05737109467879864,-0.7680766262358251,Neutral
2018-08-29,-0.27296201527388364,-0.6525380394995907,-0.06996763525391736,-0.96157022123529,Neutral
2018-08-30,-0.08318873981829711,-0.031717969310813776,-0.017041790242369848,-0.06188202699425698,Neutral
2018-08-31,0.020006263826837234,0.3111718660925101,0.03502787058247603,0.8700386956215623,Neutral
2018-09-03,-0.00920727872634064,0.21676933505149956,0.01914459120688794,0.582487738034366,Neutral
2018-09-04,-0.03530398627252751,0.11042219250590034,0.041052635145305105,0.9551543768969835,Neutral
2018-09-05,0.0581130531654912,0.400545737433398,-0.02873581214007137,-0.2675114577769857,Neutral
2018-09-06,0.27861554389433607,1.0970747383610182,0.043060691613193924,0.9560001426649083,Neutral
2018-09-07,0.2721481360967237,1.0548580311891098,0.13411832028546766,2.4008434532124734,Neutral
2018-09-10,0.16132315766910388,0.6711616640949106,0.12334799042593425,2.1108997331165273,Neutral
2018-09-11,-0.019851681965167067,-0.07290895068997774,-0.0155043821354659,-0.2052983301087865,Neutral
2018-09-12,-0.24655919042128494,-1.0999509745128087,-0.0405939361687353,-0.6244586444042273,Neutral
2018-09-13,-0.10697528339167128,-0.5633422181541777,-0.004112645555760297,-0.02941306569415709,Neutral
2018-09-14,0.0042900603115105795,-0.07157694914545686,-0.02855492883368571,-0.43090153027748723,Neutral
2018-09-17,0.10703276903705028,0.3996360889239528,0.030042532253296228,0.5437235039571938,Neutral
2018-09-18,0.07559461576564885,0.2495770523719987,0.042928045007736726,0.7367359516954248,Neutral
2018-09-19,0.3191697326775831,1.3742217483558916,-0.007883635582546455,-0.1142268361338762,Neutral
2018-09-20,0.19642129556474153,0.761860944131267,-0.011253678514992593,-0.144981164125928,Neutral
2018-09-21,0.34935867939462817,1.4554177007762912,-0.05799716147371825,-0.9155348307583253,Neutral
2018-09-24,0.3046773332175263,1.210368983720561,-0.056739624334547045,-0.8640260413968975,Neutral
2018-09-25,0.16571504775009238,0.4982794414904292,-0.07312851778278029,-1.1234465615867444,Neutral
2018-09-26,0.2534874728554959,0.9158848234367036,-0.004788976808407952,0.047518257349869995,Neutral
2018-09-27,0.30058431957884313,1.12103617333356,0.09753920765577373,1.7345262938602397,Neutral
2018-09-28,0.33254097119235126,1.241556022080765,-0.0004021656458172984,0.08622173970139842,Neutral
2018-10-01,0.3128088957922097,1.1103320840720405,-0.09634090272461071,-1.5155664037005376,Neutral
2018-10-02,0.2731435886743441,0.9507638675529726,-0.0899769741777996,-1.4147564671792292,Neutral
2018-10-03,0.6883078383967076,2.8942016149330203,-0.1413790040717695,-2.146932619029735,Retrasar_compra_trigo
2018-10-04,0.8368889425753903,3.230183144647466,-0.11102457750334871,-1.5958492037767524,Retrasar_compra_trigo
2018-10-05,0.878109683965528,3.078257176081379,-0.05593265608936959,-0.6973520889621913,Retrasar_compra_trigo
2018-10-08,0.7931576207891853,2.5328726950775144,0.025217040602332652,0.6001552132566794,Retrasar_compra_trigo
2018-10-09,0.8922162532996252,2.6959672820404093,0.024369968297782707,0.5726214253211576,Retrasar_compra_trigo
2018-10-10,0.8814175176902896,2.476323094095872,0.004230761199988997,0.26807683942383964,Retrasar_compra_trigo
2018-10-11,0.779533371120749,2.017657714215749,-0.09401467035548361,-1.2655943200542028,Retrasar_compra_trigo
2018-10-12,0.6267962807104137,1.4596052654703764,-0.07676251700154957,-0.9601469634031922,Neutral
2018-10-15,0.5368847949968147,1.135695777541134,-0.06008660791625586,-0.6749429814432303,Neutral
2018-10-16,-0.07760543743252146,-0.808161249797988,-0.01939290554670614,-0.006528741560747692,Neutral
2018-10-17,-0.028271967869057946,-0.6510342641919903,-0.06060082951218826,-0.6539195570431287,Neutral
2018-10-18,-0.10070228712321327,-0.8559582875842618,-0.07492955356611297,-0.8567438926401867,Neutral
2018-10-19,0.18311103346410285,0.03367166886859472,-0.1318853774504456,-1.729562890115041,Neutral
2018-10-22,0.16954171774752602,-0.012791533024241375,-0.2054518571996662,-2.724708069890573,Neutral
2018-10-23,-0.04737162959483143,-0.6808979247761295,-0.2092557240965025,-2.5778005947997977,Neutral
2018-10-24,-0.04468810257617317,-0.6762196437587976,-0.23212984355674915,-2.697364047880605,Neutral
2018-10-25,-0.205092472839993,-1.1591803805489056,-0.17023280319602696,-1.7525775104352466,Neutral
2018-10-26,-0.0994904456339114,-0.8362018825529721,-0.1547350355719317,-1.4812790301210852,Neutral
2018-10-29,-0.03487923438534679,-0.6322176241260044,-0.14317748990681656,-1.287429169169179,Neutral
2018-10-30,0.13572840061884328,-0.11551361831856802,-0.15508102299490423,-1.4197687563233754,Neutral
2018-10-31,-0.007932299402905407,-0.5695830759920896,-0.2587108100545874,-2.597982474657942,Neutral
2018-11-01,0.005820182755010173,-0.5161736716393988,-0.13740499349799307,-1.0599947936887435,Neutral
2018-11-02,-0.21109146870852324,-1.1598651905375794,-0.15507388186467175,-1.2347487711321508,Neutral
2018-11-05,-0.06920912729934159,-0.6958962933915196,-0.13770805270497788,-0.9952402161066313,Neutral
2018-11-06,0.0288884761507866,-0.3792708825508965,-0.17113115196950246,-1.3474396439254335,Neutral
2018-11-07,0.11357090799676062,-0.11561735609699073,-0.09457421732854421,-0.421537072463972,Neutral
2018-11-08,0.10518121172348582,-0.12837800243135705,-0.07106062979524097,-0.13054582298271394,Neutral
2018-11-09,0.16913502223471966,0.07310709746831555,-0.09932024522015426,-0.4526545299436415,Neutral
2018-11-12,0.43820552315375494,0.8860678369169703,-0.10402774288307337,-0.4873237496318071,Neutral
2018-11-13,0.3374007971057633,0.5606096775510121,-0.007234154488896971,0.6627356231508371,Neutral
2018-11-14,0.32405319314652115,0.5017542511525763,-0.01669713958757324,0.5353258822656607,Neutral
2018-11-15,0.0992448462407367,-0.21022557802454397,-0.027555949527749313,0.38592449304348037,Neutral
2018-11-16,-0.05449994592091123,-0.7212502159410533,-0.06703724921713516,-0.10009863866058849,Neutral
2018-11-19,-0.028473696107352175,-0.6742703231106997,-0.14008897047980873,-0.9551384949548347,Neutral
2018-11-20,0.1632495172403594,-0.07796122736473342,-0.12062486963740637,-0.7061622013585718,Neutral
2018-11-21,0.10246601388380139,-0.30921697598857795,-0.08448370215533685,-0.27180362333047664,Neutral
2018-11-22,0.055922220685761914,-0.47937301880869215,-0.02129234248893508,0.48298821931384106,Neutral
2018-11-23,-0.015419830040054983,-0.7221717843547206,-0.12393184105499078,-0.7153325878923895,Neutral
2018-11-26,-0.09379329447543228,-0.9829190416781074,-0.14885394778470973,-0.9816136658889485,Neutral
2018-11-27,-0.02947717405488781,-0.7630563252323147,-0.14837003215426825,-0.9444939479059506,Neutral
2018-11-28,-0.2610748498460973,-1.5108740056674033,-0.1189837560903304,-0.5700787849965219,Adelantar_compra_trigo
2018-11-29,-0.021494536577564283,-0.6854326739420704,-0.10422492388049243,-0.3675184245694771,Neutral
2018-11-30,-0.12213346106862488,-0.993232427190958,-0.0910273879892265,-0.16893469006004702,Neutral
2018-12-03,0.01443394859236502,-0.5292162151040815,-0.06076357591554915,0.28337589617762055,Neutral
2018-12-04,-0.18881041923674813,-1.1844843048933786,-0.0967170595339839,-0.19885532460880034,Neutral
2018-12-05,-0.05142255477078095,-0.7516098019548805,-0.03578685524827607,0.6522158223504279,Neutral
2018-12-06,0.07145332761724443,-0.35455696093409267,-0.011615992602900471,0.9938173630080386,Neutral
2018-12-07,0.13480788180072611,-0.14985508329939634,-0.03127530341969709,0.7193670095622086,Neutral
2018-12-10,-0.04434563329705021,-0.7404839728204776,0.044324715337447085,1.7656776625494568,Neutral
2018-12-11,0.0071526037367126705,-0.5632905370467143,0.10361468076482527,2.5015718031075656,Neutral
2018-12-12,-0.17996602405291906,-1.1497460958813392,0.116039150096094,2.5150065013110625,Neutral
2018-12-13,-0.19478830186568175,-1.1635020313084132,-0.06675009340303029,0.17438984797977083,Neutral
2018-12-14,0.0031979253195384416,-0.4975303563567487,0.01788754781463542,1.2389790930146072,Neutral
2018-12-17,0.14465120177421653,-0.025581934924330384,0.04228426797009055,1.5010665118072894,Neutral
2018-12-18,0.13441357085608807,-0.057467234433164406,0.12497788965020318,2.3733947320626405,Neutral
2018-12-19,-0.040245353485818036,-0.6131864510187414,0.1446260794179255,2.454947227193455,Neutral
2018-12-20,0.07963968596123827,-0.20897072721716148,0.1797399264756676,2.737054584330066,Neutral
2018-12-21,0.0797111599247522,-0.1954998846580169,0.166702993561884,2.4408444200541735,Neutral
2018-12-24,-0.3032697343536488,-1.4014204376781298,0.17937753744159557,2.3985297405113926,Neutral
2018-12-25,-0.13909180198426618,-0.8430962299231664,0.2315441320917211,2.6807644926579117,Neutral
2018-12-26,-0.12166526266673738,-0.7617853109474071,0.1736340231899185,2.029667580507449,Neutral
2018-12-27,0.09847828114404589,0.007991943778620357,0.03762846100061723,0.7824742142575086,Neutral
2018-12-28,-0.09028356523040859,-0.6343442689035262,0.0014955410470458563,0.4492316234523491,Neutral
2018-12-31,-0.5639697771700272,-2.3488146824326197,0.010050203746290398,0.5287693146092756,Adelantar_compra_trigo
2019-01-01,-0.4549565303554055,-1.9657635742882846,0.003661430034017199,0.4754604349806863,Adelantar_compra_trigo
2019-01-02,-0.3539576098934569,-1.6136475356026305,-0.06749440352693381,-0.15283372892181082,Adelantar_compra_trigo
2019-01-03,-0.5609132894539726,-2.542897507581411,-0.13706709003662687,-0.7691113911713324,Adelantar_compra_trigo
2019-01-04,-0.6344561211322439,-2.8030376371190155,-0.14412171086447367,-0.8178699137716352,Adelantar_compra_trigo
2019-01-07,-0.13619365457953148,-0.4723904950232104,-0.07901750559640952,-0.23481263509623349,Neutral
2019-01-08,-0.16349482844118857,-0.5980110172766289,0.005280182996788341,0.5116053620308423,Neutral
2019-01-09,-0.018116778317215143,0.11451164845170746,0.038447238991401456,0.787694591453095,Neutral
2019-01-10,-0.11779100682067245,-0.37297363965826386,0.07114628347532248,1.0458499399627024,Neutral
2019-01-11,-0.4273393756057038,-1.807626498054876,0.03670645700348274,0.7194438540326352,Adelantar_compra_trigo
2019-01-14,-0.3991024344132428,-1.6053203797576021,-0.06327675265080912,-0.18101605458464778,Adelantar_compra_trigo
2019-01-15,-0.3886872207293668,-1.498933249447728,-0.07308805078997582,-0.2941664010625461,Neutral
2019-01-16,-0.39984983192216683,-1.4939228903304789,-0.07433666792591831,-0.3380074541227743,Neutral
2019-01-17,-0.3670812058090136,-1.315922883950812,-0.0863463825974835,-0.46829331616942427,Neutral
2019-01-18,-0.2795000279866753,-0.9005731307968746,-0.07014444851490986,-0.33206981853690243,Neutral
2019-01-21,-0.26485614008565816,-0.8133020836411131,-0.03761320430098469,-0.03940884339091904,Neutral
2019-01-22,-0.42367681521114653,-1.4645674982272967,0.010084454585465474,0.39667649390624643,Neutral
2019-01-23,-0.29509402173344723,-0.8711962232176051,-0.009511178059888215,0.17347347566930787,Neutral
2019-01-24,-0.5502989032628869,-1.892944880120207,-0.10186853114249383,-0.7742292146054177,Adelantar_compra_trigo
2019-01-25,-0.7748041491828346,-2.639715208960379,-0.10746092052522838,-0.8469656491284511,Adelantar_compra_trigo
2019-01-28,-0.5802545147181277,-1.7770236564239734,-0.08768594251770101,-0.657110212409493,Adelantar_compra_trigo
2019-01-29,-0.4348754203374967,-1.1704712666383346,-0.014210496336335199,0.08010474642501283,Neutral
2019-01-30,-0.38875158016557787,-0.9599555804352343,-0.042045557372089926,-0.22512852724708937,Neutral
2019-01-31,-0.5480375537070659,-1.5136143346392381,-0.01623181854516864,0.040018945857076486,Adelantar_compra_trigo
2019-02-01,-0.5848488310698121,-1.5910820513151807,-0.005533622977259345,0.13833112585922372,Adelantar_compra_trigo
2019-02-04,-0.5528740329790494,-1.4482030147663543,-0.01053947990831805,0.06836035360002425,Neutral
2019-02-05,-0.714320991698798,-2.0071184017707,0.03427052828037347,0.5441140108552964,Adelantar_compra_trigo
2019-02-06,-0.7342656737861302,-2.01669346802028,-0.010933612085562094,0.0554405964261356,Adelantar_compra_trigo
2019-02-07,-0.5553232619696287,-1.2776604913359402,-0.04045854127860693,-0.26061076925959986,Neutral
2019-02-08,-0.2711570536361778,-0.16185864435167438,-0.03793110683949963,-0.23909003598286077,Neutral
2019-02-11,-0.3002251679606678,-0.2586185204565363,-0.06659974763202858,-0.569431077084136,Neutral
2019-02-12,-0.1402987870969552,0.3945579593122451,-0.033192112534734086,-0.2222014499628789,Neutral
2019-02-13,-0.4169996941665728,-0.6833921427657675,-0.06615509433830469,-0.5919143383423774,Neutral
2019-02-14,-0.2618419934600782,-0.03567566491427871,-0.04704431743881399,-0.3746517825033006,Neutral
2019-02-15,-0.35077602323877555,-0.3794546080023121,-0.05003339990957878,-0.4263431022591031,Neutral
2019-02-18,-0.25776426678322695,0.015244597683379966,-0.03720759082377767,-0.3094805692624092,Neutral
2019-02-19,-0.2612926240392377,0.016765533657653355,-0.05746243271490603,-0.5693416949823773,Neutral
2019-02-20,-0.00952069195342009,1.0397311897750385,-0.06743982952068572,-0.7028368918639711,Neutral
2019-02-21,-0.14661020795657986,0.48496392122268156,-0.05587000000133013,-0.5808550952173466,Neutral
2019-02-22,-0.019214012781654688,1.0019442288107783,-0.04264478762658319,-0.43638610799518773,Neutral
2019-02-25,-0.05813573048837117,0.8502910189180327,-0.042222762582089235,-0.435926732581649,Neutral
2019-02-26,-0.0702202783929069,0.7882340922535629,0.03985058747035164,0.5247768732008478,Neutral
2019-02-27,-0.08424573413042502,0.7338161448932534,-0.02834303721399989,-0.30085836046021797,Neutral
2019-02-28,-0.20642599166113929,0.25054805536106717,-0.035147580607985285,-0.37794463798280153,Neutral
2019-03-01,-0.17878246839159306,0.398394297477285,-0.10587642844624412,-1.2028755217866405,Neutral
2019-03-04,-0.16070206181936175,0.4878094740952346,-0.07414649675949936,-0.7985928516745033,Neutral
2019-03-05,-0.09445890769171328,0.7886615729715843,-0.1127609773615319,-1.2180934206396827,Neutral
2019-03-06,-0.06307592089413916,0.9121639871982896,-0.1047275859675314,-1.0889290105944116,Neutral
2019-03-07,0.086259565922159,1.5120945722170416,-0.1049824132750572,-1.0771313606638817,Retrasar_compra_trigo
2019-03-08,0.2443594310817332,2.1091905226079306,-0.07678396655828945,-0.718482053959345,Retrasar_compra_trigo
2019-03-11,0.0364560564185501,1.2685735232024231,-0.08921551323846,-0.8391173140048684,Neutral
2019-03-12,0.18767767589423912,1.886551758821878,-0.10120736523346352,-0.9540684325223365,Retrasar_compra_trigo
2019-03-13,-0.03290732373298422,0.9663168162842172,-0.018260445026258232,0.08784171366750514,Neutral
2019-03-14,0.07571942612678395,1.4196092603819894,-0.008322354244081787,0.26794303020730126,Neutral
2019-03-15,0.17990489499814366,1.8256977249560873,-0.042329117758513224,-0.14879615414019656,Retrasar_compra_trigo
2019-03-18,-0.15718208266941858,0.4265218838412087,-0.05320757965551515,-0.27004928706809717,Neutral
2019-03-19,-0.11618735272102043,0.5930789791164434,0.02716626934566002,1.2048369127988234,Neutral
2019-03-20,-0.17344568922842196,0.3618890254559467,0.001822001159381914,0.9175525613558815,Neutral
2019-03-21,-0.2678844698801113,-0.0018269256066414494,-0.03730243830300872,0.12773444434210388,Neutral
2019-03-22,-0.00961740066535377,1.0709823472977258,-0.07067039856258694,-0.5652128744844508,Neutral
2019-03-25,-0.11098906145739917,0.6224667559806034,-0.08810392992981808,-0.9102899669473522,Neutral
2019-03-26,-0.22226133425885797,0.13752955008877246,-0.10061604113131972,-1.1423254101098532,Neutral
2019-03-27,-0.17869875890373255,0.31017752582660774,-0.14215674753922647,-1.9503159257655045,Neutral
2019-03-28,-0.03848285983011124,0.8758640447889805,-0.16396696495793828,-2.3507652136343324,Neutral
2019-03-29,-0.051173693573382195,0.7951271747103992,-0.16803129994806776,-2.383116036427721,Neutral
2019-04-01,0.16118772582282048,1.6620791689537393,-0.110842621820334,-1.2066791101102747,Retrasar_compra_trigo
2019-04-02,0.24215737585916752,1.916315733601269,-0.10750594697382865,-1.1026801021797894,Retrasar_compra_trigo
2019-04-03,-0.1496101473495388,0.30819646193984523,-0.09793861191037934,-0.8856507710176157,Neutral
2019-04-04,-0.2120352193789019,0.0554948220105158,-0.024442629791738613,0.6867697017098428,Neutral
2019-04-05,-0.27119256055678154,-0.20264837494359572,0.03748052033677163,2.0243990315574094,Neutral
2019-04-08,-0.1566193552543904,0.2610017522461202,0.004382449061822502,1.2670592881894525,Neutral
2019-04-09,-0.5398059888789617,-1.3241317481103687,-0.03949708502861671,0.31993796324107393,Neutral
2019-04-10,-0.07160878377642543,0.6002464419103444,-0.0771300203132137,-0.4813272525799363,Neutral
2019-04-11,0.03370011126232786,1.00549006618639,-0.0317350307374078,0.46779990849940584,Neutral
2019-04-12,0.06324175806043897,1.0935365274929953,-0.03792228192994718,0.32423242482912823,Neutral
2019-04-15,0.26934655506313643,1.8465959688830562,-0.053007606864251544,0.00746604237734082,Retrasar_compra_trigo
2019-04-16,0.6807531205417421,3.1320320548915332,-0.08112895110207363,-0.568852901308324,Retrasar_compra_trigo
2019-04-17,0.7730257723715148,3.1121977696312646,-0.10215916085511023,-0.9909602614772378,Retrasar_compra_trigo
2019-04-18,0.8695579109137039,3.1096524425811873,-0.06989804133344601,-0.30585694691672766,Retrasar_compra_trigo
2019-04-19,0.7916964711843422,2.6997526909648335,-0.11411035133135883,-1.264947315148209,Retrasar_compra_trigo
2019-04-22,0.6695109360272733,2.211504994950501,-0.04311608073062989,0.2651935278978597,Retrasar_compra_trigo
2019-04-23,0.49774704376313306,1.6399953473669626,-0.062456654991522864,-0.1406758348999003,Retrasar_compra_trigo
2019-04-24,0.2926890678437397,1.0154027805382515,-0.05810041606704308,-0.039013649848399855,Neutral
2019-04-25,0.14393477351430928,0.5630060004125739,-0.10613225953482441,-1.0600627331772412,Neutral
2019-04-26,-0.09711821908313922,-0.1667477760463468,-0.0810844440023879,-0.4873353282739036,Neutral
2019-04-29,-0.09193608883164828,-0.17773531473413054,-0.08021550786618836,-0.44607018060746545,Neutral
2019-04-30,-0.34553739338759026,-0.9958712298195042,-0.06867196726024738,-0.15595974878087226,Neutral
2019-05-01,-0.26907725642623026,-0.8114127961721846,0.012554807668553325,1.7002900801796492,Neutral
2019-05-02,-0.23678355048341704,-0.739862747909356,0.014975902177184253,1.694586973545352,Neutral
2019-05-03,-0.1774468109740832,-0.5498449929867318,-0.030174417874205828,0.6787577885844062,Neutral
2019-05-06,-0.23472292760882585,-0.746955943633689,-0.05669683087905386,0.0817885237201988,Neutral
2019-05-07,0.32933296329353734,1.104817524234399,-0.02089644116204248,0.875086660311726,Neutral
2019-05-08,0.5472481415489243,1.7552583695327815,0.04208192166179736,2.1483628443800424,Retrasar_compra_trigo
2019-05-09,0.254964545755481,0.7693560206224411,0.044012250206604486,2.076526070576909,Neutral
2019-05-10,0.27237101016847554,0.7984155285554796,0.06319424930260453,2.317707411913598,Neutral
2019-05-13,0.14021069018903187,0.341039664935052,0.07140108692486935,2.3286567442135695,Neutral
2019-05-14,-0.044327271813567215,-0.28884639533297063,0.11920632786165553,2.924856926900692,Neutral
2019-05-15,-0.2519483068706103,-0.9657096313761415,-0.006817067683472233,0.728579868379356,Neutral
2019-05-16,-0.14578164845850683,-0.6116135621442041,0.02511918184250872,1.2381478898291676,Neutral
2019-05-17,-0.23211485313249902,-0.8820817403211373,0.06140397981042822,1.7745237313844613,Neutral
2019-05-20,-0.03632716689839732,-0.234414031835277,-0.01929785770472603,0.4352854295306027,Neutral
2019-05-21,0.14645083901945188,0.3596134327741333,-0.05225805837748587,-0.084101625670301,Neutral
2019-05-22,0.3836766447624509,1.109870736448773,-0.07774751543322611,-0.49713547407250464,Neutral
2019-05-23,0.19060752747218856,0.4558586875044985,-0.09443749724850226,-0.7566760613297626,Neutral
2019-05-24,0.26068629546491984,0.6636568464656047,-0.09353287415261002,-0.7472321320119999,Neutral
2019-05-27,0.3543313012298297,0.9416259841459033,-0.06563711041864173,-0.2833536509519291,Neutral
2019-05-28,0.23264509313644854,0.5231331032588384,-0.014681518528154136,0.5461685041403307,Neutral
2019-05-29,0.0751260797867781,-0.00308875578617259,0.03403680864283687,1.3193519471168802,Neutral
2019-05-30,0.3641964579527599,0.928109905702332,-0.015329704610996808,0.4710029298990022,Neutral
2019-05-31,0.37090691019243316,0.9383138593463908,-0.05303835253965139,-0.171871396046028,Neutral
2019-06-03,0.45359272607551304,1.1711082504040229,0.01737425685057148,0.9851663232074107,Neutral
2019-06-04,0.25352474700979233,0.5228146594021549,0.041507800901105174,1.3424942829772402,Neutral
2019-06-05,0.015787318407058493,-0.24407479505659085,0.033538336033824834,1.1814166184428367,Neutral
2019-06-06,-0.07489373512996877,-0.5264418822385626,0.04605942888722758,1.354522661862896,Neutral
2019-06-07,-0.07824139627057214,-0.5225270112435199,0.03349653695201238,1.1167650003748977,Neutral
2019-06-10,-0.23827991903249224,-1.0268581431405706,0.0502524869845149,1.3391742926475343,Neutral
2019-06-11,-0.20419472570185793,-0.9100531673059331,0.01570070460148698,0.7949108775443978,Neutral
2019-06-12,-0.4438217028064546,-1.6285651118782196,0.02027812816112351,0.8599236098324953,Adelantar_compra_trigo
2019-06-13,-0.5587333736566307,-1.9276107339622461,-0.05757036831598916,-0.3712580409940099,Adelantar_compra_trigo
2019-06-14,-0.38343552455881946,-1.3523481374182673,-0.07442214406640546,-0.6373310322289425,Neutral
2019-06-17,-0.23358941560404478,-0.8917995239794461,-0.09028978819842526,-0.8879814613307682,Neutral
2019-06-18,-0.26269438000497924,-0.9750511071843133,-0.08673649462564281,-0.8382722562478467,Neutral
2019-06-19,-0.38809448059998575,-1.3247906299461656,-0.1088510019103397,-1.2149614204352652,Neutral
2019-06-20,-0.4969719707963338,-1.589352256833815,-0.10580133320885854,-1.213528387209703,Adelantar_compra_trigo
2019-06-21,-0.4908146875464299,-1.520338093524565,-0.1472063392385543,-1.9284785415007082,Adelantar_compra_trigo
2019-06-24,-0.32502779611593,-1.018905339628697,-0.08978640776160285,-0.9784609746303725,Neutral
2019-06-25,-0.12620806867099077,-0.4428545235991873,-0.07180154177261011,-0.6918780442367094,Neutral
2019-06-26,-0.18609781926689806,-0.609224363481218,-0.13148145966846947,-1.6771293631261108,Neutral
2019-06-27,-0.3446973164026126,-1.0435542387935821,-0.1339422450261447,-1.6480599196448438,Neutral
2019-06-28,-0.25289754324837066,-0.7880697810306926,-0.09037867506933828,-0.9018119479473026,Neutral
2019-07-01,-0.34939158390602465,-1.0418475051854055,-0.09567595419655306,-0.957717868513744,Neutral
2019-07-02,-0.38417272468804375,-1.1573597125394208,-0.10370646580169418,-1.0616722886347139,Neutral
2019-07-03,-0.11257277127825649,-0.3923575421769791,-0.0815492506870692,-0.6992541678865453,Neutral
2019-07-04,0.054011088288651976,0.07425745036876072,-0.04816219850280512,-0.1517859061306022,Neutral
2019-07-05,0.08449365921863983,0.158797361522956,-0.10028563593893636,-0.9744593785848373,Neutral
2019-07-08,-0.1375769567764209,-0.4463737384395952,-0.05263473536148666,-0.20601581546893108,Neutral
2019-07-09,-0.07622526839908783,-0.24560163904038268,-0.07775157312093817,-0.6123961722029158,Neutral
2019-07-10,0.1294425997747366,0.3983182731993583,-0.0658207264155064,-0.4327225260539927,Neutral
2019-07-11,0.05546862804065,0.22967896289945755,-0.05162537723315763,-0.20729605978995158,Neutral
2019-07-12,0.3044346483349383,1.1140555065096318,-0.05969438696825624,-0.35772512760402536,Neutral
2019-07-15,0.5248398942456101,1.9038108741631996,-0.0926659251097226,-0.8815909111255394,Retrasar_compra_trigo
2019-07-16,0.801017692623712,2.729857522338159,-0.08761553243236064,-0.7888082162098691,Retrasar_compra_trigo
2019-07-17,0.7707679342221976,2.484034425268913,0.0031904119807459885,0.6729241720549174,Retrasar_compra_trigo
2019-07-18,0.8009615418147771,2.4184804568841187,-0.058991422858682974,-0.3538608116632454,Retrasar_compra_trigo
2019-07-19,1.0065205030012683,2.7784491156591233,0.03041947214884333,1.0766849260540332,Retrasar_compra_trigo
2019-07-22,0.9772109001048506,2.5014508227159986,0.009592774552291905,0.7125850291031375,Retrasar_compra_trigo
2019-07-23,0.754979483330291,1.8252218687064605,0.0045614469046044714,0.6102721641218881,Retrasar_compra_trigo
2019-07-24,0.5790935063306151,1.3195062982419958,-0.044698855538299,-0.17850322642157979,Neutral
2019-07-25,0.5650399735789726,1.2388346205488203,-0.06903769115883374,-0.5559516156992929,Neutral
2019-07-26,0.2576228075343945,0.43653129570095434,-0.07336123575771336,-0.6132093827817667,Neutral
2019-07-29,0.2085897907986043,0.29371290686589474,-0.10203505026160231,-1.061129576612392,Neutral
2019-07-30,0.39969206849031913,0.7803709608052061,-0.08701970495260047,-0.7955178562449887,Neutral
2019-07-31,-0.03998109925090887,-0.32603779853424086,-0.08443039996801605,-0.7268373599744641,Neutral
2019-08-01,0.24765554118897892,0.4203008791251845,0.01723170031496224,0.9476064266625376,Neutral
2019-08-02,0.4382603226375812,0.9029460137705754,-0.038335693877837196,0.06238126626934464,Neutral
2019-08-05,0.30582974975188026,0.5526809665182015,-0.025857145813009463,0.31021388798972344,Neutral
2019-08-06,0.3783204748375102,0.7186972794459209,-0.008840006164783532,0.6912652599597038,Neutral
2019-08-07,0.34206732190742617,0.6026133742181439,-0.05187791163968547,-0.10041110124604591,Neutral
2019-08-08,0.5451938120118278,1.0888571975445809,-0.013742269181306277,0.6363719341320465,Neutral
2019-08-09,0.67983922824736,1.3810125803229631,-0.030807203812773132,0.3537773614281766,Neutral
2019-08-12,0.3309572284500435,0.48132973508729227,-0.1321825928842877,-1.5807359336253315,Neutral
2019-08-13,0.4110015061321217,0.6702907084802916,-0.07715979725900479,-0.5054454270811772,Neutral
2019-08-14,0.33121816434986595,0.47177092472308,-0.11226860104823744,-1.1620513899817062,Neutral
2019-08-15,0.31497027283518975,0.4248795734895779,-0.13177229304509708,-1.5024675457414554,Neutral
2019-08-16,0.15327760760279574,0.021555914090474027,-0.07366454351023854,-0.4129142854205605,Neutral
2019-08-19,0.47006290730307576,0.8136110571137041,-0.072644463050211,-0.3910755078097579,Neutral
2019-08-20,0.6220356654656971,1.166184362774379,-0.015931445905081665,0.6838379146431277,Neutral
2019-08-21,0.40826043028954295,0.6188275851917995,0.03999795160842923,1.7361391502524495,Neutral
2019-08-22,0.12109935429174978,-0.08339725703800434,-0.0024305219901097352,0.9276035398746996,Neutral
2019-08-23,0.046890813086093,-0.2548907493669604,0.030719885293600147,1.495682366171494,Neutral
2019-08-26,0.12716690894700466,-0.04166348768110008,-0.015431313141430536,0.660382840726817,Neutral
2019-08-27,0.1642010179335962,0.05476901637414464,0.08773885686173677,2.4923225822436477,Neutral
2019-08-28,0.3836456786409075,0.5876451371765017,0.03259757357921589,1.4961254259128287,Neutral
2019-08-29,0.4981812903280689,0.8469676007200833,0.07050613805451778,2.1433423045393867,Neutral
2019-08-30,0.6349903345262504,1.1481977218359174,0.0906198938185434,2.4040327664761505,Neutral
2019-09-02,0.6308829978661628,1.1004038370932259,0.07978634098842075,2.1722363056748066,Neutral
2019-09-03,0.2944790492586771,0.2527164906894803,0.02231294794969063,1.1927072985433869,Neutral
2019-09-04,0.23174174470351616,0.07052505397122429,0.009218230661601101,0.9774597053216908,Neutral
2019-09-05,0.4121962295309247,0.5028916501916739,-0.0881556578191185,-0.6655211421704197,Neutral
2019-09-06,0.3610757408076335,0.34368336637984215,-0.059530681975370925,-0.18548210614063163,Neutral
2019-09-09,0.422288701824856,0.48368789341307594,-0.03073515288104356,0.2867471066824471,Neutral
2019-09-10,0.3202597806464942,0.18436868347097993,-0.019353907311774332,0.46214813869601357,Neutral
2019-09-11,0.10130741632746165,-0.4514337811939782,-0.1443409532093023,-1.6352626634618674,Neutral
2019-09-12,0.07659096122885067,-0.5695003164027804,-0.1642309335479415,-1.907120867209053,Neutral
2019-09-13,0.13236785940790252,-0.4557012279075447,-0.1572534669239618,-1.781362936166144,Neutral
2019-09-16,0.00913709471759283,-0.8704674908145196,-0.11037624804789181,-1.005176443608416,Neutral
2019-09-17,-0.02448288733494408,-0.9872447613950455,-0.0694160848971932,-0.3400059435734434,Neutral
2019-09-18,-0.17424891982069646,-1.4615561049161059,-0.060556763029235405,-0.21853347676272655,Neutral
2019-09-19,0.05097969638212607,-0.7950730577223984,-0.019174213579867594,0.44044224577809515,Neutral
2019-09-20,0.0012998949717566433,-0.9897874154210449,-0.062485363219688006,-0.29564182132224537,Neutral
2019-09-23,0.27479626122129197,-0.12173561462509508,-0.024325676128064133,0.3293431616490833,Neutral
2019-09-24,0.5436018085987007,0.7907977454102986,0.0011361140188863583,0.734418417103579,Neutral
2019-09-25,0.47025663904812465,0.4996270876385091,0.01254604843352669,0.8991484994651563,Neutral
2019-09-26,0.23001313553897873,-0.40297651536957335,0.000710244232857038,0.6818400320935493,Neutral
2019-09-27,-0.15827219650594682,-1.797565394204736,0.08234823855561357,1.9604448307830122,Adelantar_compra_trigo
2019-09-30,-0.3747205301441321,-2.495955423975852,0.08136584151831117,1.851353171880607,Adelantar_compra_trigo
2019-10-01,-0.5404870117124867,-2.8805149187753027,0.013607291546016143,0.7424723330112092,Adelantar_compra_trigo
2019-10-02,-0.24946775911277808,-1.8386583512471255,0.018592471803307253,0.7972094992182037,Adelantar_compra_trigo
2019-10-03,-0.19295163724566677,-1.6141805640550715,0.04743880300388903,1.2160025099931782,Adelantar_compra_trigo
2019-10-04,-0.09559213467511363,-1.263820307344966,0.0048970313246814445,0.5287705247547899,Neutral
2019-10-07,-0.4404474985925071,-2.2105577881234764,0.05137701147374929,1.2176196457454858,Adelantar_compra_trigo
2019-10-08,-0.5688929714698014,-2.4476077968249665,0.053212820998918,1.2040241672018477,Adelantar_compra_trigo
2019-10-09,-0.35670294305861816,-1.7563913752376317,-0.07259465067424808,-0.7371097049813614,Adelantar_compra_trigo
2019-10-10,-0.2604274702530347,-1.4320071348946724,-0.04465512243041947,-0.3066981714245402,Neutral
2019-10-11,-0.24602598610502113,-1.3694607785335149,-0.05752383164364949,-0.4864992039933118,Neutral
2019-10-14,-0.11427349117727381,-0.956007101228696,-0.023268485464697397,0.05828691944326672,Neutral
2019-10-15,0.19778724827791994,0.05251612621875539,0.017885996833720386,0.6990963752785576,Neutral
2019-10-16,0.14339608469255083,-0.1007572387266574,0.017771653643434915,0.6787552502533482,Neutral
2019-10-17,0.14741277373813944,-0.0658114638937982,0.09067014520406103,1.735096794564743,Neutral
2019-10-18,0.17372196522611105,0.026058821193506013,0.05095743932701424,1.091828793011994,Neutral
2019-10-21,0.6179973976035251,1.4505379938181557,0.06354845022178468,1.2407394281164512,Neutral
2019-10-22,0.15093179816015567,-0.057642236209364914,0.07798924004817254,1.4069865601440592,Neutral
2019-10-23,0.2662390710562823,0.304008370952083,0.046231248586936724,0.8982605664396289,Neutral
2019-10-24,0.22092043608221523,0.1567209386970355,0.0668635171286518,1.1847050072215355,Neutral
2019-10-25,0.30634858196664005,0.446677677322501,0.020438235942235705,0.4764882568624991,Neutral
2019-10-28,0.15723129603392483,-0.037344121031477426,-0.009519110888228877,0.025383119099211173,Neutral
2019-10-29,0.13964655782632818,-0.08266564713440545,-0.07180964731768746,-0.8828881872993538,Neutral
2019-10-30,0.26194313824221904,0.3284106782460683,-0.05020621006085113,-0.5630951881717275,Neutral
2019-10-31,0.8486212832352029,2.1976555890676406,-0.03217051577645713,-0.29082546827462763,Retrasar_compra_trigo
2019-11-01,0.9180175146839966,2.3476306959478794,0.026174045599924867,0.5586763000421657,Retrasar_compra_trigo
2019-11-04,0.6381867027821713,1.4279864752599596,0.04978506781164649,0.8817499215285223,Neutral
2019-11-05,0.4850549970243261,0.9465678507908486,0.015924063336869798,0.349512307357101,Neutral
2019-11-06,0.3474462817893942,0.520478032118504,-0.05290007092274984,-0.7272805664613814,Neutral
2019-11-07,-0.011765689698632897,-0.5710086320761386,-0.02813969489849888,-0.38220020931502613,Neutral
2019-11-08,-0.05854546173071462,-0.7013956811864442,0.027541964603700064,0.4875962457306418,Neutral
2019-11-11,0.08664983762070833,-0.2375938077569279,0.050863394882777246,0.8357059676744166,Neutral
2019-11-12,-0.1366085106524073,-0.8982332129473287,0.08743597202398168,1.3796990844411103,Neutral
2019-11-13,0.07205302348804743,-0.22990550623217212,0.05070321915899112,0.7877450572391717,Neutral
2019-11-14,0.16147983519462983,0.04885499963859577,0.008924149749846455,0.11787836508884128,Neutral
2019-11-15,0.019171006044406802,-0.3964653104279226,-0.033292308549746075,-0.5385113551096262,Neutral
2019-11-18,0.0016642035998319926,-0.44411317072476136,-0.03490308266085007,-0.5578344539891141,Neutral
2019-11-19,0.3028413662049072,0.49152987988761343,-0.0364624492432819,-0.557651541528681,Neutral
2019-11-20,0.41700289325167006,0.8456534370899067,-0.02080612620024347,-0.2910699598928469,Neutral
2019-11-21,0.3760072488781798,0.7282815350620159,-0.02064156529917094,-0.26692689399445496,Neutral
2019-11-22,0.2957455382109657,0.5032207650907415,-0.02539073684056259,-0.31945464607833973,Neutral
2019-11-25,0.28391988594872064,0.4935402838261475,-0.058448935628505394,-0.8431961538924542,Neutral
2019-11-26,0.16332928078764652,0.10717988550583316,-0.0010793792326144747,0.1335110394832819,Neutral
2019-11-27,-0.2168341315210469,-1.1018474020930429,0.003682906015134435,0.21584692739217912,Neutral
2019-11-28,0.17837143508609454,0.19317979233205837,-0.006439452712219573,0.021534159134956536,Neutral
2019-11-29,0.19522246934768717,0.2584701162761878,-0.04012696675663374,-0.5664033237596852,Neutral
2019-12-02,0.2555561261685355,0.46873819251508664,-0.09367327379831747,-1.4491642439079562,Neutral
2019-12-03,0.2227940936365993,0.36692749051314316,-0.011265453180227203,-0.05074385283404336,Neutral
2019-12-04,0.07108489211792701,-0.1339894943361428,0.011487056703724852,0.306167367981538,Neutral
2019-12-05,0.03965013056676003,-0.23599080279020027,-0.06773124880123826,-1.2068920085783235,Neutral
2019-12-06,-0.23362631957741087,-1.108793839967136,-0.01992124710451071,-0.37148067607006563,Neutral
2019-12-09,0.20895523666150861,0.33022225180404874,0.026975854097038843,0.5654452179318368,Neutral
2019-12-10,-0.030570516770207057,-0.4540230841951914,0.02223647520727634,0.4393988065740833,Neutral
2019-12-11,-0.19683586500339612,-0.9961658463154907,0.09371529878445672,1.9068195843968343,Neutral
2019-12-12,-0.2394289277555739,-1.1080875979279745,0.07433803695393015,1.4358945064419284,Neutral
2019-12-13,0.02269318591864966,-0.2606970049624852,-0.0178617229401985,-0.529951262561444,Neutral
2019-12-16,0.03206891106953069,-0.21772174840214628,0.0018821400684956302,-0.11723975282359081,Neutral
2019-12-17,-0.17872190956184664,-0.8729891333575346,0.0087470633466884,0.02749260512282714,Neutral
2019-12-18,0.07245418978867146,-0.026703883467893933,-0.025246418931428982,-0.6865007881053012,Neutral
2019-12-19,0.2077271546248296,0.425210988562433,0.0037722303192326834,-0.06668525581627786,Neutral
2019-12-20,0.29285075104219427,0.6847332500794706,-0.07583248925226083,-1.7089210088851172,Neutral
2019-12-23,0.40518623234979234,1.0281690536871886,-0.013459974795032803,-0.35218087518330243,Neutral
2019-12-24,0.847335781394424,2.416147256190658,-0.053971550503343124,-1.1975419886645973,Retrasar_compra_trigo
2019-12-25,1.2198382048432634,3.2747532274968005,-0.08926915777426814,-1.8639522808897286,Retrasar_compra_trigo
2019-12-26,0.9202330471355742,2.2231499329947546,-0.07927645417333506,-1.5887788591649687,Retrasar_compra_trigo
2019-12-27,1.1662324882996602,2.71183278657703,-0.047168701290369874,-0.9013990046242314,Retrasar_compra_trigo
2019-12-30,1.1114679983958178,2.4232435351354558,-0.033300298158126074,-0.5925862766099655,Retrasar_compra_trigo
2019-12-31,1.0850245188529932,2.263366999294128,-0.06416098896823375,-1.19043917144147,Retrasar_compra_trigo
2020-01-01,0.6010909306181622,0.9364251234993218,-0.07717709109738258,-1.4547536681863107,Neutral
2020-01-02,0.5017425518001497,0.6401165170185924,-0.11467643446472398,-2.127967481933978,Neutral
2020-01-03,0.292133412821884,0.037230487084888846,-0.09851278981489431,-1.7588681468779772,Neutral
2020-01-06,0.42619395280874706,0.3923624720049294,-0.0289153518283094,-0.39643246538923543,Neutral
2020-01-07,0.5966951268172833,0.8523210495026957,-0.02321742327288212,-0.27220733433621336,Neutral
2020-01-08,0.1327922668819017,-0.45567631241578654,0.01639752050576715,0.5034707070746651,Neutral
2020-01-09,0.12322528462104554,-0.4812711436551736,0.07832084074162471,1.7324792657964063,Neutral
2020-01-10,0.3299958395494391,0.0943087983947591,0.024984728066014705,0.6949387610346573,Neutral
2020-01-13,0.2635241240502486,-0.07710643281784461,0.002529844218524868,0.2736028957223019,Neutral
2020-01-14,0.38126946678237683,0.2467530264617768,0.10166753198969203,2.2360799389821198,Neutral
2020-01-15,0.4130247542944403,0.32980953440752947,0.14566985722168546,2.882526047712892,Neutral
2020-01-16,0.43910002758615985,0.3931979135465577,0.022515069273319144,0.6087546378439176,Neutral
2020-01-17,0.34189462608062726,0.11557422517106786,0.03201843583732189,0.7828814855266444,Neutral
2020-01-20,0.08214376107225085,-0.6169809285109645,0.023991603681357887,0.6188556978188521,Neutral
2020-01-21,-0.11783603226298656,-1.1597799072828412,0.054733018700648506,1.1578458548518327,Neutral
2020-01-22,0.03207514592285676,-0.725277745295031,0.002844724311417579,0.16592983329942768,Neutral
2020-01-23,0.041721252140291654,-0.6723664759203185,-0.03917916639931662,-0.6260777461674384,Neutral
2020-01-24,0.021456017532858418,-0.7049023880906063,-0.058349678563484275,-0.9571103593891708,Neutral
2020-01-27,-0.04707263823017094,-0.8745482841903978,-0.07354050122197364,-1.2011023037177004,Neutral
2020-01-28,-0.08599361052230403,-0.956763215106541,-0.018985400888252624,-0.16716055211087424,Neutral
2020-01-29,0.12262042260447625,-0.33813058620409275,-0.06987610492399265,-1.1123072373169096,Neutral
2020-01-30,0.05593168527912873,-0.5367703322202645,-0.08370965180755108,-1.333934088060436,Neutral
2020-01-31,-0.17730630641064504,-1.2043496295703597,-0.1419623820384046,-2.25903022960375,Neutral
2020-02-03,-0.01706583878377277,-0.7323240065560761,-0.06537587502583286,-0.8756763572907494,Neutral
2020-02-04,-0.042010104362828926,-0.8125897106338741,0.008150730482214374,0.4663021342668795,Neutral
2020-02-05,-0.0216443482232771,-0.7467771160623129,-0.009205159217698489,0.1698041491337641,Neutral
2020-02-06,0.2854150395159749,0.13672639398759293,-0.023497521006651922,-0.08488102557402927,Neutral
2020-02-07,0.2567904013847908,0.04246222471528215,-0.0004571410942149079,0.3321718646139111,Neutral
2020-02-10,0.2897731708572877,0.12490778855650772,0.06492937663065446,1.4857237523687579,Neutral
2020-02-11,0.047112186102594045,-0.5696029224095569,0.06413999892510835,1.417261594838644,Neutral
2020-02-12,0.011750491842459354,-0.6519570951493374,0.011417171293078399,0.4630505822726151,Neutral
2020-02-13,0.12997832373710771,-0.2964676792653887,-0.0664022903430479,-0.9074893979450585,Neutral
2020-02-14,-0.15189109532546397,-1.0840682721646375,-0.10503727036972843,-1.537589228141643,Neutral
2020-02-17,-0.08968296773247086,-0.8811856440302981,-0.08355735484391946,-1.148937524565557,Neutral
2020-02-18,-0.0521664986664474,-0.7598771870464722,-0.09950319869655555,-1.3738995486740255,Neutral
2020-02-19,-0.029304894738831244,-0.7098959015949554,-0.06989365540408787,-0.8457480898966232,Neutral
2020-02-20,0.17206577752398378,-0.13088711863307873,-0.07853891243690025,-0.9642121460174189,Neutral
2020-02-21,0.22370532120813102,0.016146116039785857,-0.1076594769162651,-1.410381765105886,Neutral
2020-02-24,0.49025537099168215,0.7670743575335901,-0.1324758468811882,-1.7806079577845189,Neutral
2020-02-25,0.24823217260880437,0.0737985519582739,-0.030654668528664608,-0.12161473583701782,Neutral
2020-02-26,0.25301656151184027,0.07893192844345805,0.014567595777582154,0.6118707825562089,Neutral
2020-02-27,0.24922877230442353,0.05822170272875272,0.09329348275442939,1.8022743297011556,Neutral
2020-02-28,0.032317327029637966,-0.5844491415306559,0.09255828376197806,1.7156639281734378,Neutral
2020-03-02,0.21423642226742334,-0.05590368407342684,0.041332542796824745,0.9182373071160013,Neutral
2020-03-03,0.6546555995306775,1.182703027685363,0.09163328311607932,1.6409231688011054,Neutral
2020-03-04,0.5793083360269442,0.934067962840761,0.058042809202510925,1.1582252669394726,Neutral
2020-03-05,0.6184362872104439,1.0156644363572214,0.04287166003751253,0.9434685401782227,Neutral
2020-03-06,0.5677300849754978,0.8390772267826213,0.023749838353975816,0.6355350386166516,Neutral
2020-03-09,0.3663668149001067,0.2340405821013074,-0.12216639912634064,-1.544469806907004,Neutral
2020-03-10,-0.006405042807854144,-0.8790756267762129,-0.02650490761315072,-0.09448502321979789,Neutral
2020-03-11,-0.12062370751125329,-1.1979301426064217,-0.0010196944600597835,0.2837874585191316,Neutral
2020-03-12,-0.33432326750779673,-1.752742376154273,0.010752804569658325,0.4592206292476786,Adelantar_compra_trigo
2020-03-13,0.009798329538931227,-0.749582004676925,-0.0024787756039699183,0.24279782225531443,Neutral
2020-03-16,-0.0022298807638394536,-0.7616235422435608,-0.0024102707295730053,0.24093660750439938,Neutral
2020-03-17,-0.053912377448110504,-0.8809156295393806,-0.0380445622890615,-0.303379924170101,Neutral
2020-03-18,0.12266580775301161,-0.3412830790667874,-0.0015302827346366232,0.23071798113763847,Neutral
2020-03-19,-0.08373346876639776,-0.9612839426142696,-0.06525205058690409,-0.7515358193948818,Neutral
2020-03-20,-0.19766818273276776,-1.3468264580754035,-0.04624399289116443,-0.459676665236186,Neutral
2020-03-23,-0.15327709458143435,-1.2168131055718399,-0.013372014544657418,0.04052955781785492,Neutral
2020-03-24,0.05700367398140127,-0.40908156953117236,-0.023896011742458256,-0.13225985685001382,Neutral
2020-03-25,0.15287842342232416,0.02345783852228026,-0.007911016542464289,0.0976519808241337,Neutral
2020-03-26,0.19061292644047256,0.21265979940510585,-0.0593913740749763,-0.7306686729094746,Neutral
2020-03-27,0.19263964909587017,0.2296202087631261,-0.09795054281867266,-1.3418266480916683,Neutral
2020-03-30,0.2541878987550277,0.5197622447776246,-0.06721815717933421,-0.8401366322970814,Neutral
2020-03-31,0.27183020359748333,0.6441605587921942,-0.024607589022906495,-0.1684802343196612,Neutral
2020-04-01,0.05708522570615848,-0.3411444257732748,-0.11273790986857213,-1.4961626441867701,Neutral
2020-04-02,0.06832257006452469,-0.2848970876877164,-0.069361381288078,-0.7972293773458248,Neutral
2020-04-03,-0.12136727871522268,-1.12052675612217,-0.08864106828498697,-1.0636790275820054,Neutral
2020-04-06,-0.08308179660755588,-0.914822285770358,-0.08451228154395873,-0.9698075051815646,Neutral
2020-04-07,-0.14785829841202247,-1.1718293530963468,-0.13632037101534045,-1.7213800163445538,Neutral
2020-04-08,0.3473601825670354,1.1082232150161873,-0.15095139538077595,-1.9338730728999902,Neutral
2020-04-09,0.3074460397182941,0.9464426706989681,-0.08278764340598377,-0.8092592642176177,Neutral
2020-04-10,0.01873124215850286,-0.37991023904287075,-0.07091909267672247,-0.5942600809135979,Neutral
2020-04-13,0.0022184465340959747,-0.4506912066921505,-0.08057581925719548,-0.7248266555156749,Neutral
2020-04-14,0.10741009419636516,0.0268110248608702,-0.07845924971391205,-0.6644070320929032,Neutral
2020-04-15,0.42503246405925044,1.4764585850382286,-0.04995861188292716,-0.18002648440930963,Neutral
2020-04-16,0.26859002208571336,0.7268182055454193,-0.030268995315037683,0.14374598468056685,Neutral
2020-04-17,-0.04676154961512147,-0.7302284858271746,-0.03859651945762277,0.0003287772839317856,Neutral
2020-04-20,0.11861710094140854,0.02279038293796501,0.008251978315177766,0.7530450046814344,Neutral
2020-04-21,-0.1360962185579524,-1.1533713050723362,0.04525185167578205,1.328028041042603,Neutral
2020-04-22,-0.18727286064270743,-1.3450646526105166,0.04475805905251984,1.273981703172774,Neutral
2020-04-23,-0.2002394020049838,-1.363024045292632,0.022934740488552707,0.8922779607512721,Neutral
2020-04-24,-0.17975376949223243,-1.2705970641440478,0.03739612001955139,1.095474005775293,Neutral
2020-04-27,-0.02539904339582577,-0.577150562483608,0.031202151008743018,0.9627991002728051,Neutral
2020-04-28,-0.13490695794078889,-1.0550510507921986,0.06185440329581038,1.4262340221727432,Neutral
2020-04-29,-0.15737519813864598,-1.1353159861201507,0.07710119911511537,1.6116968473605222,Neutral
2020-04-30,-0.1315507673383456,-0.9878455319689484,-0.002273577543590033,0.35965173384505417,Neutral
2020-05-01,-0.07954596677617687,-0.7337612968931956,-0.06536249211949574,-0.6115296253557696,Neutral
2020-05-04,-0.04259036106979508,-0.5488051213428206,-0.0946139731776301,-1.0365435954056297,Neutral
2020-05-05,0.05215887094496363,-0.1296825641876309,-0.04106375776338034,-0.1666465900288022,Neutral
2020-05-06,0.21491234559182182,0.5747835036088336,-0.12084164925650032,-1.3958985772152905,Neutral
2020-05-07,0.2748170897589839,0.8242357437100123,-0.08741684396717053,-0.856382788551594,Neutral
2020-05-08,0.3398588126046356,1.0735776008490285,-0.06369547259818065,-0.49668913285312843,Neutral
2020-05-11,0.009071669678731631,-0.38832794256801956,-0.0037446171370569825,0.4404870092753446,Neutral
2020-05-12,0.027244594086260676,-0.3149000873824578,-0.00626117783639657,0.37873006419109134,Neutral
2020-05-13,0.12356538560687547,0.10028732633076204,-0.08078554372740476,-0.8215423772307614,Neutral
2020-05-14,0.25815226200251207,0.6887858224039097,-0.1200619446183886,-1.426122233304272,Neutral
2020-05-15,0.10531460054528008,0.021688502610675887,-0.1553272064376494,-1.9358460194311842,Neutral
2020-05-18,-0.019246076334036744,-0.5049508828440019,-0.15572538955194082,-1.9154099469002452,Neutral
2020-05-19,-0.11132922125017064,-0.893664977184394,-0.14059824048542668,-1.615782734184988,Neutral
2020-05-20,0.009622097693660514,-0.3286726887051748,-0.17056365801257534,-1.9623030959477374,Neutral
2020-05-21,0.21352534893581776,0.602623506499735,-0.07760632140324919,-0.5750066253201818,Neutral
2020-05-22,0.12034192348167227,0.17132418686295026,-0.13194652605292712,-1.364513467687448,Neutral
2020-05-25,0.29043710334178385,0.9365730583707959,-0.051283001389927696,-0.10135171325196511,Neutral
2020-05-26,0.2889854712488953,1.0092958548568058,0.0077752419074585966,0.8717046059028613,Neutral
2020-05-27,0.2395207818851457,0.8375598555251924,0.03709947549978443,1.3629423323200778,Neutral
2020-05-28,0.1805804065203267,0.6182729529181212,-0.01916714105316064,0.4706838272162908,Neutral
2020-05-29,0.3129008461135925,1.4162622823623119,-0.009006095274886494,0.6536318460559045,Neutral
2020-06-01,0.3483253286389081,1.6215457246287934,-0.07956846231549841,-0.5433224427507835,Retrasar_compra_trigo
2020-06-02,0.7794751977535102,3.528146565311131,-0.03147762382430219,0.27064005673107305,Retrasar_compra_trigo
2020-06-03,0.514192205098972,2.0844003966125846,-0.04010475444859862,0.1365452873259167,Retrasar_compra_trigo
2020-06-04,0.5643087222816137,2.2360542105690473,-0.0648106068295069,-0.26392266642440115,Retrasar_compra_trigo
2020-06-05,0.39951212906449385,1.3912163127897572,-0.1185875257994009,-1.1451417999311304,Neutral
2020-06-08,0.19289305203001295,0.39825157520662047,-0.209586068021552,-2.5043370415286113,Neutral
2020-06-09,0.17750092782806526,0.3083980637332421,-0.21550491235473235,-2.4213785910065853,Neutral
2020-06-10,0.19287627014270914,0.3755318812233782,-0.12942516092899403,-1.0638343584587098,Neutral
2020-06-11,0.7695697420696597,2.8488694891625164,-0.13069632581537616,-1.056348753325542,Retrasar_compra_trigo
2020-06-12,0.6434502970313982,2.173506112054599,-0.12375386822611034,-0.9251012621645013,Retrasar_compra_trigo
2020-06-15,0.34398330697785795,0.84616882947111,-0.08177732360407863,-0.2775642035235335,Neutral
2020-06-16,0.3668881941131348,0.9182853320581488,0.008599629287668886,1.0719227538307194,Neutral
2020-06-17,-0.058634106055250435,-0.9087357151264223,0.05499003736153063,1.7170589365726048,Neutral
2020-06-18,-0.05805523180815264,-0.8825865328689102,-0.022860165768230356,0.5621270015157226,Neutral
2020-06-19,-0.03838027317522119,-0.7779187097617467,-0.12470342144905122,-0.9199706937627515,Neutral
2020-06-22,0.12305766289392128,-0.08024062030635064,-0.004202376238321204,0.818098185577466,Neutral
2020-06-23,0.3055539782607548,0.6960517725198611,0.0902245421991057,2.082706056069632,Neutral
2020-06-24,0.18153465164470717,0.15825699139928925,0.0627559613017652,1.6273700634892247,Neutral
2020-06-25,0.14125369327652848,-0.018957170666837733,-0.02881159281079504,0.36045197377663935,Neutral
2020-06-26,-0.008583210914092199,-0.672388858885921,0.008420731597741593,0.8453863178130566,Neutral
2020-06-29,-0.201178305202383,-1.4774781396728718,-0.015642700859434644,0.5006871053155663,Neutral
2020-06-30,-0.11251911148804616,-1.1055719277695712,-0.03086138791736115,0.27185549913843,Neutral
2020-07-01,-0.31405373130605163,-1.872744378297212,0.003522767718986186,0.7196691201888922,Adelantar_compra_trigo
2020-07-02,-0.33955369427169924,-1.882484253091442,0.0013319750109435091,0.6682528506276033,Adelantar_compra_trigo
2020-07-03,-0.4586794342883298,-2.234440755665375,-0.0673059210226572,-0.2899174280503812,Adelantar_compra_trigo
2020-07-06,-0.303098429198716,-1.5779439378545301,-0.08223413073863761,-0.4976879164348007,Adelantar_compra_trigo
2020-07-07,0.06659188471811373,-0.16773505742201647,-0.04553151194237981,0.00657888718037166,Neutral
2020-07-08,-0.1675891394790998,-1.0249937672748068,-0.02759694418773817,0.25181116609256765,Neutral
2020-07-09,-0.4553216664860287,-2.011248750373853,-0.023530905245067624,0.30689394331731457,Adelantar_compra_trigo
2020-07-10,-0.41400615512607697,-1.788428288898188,0.013396965096132973,0.8057666683180347,Adelantar_compra_trigo
2020-07-13,-0.35463593592896636,-1.5155146699497264,-0.02197705442950393,0.32294543916919,Adelantar_compra_trigo
2020-07-14,-0.26745012394608203,-1.1909705296714344,-0.02261328066445878,0.3341240002880901,Neutral
2020-07-15,-0.30435648719223085,-1.3033893292068504,-0.18198643358894606,-1.8335312849452292,Neutral
2020-07-16,-0.29309544363199613,-1.2513513711014432,-0.17070885428014093,-1.6094277651009523,Neutral
2020-07-17,-0.18481628188144317,-0.8766551918600245,-0.11067478306975254,-0.759144962235485,Neutral
2020-07-20,0.03454212220369168,-0.12236390297143739,-0.11492220273910725,-0.7898664832783678,Neutral
2020-07-21,-0.3066138066963573,-1.2792127266812157,-0.12132498344902154,-0.8520299417901751,Neutral
2020-07-22,-0.3245493770768091,-1.317723461691433,-0.14838362166715435,-1.2082937624662466,Neutral
2020-07-23,-0.24081431015315058,-1.02236937928124,-0.08070860799635748,-0.21003062480761156,Neutral
2020-07-24,-0.360187806798673,-1.3881641793245783,-0.04897168716061184,0.2489150201512218,Neutral
2020-07-27,-0.003437275635711501,-0.20562359641477532,-0.016811098497497845,0.6971112388980935,Neutral
2020-07-28,-0.10758689512050612,-0.5415087293240964,-0.10433116146406007,-0.5594609180597823,Neutral
2020-07-29,-0.0922598198315594,-0.4739532449676569,-0.09568753400653396,-0.44174789122048913,Neutral
2020-07-30,0.029564333505048168,-0.05666263509083504,-0.09918962052593105,-0.4893544333561372,Neutral
2020-07-31,-0.07110793608972266,-0.37192352726296307,-0.10106687805210757,-0.5064956472033411,Neutral
2020-08-03,-0.37310165061664335,-1.342759027226934,-0.11446098088095802,-0.6764024489921757,Neutral
2020-08-04,-0.3926413557850319,-1.3618909033803286,-0.11081167559589211,-0.6001806464411891,Neutral
2020-08-05,-0.16104784657915694,-0.5924158528073308,-0.06016932998258229,0.13566744221298194,Neutral
2020-08-06,-0.19156078177078673,-0.6678970070986489,-0.1470387004642948,-1.121690294686699,Neutral
2020-08-07,-0.3065184777835448,-1.0106705467406871,-0.03696399574649534,0.45537168243290566,Neutral
2020-08-10,-0.0989515830958485,-0.33749253937826934,-0.01689558856229545,0.7237937851963495,Neutral
2020-08-11,-0.1362352317788309,-0.455881693521687,-0.030469230064807284,0.499131941600419,Neutral
2020-08-12,-0.2003662764078502,-0.6485269232947628,0.008395413738017332,1.0505030904946866,Neutral
2020-08-13,-0.1409244172718198,-0.4401197472121002,-0.07264158877254423,-0.18130836397866254,Neutral
2020-08-14,0.025156896028757814,0.09855752161836295,-0.09667265661356694,-0.5594130463784401,Neutral
2020-08-17,0.49254714442484016,1.569098251103132,-0.0885453024877132,-0.42494143111981775,Retrasar_compra_trigo
2020-08-18,0.6097659656899275,1.8783939850690028,-0.011221697916564466,0.7649265962902603,Retrasar_compra_trigo
2020-08-19,0.7857031109018919,2.294429969839808,-0.02367134523470682,0.5993879745690865,Retrasar_compra_trigo
2020-08-20,0.5896600835022232,1.6556736053846148,-0.0026426983404044257,0.9201630067341686,Retrasar_compra_trigo
2020-08-21,0.3229734163889342,0.880860881712043,-0.04103148433209691,0.3328879242465727,Neutral
2020-08-24,0.305345888142484,0.8333784970621575,-0.019756677945679924,0.6479419075738325,Neutral
2020-08-25,0.29870783030682624,0.8693458976820017,0.06045923407568243,1.8232245961813782,Neutral
2020-08-26,0.0687342855306623,0.20183648851686065,0.08641614956790744,2.101599952126514,Neutral
2020-08-27,0.03839716886636779,0.13903522222923004,0.047025176034460436,1.4718094856657415,Neutral
2020-08-28,0.11791875024868848,0.4103961092827941,0.05633346213565438,1.5416937806993372,Neutral
2020-08-31,0.18204739269218528,0.6164710987735588,0.06114227722609278,1.5802954273862138,Neutral
2020-09-01,0.26640499890767355,0.8787040763620191,0.05785215137340427,1.5156863509646081,Neutral
2020-09-02,0.300551686818066,0.9773124561100655,0.08396578167780144,1.8237795932203777,Neutral
2020-09-03,0.17682337062918396,0.6484797379121078,0.10688336545624533,2.0555025671573013,Neutral
2020-09-04,0.06978970643743754,0.3366501950707807,0.062385053264853996,1.368643403134492,Neutral
2020-09-07,-0.1454205444517127,-0.39138028022141325,0.06632040055194399,1.3726215222233653,Neutral
2020-09-08,0.21043469437891726,0.8864494467066192,0.019746039561656215,0.710233203415232,Neutral
2020-09-09,0.19792930195366232,0.8216455079642725,-0.04080182846676217,-0.12347448480983365,Neutral
2020-09-10,0.14170975450721102,0.6079835030883559,-0.05643301886808483,-0.33864114025581776,Neutral
2020-09-11,-0.0368611133065091,-0.025124203967678685,-0.05217447769553685,-0.29933979944942285,Neutral
2020-09-14,0.5443229399972971,1.948298030323153,-0.12090942785083847,-1.2515415680207451,Retrasar_compra_trigo
2020-09-15,0.2743005784178649,1.0243799345346891,-0.06279364595210568,-0.39357493053731524,Neutral
2020-09-16,0.1691304552105457,0.6633786593244805,-0.17735976784659124,-1.9849274118422973,Neutral
2020-09-17,0.23857602445846826,0.8932645759491141,-0.020272916089467907,0.2830834113211838,Neutral
2020-09-18,0.3374378149252548,1.197512416636199,0.051589743055190596,1.297063616796657,Neutral
2020-09-21,0.49751841965146326,1.664846537425418,0.01812310528709027,0.8068636551395565,Retrasar_compra_trigo
2020-09-22,0.8219550099151007,2.538327577470151,0.0052879607907898585,0.6137395147106796,Retrasar_compra_trigo
2020-09-23,0.8360175958307741,2.4139766612999263,0.009847895750794589,0.6762670057353249,Retrasar_compra_trigo
2020-09-24,0.5219077327310702,1.4199145822969497,-0.02864839468109026,0.13822884041187988,Neutral
2020-09-25,0.4150692019069071,1.0691100186451472,-0.019911154581286672,0.25134794428956914,Neutral
2020-09-28,0.43673272697923693,1.0969714997723168,-0.032830750415903776,0.05614771308261384,Neutral
2020-09-29,0.8264284836899733,2.139748766706347,-0.033958646868109454,0.03730880689086817,Retrasar_compra_trigo
2020-09-30,0.44021232578379,0.9931258796794002,-0.02623638614104018,0.14716534151017516,Neutral
2020-10-01,0.6436482085162147,1.5268641305609414,-0.08411421242933037,-0.6619168652351041,Retrasar_compra_trigo
2020-10-02,0.6120608026917411,1.39130498563979,-0.06721459725329115,-0.4037948961394094,Neutral
2020-10-05,0.7219457718458102,1.6453451186943462,-0.04764754971376117,-0.11865296298946804,Retrasar_compra_trigo
2020-10-06,0.6196950311418457,1.3066208887187898,-0.03750206090935837,0.02966233763827896,Neutral
2020-10-07,0.3803520209279414,0.5974258728273355,-0.044838367058289474,-0.11173810467328803,Neutral
2020-10-08,0.4948860902569203,0.8988909523290439,0.012436111234465086,0.7127161942884326,Neutral
2020-10-09,0.5776084168893725,1.1029597067869479,-0.012078459173726852,0.31678573650523256,Neutral
2020-10-12,0.7180343653905243,1.4552599822243664,-0.0035125262213298036,0.4256706059618719,Neutral
2020-10-13,0.6350294477101723,1.180442554597968,0.054604164546221856,1.2922192882708052,Neutral
2020-10-14,0.4426786270830805,0.5986742801714926,0.030191421338787716,0.8846125937799788,Neutral
2020-10-15,0.0962800060405904,-0.4461551192862281,0.02911808446454378,0.8386872975394736,Neutral
2020-10-16,0.25087766102280007,-0.013990667980058238,0.007393129147954536,0.47378598580323944,Neutral
2020-10-19,0.31318636359840113,0.16275516269316403,0.0607718672271933,1.2926021055908434,Neutral
2020-10-20,0.10046064646879138,-0.5121656995236632,0.029338181864298596,0.7668299406977349,Neutral
2020-10-21,-0.0012457037414366212,-0.8390809320633462,0.07391213631858973,1.4288707778536895,Neutral
2020-10-22,-0.07604809898762355,-1.063288998301594,0.045525060280727336,0.9451542670968637,Neutral
2020-10-23,-0.31874062676196413,-1.7764305853453088,-0.008630053854693731,0.05122329405381548,Adelantar_compra_trigo
2020-10-26,-0.4103701987732098,-2.047953494766292,0.02053139177179819,0.5024712591162454,Adelantar_compra_trigo
2020-10-27,-0.543227650199543,-2.4053199458037087,-0.0015102283773800185,0.10602559593986632,Adelantar_compra_trigo
2020-10-28,-0.5404864794719195,-2.2986562163423625,0.025702786328331895,0.5506608219198873,Adelantar_compra_trigo
2020-10-29,-0.5897283650719904,-2.338950675560784,-0.10593477682748809,-1.773766354997557,Adelantar_compra_trigo
2020-10-30,-0.7716267198031601,-2.7001158313046054,-0.0894889855301313,-1.4448205409177837,Adelantar_compra_trigo
2020-11-02,-0.3477891040257397,-1.532118023873608,-0.0909010252984106,-1.422846359845966,Adelantar_compra_trigo
2020-11-03,-0.07692621320131998,-0.8206705097866835,-0.11458339449233779,-1.7574299407817764,Neutral
2020-11-04,-0.19752977004666672,-1.1405348465069305,-0.1172836879602348,-1.722964700739257,Neutral
2020-11-05,-0.11559605194687084,-0.9255244407086166,-0.11887162120077033,-1.7068020490018683,Neutral
2020-11-06,-0.016131685911251026,-0.6590730132445555,-0.093442445566152,-1.3032398912163377,Neutral
2020-11-09,0.22000293841025176,-0.02134760702264419,-0.1323260422385435,-1.8783786614785427,Neutral
2020-11-10,0.04906355403242202,-0.45460236566648204,-0.09067184240806725,-1.1891804654145481,Neutral
2020-11-11,0.26046977079664124,0.13822155267708555,-0.007270308447243856,0.09933165164463527,Neutral
2020-11-12,0.1343942760771668,-0.18750329347318972,0.00945436863640392,0.35517316464630566,Neutral
2020-11-13,-0.11693946173931113,-0.8562262774139932,0.040205060124284264,0.8072014618482668,Neutral
2020-11-16,0.03885447058489877,-0.41612120345348913,0.0812250812749471,1.390419053838087,Neutral
2020-11-17,0.29050090868463574,0.2745141571620538,0.11448045930324025,1.8437244452410266,Neutral
2020-11-18,0.7950506497946259,1.5910402270599497,0.17411834742173915,2.5927228799898505,Retrasar_compra_trigo
2020-11-19,0.45599737189782896,0.6605303390649945,0.10175234181310677,1.5266053535832476,Neutral
2020-11-20,0.552660635925843,0.894370878023194,0.0338546940675335,0.5824839081838397,Neutral
2020-11-23,0.41142893225249555,0.5070808426345608,0.06170786565086028,0.9741595575948357,Neutral
2020-11-24,0.5310776215733792,0.8087422235037557,0.08080118206864051,1.230173957564841,Neutral
2020-11-25,0.18413219357794564,-0.10280501329018225,0.09580722684655152,1.4318680969808555,Neutral
2020-11-26,-0.06436033424071486,-0.7453793693650722,0.16334947832599922,2.3001670029546766,Neutral
2020-11-27,-0.18660503022417085,-1.047057341948172,0.1192845970450529,1.6605869719860633,Neutral
2020-11-30,-0.14079707643350314,-0.9279286161976358,0.10854215504229825,1.4903048239913708,Neutral
2020-12-01,-0.22849268575452442,-1.1251894290449687,0.026886170527771203,0.41061479354139035,Neutral
2020-12-02,-0.07381630544777185,-0.7112044137760273,0.12346931018323937,1.6144568212682175,Neutral
2020-12-03,0.13669597479499274,-0.1700765633255067,0.07537046788054624,0.9611696678150083,Neutral
2020-12-04,0.24602133668036696,0.0990248279060438,0.03709518388601829,0.4503746870972956,Neutral
2020-12-07,0.5504961510300177,0.8833696630376767,0.008779416290605413,0.05848497034608775,Neutral
2020-12-08,0.5766125679208702,0.9308945724845805,-0.021429857874937452,-0.3510782835503287,Neutral
2020-12-09,0.2717519704976903,0.14657131033465978,-0.05163814310898318,-0.8174564179884337,Neutral
2020-12-10,0.5205401307124964,0.7670894167958603,-0.06465528191447922,-0.9812284091837526,Neutral
2020-12-11,0.34403015986944574,0.3175259146505614,-0.11166275868276121,-1.5641933361654936,Neutral
2020-12-14,0.49417754128713476,0.6998624675433877,-0.12291672571136059,-1.6456915778254118,Neutral
2020-12-15,0.7728105908444372,1.4155644380949353,-0.004811965402230278,-0.0789803975837323,Neutral
2020-12-16,0.7828909120624035,1.4486011613499978,0.028506595299847115,0.357887924995576,Neutral
2020-12-17,0.3862994220775864,0.43984736266052343,0.06739065788240906,0.8471387910970857,Neutral
2020-12-18,0.17008122562496375,-0.10586463730416117,0.10551119645595564,1.3031603436679162,Neutral
2020-12-21,0.4191209135401568,0.5368998564189759,0.16581404783167475,1.9773079542201986,Neutral
2020-12-22,0.34449830103973333,0.3729690183791382,0.033539335978569174,0.3014783585417529,Neutral
2020-12-23,0.3281918630793399,0.33575936508063525,-0.034128109328506184,-0.5481529586261784,Neutral
2020-12-24,0.4499800110840573,0.6710463915877187,-0.06353540457168627,-0.9265887592371379,Neutral
2020-12-25,0.5469338870619627,0.934662135212292,-0.07165893425178282,-1.0273156233233078,Neutral
2020-12-28,0.5460634044177395,0.9490421918272804,-0.0665738199318684,-0.9558922610708791,Neutral
2020-12-29,0.4464080381822422,0.6934488479578912,-0.07294753019759526,-1.0224074330394497,Neutral
2020-12-30,0.3390151256821854,0.40427950605162516,-0.04885484523504702,-0.7198913775365835,Neutral
2020-12-31,0.47954786917950365,0.7870662682147257,-0.03880125142423285,-0.581890166025358,Neutral
2021-01-01,0.5439693911350476,0.9651478616314219,-0.06043337628130718,-0.8367440501706418,Neutral
2021-01-04,0.4338324180639406,0.6879148213099664,-0.1450540519826633,-1.8035684497640971,Neutral
2021-01-05,0.6122393294712438,1.1829087553813886,-0.15785377235075848,-1.8627019174784327,Neutral
2021-01-06,0.5193657060483989,0.9200057571219777,-0.14782233603236983,-1.6704882598394106,Neutral
2021-01-07,0.29518035652947905,0.29305166614513495,-0.12633045340803584,-1.3736379966624233,Neutral
2021-01-08,0.12290554198359604,-0.17567842443409862,-0.14881907608794487,-1.5637979454374962,Neutral
2021-01-11,-0.06410569826629509,-0.6716342472335559,-0.14032181316510606,-1.4150419978822006,Neutral
2021-01-12,-0.09660220452267865,-0.7485530134275489,-0.16376590732039942,-1.601227790349965,Neutral
2021-01-13,0.15555817266327132,-0.06620125533878662,-0.13315345350519991,-1.2311276166087877,Neutral
2021-01-14,-0.005325955807570892,-0.5113393725672349,-0.15448358249409777,-1.4028532988202405,Neutral
2021-01-15,0.04058404804469706,-0.4078137929991485,-0.15948833769323012,-1.40457129946637,Neutral
2021-01-18,-0.07555637949867133,-0.7617888987538737,-0.182099781197691,-1.5705330367820975,Neutral
2021-01-19,-0.10371105358876864,-0.8909424610655249,-0.14668758517927238,-1.1757523616224264,Neutral
2021-01-20,-0.3482533571118962,-1.6483807620784046,-0.1527307476669182,-1.19441523285916,Adelantar_compra_trigo
2021-01-21,-0.33616390364152604,-1.6682600604535085,-0.07800067013932033,-0.46337200715205995,Adelantar_compra_trigo
2021-01-22,-0.32126801854711307,-1.7433145336044527,-0.04325060417488702,-0.1277041525068393,Adelantar_compra_trigo
2021-01-25,-0.17936255808721757,-1.310014493350918,-0.03808167982312627,-0.08543897546649072,Neutral
2021-01-26,-0.10848879075682749,-1.072412001947816,-0.06666579458049382,-0.3795678634391705,Neutral
2021-01-27,-0.2985475485433149,-1.6786343721982508,-0.03522381407245234,-0.07948641347179357,Adelantar_compra_trigo
2021-01-28,-0.060374388188108696,-0.9063652205654352,0.0019908479379009414,0.276600256725925,Neutral
2021-01-29,-0.004474218302469524,-0.7241869415811641,0.008930826246764889,0.3306744130672279,Neutral
2021-02-01,0.04347441083759129,-0.5558718635256266,0.08484436527594341,1.06622277127186,Neutral
2021-02-02,0.04681334414722382,-0.5447960049782228,0.08413485636652251,1.024592566991535,Neutral
2021-02-03,-0.04428305410741018,-0.8213566926760387,0.10907362205164906,1.2407465654784502,Neutral
2021-02-04,0.011361165093217274,-0.6319309379343883,0.08495745281396849,0.9795807851888887,Neutral
2021-02-05,0.10893177805802523,-0.33071792066820227,0.09344077008145146,1.0474448205157758,Neutral
2021-02-08,-0.2132124901968977,-1.3520548080760229,0.028007473128139226,0.41466315908573276,Neutral
2021-02-09,-0.2740375013704677,-1.4895739397098662,-0.0036164305038850486,0.12275149213690913,Neutral
2021-02-10,-0.27708574208434644,-1.4617979319987717,0.012725254369272854,0.32386829526957356,Neutral
2021-02-11,-0.19085668241644616,-1.1453666035722003,0.02695559249394841,0.48982922718043476,Neutral
2021-02-12,0.060532374444403736,-0.32035445340194474,0.04250058093252962,0.6506419948979202,Neutral
2021-02-15,-0.07960730592386778,-0.7476065960104881,0.0833068057475399,1.0702265274337222,Neutral
2021-02-16,-0.15023234460515766,-0.9444960210792912,-0.007658304291149998,0.13785362926708106,Neutral
2021-02-17,-0.2141219899325364,-1.11868787753982,-0.055820760982117745,-0.3468931138231898,Neutral
2021-02-18,-0.3196291935199884,-1.424085938512276,-0.03429575330588608,-0.08530142660701952,Neutral
2021-02-19,-0.3334198093049183,-1.446090615276062,-0.06162949853792177,-0.36159103587864727,Neutral
2021-02-22,-0.14922584960673202,-0.8664866476684508,0.11525291349895528,1.6297885130002394,Neutral
2021-02-23,-0.3081724134162416,-1.3545155428658722,0.11075266347859714,1.5365715497334747,Neutral
2021-02-24,-0.1875674033490471,-0.9670773398125446,0.07666911988116953,1.1828308863054577,Neutral
2021-02-25,-0.4522598772709694,-1.7146101243666345,0.027589887293605564,0.6469640167449825,Adelantar_compra_trigo
2021-02-26,-0.4868256182113484,-1.7377499494050788,-0.006494308074928012,0.27110914732522334,Adelantar_compra_trigo
2021-03-01,-0.4760819607518352,-1.6416556560346192,-0.0067594779429271945,0.2713292519987029,Adelantar_compra_trigo
2021-03-02,-0.11790935949578785,-0.5670794829867093,-0.003135924193458761,0.3088143277465654,Neutral
2021-03-03,-0.14416143279261462,-0.6243563083760698,-0.028146923101090904,0.02038457954918637,Neutral
2021-03-04,-0.4966588806340564,-1.6113365408881406,-0.039733609544295945,-0.11610655842529409,Adelantar_compra_trigo
2021-03-05,-0.7527888396557896,-2.227476861481698,0.027386254433517943,0.623605940429094,Adelantar_compra_trigo
2021-03-08,-0.6537674490040803,-1.8621946187288247,0.08528391840699112,1.2415046804976526,Adelantar_compra_trigo
2021-03-09,-0.4694609516697277,-1.321502246619386,0.07008122169065989,1.044625161912789,Neutral
2021-03-10,-0.3435853882854696,-0.9421221180946298,-0.017371529868087654,0.06657801101627563,Neutral
2021-03-11,-0.2658353140777665,-0.683828719585456,0.00957432456803664,0.3854352601430146,Neutral
2021-03-12,-0.016413926788565902,0.07763379539478499,0.0787627256187684,1.1878686710891986,Neutral
2021-03-15,-0.10179184931715834,-0.15695609233455998,0.12912777535964315,1.7989649779673464,Neutral
2021-03-16,0.08434897415033671,0.4337948135041721,0.12999494920403332,1.749563740888577,Neutral
2021-03-17,-0.2104938484968395,-0.46031036353917837,0.1652989477952309,2.036946859256222,Neutral
2021-03-18,-0.3317847648106307,-0.8146244088249331,0.11981908184982792,1.4786400378421243,Neutral
2021-03-19,-0.5829167944065996,-1.5790214385277526,0.11670276621364994,1.391554645210866,Adelantar_compra_trigo
2021-03-22,-0.5524851942956444,-1.4501978658660621,0.05029008895925835,0.6638219672668388,Neutral
2021-03-23,-0.48885249192145963,-1.2093991565338869,0.04440171478766386,0.5808938136398528,Neutral
2021-03-24,-0.4049358120447746,-0.8982938391259244,0.09175890370694084,1.0507810942780569,Neutral
2021-03-25,-0.3378486893056696,-0.6457358786687556,0.03494094752359356,0.43843217319628247,Neutral
2021-03-26,-0.44597603256621277,-1.0177427668814631,-0.020756892661360826,-0.15575117769237307,Neutral
2021-03-29,-0.41740344598949974,-0.8927896433854619,-0.017900725292140374,-0.15076723752653887,Neutral
2021-03-30,-0.6051411749593449,-1.645371581377454,-0.02564477130673537,-0.263997192050469,Adelantar_compra_trigo
2021-03-31,-0.3007442739419872,-0.36021617094520836,0.009241958413679141,0.09372356903976273,Neutral
2021-04-01,-0.30805764879291253,-0.36476917957784377,-0.022267319394167373,-0.2859926565865805,Neutral
2021-04-02,-0.3455219816052235,-0.515645812887501,0.058752738608465194,0.6180577413620085,Neutral
2021-04-05,-0.016386987226180594,1.0603968337880614,-0.025460610932670713,-0.4032399501508389,Neutral
2021-04-06,-0.22578675880168841,0.06706544756790188,0.03907425997168423,0.3455631906108772,Neutral
2021-04-07,-0.38162360597354716,-0.6583665879760583,-0.012617332991403662,-0.3346489518847055,Neutral
2021-04-08,-0.508533541856484,-1.244236008124802,-0.09641981816960743,-1.45727205777321,Neutral
2021-04-09,-0.45378272479629,-0.9431929202659346,-0.06835722828488833,-1.1485130887894532,Neutral
2021-04-12,-0.31990320882297674,-0.2547076917165503,-0.0661789811832143,-1.209070507931597,Neutral
2021-04-13,-0.14447071742272666,0.6346358749100276,-0.10146150172292168,-1.768008334361068,Neutral
2021-04-14,0.363475829184452,2.907645450266418,-0.1498392412318128,-2.485619520499494,Retrasar_compra_trigo
2021-04-15,-0.09142198369873533,0.7580173405517605,-0.11901551768375174,-1.9860090093434837,Neutral
2021-04-16,0.03991126747685758,1.3226235154482289,-0.04708938453675304,-0.9414397905350509,Neutral
2021-04-19,-0.05658508689187691,0.865187604462389,-0.010626010969361666,-0.4216084469814482,Neutral
2021-04-20,-0.1448951202487887,0.46539853121360736,-0.007371497279693884,-0.3933433768310271,Neutral
2021-04-21,-0.22810819831379625,0.07947560438591174,0.017736017226416934,-0.03689678170577302,Neutral
2021-04-22,-0.3483503930958207,-0.45075547794405646,0.012762152119898618,-0.11325123158931126,Neutral
2021-04-23,0.00017651191460998916,1.1502811816568643,-0.05716916185180665,-1.1207501878621116,Neutral
2021-04-26,0.16801655834171303,1.8823054676902657,-0.10686145393506363,-1.7671050993326975,Retrasar_compra_trigo
2021-04-27,0.1625020218988693,1.8230880176193434,-0.09107498656900237,-1.4819153804481586,Retrasar_compra_trigo
2021-04-28,0.4181013096768815,2.7505351913095617,-0.07496492797746201,-1.2134839993344297,Retrasar_compra_trigo
2021-04-29,0.08366363502686713,1.3363118422179596,-0.02093671989161705,-0.42131001661673,Neutral
2021-04-30,-0.1596098668184247,0.34797508766653773,0.01735820511122621,0.149578416310803,Neutral
2021-05-03,-0.5052488135335285,-1.0844565721612176,0.03963107123782028,0.47070161860645493,Neutral
2021-05-04,-0.5529694943413093,-1.2481088316566513,0.015253682703638027,0.11140436307052584,Neutral
2021-05-05,-0.4564709434195011,-0.8316055703760867,-0.05930462150423721,-0.9487934813097771,Neutral
2021-05-06,-0.3776614036387116,-0.49393066236624233,-0.02804591128239564,-0.48355006608417017,Neutral
2021-05-07,-0.2987649727287698,-0.14751252138977672,0.001269737187497233,-0.05095866205693927,Neutral
2021-05-10,-0.494426720658657,-0.9317938555029033,-0.11289300780267575,-1.6339522686465158,Neutral
2021-05-11,-0.29093161271623735,-0.0762571195486552,-0.1279411806570958,-1.770620055654739,Neutral
2021-05-12,-0.20496316344815924,0.2811898525200075,-0.1319423306115448,-1.7681997768517967,Neutral
2021-05-13,-0.03949263525585156,0.9439328381247594,-0.09687057612031524,-1.2621767886817281,Neutral
2021-05-14,-0.35930674814900154,-0.3763011876497642,-0.11137104877112525,-1.427662789751343,Neutral
2021-05-17,-0.2537082573781424,0.06736191631814137,-0.0896004301694091,-1.106280221212628,Neutral
2021-05-18,-0.4187773298244428,-0.6066630327087849,-0.08233816805004279,-0.979089375769605,Neutral
2021-05-19,-0.4294892332180362,-0.6327068390253251,-0.0717357398778038,-0.8067290127059785,Neutral
2021-05-20,-0.2795673650777877,-0.02727402701635353,-0.08663828725286993,-0.9788420968342599,Neutral
2021-05-21,-0.22204195579982766,0.19370303331301836,-0.0965240351344625,-1.0818621831375157,Neutral
2021-05-24,-0.3345617418087121,-0.286285404954255,-0.12574520949060153,-1.4231000967143137,Neutral
2021-05-25,-0.2842522113191599,-0.06419059905406393,-0.08393679062744064,-0.8474955276789001,Neutral
2021-05-26,-0.5032359834931901,-0.95388883252078,-0.03739504321523501,-0.23362407537275276,Neutral
2021-05-27,-0.23912592723305348,0.13276828418660655,-0.06568498563088654,-0.5981693716672564,Neutral
2021-05-28,-0.23763750414740947,0.10674143395820142,0.02040063532729941,0.532154971789311,Neutral
2021-05-31,0.002044867003841766,1.1222279388485938,-0.0049065960489054206,0.22349844566708563,Neutral
2021-06-01,-0.08526284499030634,0.7095529168140595,0.06961743353507588,1.217522763088947,Neutral
2021-06-02,-0.16043939783376793,0.36170669579649617,0.019304284563156582,0.5370427460865904,Neutral
2021-06-03,-0.269335926136268,-0.12277360852890766,-0.08538713798531083,-0.8308968848754845,Neutral
2021-06-04,-0.06986440425837248,0.7718584380490879,-0.04716241703143309,-0.3013697122297255,Neutral
2021-06-07,-0.1811695487214049,0.2813082863380427,-0.02169464726971393,0.07771788623309166,Neutral
2021-06-08,-0.03228878576390226,0.967388064991575,-0.015074267045745326,0.21292770758931062,Neutral
2021-06-09,-0.08924704898331903,0.6975149345065612,-0.04659479423894486,-0.21032962558367893,Neutral
2021-06-10,-0.42005071513203074,-0.784793181666548,-0.040171502850766316,-0.07114678505648492,Neutral
2021-06-11,-0.4605557422588582,-0.9874579498529237,-0.05696858662980553,-0.3191421982418663,Neutral
2021-06-14,-0.596938656020594,-1.5958325320461673,-0.059069869798182184,-0.3307492328483491,Adelantar_compra_trigo
2021-06-15,-0.5165297501634072,-1.2270688032134143,-0.007672678808653188,0.615192581855272,Neutral
2021-06-16,-0.6459207442146573,-1.7524922942072663,-0.00012186203351860492,0.818660045686212,Adelantar_compra_trigo
2021-06-17,-0.40792422203699896,-0.6957605016233749,0.025344145768472437,1.313749249595623,Neutral
2021-06-18,-0.36633130452122753,-0.5208305448412345,0.004981607412237965,0.9098607107089969,Neutral
2021-06-21,-0.34379109056598534,-0.42810241461353365,-0.019091754671675787,0.4511636032992767,Neutral
2021-06-22,-0.1798723094667105,0.2724686196245773,-0.07217579006335528,-0.5458000142981617,Neutral
2021-06-23,0.029439027344452917,1.1813002623449762,-0.07314592258700303,-0.5414956612404745,Neutral
2021-06-24,0.032171998436882454,1.1557087718487322,-0.20445613258526252,-2.795039160613604,Neutral
2021-06-25,-0.10468226536460357,0.532025186585147,-0.1794188095443623,-2.2471400268371036,Neutral
2021-06-28,-0.39716360628156444,-0.7364651736611059,-0.1471917596039749,-1.6094045139749729,Neutral
2021-06-29,-0.46051084162620004,-0.9917410967893567,-0.09145992698947514,-0.622080134457959,Neutral
2021-06-30,-0.5042983595885273,-1.1657625123425288,-0.0838635438009574,-0.4690284621802257,Neutral
2021-07-01,-0.41892428287340344,-0.8049960629819615,-0.04978289170832517,0.11922353556727991,Neutral
2021-07-02,-0.4208931471260877,-0.8178326520838808,-0.13827977806914138,-1.4043348082182858,Neutral
2021-07-05,-0.24308385495423224,-0.04065547217239782,-0.11414529661423267,-0.9623261359036165,Neutral
2021-07-06,-0.3135522596232452,-0.3389800285611563,-0.16092461740384212,-1.7168965583190021,Neutral
2021-07-07,-0.27921625804911177,-0.14963390450920167,-0.17807342103278412,-1.9711672709527908,Neutral
2021-07-08,-0.021097894328360844,1.053162819981676,-0.1465621115865765,-1.4243391824430796,Neutral
2021-07-09,0.05552248024557915,1.4079989888456244,-0.059483636679122265,0.01851461085813785,Neutral
2021-07-12,0.046986020232852255,1.3477261419112705,-0.030921909830332384,0.49831609900909407,Neutral
2021-07-13,-0.0629391236458332,0.8292451146026926,-0.02101941010870756,0.6684701775932606,Neutral
2021-07-14,-0.16302252385383031,0.3625854066144882,-0.01682809174373001,0.7554790887476385,Neutral
2021-07-15,-0.2867836426800423,-0.21226195866482953,-0.04586046894536766,0.28731657146757134,Neutral
2021-07-16,-0.34034703344099615,-0.4370604242693784,-0.060909951684915864,0.03194230601346435,Neutral
2021-07-19,-0.15524048176893857,0.46372424383029176,-0.03160534576551055,0.5112864401507217,Neutral
2021-07-20,-0.16751810829798064,0.44592115185589404,-0.08538085852661426,-0.4094367670980792,Neutral
2021-07-21,-0.3791474623498168,-0.5984578250588135,-0.0356682083232811,0.4288981149766699,Neutral
2021-07-22,-0.005310353432810722,1.4923166609487413,-0.04459136681212361,0.2841689597292937,Neutral
2021-07-23,0.06594641197593187,1.8218380677727437,0.007163769902037709,1.1783598135527629,Retrasar_compra_trigo
2021-07-26,-0.19470486616487026,0.37806627888045624,0.050561639125183744,1.9105769030120234,Neutral
2021-07-27,-0.24399564980943733,0.07913764713602853,-0.04269514204124425,0.3369914352701954,Neutral
2021-07-28,-0.18628865608271195,0.3833917329484185,-0.06025126963327443,0.03282016520581514,Neutral
2021-07-29,0.16774270988612727,2.255339116633076,-0.08438696212854269,-0.37012436705613266,Retrasar_compra_trigo
2021-07-30,-0.05663820254001983,0.9975279267496139,-0.14534755644060438,-1.3787872485891026,Neutral
2021-08-02,0.14832536928300843,2.0124799077217603,-0.15818480450836825,-1.5627620093573802,Retrasar_compra_trigo
2021-08-03,0.42191912986832936,3.11158707985628,-0.00759827312043182,0.9651832097546,Retrasar_compra_trigo
2021-08-04,0.25180502891301604,2.1553329426175654,0.020466174817684868,1.392288053143624,Retrasar_compra_trigo
2021-08-05,0.17510065308293665,1.743078649682536,0.109910409442598,2.6755146358937236,Retrasar_compra_trigo
2021-08-06,-0.03764388736083912,0.7465955463174954,0.11972259420522247,2.617719400821066,Neutral
2021-08-09,-0.06247522718474663,0.616994194487111,0.049283258683731956,1.4980294565214038,Neutral
2021-08-10,-0.051899579563165155,0.6406350011960259,0.01491927800879811,0.9603769224824684,Neutral
2021-08-11,0.09032691574827645,1.247542601942477,0.037432643504594854,1.2481194938879188,Neutral
2021-08-12,0.3057067747862767,2.1036668233206415,0.04628647206658032,1.3272341054923302,Retrasar_compra_trigo
2021-08-13,0.1295742893254621,1.2865152283143093,0.0028598347934867263,0.682410005460295,Neutral
2021-08-16,-0.24655016134257046,-0.3490621193655446,-0.07090736723933477,-0.39069980690900197,Neutral
2021-08-17,-0.21425061040516713,-0.21423987230826974,0.10525063095255915,2.040473233093797,Neutral
2021-08-18,-0.1261728714346324,0.14438753271229912,0.06541132439196162,1.4336525182564468,Neutral
2021-08-19,-0.054208561005935074,0.4495469476226793,0.03381234464958616,0.9702941404995067,Neutral
2021-08-20,-0.10027138887577003,0.23542887769852597,0.02998284241541871,0.9141961594076167,Neutral
2021-08-23,-0.05665955302279091,0.43423821797593615,0.009777927068497894,0.634820940421024,Neutral
2021-08-24,0.2560187260993274,1.7521335120087855,0.011407707473153783,0.6798431485795663,Retrasar_compra_trigo
2021-08-25,0.31153330601553897,1.8967861175195986,0.06576058014118535,1.401337210892567,Retrasar_compra_trigo
2021-08-26,0.20793502175747225,1.4079005602509342,0.043637792225280636,1.0643067797034698,Neutral
2021-08-27,0.09417832704813733,0.9203594127792931,-0.0223754590923817,0.1654192057843795,Neutral
2021-08-30,0.059053950388288534,0.7563214504356076,-0.02068685929524694,0.18803424056768991,Neutral
2021-08-31,0.3887466429501609,2.0038947970155423,-0.03612733165074533,-0.016159839112444393,Retrasar_compra_trigo
2021-09-01,0.3129880068603512,1.6393526715853628,0.03871037477142991,0.9701062598381095,Retrasar_compra_trigo
2021-09-02,0.28042188685157754,1.4594275754734318,0.08269415817501158,1.503339728922019,Neutral
2021-09-03,0.15984695316944908,0.9663175672900025,0.06718329800461542,1.255650596238665,Neutral
2021-09-06,0.3711040097207752,1.7329390651656085,-0.015057193701064397,0.17705463121730394,Retrasar_compra_trigo
2021-09-07,0.7515550825780553,2.961420593495584,-0.07124211211771425,-0.5393686928011396,Retrasar_compra_trigo
2021-09-08,0.7660038304910479,2.836278757472751,-0.05366850027141856,-0.2996403887939622,Retrasar_compra_trigo
2021-09-09,0.6964953227662694,2.4294774035827977,-0.023333568014992423,0.10563197788918473,Retrasar_compra_trigo
2021-09-10,0.6263223695802154,2.077716722523805,-0.03672105840110684,-0.060185226500150325,Retrasar_compra_trigo
2021-09-13,0.07095504900349692,0.19853108768152883,-0.04767178435676778,-0.19717598964768965,Neutral
2021-09-14,0.2193584810450906,0.6781474677774066,-0.06671627472201247,-0.4477128792428901,Neutral
2021-09-15,0.2295614564707238,0.6984400098921825,-0.051357056979207893,-0.25194012346414607,Neutral
2021-09-16,0.2975402417071189,0.906136991314374,-0.1487496792361951,-1.5786715567091887,Neutral
2021-09-17,0.12949859358449434,0.331071057559731,-0.16099840503292673,-1.761169659703837,Neutral
2021-09-20,0.04923478961237304,0.03809208582367224,-0.15101776435770686,-1.6229119101509046,Neutral
2021-09-21,-0.027424902753561575,-0.25412303886519444,-0.06181985693402714,-0.4255283897358356,Neutral
2021-09-22,0.18408404177363558,0.4590945287314338,-0.08536809597693984,-0.7446959825835665,Neutral
2021-09-23,0.09684833986129071,0.11655261139022087,-0.056844215124904895,-0.3557704969662636,Neutral
2021-09-24,0.5180275821971616,1.6257912598972917,-0.03440018017416846,-0.07619150138828978,Retrasar_compra_trigo
2021-09-27,0.554775472901798,1.6915740870943665,0.0359960040003553,0.8670598464508622,Retrasar_compra_trigo
2021-09-28,0.23006489697845733,0.47382329457022915,0.09025437947595583,1.5774202246788445,Neutral
2021-09-29,0.1845856859381012,0.27964217844618405,0.06057313347001836,1.1408260027955706,Neutral
2021-09-30,0.04132519171819382,-0.2697878852809508,0.02082785066307724,0.5399773661012838,Neutral
2021-10-01,-0.36710153493210207,-1.7517501044445134,-0.01934904388074199,-0.06854833252230376,Adelantar_compra_trigo
2021-10-04,-0.017580439797585612,-0.45046225089524644,-0.03160392307395865,-0.25154003481588966,Neutral
2021-10-05,0.13198213634300693,0.09191070338024372,-0.04504753434384212,-0.4457543791105682,Neutral
2021-10-06,0.23260452190804148,0.44453557036742214,-0.013255234091205548,0.027753990266539567,Neutral
2021-10-07,0.24674939800588014,0.4725531123257063,0.007095226079554928,0.31854823404392774,Neutral
2021-10-08,-0.04723146748700113,-0.6821986460923708,0.033260383319874354,0.6859959739659699,Neutral
2021-10-11,-0.12460416250299655,-0.9881514992702715,0.07959396423261333,1.3305868729117922,Neutral
2021-10-12,0.06049691870361151,-0.28238930927257494,0.1456371803295271,2.175134024080699,Neutral
2021-10-13,-0.1414582579496848,-1.1246086983202166,0.10988422487711436,1.5969842357824446,Neutral
2021-10-14,-0.5734013052684794,-2.6657228381738185,0.13036548490472577,1.7951044736632438,Adelantar_compra_trigo
2021-10-15,-0.5428569871329589,-2.3855069648112583,0.07398367492217672,1.004384717427818,Adelantar_compra_trigo
2021-10-18,-0.49646767884849297,-2.1347063156657957,0.10680989113441797,1.4151890267100864,Adelantar_compra_trigo
2021-10-19,-0.40741220348244767,-1.78592802739863,0.1346793852707029,1.707046008985736,Adelantar_compra_trigo
2021-10-20,-0.21838752949646167,-1.1274888932864031,0.1524942583359492,1.84702010354059,Neutral
2021-10-21,-0.061675322215926975,-0.5715124875251647,0.11273876786434389,1.2969667476048161,Neutral
2021-10-22,0.004271449998738852,-0.34831554194487274,0.04721196396279437,0.4416562812509914,Neutral
2021-10-25,0.2502058314371123,0.49373749484240653,-0.03589935461783811,-0.6997797637403093,Neutral
2021-10-26,-0.07149295976870107,-0.5904356823294528,-0.029021329910720928,-0.5998599795712044,Neutral
2021-10-27,0.042769417970528245,-0.182247055687783,0.04619730012502554,0.4160958433848528,Neutral
2021-10-28,0.17132053192855068,0.2650230924580593,0.012861906560732272,-0.014604902391606946,Neutral
2021-10-29,-0.08474628614457203,-0.6218346316852584,0.04210287461320861,0.4128375025897067,Neutral
2021-11-01,-0.3482547579218114,-1.4945900907010985,0.06985585376871395,0.7942307021648631,Neutral
2021-11-02,-0.43518286275788576,-1.7269241788733167,0.03222767916052138,0.26466928406258333,Adelantar_compra_trigo
2021-11-03,-0.49444309867034786,-1.836099954674902,0.07847801205128024,0.8951362701076,Adelantar_compra_trigo
2021-11-04,-0.2929718499579881,-1.1449104658344846,-0.08787811452118977,-1.3614674706603722,Neutral
2021-11-05,-0.36227190403846254,-1.3213625798930198,-0.13269466816798992,-1.8831850795153229,Neutral
2021-11-08,-0.4674762306183249,-1.6179374963962418,-0.14643292166850896,-1.9964932991190412,Adelantar_compra_trigo
2021-11-09,-0.5177837378838461,-1.7235853473561114,-0.1524123765054035,-1.9760788555664626,Adelantar_compra_trigo
2021-11-10,-0.25063576774706675,-0.8971573033504963,-0.10391535759610493,-1.3142539006925862,Neutral
2021-11-11,-0.21026002701832258,-0.7632247267094132,-0.07235283915465951,-0.8921233748769288,Neutral
2021-11-12,-0.2098034386787635,-0.7538063175008302,-0.04375729848227383,-0.5202500493798421,Neutral
2021-11-15,-0.19832887292561718,-0.7094828936104962,-0.012480235199536338,-0.12666693373566704,Neutral
2021-11-16,0.08512498804993296,0.15182158740380974,-0.06171979744968037,-0.720832139655138,Neutral
2021-11-17,-0.06360640911837834,-0.27955480828070434,-0.11152888662493643,-1.2904901433392308,Neutral
2021-11-18,0.21358211336740673,0.5608892860219276,-0.07019471429087254,-0.7581696333009373,Neutral
2021-11-19,0.2392125169989674,0.6293481533253069,-0.0873090645095218,-0.9475872134051055,Neutral
2021-11-22,0.18702139440168164,0.46426058002421416,-0.14453774893489668,-1.5838257789304473,Neutral
2021-11-23,0.7031453219235839,1.9582665503321937,-0.0721895451591541,-0.7126654312339938,Retrasar_compra_trigo
2021-11-24,0.3962472715036265,1.0460061123907334,0.005568065862086025,0.2169017588430447,Neutral
2021-11-25,0.2833896502009079,0.7145786931854421,0.06899339596032483,0.9769300936598184,Neutral
2021-11-26,0.014267987920839609,-0.06808973847277354,0.0550544507023194,0.8148177368036815,Neutral
2021-11-29,0.20979776856828902,0.5172796019414895,0.06487489592171003,0.9097485609517962,Neutral
2021-11-30,0.5444439551908493,1.5458637272118465,0.10899843861352077,1.3806468453795884,Retrasar_compra_trigo
2021-12-01,0.8547015656372068,2.4502034607946483,0.043478703684795894,0.5931039880612198,Retrasar_compra_trigo
2021-12-02,1.0359271677703852,2.854825901616798,0.07892731645079198,0.9805572646716336,Retrasar_compra_trigo
2021-12-03,0.865329560517826,2.3019069498612046,0.06761677826425694,0.8249490443424382,Retrasar_compra_trigo
2021-12-06,0.6824636522288898,1.7166326171106656,0.0867703330924241,1.013775174847684,Retrasar_compra_trigo
2021-12-07,0.2526657667393364,0.5432958455813189,0.06719149300284655,0.7630288549141365,Neutral
2021-12-08,0.6617811507496318,1.6043103251235473,0.1062896064607306,1.1715814619403082,Retrasar_compra_trigo
2021-12-09,0.6906538789068053,1.6309010194511255,0.07994349181264582,0.8452173660453995,Retrasar_compra_trigo
2021-12-10,0.5056904828164717,1.118859824243818,-0.018313231416653197,-0.33520311670535907,Neutral
2021-12-13,0.7418806494811534,1.659249814993849,0.05510802500360179,0.521308721613203,Retrasar_compra_trigo
2021-12-14,0.44596848696742253,0.8867074128031519,-0.011240614884129085,-0.3131409565649918,Neutral
2021-12-15,0.4860255208261046,0.9671535580105619,0.04751981643805814,0.39674963366092814,Neutral
2021-12-16,0.39830378164683466,0.7327688314899008,0.022651752969208738,0.06664716577376326,Neutral
2021-12-17,0.4929832104464671,0.9695145558835011,0.06781260932871191,0.619430700285964,Neutral
2021-12-20,0.42719179074758795,0.8157803346505775,0.10252172513016267,1.0374664248465744,Neutral
2021-12-21,0.08722119775973436,-0.0263238947965703,0.08712804903011206,0.8445585446203767,Neutral
2021-12-22,0.10094527169875356,0.011425051193064329,0.08759759783237864,0.8415139758203833,Neutral
2021-12-23,0.30901470824000654,0.5188419939814556,0.0783660653878544,0.7103691504308007,Neutral
2021-12-24,0.2740335542203285,0.4092695638907681,-0.04468422047656784,-0.8206963376909485,Neutral
2021-12-27,0.41033806191622446,0.7318385339496443,-0.033652232408295735,-0.682561628301872,Neutral
2021-12-28,0.15463107413959598,0.08932331679579614,-0.08309259399338176,-1.2799128858912647,Neutral
2021-12-29,0.14119128570290407,0.0594673465809569,-0.05966184047178058,-0.9742362228647913,Neutral
2021-12-30,0.009620217461889347,-0.2610047982679167,-0.10348467319420274,-1.462080041399546,Neutral
2021-12-31,0.16410791408355685,0.1182687736320887,-0.1397257855455214,-1.8110505946728668,Neutral
2022-01-03,0.15951976758876096,0.09512011724774805,-0.039878363216393264,-0.6199659724403654,Neutral
2022-01-04,0.2888775250351827,0.4112940220458722,0.012579200609671215,0.021544097661214383,Neutral
2022-01-05,0.48972009532331295,0.888157046581365,0.003851643335349264,-0.06258292385142555,Neutral
2022-01-06,0.5862329657618526,1.1012394567913695,0.0027700683576512564,-0.050869357087818846,Neutral
2022-01-07,0.5808722472369343,1.0590564181346473,-0.021279265117289725,-0.3300865881772321,Neutral
2022-01-10,0.30741958376063483,0.32031267961555726,0.0032869161982620465,-0.0036092817067189843,Neutral
2022-01-11,0.27866091164539153,0.21758322428367802,-0.037590474424927356,-0.4929364051605464,Neutral
2022-01-12,0.14608223084864402,-0.1630456617712987,0.012032080114021015,0.1820221821822452,Neutral
2022-01-13,0.0703654794687747,-0.3796204815560286,-0.010289337203420734,-0.08968439996324742,Neutral
2022-01-14,-0.002251854485815663,-0.5805336533383982,-0.027776864546247726,-0.31135185504121865,Neutral
2022-01-17,-0.1790164948518269,-1.0409320005442624,-0.027069384876421188,-0.3039381656944747,Neutral
2022-01-18,-0.4989276219251506,-1.8517808276508538,-0.05274527467859946,-0.6471094285448231,Adelantar_compra_trigo
2022-01-19,-0.5512354426291193,-1.9054547588518056,-0.02800356797246084,-0.2946530226114914,Adelantar_compra_trigo
2022-01-20,-0.44554497897452894,-1.5700517834205738,-0.052763205608812536,-0.6161350831479322,Adelantar_compra_trigo
2022-01-21,-0.6170807336427204,-1.9257960808514145,-0.02170695947472434,-0.17939980095873514,Adelantar_compra_trigo
2022-01-24,-0.537389414229942,-1.7015496640073955,0.035504330759108305,0.6144986092920163,Adelantar_compra_trigo
2022-01-25,-0.12625229760466006,-0.7220312478940979,-0.01518917269967801,-0.0723743714679049,Neutral
2022-01-26,0.09527911936531286,-0.20339988744072346,-0.019724348568547212,-0.11382488031401504,Neutral
2022-01-27,0.42655676246379226,0.6097779663727165,0.005242663216511456,0.21548410329436968,Neutral
2022-01-28,0.46510708930717026,0.6819633925308642,-0.020265145602200052,-0.17542607471073157,Neutral
2022-01-31,0.6672930933507022,1.1729181784706315,0.0002896522055562123,0.09006432989271214,Neutral
2022-02-01,0.43787289173990995,0.5455897963395863,0.024925599892729355,0.43339211873587474,Neutral
2022-02-02,0.2602551805313196,0.042413058028677904,0.06516499600753112,1.032483406986193,Neutral
2022-02-03,-0.28666518158753007,-1.4501493336624045,0.014517351553037683,0.20856837306697118,Neutral
2022-02-04,-0.02252970322420733,-0.7426663026075893,-0.032568406658429305,-0.5506143890195685,Neutral
2022-02-07,0.2949537949921499,0.1119765948751546,-0.04349316664418601,-0.7150023215877263,Neutral
2022-02-08,0.15852887583495257,-0.27311109063274314,-0.08254543104475331,-1.325724682422055,Neutral
2022-02-09,0.09856088412175446,-0.45084187404693166,-0.039728288933680744,-0.6802921340119201,Neutral
2022-02-10,-0.049775346018708255,-0.8505669531405249,-0.08960787226064104,-1.4770852621737631,Neutral
2022-02-11,0.04025082062244412,-0.587828641985502,0.03345008481254386,0.4887180353105904,Neutral
2022-02-14,0.26698908635278684,0.040556283542217936,0.08353497677462585,1.2995602436232707,Neutral
2022-02-15,-0.09402216943057251,-0.9348568843738587,0.05779581914359766,0.8309727502470685,Neutral
2022-02-16,0.0024113150925231253,-0.6446242739664083,0.0811045616805981,1.1968402665018223,Neutral
2022-02-17,-0.04159073640934707,-0.7491639211218813,-0.022892044370747877,-0.5543869684044239,Neutral
2022-02-18,-0.0052485112232112385,-0.6465877358987071,0.0985766411906186,1.495904141771603,Neutral
2022-02-21,0.09356965770997139,-0.3654897364216293,0.04019130826512418,0.5179141878891463,Neutral
2022-02-22,0.054221152746779744,-0.4545487655100332,0.024182395241505672,0.276458425068237,Neutral
2022-02-23,0.037212333011725995,-0.47635859913262935,-0.07415692314189548,-1.3839774767287747,Neutral
2022-02-24,0.0014155644283704305,-0.5563443770588818,-0.03837675348304903,-0.7418427836736603,Neutral
2022-02-25,0.20051710837091186,0.08053178384465405,-0.08289212959000647,-1.4583154594083585,Neutral
2022-02-28,0.269854776023835,0.3260697702130329,-0.06411160432206331,-1.100974405310295,Neutral
2022-03-01,0.2909993089874856,0.39139517091214976,-0.08143621031600001,-1.3530670476216844,Neutral
2022-03-02,0.014013176695136131,-0.46880840899031356,-0.10882692084007983,-1.7712448170086315,Neutral
2022-03-03,-0.05090057505690382,-0.6551087311542421,-0.12285785125950444,-1.9300196196619457,Neutral
2022-03-04,0.13853747407892225,-0.002530578620567116,-0.08462878033842247,-1.2403940402299098,Neutral
2022-03-07,0.1387549963390553,0.03339141839687863,-0.12488817146941278,-1.8344277566529854,Neutral
2022-03-08,0.2633145383976476,0.4851336721368933,-0.13119827898270064,-1.8488895754711099,Neutral
2022-03-09,0.6081929412571592,1.6798931383636897,-0.07775996265897156,-0.9574970852950124,Retrasar_compra_trigo
2022-03-10,0.7674341485540843,2.1427883557464793,0.05679772678729811,1.1883923492328103,Retrasar_compra_trigo
2022-03-11,0.7001596008044313,1.8690776732810885,0.06373291932919511,1.3020393409406152,Retrasar_compra_trigo
2022-03-14,0.5125314656184443,1.234191082014056,0.002481383997339437,0.36130066348353757,Neutral
2022-03-15,-0.05345722010346954,-0.6274396008346259,-0.020251948588908553,0.016304124925506175,Neutral
2022-03-16,-0.0694368830614458,-0.6682430193548639,-0.019988070125729562,0.052740158513347846,Neutral
2022-03-17,-0.11341316874289831,-0.7875389001206202,-0.03188046792194954,-0.12637130428924045,Neutral
2022-03-18,-0.017901198087749037,-0.4588486366965187,0.010667200050509917,0.6198476867776652,Neutral
2022-03-21,-0.036248233420800524,-0.49734920504203173,0.015306917675862453,0.6857545889503786,Neutral
2022-03-22,-0.08259885875959139,-0.6348987872416799,0.0485910678436432,1.236593505728604,Neutral
2022-03-23,-0.39027205867347625,-1.5809772489357223,0.017835089498001278,0.6665772508341419,Adelantar_compra_trigo
2022-03-24,-0.5006181677302672,-1.8522394831699878,0.07064962115052431,1.5523255477383513,Adelantar_compra_trigo
2022-03-25,-0.3539594001245341,-1.3470173937303984,0.037657983333627465,0.9463209401133664,Neutral
2022-03-28,0.015428619964279022,-0.2055419506623429,-0.01714686491963624,-0.0694250463598384,Neutral
2022-03-29,0.004034439399553946,-0.2266378998725322,0.08822131190811255,1.80140325739189,Neutral
2022-03-30,0.0753018677308539,0.014329910145169076,-0.022846803193274923,-0.18463849813014466,Neutral
2022-03-31,0.2658946060581755,0.638558046462804,-0.05895744339003017,-0.8106113721502104,Neutral
2022-04-01,0.07975515336906547,0.07412895117577738,-0.07572814936601868,-1.083139538005037,Neutral
2022-04-04,0.15136675680199563,0.31769202548388165,0.050159364604084766,1.1188077972641945,Neutral
2022-04-05,-0.002938803839646731,-0.17335923940155315,0.11643474886010097,2.1472051599015027,Neutral
2022-04-06,0.17716581042896973,0.417494506143435,0.15406828631037262,2.581842775265166,Neutral
2022-04-07,0.1944037795962439,0.4665378811333277,0.09235892065264428,1.5436975878440762,Neutral
2022-04-08,0.240192234056952,0.6018918119674777,0.1868980773999993,2.7577583134710304,Neutral
2022-04-11,0.06417732243991825,0.012403427090933773,0.1528990173554532,2.1349426497101405,Neutral
2022-04-12,0.20652642911222863,0.45486445198110825,0.16006602508889411,2.1094817091144598,Neutral
2022-04-13,0.6271779310570524,1.8309911306834867,0.1217676190310335,1.5318181655074166,Retrasar_compra_trigo
2022-04-14,0.3438763131237783,0.8368687988205443,0.07931400948071787,0.9408460139897408,Neutral
2022-04-15,0.24137306935509706,0.45262761791009143,0.04370195592103299,0.4581176697006792,Neutral
2022-04-18,0.2680425314598276,0.528220997944294,0.016760470890000878,0.10833418555226691,Neutral
2022-04-19,0.40649732332819255,1.0334898040433067,0.03829823980667757,0.379718146089659,Neutral
2022-04-20,0.24970610867513,0.41130794794532594,0.04057753564299316,0.39643466757260476,Neutral
2022-04-21,-0.31723961255931954,-1.722246460198085,0.023068669873530956,0.1623382313566261,Adelantar_compra_trigo
2022-04-22,-0.014815049429072857,-0.5378251374386276,0.08419528551201916,0.9370164071253425,Neutral
2022-04-25,0.14501921029414166,0.12105048354275481,-0.0779286779020596,-1.1504808032320892,Neutral
2022-04-26,-0.1995179066163093,-1.2296242353870952,-0.040183044495324394,-0.6468244365420861,Neutral
2022-04-27,-0.28158888154469963,-1.5003813099975711,-0.004361894450261916,-0.17153632269736463,Adelantar_compra_trigo
2022-04-28,0.05738515790897125,-0.17762319677455632,0.046815076535817735,0.4819945710248643,Neutral
2022-04-29,0.3518045607445508,0.9863593682591327,0.025444543292906907,0.19429074947584984,Neutral
2022-05-02,0.5162409779854444,1.6061987396010977,0.022213677242580054,0.13892548762851137,Retrasar_compra_trigo
2022-05-03,0.42254057878732443,1.2024211353148346,0.05602204069213301,0.5534889413230567,Neutral
2022-05-04,0.39605568612182473,1.068667193669164,0.10619367433906013,1.1705785861612705,Neutral
2022-05-05,0.3281839259195696,0.7799315924188602,0.05719189872434782,0.5082504303280713,Neutral
2022-05-06,0.5361630992425086,1.523162465094358,0.04564842781042189,0.3528860289733482,Retrasar_compra_trigo
2022-05-09,0.29237116292720167,0.5954287609757696,0.10825282805982384,1.1669246344791198,Neutral
2022-05-10,0.10067160692336063,-0.14496936702937252,-0.03108220138627149,-0.6409241451264626,Neutral
2022-05-11,0.3022391078642892,0.604951381420161,-0.06331341090073672,-1.028369193066602,Neutral
2022-05-12,0.2647741812360582,0.4437295223030162,0.014680231018177503,-0.01795458133026137,Neutral
2022-05-13,0.5321803954420643,1.4115671850114861,0.05290322822536431,0.4962671393534901,Neutral
2022-05-16,0.3301415873824656,0.6332468808998307,0.055192150967009024,0.5224231535409828,Neutral
2022-05-17,0.2861526991418524,0.45322903393220776,0.012413929186547712,-0.03861718721751304,Neutral
2022-05-18,0.07314918541782678,-0.34959333737701553,-0.04029338195429211,-0.7459990684248142,Neutral
2022-05-19,0.07438633568058872,-0.3503046308721724,-0.0648632149884587,-1.0606342183234878,Neutral
2022-05-20,-0.2146407411010296,-1.3900215807415313,0.01453255847155055,-0.034286115028595604,Neutral
2022-05-23,-0.2732131088500145,-1.5431172052520719,-0.024734584568164575,-0.5735016877931162,Adelantar_compra_trigo
2022-05-24,-0.49357031961033826,-2.2032113826010606,-0.024086807920608466,-0.585064348658551,Adelantar_compra_trigo
2022-05-25,-0.30298148927617774,-1.4931466686409387,-0.0612103889377793,-1.1212545938102803,Neutral
2022-05-26,-0.12608644103773337,-0.8801250898758012,-0.015146996007403102,-0.5229860587180847,Neutral
2022-05-27,-0.4262300440308957,-1.818410884166571,-0.04230347541452106,-0.9346984041361506,Adelantar_compra_trigo
2022-05-30,-0.1203055997271818,-0.7858075522384369,-0.04458338738402934,-1.0192823126370194,Neutral
2022-05-31,0.4082098906105305,0.9434400292238135,-0.11634279889979804,-2.1176620274865954,Neutral
2022-06-01,0.3759145671973405,0.8640226178840469,-0.16650745068556216,-2.721762532230403,Neutral
2022-06-02,0.2055402618662212,0.34142828605876036,-0.13165050931551292,-2.0942022147174506,Neutral
2022-06-03,0.7981985296965162,2.3631527318057564,-0.16016228497834173,-2.3296772061282387,Retrasar_compra_trigo
2022-06-06,0.4160160369770587,1.0658731786397484,-0.03720615497194446,-0.6851078827980495,Neutral
2022-06-07,0.3763464449072096,0.9002708216413359,-0.12996142456683746,-1.8359351243618967,Neutral
2022-06-08,0.3750392807317766,0.8676444933529538,-0.13850696098037374,-1.864866244089842,Neutral
2022-06-09,0.6282164680936173,1.661272254476364,-0.11683070178506871,-1.5473001151331967,Retrasar_compra_trigo
2022-06-10,0.6369450404618373,1.6197477812155427,-0.11399156170857627,-1.4594592133214983,Retrasar_compra_trigo
2022-06-13,0.45559765464481217,0.9901785990450096,-0.14281688659297198,-1.7285024922855516,Neutral
2022-06-14,0.20673347390693397,0.16011650087316964,-0.15668887803539655,-1.8025568689900442,Neutral
2022-06-15,0.12023839132590464,-0.15701397850004123,-0.16626626803409028,-1.822884525368252,Neutral
2022-06-16,-0.08692002293814927,-0.9169137334052695,-0.1488039965236414,-1.5636219225993515,Neutral
2022-06-17,-0.058411926889336385,-0.854402749512475,-0.033719506542311706,-0.2951907017066139,Neutral
2022-06-20,-0.15480483816946666,-1.1810332640055503,-0.028004794618419204,-0.23070257134142888,Neutral
2022-06-21,-0.4083235309103852,-1.997050881336126,0.024008304667880065,0.3519267388481594,Adelantar_compra_trigo
2022-06-22,-0.11816654976414043,-0.9744918301866388,0.037048085898806704,0.4836629474956549,Neutral
2022-06-23,-0.19310503036091475,-1.1920335125576798,0.0769595333083477,0.8938037346485236,Neutral
2022-06-24,-0.3995596952835285,-1.8135970805011072,-0.07747138967662925,-0.7962768879397798,Adelantar_compra_trigo
2022-06-27,-0.37857809432192546,-1.6732814014128192,-0.07894699876406808,-0.7871038505430505,Adelantar_compra_trigo
2022-06-28,-0.31450670544169235,-1.427183945048524,-0.008091246986285938,0.00944747642721009,Neutral
2022-06-29,-0.5889662720912279,-2.16388848810089,-0.03866263635590683,-0.302511917179799,Adelantar_compra_trigo
2022-06-30,-0.4537656255385354,-1.6785591937318771,0.041135794961171035,0.6235281197367577,Adelantar_compra_trigo
2022-07-01,-0.5820918691538219,-1.9533985980179018,0.09430829144359731,1.2959651316626402,Adelantar_compra_trigo
2022-07-04,-0.19784223076754603,-0.8331200637530777,0.0403775496469192,0.6977296267238087,Neutral
2022-07-05,-0.06447447987633037,-0.4393934392440212,0.001563334257006499,0.26419885878178584,Neutral
2022-07-06,-0.12657450941796533,-0.5909454210002721,-0.051859675262756255,-0.39351271792088355,Neutral
2022-07-07,-0.24781758839238854,-0.9122617982591056,-0.07620849774637484,-0.6877188568216134,Neutral
2022-07-08,-0.23198382937661943,-0.8402638169470321,-0.12129979692239812,-1.2435428207391128,Neutral
2022-07-11,-0.08021512128440111,-0.38649434516545794,-0.07692730712383966,-0.6354893722468332,Neutral
2022-07-12,-0.06946866410678165,-0.3352157293086416,-0.1277258486673929,-1.261641251410156,Neutral
2022-07-13,-0.09757108022413696,-0.4008864738375646,-0.07831140878309362,-0.5896661800294605,Neutral
2022-07-14,-0.06917980757500963,-0.3329212796572527,-0.03959548382280431,-0.06543642624869617,Neutral
2022-07-15,-0.17259976441274194,-0.627543060289669,-0.11070890832760982,-0.9782326892990151,Neutral
2022-07-18,-0.21135710654433826,-0.7211378971758265,-0.02297642506660602,0.188737000845156,Neutral
2022-07-19,-0.566462441235486,-1.7039245388816942,0.00016813665365567054,0.4903453052182033,Adelantar_compra_trigo
2022-07-20,-0.32123037508905306,-0.9988032014531727,0.025302142587162457,0.8180217110763446,Neutral
2022-07-21,-0.22063561175736357,-0.6954939472116071,-0.02710882122755498,0.13453300303370366,Neutral
2022-07-22,-0.3336576859768501,-0.9835170150426125,0.0023554587275247396,0.540180162503161,Neutral
2022-07-25,0.08229806208379653,0.22256044527575436,0.048629500487492594,1.155394948964966,Neutral
2022-07-26,0.09688835371647286,0.28382075629662995,0.026401936106863477,0.8683951652688127,Neutral
2022-07-27,-0.11213329930670302,-0.3063195670781392,0.10663962527062254,1.9583743408877528,Neutral
2022-07-28,0.0778206140514488,0.2700783693687929,0.07610600030863868,1.5298196845403524,Neutral
2022-07-29,0.15712362053981188,0.5366166690775978,0.10613524308359334,1.8825362515325517,Neutral
2022-08-01,0.22679797023433768,0.7543194279548343,0.08631938142229378,1.6395382158972365,Neutral
2022-08-02,0.11749893757048824,0.4194756599441766,0.0865181726050872,1.5809136207868655,Neutral
2022-08-03,0.20254414256055142,0.6871849128768391,-0.022240473055349153,0.15218836551388018,Neutral
2022-08-04,0.12971981118018316,0.47301080219030295,-0.003176416494458101,0.40606527688808686,Neutral
2022-08-05,0.23645672753301472,0.8335216114468298,-0.04364255493955982,-0.10397420792589755,Neutral
2022-08-08,-0.16984773492772298,-0.4213959634947069,-0.07636556565198704,-0.5136366422310027,Neutral
2022-08-09,-0.22712388281117857,-0.5796175465186095,0.016634232624240797,0.7295113444331079,Neutral
2022-08-10,0.14864691053672185,0.6150548606348114,-0.0032055083575790455,0.45510501487023003,Neutral
2022-08-11,-0.019412075352451374,0.08456536484261969,-0.05433334467262019,-0.22995013916314075,Neutral
2022-08-12,-0.12880913750335754,-0.2695405391046682,-0.06302460045409886,-0.3298391244754867,Neutral
2022-08-15,-0.19644126976596876,-0.4910679251723619,-0.10834874704965136,-0.9122462827674895,Neutral
2022-08-16,-0.3966317637853587,-1.145604731611065,-0.022772115966474882,0.22641485521670585,Neutral
2022-08-17,-0.7426401365122812,-2.159827801736851,-0.05479143575063139,-0.2012078439636935,Adelantar_compra_trigo
2022-08-18,-0.6952203511891399,-1.919616965852391,-0.020699654522372546,0.2539857661568116,Adelantar_compra_trigo
2022-08-19,-0.5918832066918878,-1.5817677452009962,0.043761912384777,1.0822977509638905,Adelantar_compra_trigo
2022-08-22,-0.5286267867168783,-1.3515290856049773,0.003711880790616462,0.5423586751747919,Neutral
2022-08-23,-0.4884506916927318,-1.195346361540673,0.026574314270120025,0.8146039489273842,Neutral
2022-08-24,-0.41866133361776114,-0.9582760167596367,-0.034051968651418685,-0.01504874020832803,Neutral
2022-08-25,-0.16896110520729835,-0.19909437539173808,0.08199306451326116,1.5031681129491126,Neutral
2022-08-26,-0.18194165370447113,-0.202050255829119,0.10395347708566294,1.7414609298992962,Neutral
2022-08-29,-0.26268095998922725,-0.43437924263910926,0.060102891892674926,1.1153859602871041,Neutral
2022-08-30,-0.2776703927912667,-0.4579483190661098,0.0020204823877674194,0.3150523322248197,Neutral
2022-08-31,-0.12527356656648259,0.0825773946277581,-0.008506320651658461,0.1457178514190608,Neutral
2022-09-01,0.1799671917329828,1.2206948950137047,-0.02597441260412814,-0.12002120422258185,Neutral
2022-09-02,0.03360630569819456,0.7805716004773872,0.06575054959933269,1.1388066250003273,Neutral
2022-09-05,0.05598711119136013,0.9355547756427903,-0.01490154481624395,-0.03731488736647639,Neutral
2022-09-06,0.12488896268749095,1.2317381836064498,-0.008259774153697164,0.024574025702230693,Neutral
2022-09-07,-0.08464545085420916,0.38913915310263403,-0.009576373810117778,-0.037038331051988733,Neutral
2022-09-08,-0.06646857121312877,0.4630060729659998,-0.014152900254459366,-0.1531787912628766,Neutral
2022-09-09,-0.334981648973133,-0.6325871857899086,-0.01935860677523782,-0.24486120370020725,Neutral
2022-09-12,-0.6151508399710055,-1.717979366945546,-0.024624024145983636,-0.33436194710540185,Adelantar_compra_trigo
2022-09-13,-0.47553964417293404,-1.1437078664545735,0.016141932491368527,0.3531140509625468,Neutral
2022-09-14,-0.48738535261897376,-1.1540071011683473,0.03773881359595577,0.7160274324429805,Neutral
2022-09-15,-0.38932927709706355,-0.74706501575911,0.046833737110533846,0.886014668255395,Neutral
2022-09-16,-0.3442274077603438,-0.5735079237850037,-0.1048241910839609,-1.6625245985959956,Neutral
2022-09-19,-0.4750093903501096,-1.0802211427023884,-0.07067294811452673,-1.0944574463390433,Neutral
2022-09-20,-0.4249031949327362,-0.870878097138667,-0.12850846587872633,-1.9654811399048953,Neutral
2022-09-21,-0.5939822077909565,-1.5341166393306265,-0.07183953915966312,-1.0275383580767707,Adelantar_compra_trigo
2022-09-22,-0.2590920307211366,-0.23351759773527608,0.014004444042412079,0.36792199804956455,Neutral
2022-09-23,-0.47706306484262573,-1.1135962414944687,-0.036204347566788364,-0.4209181939771329,Neutral
2022-09-26,-0.4553106259154083,-1.0007871813284817,-0.04078463940086641,-0.47655256323464046,Neutral
2022-09-27,-0.5865602963179954,-1.4623167544961415,-0.0626258180901682,-0.8184927309428943,Neutral
2022-09-28,-0.41269545679184905,-0.763001507124832,0.004635598113142736,0.2821983860824761,Neutral
2022-09-29,-0.4251112819559646,-0.7954530938253904,0.007138388353893799,0.3034485392686622,Neutral
2022-09-30,-0.47048454667231887,-0.947869086980581,0.08511184768190394,1.568097997791671,Neutral
2022-10-03,-0.2530618582736066,-0.10422228632190697,0.08061029976280754,1.4386074127965256,Neutral
2022-10-04,-0.21442373028702288,0.05359974852041996,0.07317591182957717,1.2873909365237397,Neutral
2022-10-05,-0.08184944121561077,0.5629745353900171,0.05842393524618705,1.000495829563948,Neutral
2022-10-06,-0.2579152547642778,-0.10309444919129755,0.08072130175642123,1.3371681776708773,Neutral
2022-10-07,-0.4880684586214237,-0.9642797060242961,-0.024000605843972345,-0.4992080696903099,Neutral
2022-10-10,-0.4053697796565148,-0.6327780962299342,-0.015116672921033913,-0.3446045132029618,Neutral
2022-10-11,-0.4184121356597448,-0.6985486779923386,-0.015448952779219205,-0.34554028343382537,Neutral
2022-10-12,-0.24529129408910677,-0.03593553677926167,0.021032866977025444,0.3016228004951932,Neutral
2022-10-13,-0.22776310401890498,0.032169816735539564,0.003991401750212731,-0.009366553621712818,Neutral
2022-10-14,-0.15691653250583215,0.2943640862060388,-0.048201640739827134,-0.9144626437818175,Neutral
2022-10-17,-0.44662559411870717,-0.7961394379259242,-0.03314739562116853,-0.6263552581552284,Neutral
2022-10-18,-0.02372610982054013,0.8643141095338293,-0.06572024879384997,-1.1626322685807406,Neutral
2022-10-19,-0.048662501512160006,0.7602567896912094,-0.13401308598566808,-2.251802725020061,Neutral
2022-10-20,0.1051665398133137,1.3572883441915256,-0.06486355285842382,-1.0280459023678967,Neutral
2022-10-21,-0.07284979608583697,0.6890409890197428,-0.019464855911124568,-0.21131710333734277,Neutral
2022-10-24,0.0052853352016795085,1.0367251866997547,0.010901502229863969,0.36413542055261616,Neutral
2022-10-25,-0.2480948250445385,0.03308245382033973,0.0706097528649301,1.4769960723171667,Neutral
2022-10-26,-0.12489107131832267,0.5826739502469193,0.022362273228287766,0.5690159489396763,Neutral
2022-10-27,-0.17433666253850344,0.40267324373200325,-0.049376979776190044,-0.7379701117599515,Neutral
2022-10-28,-0.1415885569566413,0.5966425740983142,-0.0409411060029119,-0.5840522878257399,Neutral
2022-10-31,0.02296072239244218,1.3122597572392987,-0.04720297255571948,-0.7144756932015099,Neutral
2022-11-01,-0.2186560876455781,0.22819379038284376,-0.07239462086875692,-1.1434287914548933,Neutral
2022-11-02,-0.3157633131563502,-0.1778982141027596,-0.05929644343668161,-0.8797288456218437,Neutral
2022-11-03,-0.1865358701634774,0.4372660548833333,-0.06949013740070087,-1.0566533224195065,Neutral
2022-11-04,0.2692418533877339,2.4161880262845323,-0.13265897541938876,-2.1142075882369404,Retrasar_compra_trigo
2022-11-07,0.21485797693310538,2.065325492710625,-0.11512093161909154,-1.797248999989226,Retrasar_compra_trigo
2022-11-08,0.32032574793956314,2.352256830360904,-0.1355092719999711,-2.0445370553800197,Retrasar_compra_trigo
2022-11-09,0.26540448051692334,2.054360289184678,-0.09077984165239195,-1.2658427487062902,Retrasar_compra_trigo
2022-11-10,0.6646331209130203,3.331468902353441,-0.10025928659656258,-1.379175253112104,Retrasar_compra_trigo
2022-11-11,0.2064188029144347,1.5413079744410922,-0.020098826489980848,-0.04300920695989022,Retrasar_compra_trigo
2022-11-14,0.20930378243736047,1.4961845148117447,0.06636717292673122,1.3541496794239385,Neutral
2022-11-15,-0.13839248819235372,0.17191988754941218,0.0839112417930068,1.5960857519076717,Neutral
2022-11-16,-0.5842007335701602,-1.4889543687740145,-0.011613568954897735,0.056548931551288796,Neutral
2022-11-17,-0.45974506563080464,-0.9962675912589338,0.06449646981523105,1.2928107590565951,Neutral
2022-11-18,-0.37582558292185464,-0.6701742457805648,0.13021153395168894,2.3133715221165327,Neutral
2022-11-21,-0.3782789536695894,-0.6698836690536861,0.1010781766261728,1.8082172071391405,Neutral
2022-11-22,-0.3478969601451194,-0.5525747121263128,0.14286180744467303,2.312977480097373,Neutral
2022-11-23,0.3222874177950432,1.8309763894262976,0.07904185013690923,1.3175788435042337,Retrasar_compra_trigo
2022-11-24,0.23367862887680868,1.5042948834117258,-0.02972061305006979,-0.28187643919271976,Retrasar_compra_trigo
2022-11-25,0.3195848411758977,1.754185597509133,-0.05582767641588071,-0.640884438233398,Retrasar_compra_trigo
2022-11-28,0.14823513698875068,1.1464213711155131,0.042342016924471926,0.795601357955087,Neutral
2022-11-29,0.1980540755106599,1.3079561001517155,-0.039349507356976066,-0.4003717452033738,Neutral
2022-11-30,0.13154707631738827,1.0572371260824316,-0.030193616163586068,-0.2603877303712709,Neutral
2022-12-01,0.039949568169475924,0.7359979295600377,-0.026302765802830086,-0.20009914142060115,Neutral
2022-12-02,0.424877608483885,1.9410630595893572,-0.041811212751687865,-0.4220608756102681,Retrasar_compra_trigo
2022-12-05,0.6390988045785004,2.4853365354938286,-0.053971008470293125,-0.5918025819177013,Retrasar_compra_trigo
2022-12-06,0.5962665680605559,2.214814465753487,-0.03536005233659578,-0.3069327535387761,Retrasar_compra_trigo
2022-12-07,0.04229856206500937,0.4908405176793074,-0.05249782243040024,-0.5374503244235926,Neutral
2022-12-08,-0.026055588622995174,0.26181522978298294,-0.10487288571342712,-1.2616522972663162,Neutral
2022-12-09,0.550238789319204,1.9523900577045532,-0.064283641143698,-0.6856682137236783,Retrasar_compra_trigo
2022-12-12,0.4386931043192508,1.5536977247744317,0.0017754670108378612,0.27168878289970116,Retrasar_compra_trigo
2022-12-13,0.6339544186204256,2.0291411702869846,0.04556753924966461,0.8926963226930296,Retrasar_compra_trigo
2022-12-14,0.890946548006637,2.5980134031199063,-0.001575706912627206,0.16562993730238196,Retrasar_compra_trigo
2022-12-15,0.834721736224874,2.2870079320227195,-0.05800015630988997,-0.6703343233957738,Retrasar_compra_trigo
2022-12-16,0.5450898589201314,1.4577156348964508,-0.05795492704450922,-0.6623119293482957,Neutral
2022-12-19,-0.024139775437717503,-0.07826967336165822,0.031098328617116255,0.661660206479446,Neutral
2022-12-20,0.12615153253586175,0.30147034712405546,0.05506114127410089,0.9892112461179943,Neutral
2022-12-21,-0.044219282907112856,-0.1871975181387815,0.07565034744834964,1.2631065725332653,Neutral
2022-12-22,0.003373212309091933,-0.07539946340767341,0.10027991196963049,1.5709137583788246,Neutral
2022-12-23,-0.23064772440960102,-0.7577811341969419,0.09811668968482579,1.5294025656049992,Neutral
2022-12-26,-0.24646508448581894,-0.8035887690955766,0.07775823145361027,1.2376074519420013,Neutral
2022-12-27,-0.2042862942407755,-0.6835214223748833,0.09095461197876964,1.415819632390575,Neutral
2022-12-28,-0.12117667888665995,-0.4432357427759067,0.041348809539490494,0.7104252061743033,Neutral
2022-12-29,-0.31012104421257103,-0.9793529460858851,-0.033820634627504065,-0.349206653539281,Neutral
2022-12-30,-0.0375759134528213,-0.22668374994670856,0.01041082435397267,0.2877884132075207,Neutral
2023-01-02,-0.1426397892668323,-0.5518735932817134,0.06979132242035258,1.1211009195466897,Neutral
2023-01-03,-0.4294515948176105,-1.3952580907441918,0.004164079900436102,0.1693706937402873,Neutral
2023-01-04,-0.3956922045134652,-1.2782633999305753,0.04874487892568036,0.8025989799313674,Neutral
2023-01-05,-0.33679549787799434,-1.095377879622223,0.12416259215702219,1.8049521260382668,Neutral
2023-01-06,-0.2607924523887517,-0.8663111889036345,0.09498540408989697,1.346958200111652,Neutral
2023-01-09,0.04095071433099662,-0.016546812941808313,0.03506796529602352,0.5049570146836275,Neutral
2023-01-10,-0.004107925102803556,-0.1502601092170463,0.03792428595955788,0.522810116787448,Neutral
2023-01-11,-0.02157872114450221,-0.20312719421039852,0.008863101960782549,0.09046776048909687,Neutral
2023-01-12,-0.22658031492609432,-0.7869491007211126,-0.015964933393115333,-0.2773902006910486,Neutral
2023-01-13,-0.03263298813453108,-0.22037848555414138,0.014007985535206657,0.14545406530801536,Neutral
2023-01-16,0.01451728475485492,-0.08251077189436358,-0.06304891945672209,-0.9379511207263027,Neutral
2023-01-17,-0.061900338785253695,-0.3175306710408716,-0.11087339362917303,-1.5567920027148716,Neutral
2023-01-18,-0.4084046597475268,-1.3088489344836993,-0.08190935791693499,-1.1131980861303898,Neutral
2023-01-19,-0.08013800291691808,-0.358238009027721,-0.06283292349732239,-0.8419746301750541,Neutral
2023-01-20,-0.2979915333155976,-0.9807701506101821,-0.027309211786291865,-0.3513224166516056,Neutral
2023-01-23,-0.3660517932234173,-1.146279262312988,0.07439722851448072,1.031671051660944,Neutral
2023-01-24,-0.246523678396521,-0.8012028103307016,0.06651103955461579,0.8919692316336085,Neutral
2023-01-25,-0.4307134486357622,-1.315089613207909,0.07951963541697005,1.0372563831345478,Neutral
2023-01-26,-0.6387818729164652,-1.8365534641945016,0.017332044715677064,0.15814114009153737,Adelantar_compra_trigo
2023-01-27,-0.9175053547829943,-2.4307073303284055,0.055958658506183756,0.6730644985820758,Adelantar_compra_trigo
2023-01-30,-0.6876969981989411,-1.742067663224803,0.023100434303378936,0.17225107013459423,Adelantar_compra_trigo
2023-01-31,-0.700476800794565,-1.6982907296313494,0.027156912114449483,0.20040943161841043,Adelantar_compra_trigo
2023-02-01,-0.0762887480286576,-0.10746823346449166,0.01905376417913507,0.04829927755152071,Neutral
2023-02-02,-0.25150416157024047,-0.5266844098096441,0.06854575071328539,0.8043558741649282,Neutral
2023-02-03,-0.3867203707442304,-0.8509168849650255,-0.005130946533683511,-0.39197310065906044,Neutral
2023-02-06,-0.43690457132971794,-0.9498321492834004,-0.10413485389021915,-1.8984317334902894,Neutral
2023-02-07,-0.3384081630767044,-0.6837233656711242,-0.08142953379376294,-1.4828102653873332,Neutral
2023-02-08,-0.3771701162582586,-0.8002266798583878,-0.03476168078287567,-0.7449134289915718,Neutral
2023-02-09,-0.21327568981122447,-0.38724537491902883,-0.015108415048241008,-0.41989238378034055,Neutral
2023-02-10,-0.3664370078957626,-0.7896817942991183,0.054508747888360354,0.706577329000312,Neutral
2023-02-13,-0.5657938553828483,-1.2931843488316177,0.06817542596188031,0.9448830267740765,Neutral
2023-02-14,-0.8083960384777269,-1.85534398067707,0.027467003538320434,0.3287818348987653,Adelantar_compra_trigo
2023-02-15,-1.0748258853674373,-2.3698019234702294,-0.08006839643990737,-1.4358842789398794,Adelantar_compra_trigo
2023-02-16,-1.0366896066347082,-2.1475589539537205,-0.06549904049529043,-1.1704689172642955,Adelantar_compra_trigo
2023-02-17,-0.9682579589186844,-1.8934623629439895,1.9064804936963498e-05,-0.09539977800001186,Adelantar_compra_trigo
2023-02-20,-0.9593252394872058,-1.786448193556534,-0.017801688284685646,-0.37880491232613406,Adelantar_compra_trigo
2023-02-21,-0.6403233897547818,-1.037702347680608,-0.008474993472021408,-0.2314077809293693,Neutral
2023-02-22,-0.34088493014141985,-0.3539372698891719,0.01612980216199511,0.17213879557358025,Neutral
2023-02-23,-0.3538990194718341,-0.3687071710128613,-0.03399094375120759,-0.6748290106512332,Neutral
2023-02-24,-0.6325040249361624,-0.9606921203581781,0.008247702920444855,0.026594695239867874,Neutral
2023-02-27,-0.6501174762682957,-0.9752212407566025,0.08769811878894496,1.3313418175467864,Neutral
2023-02-28,-0.6774879102593196,-1.0128400852051624,0.059448905721077416,0.8255731203979435,Neutral
2023-03-01,-0.7122461109900167,-1.0593311543085802,-0.005955504121391897,-0.29624171765153096,Neutral
2023-03-02,-0.7439198038694457,-1.0970907983164033,-0.004293961554749703,-0.30684904219165726,Neutral
2023-03-03,-0.765686522780995,-1.1211185083449122,-0.10216505952224941,-1.986446301587874,Neutral
2023-03-06,-0.7373360376299889,-1.0250474893350818,-0.058585662566061014,-1.198928404264005,Neutral
2023-03-07,-0.7567046091054861,-1.0555769126729069,-0.01969003725455587,-0.5147272686171975,Neutral
2023-03-08,-0.629268161360585,-0.7301393895358977,0.0728184822364717,1.0394525351822341,Neutral
2023-03-09,-0.48914838268097416,-0.31451644277600255,0.05238862044902226,0.6668936640370079,Neutral
2023-03-10,-0.5919953445760617,-0.6129062931574945,0.06020492770531982,0.7730495265718704,Neutral
2023-03-13,-0.28867442450004077,0.4007438353022119,0.00898862616661078,-0.10439073086970187,Neutral
2023-03-14,-0.4300707564225661,-0.03878319406669055,-0.0060436002416166534,-0.3474029809943867,Neutral
2023-03-15,-0.6630972386246246,-0.8057589972725886,-0.07571905799314504,-1.4956946255969137,Neutral
2023-03-16,-0.5107899293289444,-0.256781907455416,-0.05971973832469901,-1.1851799099711,Neutral
2023-03-17,-0.5896731685284937,-0.5136821053128872,-0.052989759595258645,-1.0372523961968554,Neutral
2023-03-20,-0.460901873722376,-0.04855912520935287,-0.025327204624679966,-0.5292339649717175,Neutral
2023-03-21,-0.8251372978276148,-1.2874862506152909,-0.04546741807430621,-0.8573337935408593,Neutral
2023-03-22,-0.48088472188012776,-0.06165411811631741,-0.026699469131101106,-0.5012957465544046,Neutral
2023-03-23,-0.29389114202248656,0.599856848448872,-0.02865681607139936,-0.5385289009227304,Neutral
2023-03-24,-0.5276077467588856,-0.2031130639624451,-0.03379858983672723,-0.6159185345851842,Neutral
2023-03-27,-0.7207966484311594,-0.8712235833479329,-0.018811555791990342,-0.32460433289306834,Neutral
2023-03-28,-0.3319297422471985,0.5346695716801215,-0.005598296813762005,-0.08159408396520287,Neutral
2023-03-29,-0.4233330892297493,0.20503070049680674,0.03809700045387143,0.7173994191432438,Neutral
2023-03-30,-0.5178943071440365,-0.12729441685944987,0.027032657584327158,0.570066612907863,Neutral
2023-03-31,-0.8433542478116793,-1.2645292000042498,0.008072262818220377,0.24388836552038995,Neutral
2023-04-03,-0.8045872962057841,-1.0983413204683306,0.004510974467033302,0.184880203418685,Neutral
2023-04-04,-0.7481024303565942,-0.8648941262054404,-0.02779908779934681,-0.43283447224994165,Neutral
2023-04-05,-0.5321846365176928,-0.017910328378452495,-0.0346520468547904,-0.5532105241143929,Neutral
2023-04-06,-0.709356032226216,-0.6823795613872652,0.07622609306271566,1.5750930546061872,Neutral
2023-04-07,-0.8794123743691742,-1.3205189552016978,0.016563452956700253,0.41925226165589613,Neutral
2023-04-10,-0.699749685573293,-0.5775926545774343,0.0022599132318954496,0.12273208000692207,Neutral
2023-04-11,-0.43610275245338226,0.5715843853829896,-0.011232189614897026,-0.18055444061570164,Neutral
2023-04-12,-0.6622047901045613,-0.39182318855812726,-0.013869430092325663,-0.26309717343263056,Neutral
2023-04-13,-0.3883840818381765,0.8506068420559142,-0.020654767327509926,-0.4242411837117412,Neutral
2023-04-14,-0.32950223670764345,1.1213615052668482,-0.0022163396497145715,-0.04473711191682856,Neutral
2023-04-17,-0.07598069453211842,2.1688122714216385,-0.07906158691455545,-1.612233009115719,Retrasar_compra_trigo
2023-04-18,-0.07345714017595295,2.119067753506854,-0.01199168979215326,-0.1725340294356934,Retrasar_compra_trigo
2023-04-19,-0.5334923414571593,0.1638206490628557,0.02149991695573039,0.5828547195125647,Neutral
2023-04-20,-0.4946451267921459,0.3197197861665303,-0.03722476207745418,-0.6906486429787162,Neutral
2023-04-21,-0.2341307061303466,1.3891652565567902,-0.12719331120373112,-2.4993767326412555,Neutral
2023-04-24,-0.3696366905895925,0.7831059835618441,-0.13836645964472938,-2.5357884103841575,Neutral
2023-04-25,-0.38972189729119044,0.6746950622098317,-0.11083491967291947,-1.8883832137481116,Neutral
2023-04-26,-0.36846961523133004,0.8108136432322147,0.036696397448985785,0.9748829450297501,Neutral
2023-04-27,-0.8262043343692289,-1.1691264786015856,0.05055078866347973,1.2599147445358938,Neutral
2023-04-28,-0.4359057013866723,0.5626760693410208,-0.04813295035494036,-0.6532320805758228,Neutral
2023-05-01,-0.5452196318650806,0.08607776253048491,-0.07007233341824404,-1.1096115644017688,Neutral
2023-05-02,-0.3893653787086331,0.7856248306930849,-0.05571871203284351,-0.8417685104365664,Neutral
2023-05-03,-0.35582295633156935,0.9323776982316512,-0.03227228265250748,-0.3740130386215825,Neutral
2023-05-04,-0.06644769532520467,2.1659819554762247,-0.08375573738213893,-1.3585424454505308,Retrasar_compra_trigo
2023-05-05,0.03173434405078712,2.4453104600515756,-0.07119711893295055,-1.0768107910962141,Retrasar_compra_trigo
2023-05-08,-0.011667145634868703,2.136925545883032,-0.08867255197227397,-1.382420868757357,Retrasar_compra_trigo
2023-05-09,-0.1773755685587961,1.4214101757216844,-0.11820710220958541,-1.8783745417980573,Neutral
2023-05-10,0.007813720340723584,2.087244656219315,-0.08215961987897313,-1.1740495349348108,Retrasar_compra_trigo
2023-05-11,-0.3465384259841322,0.6575620224235295,-0.027152467473597897,-0.11575347335718696,Neutral
2023-05-12,-0.17647541832175673,1.3234674745318402,0.017757753591441494,0.7560107028561974,Neutral
2023-05-15,-0.3529191879547753,0.5617990057651189,0.03939734023741437,1.146846198476337,Neutral
2023-05-16,-0.0672044912185985,1.7128934418247777,0.0070484985997221195,0.51625978733631,Retrasar_compra_trigo
2023-05-17,-0.01883847401446026,1.842745551528407,0.039284763959121394,1.1223987701490792,Retrasar_compra_trigo
2023-05-18,0.11968826547848455,2.2740020590397276,0.046560757224275884,1.2208207396799402,Retrasar_compra_trigo
2023-05-19,0.12706777409424586,2.1685586970816626,0.0398273689818438,1.0750033353931276,Retrasar_compra_trigo
2023-05-22,-0.22442580650218247,0.8155359521140866,-0.0005394243609748717,0.35722684861601944,Neutral
2023-05-23,-0.3482331043881546,0.3302136179041328,-0.022895659163756132,-0.050855755052189054,Neutral
2023-05-24,-0.17381965629435303,0.9589855892917669,-0.012528636619636213,0.15662497563111072,Neutral
2023-05-25,-0.11536590420273818,1.1426747161134043,0.1113451804715253,2.438729233310446,Neutral
2023-05-26,0.13841179097459833,2.008628190712979,0.09702618238261085,2.0725160162370235,Retrasar_compra_trigo
2023-05-29,0.21291261829518682,2.16482431195754,0.03954504770218947,0.9779971041871808,Retrasar_compra_trigo
2023-05-30,-0.0018291164887740408,1.3418665576918913,-0.008822715772735634,0.08380496535263887,Neutral
2023-05-31,-0.1496046203670982,0.7795517124515414,-0.026996607646291748,-0.22515346161510974,Neutral
2023-06-01,-0.10483850735864131,0.9137553094079589,0.08466598063895736,1.837309997545407,Neutral
2023-06-02,-0.5221701986137823,-0.5986357335444474,0.04646949428433844,1.1400561866158798,Neutral
2023-06-05,-0.14033180322408434,0.7713297133634188,0.08029433710140155,1.706490412274622,Neutral
2023-06-06,-0.030743815245634742,1.13036622812603,0.04260734374532915,0.9978377644311975,Neutral
2023-06-07,0.22890078353036802,1.9574914422289884,0.04308159792654109,0.9736096846033306,Retrasar_compra_trigo
2023-06-08,-0.11137645632406201,0.7473934654003838,0.07171780850214549,1.4356462012927464,Neutral
2023-06-09,0.158536997493683,1.6174398376949435,0.029818480685112503,0.6627389696261096,Retrasar_compra_trigo
2023-06-12,0.6257559986458618,2.920806676029596,-0.0030311443307913244,0.067671871567341,Retrasar_compra_trigo
2023-06-13,0.2689075759170123,1.729054471758404,0.08106226725717947,1.5132570678583728,Retrasar_compra_trigo
2023-06-14,0.40687991904060006,2.0482218321543897,0.1084454347085666,1.897480565945619,Retrasar_compra_trigo
2023-06-15,0.36424194862513115,1.8292114973684261,0.11615020345551197,1.9267125788356356,Retrasar_compra_trigo
2023-06-16,0.0071854248735681026,0.7429599395918087,0.12258776437877805,1.9304872747818544,Neutral
2023-06-19,0.11312301397283875,1.0253898869106033,0.11427669786304784,1.717513680218499,Neutral
2023-06-20,0.27880212684965944,1.4650895936998125,0.19221306147414352,2.7012945941118813,Neutral
2023-06-21,0.12688337976487762,0.9853802362509401,0.15103791342661643,2.000293163492655,Neutral
2023-06-22,0.3616452582903458,1.6049897717194022,0.14573468221434593,1.8416816798128541,Retrasar_compra_trigo
2023-06-23,-0.019790686083699605,0.47890468778323503,0.03903604663107263,0.3653353033781892,Neutral
2023-06-26,-0.2975261976414867,-0.38198696705206703,-0.011195081463498457,-0.32152231202260145,Neutral
2023-06-27,-0.23253623216359376,-0.21527966594548648,-0.06592610992852999,-1.0572348734456498,Neutral
2023-06-28,-0.19273840980247758,-0.10928377535258874,0.01158928033022022,-0.010289681520342491,Neutral
2023-06-29,-0.29886950212608454,-0.4802460558926221,-0.10706325393886029,-1.5689681349648046,Neutral
2023-06-30,-0.10080794372653124,0.12936227303245282,-0.09631279158065698,-1.3757410049171135,Neutral
2023-07-03,0.021378549192161422,0.5229051102519817,-0.20193445489399497,-2.571340937468112,Neutral
2023-07-04,0.20309535118858424,1.1270205169239071,-0.18898167943762822,-2.265910241852571,Neutral
2023-07-05,0.1567545604256333,0.9387222228134275,-0.16462369635228202,-1.8854580820504045,Neutral
2023-07-06,0.2689245183316169,1.2985986929234716,-0.05724700964892859,-0.635549356808142,Neutral
2023-07-07,0.14936253436831404,0.8390023372051414,-0.023372276033819528,-0.24109006301275304,Neutral
2023-07-10,0.579334209448727,2.2458228876501334,-0.05600613170211499,-0.6234190219237343,Retrasar_compra_trigo
2023-07-11,0.3361093270799014,1.3618049136437693,0.01266771835006586,0.16530684749480618,Neutral
2023-07-12,0.7689546070425148,2.64262349783562,0.01581854664449911,0.20285580439038986,Retrasar_compra_trigo
2023-07-13,0.6855329646322543,2.2467642232284364,0.014623676507208083,0.17927200986718236,Retrasar_compra_trigo
2023-07-14,0.3028546261250957,1.001993800040409,-0.042899776856258676,-0.5108746475152502,Neutral
2023-07-17,0.5706241295217902,1.7663188429442984,-0.07977313694157662,-0.970872983760792,Retrasar_compra_trigo
2023-07-18,0.5335363995876428,1.5886156747379914,-0.09783635579224326,-1.1931935115615353,Retrasar_compra_trigo
2023-07-19,0.6642580487311811,1.8987007784263077,-0.06869763004876384,-0.8194011540435345,Retrasar_compra_trigo
2023-07-20,0.8690702488030677,2.446253377730642,-0.04648537449440182,-0.5354081158890485,Retrasar_compra_trigo
2023-07-21,0.8430806825145716,2.2449937732473524,0.04123877201428683,0.49457753832158136,Retrasar_compra_trigo
2023-07-24,0.6056588907722418,1.503376031944452,0.054408741854516496,0.6287893155844763,Retrasar_compra_trigo
2023-07-25,0.7589767429366443,1.8799799367195675,-0.08314831082475949,-1.0087387026777925,Retrasar_compra_trigo
2023-07-26,0.6691339991581167,1.5585428608203318,-0.04861829507698179,-0.5928341080603314,Retrasar_compra_trigo
2023-07-27,0.7475631088655312,1.7095821244536549,-0.10357038291563359,-1.237428893531311,Retrasar_compra_trigo
2023-07-28,0.18912379629780585,0.10017954773479086,-0.12185728926311734,-1.427524808909586,Neutral
2023-07-31,0.2666673669999806,0.3098637683921594,-0.13089097698944707,-1.5089707654501867,Neutral
2023-08-01,0.10580328218309631,-0.16743461477948898,-0.12689334417676434,-1.4574561175443106,Neutral
2023-08-02,0.4497525443899262,0.8046484735778228,-0.16094198825068995,-1.797815374377597,Neutral
2023-08-03,0.5380551514706209,1.0276062468899505,-0.11040380303074393,-1.195751277421157,Neutral
2023-08-04,0.530025295627059,0.9713138253994341,-0.14415625029740964,-1.5131956603149352,Neutral
2023-08-07,0.5788751599141344,1.0821725723207123,-0.08838205833951185,-0.8740004158155145,Neutral
2023-08-08,0.296385589174303,0.22995707946492364,0.04313571112598047,0.5546004437426213,Neutral
2023-08-09,0.6218744441337316,1.1576999109079318,-0.02879895534329857,-0.2172561664594352,Neutral
2023-08-10,1.0128127920992718,2.175448499673272,-0.033939611378275725,-0.25939854466094214,Retrasar_compra_trigo
2023-08-11,0.9823483074782295,1.9802476622618685,-0.13869199892664752,-1.354939905315554,Retrasar_compra_trigo
2023-08-14,1.2500991176214686,2.533695309662508,-0.11358858679341122,-1.0534700585609948,Retrasar_compra_trigo
2023-08-15,0.9540220760273543,1.6985369680201015,-0.05278959501436953,-0.39730432348548117,Retrasar_compra_trigo
2023-08-16,0.6521305831147899,0.8783933118695918,-0.0012264868035620768,0.15146696023284056,Neutral
2023-08-17,0.5854265953639617,0.676787311279062,0.010224617053135043,0.29626390410409653,Neutral
2023-08-18,0.6156506502135635,0.7341603708360916,0.05839226851967649,0.831733805930613,Neutral
2023-08-21,0.45604191499231916,0.3005818861653504,0.18232266759348015,2.0843124706428906,Neutral
2023-08-22,0.5236124743749606,0.4589174196321125,0.23105758662925258,2.4233014316859376,Neutral
2023-08-23,0.5314014204167243,0.4556756989830277,0.14770992374097358,1.5295427984799626,Neutral
2023-08-24,0.2520206585369982,-0.31927218472890667,0.04116858397453216,0.4956101238125685,Neutral
2023-08-25,0.33770818917502865,-0.1308375468379199,0.019976837457596375,0.2918682173732536,Neutral
2023-08-28,0.4899912792485601,0.2841564374684885,-0.028191547992205024,-0.16648591366898743,Neutral
2023-08-29,0.47228922186761757,0.21009665962913981,0.004184760752078409,0.16168126725486903,Neutral
2023-08-30,0.6797136692875476,0.8040641069271529,-0.04404228506429231,-0.3043176426126133,Neutral
2023-08-31,0.3285387291171702,-0.26779381524719115,-0.0296286939558168,-0.1446699570015378,Neutral
2023-09-01,0.39583647007401,-0.07586895817709711,0.024798554163314224,0.4021995123471958,Neutral
