,RV_d,RV_w,RV_m,RV_next,logRV_d,logRV_w,logRV_m,logRV_next
2016-02-02,7.592629797290391e-05,8.964024256001525e-05,9.057007249179055e-05,8.633846798113171e-05,-9.485746134651375,-9.319705087530425,-9.3093856210657,-9.35723415378487
2016-02-03,8.633846798113171e-05,8.701555085438896e-05,8.954168488109769e-05,3.647314798065049e-05,-9.35723415378487,-9.3494225606108,-9.320805171453575,-10.218931498138799
2016-02-04,3.647314798065049e-05,8.351390394911247e-05,8.759399685169003e-05,4.747925226133693e-05,-10.218931498138799,-9.390496228204125,-9.342796949830355,-9.955215630663444
2016-02-05,4.747925226133693e-05,8.461957843682429e-05,8.441093012506657e-05,7.430809073604797e-05,-9.955215630663444,-9.377343712764372,-9.379812476215763,-9.507289373607815
2016-02-08,7.430809073604797e-05,6.41050513864142e-05,7.951452375481839e-05,3.620158589169766e-05,-9.507289373607815,-9.654985832424076,-9.439569606618601,-10.226404868623113
2016-02-09,3.620158589169766e-05,5.6160108970172943e-05,7.772328025234077e-05,6.9334751643602e-05,-10.226404868623113,-9.787302077274779,-9.462354441704717,-9.576562868465041
2016-02-10,6.9334751643602e-05,5.275936570266701e-05,7.743806152641237e-05,4.639028189988079e-05,-9.576562868465041,-9.849767357106032,-9.46603085589744,-9.97841840685941
2016-02-11,4.639028189988079e-05,5.474279248651307e-05,7.103693818740262e-05,4.8029062268719766e-05,-9.97841840685941,-9.812863015292633,-9.552309152331334,-9.94370218427351
2016-02-12,4.8029062268719766e-05,5.485275448798963e-05,6.754930025486092e-05,3.978778299088595e-05,-9.94370218427351,-9.810856330883581,-9.602651372133959,-10.131948139492597
2016-02-15,3.978778299088595e-05,4.7948692938957234e-05,6.6302554718834e-05,0.00015706857737440212,-10.131948139492597,-9.945376930278954,-9.621280620566022,-8.758827412757238
2016-02-16,0.00015706857737440212,7.212209123549812e-05,6.837432659364172e-05,0.00010196525146202861,-8.758827412757238,-9.537148776903,-9.590511683456317,-9.190877493936986
2016-02-17,0.00010196525146202861,7.864819119918344e-05,6.994456315042615e-05,4.490728669363319e-05,-9.190877493936986,-9.450524655343395,-9.567806154968183,-10.010908262412249
2016-02-18,4.490728669363319e-05,7.835159215793393e-05,6.892479651727415e-05,0.00010366550508225823,-10.010908262412249,-9.454302991974483,-9.582493102437127,-9.17434017486965
2016-02-19,0.00010366550508225823,8.947888072064163e-05,6.92763509362337e-05,4.2513686600805465e-05,-9.17434017486965,-9.321506812548915,-9.57740552284801,-10.065682144029973
2016-02-22,4.2513686600805465e-05,9.002406144262553e-05,6.972445353434215e-05,7.489849330519143e-05,-10.065682144029973,-9.315432463189458,-9.57095802770762,-9.499375448589543
2016-02-23,7.489849330519143e-05,7.35900446287834e-05,7.14980013465824e-05,2.268586452429751e-05,-9.499375448589543,-9.516999445695678,-9.545839663210145,-10.693764127599364
2016-02-24,2.268586452429751e-05,5.773416724123716e-05,6.961244142776755e-05,2.20981827679949e-05,-10.693764127599364,-9.759659674400982,-9.572565813929002,-10.720010655265247
2016-02-25,2.20981827679949e-05,5.3172346456109514e-05,6.828847655748368e-05,5.3063137980239766e-05,-10.720010655265247,-9.841970219542853,-9.591768059292809,-9.844026186234608
2016-02-26,5.3063137980239766e-05,4.305187303570581e-05,6.617944071525534e-05,8.583115918141153e-05,-9.844026186234608,-10.053102496881618,-9.623139195427568,-9.363127291697328
2016-02-29,8.583115918141153e-05,5.171536755182702e-05,6.7627157836818e-05,7.774687821954327e-05,-9.363127291697328,-9.869753642242822,-9.60149943374954,-9.462050873003703
2016-03-01,7.774687821954327e-05,5.22850445346974e-05,6.925424867303462e-05,6.315025483490927e-05,-9.462050873003703,-9.858798270554965,-9.577724618145936,-9.669992090261799
2016-03-02,6.315025483490927e-05,6.0377922596819744e-05,6.408468180243511e-05,5.30693212178499e-05,-9.669992090261799,-9.714885383529243,-9.655303635603214,-9.843909667197698
2016-03-03,5.30693212178499e-05,6.657215028679074e-05,6.304572831356902e-05,2.5319014832029786e-05,-9.843909667197698,-9.617222729606311,-9.67164866247557,-10.583950920539918
2016-03-04,2.5319014832029786e-05,6.102332565714875e-05,6.027211680679166e-05,3.177196494610472e-05,-10.583950920539918,-9.704252740344149,-9.716639309881563,-10.356923115065278
2016-03-07,3.177196494610472e-05,5.021148681008738e-05,6.005842666885776e-05,3.643328106229322e-05,-10.356923115065278,-9.899264744949853,-9.720191026698028,-10.220025141415254
2016-03-08,3.643328106229322e-05,4.194876737863738e-05,5.955633706890122e-05,8.89411579928869e-05,-10.220025141415254,-10.079059124732892,-9.728586172809175,-9.32753442869474
2016-03-09,8.89411579928869e-05,4.71069480102329e-05,6.022147648966664e-05,8.392472155412723e-05,-9.32753442869474,-9.963087928853666,-9.717479856414645,-9.385589141354505
2016-03-10,8.392472155412723e-05,5.327802807748837e-05,6.239070992886798e-05,2.3874717898184488e-05,-9.385589141354505,-9.839984666030116,-9.682092570216144,-10.64268629892774
2016-03-11,2.3874717898184488e-05,5.2989168690719315e-05,6.032434475862173e-05,5.5875715935720264e-05,-10.64268629892774,-9.845421142447094,-9.715773150662603,-9.792378902260737
2016-03-14,5.5875715935720264e-05,5.780991888864242e-05,6.07555008511599e-05,4.713246315016861e-05,-9.792378902260737,-9.75834846013335,-9.7086512849125,-9.96254643382318
2016-03-15,4.713246315016861e-05,5.99497553062175e-05,6.07147463457712e-05,3.7828083274037044e-05,-9.96254643382318,-9.722002090068017,-9.709322304207454,-10.182456143892084
2016-03-16,3.7828083274037044e-05,4.972714036244753e-05,6.062566908591443e-05,7.253431097626441e-05,-10.182456143892084,-9.908957679187452,-9.710790522833864,-9.531449474551437
2016-03-17,7.253431097626441e-05,4.744905824687496e-05,5.678320243145362e-05,0.00011428423618005547,-9.531449474551437,-9.955851772857576,-9.77626824673242,-9.076821037848879
2016-03-18,0.00011428423618005547,6.553096190324916e-05,5.7343156282273035e-05,0.00014435748699181627,-9.076821037848879,-9.632986300202884,-9.766455310103819,-8.84321709354263
2016-03-21,0.00014435748699181627,8.322731611446836e-05,6.186361993219043e-05,6.043354197834029e-05,-8.84321709354263,-9.393933743810512,-9.690576657821053,-9.713964621686491
2016-03-22,6.043354197834029e-05,8.588753188010269e-05,5.989853070019417e-05,5.756876831104867e-05,-9.713964621686491,-9.362470722110046,-9.722856912867194,-9.762528617085739
2016-03-23,5.756876831104867e-05,8.983566888750502e-05,6.058285259611432e-05,8.48789573407285e-05,-9.762528617085739,-9.317527344730575,-9.711497014759312,-9.374283169508052
2016-03-24,8.48789573407285e-05,9.230459816039784e-05,6.103651005227509e-05,0.0001445882612254466,-9.374283169508052,-9.290415516771487,-9.704036709026429,-8.841619740929636
2016-03-25,0.0001445882612254466,9.836540316947606e-05,6.65775280841455e-05,7.92548191760291e-05,-8.841619740929636,-9.226820392918716,-9.617141951502365,-9.44284107551143
2016-03-28,7.92548191760291e-05,8.534486960631864e-05,6.917555701178342e-05,6.990856515346853e-05,-9.44284107551143,-9.368809048875306,-9.57886153451516,-9.568320951407985
2016-03-29,6.990856515346853e-05,8.723987424134427e-05,6.994125824693019e-05,3.883572463050235e-05,-9.568320951407985,-9.346847911892876,-9.567853406344177,-10.156167422109213
2016-03-30,3.883572463050235e-05,8.349326550523501e-05,6.780510213097977e-05,3.0410507381374466e-05,-10.156167422109213,-9.390743384291309,-9.598871638365765,-10.400719083394076
2016-03-31,3.0410507381374466e-05,7.259957551336422e-05,6.5653448911063e-05,9.032888797579852e-05,-10.400719083394076,-9.5305501056564,-9.631118900625326,-9.312052130498644
2016-04-01,9.032888797579852e-05,6.17477008634346e-05,6.688884132655797e-05,0.00016846182554893343,-9.312052130498644,-9.692452196637984,-9.612476906040117,-8.688800794838848
2016-04-04,0.00016846182554893343,7.958910213801545e-05,7.213395515978904e-05,0.00010542235817092718,-8.688800794838848,-9.438632125847906,-9.536984292873864,-9.157534868928904
2016-04-05,0.00010542235817092718,8.669186074150719e-05,7.5775016220648e-05,0.00016376227724084868,-9.157534868928904,-9.353149403488459,-9.487740601261795,-8.71709410010175
2016-04-06,0.00016376227724084868,0.00011167717126357645,8.177457587040909e-05,0.0001491848949335545,-8.71709410010175,-9.099897352776862,-9.411542948223511,-8.810323445402569
2016-04-07,0.0001491848949335545,0.00013543204877401244,8.68996492281937e-05,8.348549996393317e-05,-8.810323445402569,-8.907039790115453,-9.350755411448603,-9.390836396501387
2016-04-08,8.348549996393317e-05,0.0001340633711716394,8.665166477233217e-05,0.00012194358671902262,-9.390836396501387,-8.91719720469744,-9.35361317533571,-9.011951204064136
2016-04-11,0.00012194358671902262,0.00012475972340565724,8.837979500710015e-05,0.0002767783038060632,-9.011951204064136,-8.989120081698122,-9.333866046233645,-8.192293358196403
2016-04-12,0.0002767783038060632,0.00015903091253268443,9.987541254836735e-05,0.0001762600034009351,-8.192293358196403,-8.746411327387936,-9.211586021992456,-8.643549793654245
2016-04-13,0.0001762600034009351,0.00016153045776470172,0.00010534742561496801,0.00037036801724516725,-8.643549793654245,-8.73081622103459,-9.158245905270704,-7.901013135448973
2016-04-14,0.00037036801724516725,0.00020576708222702425,0.00012003995080110433,4.842143202835655e-05,-7.901013135448973,-8.48876521167748,-9.027685114190728,-9.935565966551014
2016-04-15,4.842143202835655e-05,0.00019875426863990897,0.00012052146665357339,0.00018348787262424234,-9.935565966551014,-8.523440824093244,-9.023681844669722,-8.603361436899828
2016-04-18,0.00018348787262424234,0.00021106312582095288,0.00012556481036484513,0.00017577869730364692,-8.603361436899828,-8.4633528209333,-8.982687719039015,-8.646284186905756
2016-04-19,0.00017577869730364692,0.00019086320452046962,0.00012836001314319017,0.00013249952585095082,-8.646284186905756,-8.563953069279982,-8.960670860270918,-8.928930736308393
2016-04-20,0.00013249952585095082,0.00018211110901047279,0.0001278210149095145,0.00014769029795216434,-8.928930736308393,-8.610893018976421,-8.964878811283587,-8.820392381019804
2016-04-21,0.00014769029795216434,0.0001375755651518722,0.00013178723109014286,4.033180721983033e-05,-8.820392381019804,-8.891336500199158,-8.934321062745473,-10.118367659846783
2016-04-22,4.033180721983033e-05,0.00013595764019016694,0.00013100373285872383,8.110457043606316e-05,-10.118367659846783,-8.903166454411833,-8.940283976727603,-9.41977000989363
2016-04-25,8.110457043606316e-05,0.00011548097975253111,0.00013083216981760269,0.0001256746236927257,-9.41977000989363,-9.06640385308742,-8.941594438225614,-8.981813546973882
2016-04-26,0.0001256746236927257,0.00010546016503034687,0.00012997245902066082,0.000278476012702637,-8.981813546973882,-9.15717631077629,-8.948187214246607,-8.186178273540717
2016-04-27,0.000278476012702637,0.0001346554624006841,0.00013902796781732483,0.00013337283627809352,-8.186178273540717,-8.912790429491697,-8.880834718474699,-8.922361321541027
2016-04-28,0.00013337283627809352,0.00013179197006586994,0.00014191270741389868,7.886712764377104e-05,-8.922361321541027,-8.934285104125742,-8.860297721254538,-9.447744782132359
2016-04-29,7.886712764377104e-05,0.00013949903415065812,0.00014373231664177455,8.188639145869466e-05,-9.447744782132359,-8.877452163527435,-8.847557204782136,-9.410176520163535
2016-05-02,8.188639145869466e-05,0.0001396553983551844,0.00014607212955438,0.0001945494300171153,-9.410176520163535,-8.876331893951566,-8.831409335615797,-8.544823774280061
2016-05-03,0.0001945494300171153,0.0001534303596200623,0.0001508094269198944,0.00019390184576281326,-8.544823774280061,-8.782263125378053,-8.799492928524561,-8.548157960888176
2016-05-04,0.00019390184576281326,0.00013651552623209756,0.00015196579147507076,0.00011216214719641172,-8.548157960888176,-8.899071472000529,-8.791854460489363,-9.09556409924736
2016-05-05,0.00011216214719641172,0.0001322733884157612,0.0001522721455216837,0.0001669267590891493,-9.09556409924736,-8.930638896827647,-8.789840550246678,-8.697954811010236
2016-05-06,0.0001669267590891493,0.00014988531470483684,0.00015241598560569735,0.00015715209596423943,-8.697954811010236,-8.805639457757557,-8.788896371687775,-8.758295821135608
2016-05-09,0.00015715209596423943,0.00016493845560594582,0.00015277813110709212,0.000266863168350277,-8.758295821135608,-8.709937543685163,-8.786523157957802,-8.22877413429085
2016-05-10,0.000266863168350277,0.00017940120327257814,0.00016111347967010775,0.00012862571797720947,-8.22877413429085,-8.625885343747358,-8.73340097791293,-8.958603004435068
2016-05-11,0.00012862571797720947,0.00016634597771545738,0.00016141721290911624,0.00011584034721731927,-8.958603004435068,-8.701440134284184,-8.731517540786234,-9.063296768687572
2016-05-12,0.00011584034721731927,0.0001670816177196389,0.00015410185124599152,0.00010661013540056066,-9.063296768687572,-8.69702753756675,-8.777896153512065,-9.146331033951043
2016-05-13,0.00010661013540056066,0.00015501829298192115,0.00015093594815506538,5.2842443785401866e-05,-9.146331033951043,-8.771966783685599,-8.798654333012072,-9.84819393818575
2016-05-16,5.2842443785401866e-05,0.00013415636254615366,0.0001365029675432579,0.00011685057012242931,-9.84819393818575,-8.916503808222755,-8.89916347074739,-9.054613762101292
2016-05-17,0.00011685057012242931,0.0001041538429005841,0.0001396133829111703,0.00013239002450985936,-9.054613762101292,-9.169640533071014,-8.876632789841548,-8.929757505537324
2016-05-18,0.00013239002450985936,0.00010490670420711409,0.0001372907534514256,0.00011902490367781138,-8.929757505537324,-9.162438180918071,-8.893408864660465,-9.036176971984206
2016-05-19,0.00011902490367781138,0.00010554361549921251,0.0001347110355593422,9.845785981428135e-05,-9.036176971984206,-9.156385325952144,-8.912377808630488,-9.225880904808871
2016-05-20,9.845785981428135e-05,0.00010391316038195666,0.00013316368710312995,4.487043163991238e-05,-9.225880904808871,-9.171954041612304,-8.923930705416073,-10.011729289597445
2016-05-23,4.487043163991238e-05,0.00010231875795285875,0.00012849005681620938,6.492570115490203e-05,-10.011729289597445,-9.187416562280031,-8.959658257215047,-9.642265460793451
2016-05-24,6.492570115490203e-05,9.19337841593533e-05,0.00012960796108598538,7.17386686325462e-05,-9.642265460793451,-9.294440889710058,-8.950995576242882,-9.542479250315417
2016-05-25,7.17386686325462e-05,7.980351298389067e-05,0.00012918223827673462,5.37016066683983e-05,-9.542479250315417,-9.435941779046063,-8.954285676604627,-9.832065775420059
2016-05-26,5.37016066683983e-05,6.673885358200805e-05,0.00012591073750290151,6.861930493119851e-05,-9.832065775420059,-9.614721763786918,-8.979936540373219,-9.586935192515634
2016-05-27,6.861930493119851e-05,6.077114260539148e-05,0.00011637179624056342,9.840764957375411e-05,-9.586935192515634,-9.708393864348071,-9.058719493050836,-9.22639100117631
2016-05-30,9.840764957375411e-05,7.147858619215983e-05,0.00011478246957218437,0.0002825177091830831,-9.22639100117631,-9.54611124791807,-9.072470918601514,-8.171768968008754
2016-05-31,0.0002825177091830831,0.00011499698779779606,0.00012403931418760765,0.0001935692540369912,-8.171768968008754,-9.070603753419094,-8.99491118651319,-8.54987469091529
2016-06-01,0.0001935692540369912,0.00013936310487868507,0.0001291158079411666,0.00017487390033809748,-8.54987469091529,-8.87842704800421,-8.954800045850298,-8.651444841431866
2016-06-02,0.00017487390033809748,0.00016359756361262489,0.00012822146568302941,0.00014343901668372686,-8.651444841431866,-8.718100414994028,-8.961750808568551,-8.849599886775266
2016-06-03,0.00014343901668372686,0.00017856150596313054,0.0001259277007248891,4.50147778998738e-05,-8.849599886775266,-8.630576884842629,-8.979801825365763,-10.008517502839506
2016-06-06,4.50147778998738e-05,0.0001678829316283545,0.00012287554757504647,0.0001004423212836947,-10.008517502839506,-8.69224306135627,-9.004337709317166,-9.205925917198282
2016-06-07,0.0001004423212836947,0.0001314678540484768,0.00011985352767479853,0.00011505544716732403,-9.205925917198282,-8.936747431493862,-9.029239329083067,-9.07009552737078
2016-06-08,0.00011505544716732403,0.00011576509267454337,0.0001179400436385751,0.00048769826207214524,-9.07009552737078,-9.063946619403293,-9.04533331949733,-7.625813453728081
2016-06-09,0.00048769826207214524,0.00017832996502135291,0.00012797800244411457,0.0002406599553971166,-7.625813453728081,-8.631874426887386,-8.96365138333495,-8.332125178765983
2016-06-10,0.0002406599553971166,0.0001977741527640309,0.00013307046778138307,0.00022247216528335428,-8.332125178765983,-8.52838431527641,-8.924630985630447,-8.410708114539378
2016-06-13,0.00022247216528335428,0.00023326563024072695,0.0001379173686025665,0.00018670687941336095,-8.410708114539378,-8.363332281107853,-8.88885510531705,-8.585970125076434
2016-06-14,0.00018670687941336095,0.00025051854186666024,0.00014155812969405743,9.095393008453124e-05,-8.585970125076434,-8.291977221578902,-8.862799408258502,-9.305156342991948
2016-06-15,9.095393008453124e-05,0.00024569823845010166,0.00014329046998038145,0.00029159116597690535,-9.305156342991948,-8.311406040974855,-8.850636031433767,-8.140157510346569
2016-06-16,0.00029159116597690535,0.00020647681923105366,0.0001512332243374031,0.00033145975367974767,-8.140157510346569,-8.485321923088252,-8.796686719446246,-8.012003860710633
2016-06-17,0.00033145975367974767,0.00022463677888757988,0.00016028184839057987,0.00037499585851257736,-8.012003860710633,-8.40102533106425,-8.738576116102385,-7.888595309351732
2016-06-20,0.00037499585851257736,0.0002551415175334245,0.00017191689179216012,0.0001513082896516664,-7.888595309351732,-8.273691804086562,-8.668498803502045,-8.796190488266658
2016-06-21,0.0001513082896516664,0.00024806179958108564,0.00017431918405749582,0.00041011142398633444,-8.796190488266658,-8.30183224785794,-8.654621974395225,-7.799081425531091
2016-06-22,0.00041011142398633444,0.0003118932983614462,0.00019092104734596955,0.00012734771621330653,-7.799081425531091,-8.072849100456382,-8.56365005628058,-8.968588504598623
2016-06-23,0.00012734771621330653,0.0002790446084087265,0.00019375841166680612,0.0002580474215313761,-8.968588504598623,-8.18413854378823,-8.548897959512248,-8.262366798021839
2016-06-24,0.0002580474215313761,0.0002643621419790522,0.00020222699134402565,0.0008459320783276967,-8.262366798021839,-8.238190266617789,-8.506119277444672,-7.075071369032985
2016-06-27,0.0008459320783276967,0.00035854938594207604,0.00023823746732853923,0.0002654660898546047,-7.075071369032985,-7.933443871350074,-8.342242200092548,-8.234023070571762
2016-06-28,0.0002654660898546047,0.0003813809459826637,0.0002471850484614213,0.00019579259380669742,-8.234023070571762,-7.87171156193566,-8.305372913225114,-8.538454143136606
2016-06-29,0.00019579259380669742,0.0003385171799467363,0.000251611636835646,0.00025197734763464353,-8.538454143136606,-7.99093541832777,-8.287623385435683,-8.286170967970953
2016-06-30,0.00025197734763464353,0.00036344310623100367,0.00025022343858344424,0.00019613977313432095,-8.286170967970953,-7.919887514652953,-8.293155885286101,-8.536682514812172
2016-07-01,0.00019613977313432095,0.00035106157655159266,0.00025034028036059557,9.503581746687865e-05,-8.536682514812172,-7.95454863326357,-8.29268904468952,-9.261255659218715
2016-07-04,9.503581746687865e-05,0.00020088232437942907,0.000246711276593722,0.00016432733336551564,-9.261255659218715,-8.512790774393322,-8.307291420398101,-8.713649575675284
2016-07-05,0.00016432733336551564,0.00018065457308161125,0.0002476607455338033,9.383066788198724e-05,-8.713649575675284,-8.618923232553463,-8.303450306092044,-9.27401773993808
2016-07-06,9.383066788198724e-05,0.0001602621878966692,0.0002498796496238993,0.0001936751452578053,-9.27401773993808,-8.738698785560823,-8.294530757324763,-8.549327795110178
2016-07-07,0.0001936751452578053,0.00014860174742130158,0.0002541175052590862,0.0001037634808985153,-8.549327795110178,-8.814239993582245,-8.277713385272055,-9.1733955071935
2016-07-08,0.0001037634808985153,0.00013012648897414041,0.00025360423406504945,0.0003579178306771997,-9.1733955071935,-8.947002819967171,-8.279735245385371,-7.935206841762414
2016-07-11,0.0003579178306771997,0.00018270289161620461,0.0002477051235470974,0.00015609280759516515,-7.935206841762414,-8.607648720241441,-8.303271133491485,-8.76505916648364
2016-07-12,0.00015609280759516515,0.00018105598646213453,0.00024386116228337232,0.0001431955669228288,-8.76505916648364,-8.616703704741683,-8.318911091583056,-8.851298562814332
2016-07-13,0.0001431955669228288,0.00019092896627030285,0.00024025768053971205,0.00027879094064813177,-8.851298562814332,-8.563608579680322,-8.333798125457358,-8.185048015002682
2016-07-14,0.00027879094064813177,0.00020795212534836815,0.0002444433196867471,0.00010861632522083585,-8.185048015002682,-8.478202190469938,-8.316526688153454,-9.127687916773429
2016-07-15,0.00010861632522083585,0.00020892269421283224,0.0002452461558293064,0.00018892004445064426,-9.127687916773429,-8.473545779926777,-8.313247726386384,-8.574186148323882
2016-07-18,0.00018892004445064426,0.00017512313696752116,0.00024057928666902181,0.0004017231890803301,-8.574186148323882,-8.650020620638172,-8.332460432786327,-7.819747041978054
2016-07-19,0.0004017231890803301,0.00022424921326455417,0.0002437730791872301,0.00010579294666644667,-7.819747041978054,-8.40275211939548,-8.319272358506018,-9.154025762188988
2016-07-20,0.00010579294666644667,0.00021676868921327773,0.00023153658319422416,0.00018222053320852128,-9.154025762188988,-8.43667925995556,-8.370772238268891,-8.61029233471741
2016-07-21,0.00018222053320852128,0.00019745460772535562,0.00023294168517408117,0.0002172755309079191,-8.61029233471741,-8.530001327895661,-8.364721984654322,-8.434343821915043
2016-07-22,0.0002172755309079191,0.00021918644886277224,0.00022417641730688046,0.0003252506264057359,-8.434343821915043,-8.425587369450437,-8.403076792745454,-8.030914207197563
2016-07-25,0.0003252506264057359,0.0002464525652537906,0.0002331720041338091,0.00012072249767311893,-8.030914207197563,-8.308340610289134,-8.36373373271094,-9.022015225569204
2016-07-26,0.00012072249767311893,0.0001902524269723484,0.00022692996214025197,7.229973481696939e-05,-9.022015225569204,-8.567158278933036,-8.390868684252736,-9.534688713491386
2016-07-27,7.229973481696939e-05,0.00018355378460245292,0.00019176485561703705,0.0001805498748062696,-9.534688713491386,-8.603002284516407,-8.559240125363152,-8.619502949779617
2016-07-28,0.0001805498748062696,0.00018321965292200258,0.00018790502766029456,0.00020448372805524057,-8.619502949779617,-8.604824289909926,-8.579573362612813,-8.49502166602291
2016-07-29,0.00020448372805524057,0.00018066129235146688,0.00018830007921704655,0.00020835918010750858,-8.49502166602291,-8.618886039245448,-8.577473170538228,-8.476246660134965
2016-08-01,0.00020835918010750858,0.0001572830030918214,0.0001863174352385404,0.00021330143183126318,-8.476246660134965,-8.757463172030764,-8.588058161122422,-8.452803750931588
2016-08-02,0.00021330143183126318,0.00017579878992345026,0.00018709751063385597,0.00012024143896276183,-8.452803750931588,-8.646169887161744,-8.583880095295672,-9.026008013509964
2016-08-03,0.00012024143896276183,0.00018538713075260874,0.00018824322070185064,0.00017187639090124202,-9.026008013509964,-8.59306378124647,-8.577775172913203,-8.668734415246561
2016-08-04,0.00017187639090124202,0.00018365243397160322,0.0001885863596807473,0.0002005116473158892,-8.668734415246561,-8.602464987963113,-8.575953984187674,-8.514637722829798
2016-08-05,0.0002005116473158892,0.00018285801782373296,0.000193435495109561,0.0001169954865046309,-8.514637722829798,-8.6068000182716,-8.550565942709621,-9.053374346060659
2016-08-08,0.0001169954865046309,0.00016458527910315744,0.00018995005607532582,0.0004363638040948018,-9.053374346060659,-8.712081100500436,-8.568748856665666,-7.737034020316263
2016-08-09,0.0004363638040948018,0.00020919775355586514,0.00020506825258424796,0.0003685233579630743,-7.737034020316263,-8.472230086075353,-8.492167207160142,-7.906006190387901
2016-08-10,0.0003685233579630743,0.00025885413735592767,0.00020555032200633315,0.0001307557637629131,-7.906006190387901,-8.259245444822099,-8.489819191563223,-8.942178608889753
2016-08-11,0.0001307557637629131,0.0002506300119282619,0.00020439863819577623,0.00026176807277405404,-8.942178608889753,-8.291532363390207,-8.495437872864267,-8.248051282642534
2016-08-12,0.00026176807277405404,0.00026288129701989486,0.0002097882975526501,0.0001280875016017588,-8.248051282642534,-8.24380758940195,-8.469411165949568,-8.962796140617252
2016-08-15,0.0001280875016017588,0.00026509970003932043,0.00020293814123236044,0.00028795623214404814,-8.962796140617252,-8.235404198953546,-8.502608855592399,-8.152701713824317
2016-08-16,0.00028795623214404814,0.0002354181856491697,0.00021108995518341552,0.0004641501856366263,-8.152701713824317,-8.354146687101561,-8.46322571372506,-7.675302166721288
2016-08-17,0.0004641501856366263,0.0002545435511838801,0.00022360041614641473,0.00018657907246154344,-7.675302166721288,-8.276038219259203,-8.40564950833888,-8.586654891742274
2016-08-18,0.00018657907246154344,0.0002657082129236061,0.00021382113811828807,0.0003632541871022514,-8.586654891742274,-8.233111418809473,-8.450370227925719,-7.920407453512634
2016-08-19,0.0003632541871022514,0.0002860054357892456,0.00022552392177446098,0.0003558984265736345,-7.920407453512634,-8.159499391425292,-8.397083877979096,-7.940864905457724
2016-08-22,0.0003558984265736345,0.00033156762078362075,0.00023341837147287527,0.0004757326366836432,-7.940864905457724,-8.011678483278443,-8.36267770039978,-7.650654338975777
2016-08-23,0.0004757326366836432,0.0003691229016915398,0.00024516642173540816,0.0010881911910941358,-7.650654338975777,-7.904380631551035,-8.313572897745077,-6.823238326982393
2016-08-24,0.0010881911910941358,0.0004939311027830417,0.0002798455383121536,0.0005354422394625946,-6.823238326982393,-7.613114316096081,-8.1812723985545,-7.532417349947541
2016-08-25,0.0005354422394625946,0.000563703736183252,0.0002986964356662207,0.0002805249021357514,-7.532417349947541,-7.480981557536673,-8.116082430846895,-8.178847702799937
2016-08-26,0.0002805249021357514,0.0005471578791899519,0.00030816121599889254,0.00020157636725687985,-8.178847702799937,-7.510772987020646,-8.084887158858399,-8.509341758457111
2016-08-29,0.00020157636725687985,0.0005162934673266009,0.0003091169656557385,0.00018723947485557634,-8.509341758457111,-7.568835025333895,-8.081790499558485,-8.583121612120454
2016-08-30,0.00018723947485557634,0.0004585948349609876,0.0003083331359648447,0.0002699106800227912,-8.583121612120454,-7.68734323216974,-8.0843294249097,-8.2174190979347
2016-08-31,0.0002699106800227912,0.0002949387327467187,0.0003111309314155393,0.00032494505316016874,-8.2174190979347,-8.128742569745029,-8.075296411637055,-8.031854149383198
2016-09-01,0.00032494505316016874,0.0002528392954862335,0.00031620564147594415,0.00032306461054585516,-8.031854149383198,-8.28275607125754,-8.059117475618319,-8.037657912560215
2016-09-02,0.00032306461054585516,0.00026134723716825426,0.00032542487654790294,0.00045588681658116935,-8.037657912560215,-8.249660241614647,-8.030378609677811,-7.6932657691580575
2016-09-05,0.00045588681658116935,0.00031220932703311216,0.000338334441351536,0.0003474746482114876,-7.6932657691580575,-8.071836354845184,-7.991475384665719,-7.964818562617105
2016-09-06,0.0003474746482114876,0.0003442563617042944,0.00034501457775588137,0.0007552567074721602,-7.964818562617105,-7.974123650148826,-7.971923597617948,-7.188452724203311
2016-09-07,0.0007552567074721602,0.00044132556719416827,0.00037402645143622365,0.000428401956608524,-7.188452724203311,-7.725727480692261,-7.891183769924654,-7.755448418728712
2016-09-08,0.000428401956608524,0.0004620169478838393,0.0003736645492777564,0.0019809914849395517,-7.755448418728712,-7.67990876738186,-7.892151822474647,-6.224157759159878
2016-09-09,0.0019809914849395517,0.0007936023227625786,0.0004469585550494145,0.0015682041603981198,-6.224157759159878,-7.138927949122038,-7.713044461925178,-6.457824097427029
2016-09-12,0.0015682041603981198,0.0010160657915259687,0.000512297118532833,0.0006013666763902272,-6.457824097427029,-6.8918170780646255,-7.576605596405645,-7.416305532716638
2016-09-13,0.0006013666763902272,0.0010668441971617166,0.0005277334186972045,0.0003506347538232842,-7.416305532716638,-6.843050243119803,-7.546919101098755,-7.955765178486392
2016-09-14,0.0003506347538232842,0.0009859198064319414,0.000537849202889092,0.0007371101184001313,-7.955765178486392,-6.921935437460287,-7.52793214319365,-7.212773126888413
2016-09-15,0.0007371101184001313,0.0010476614387902629,0.0005582652886280049,0.0006277735636428871,-7.212773126888413,-6.861194704415427,-7.490676101787834,-7.373330864670687
2016-09-16,0.0006277735636428871,0.0007770178545309299,0.0005657027149010167,0.0009175591562396923,-7.373330864670687,-7.160047100359186,-7.477441679666758,-6.993793395663605
2016-09-19,0.0009175591562396923,0.0006468888536992444,0.0005989290823454781,0.0008944196476426937,-6.993793395663605,-7.343335910807159,-7.420367193306442,-7.019335376600234
2016-09-20,0.0008944196476426937,0.0007054994479497378,0.0006230729669154981,0.0006582592589408929,-7.019335376600234,-7.256604427423222,-7.380846763685485,-7.325911541776445
2016-09-21,0.0006582592589408929,0.0007670243489732594,0.0006368166411140099,0.00037408482851905025,-7.325911541776445,-7.172991880999105,-7.359028634341833,-7.891027704727128
2016-09-22,0.00037408482851905025,0.0006944192909970432,0.0006321962861974375,0.00019899176979730875,-7.891027704727128,-7.272434470185093,-7.366310474432189,-8.522246589364288
2016-09-23,0.00019899176979730875,0.0006086629322279276,0.0005917781306839453,0.0003017201140364101,-8.522246589364288,-7.404245756643281,-7.432378603595421,-8.10601041359155
2016-09-26,0.0003017201140364101,0.0004854951237872711,0.0005811543977100278,0.0006572091969730197,-8.10601041359155,-7.630341108000604,-7.450493919577261,-7.327508025563697
2016-09-27,0.0006572091969730197,0.00043805303365333635,0.0005982764111117218,0.0005846869409853069,-7.327508025563697,-7.733170345234442,-7.421457517721004,-7.444433826556044
2016-09-28,0.0005846869409853069,0.00042333857006221915,0.0006156905280993776,0.00023053085965087065,-7.444433826556044,-7.767338060813021,-7.392765947700432,-8.375125389358889
2016-09-29,0.00023053085965087065,0.00039462777628858326,0.0006176583183173456,0.0003856281000011908,-8.375125389358889,-7.837567322449815,-7.389574974482581,-7.860636865118784
2016-09-30,0.0003856281000011908,0.00043195504232935967,0.0006229182010436365,0.0005258531381782664,-7.860636865118784,-7.747188812312175,-7.3810951857478475,-7.550488399028671
2016-10-03,0.0005258531381782664,0.00047678164715773085,0.0006320503867262773,0.000285178436829063,-7.550488399028671,-7.648451724913754,-7.366541282947413,-8.162395128816138
2016-10-04,0.000285178436829063,0.00040237549512893954,0.0006303282879209685,0.00040893153537337575,-8.162395128816138,-7.81812458930585,-7.369269623714431,-7.801962566569046
2016-10-05,0.00040893153537337575,0.0003672244140065533,0.0006281939569569779,0.0004221643496375248,-7.801962566569046,-7.9095371421691345,-7.372661431335905,-7.77011562875393
2016-10-06,0.0004221643496375248,0.0004055511120038841,0.0006315889433854342,0.00021397801452070978,-7.77011562875393,-7.810263398908719,-7.367271623128071,-8.449636816767025
2016-10-07,0.00021397801452070978,0.000371221094907788,0.0006069853664330956,0.00041159225473148695,-8.449636816767025,-7.898712460331556,-7.407005710464739,-7.7954771286873665
2016-10-10,0.00041159225473148695,0.00034836891821843206,0.0006062212890750484,0.000557435042889757,-7.7954771286873665,-7.962248242834351,-7.40826531010449,-7.492164397021268
2016-10-11,0.000557435042889757,0.0004028202394305709,0.0005415141780727849,0.0008699491563438829,-7.492164397021268,-7.8170199032840495,-7.521141124238744,-7.047075674058188
2016-10-12,0.0008699491563438829,0.0004950237636246723,0.000509775314252138,0.0011113343811361106,-7.047075674058188,-7.610904587214844,-7.58154029344619,-6.802193750506241
2016-10-13,0.0011113343811361106,0.0006328577699243895,0.0005329556644678599,0.00031778127104786894,-6.802193750506241,-7.365264695116342,-7.537072130736276,-8.05414692405723
2016-10-14,0.00031778127104786894,0.0006536184212298213,0.0005314623243417046,0.0002498502139401363,-8.05414692405723,-7.332986677565045,-7.539878060063002,-8.294648563660395
2016-10-17,0.0002498502139401363,0.0006212700130715512,0.0005093141468662503,0.0005433037094981243,-8.294648563660395,-7.3837446059120255,-7.582445351038201,-7.5178418926549675
2016-10-18,0.0005433037094981243,0.0006184437463932246,0.0005054746080414884,0.0006883749269497657,-7.5178418926549675,-7.388304160240094,-7.590012554303463,-7.281176771231797
2016-10-19,0.0006883749269497657,0.0005821289005144011,0.0004950571430737643,0.0007440478099035561,-7.281176771231797,-7.448818484425263,-7.610837159508409,-7.203405130172792
2016-10-20,0.0007440478099035561,0.0005086715862678903,0.0004882220595401672,0.005482493567355971,-7.203405130172792,-7.583707766682235,-7.624740010744316,-5.206195232737929
2016-10-21,0.005482493567355971,0.0015416140455295105,0.0007075054371953981,0.003739119479672818,-5.206195232737929,-6.474925265030819,-7.253765102052917,-5.588905101772751
2016-10-24,0.003739119479672818,0.002239467898676047,0.0008604615577023875,0.0044523482106658486,-5.588905101772751,-6.101516941913971,-7.058041501466508,-5.414323611732094
2016-10-25,0.0044523482106658486,0.003021276798909592,0.00105379594137823,0.004951682836555099,-5.414323611732094,-5.802075722747624,-6.855356356717087,-5.3080277730012355
2016-10-26,0.004951682836555099,0.003873938380830658,0.001265157883310898,0.004849487068179278,-5.3080277730012355,-5.553483594136158,-6.672558276607705,-5.328882318143193
2016-10-27,0.004849487068179278,0.004695026232485803,0.0014557159683657277,0.0029225045748010364,-5.328882318143193,-5.361251557714465,-6.532257356214745,-5.835314265029583
2016-10-28,0.0029225045748010364,0.004183028433974816,0.001561980406266443,0.00423816727817883,-5.835314265029583,-5.476719765131328,-6.4618007076255894,-5.463624325300813
2016-10-31,0.00423816727817883,0.0042828379936760185,0.0017441456980177136,0.0020407619652696527,-5.463624325300813,-5.453139383147002,-6.351490357208817,-6.19443197947601
2016-11-01,0.0020407619652696527,0.003800520744596779,0.0018193790555299163,0.0019983847136975917,-6.19443197947601,-5.572617157274686,-6.309259959424444,-6.215416017852424
2016-11-02,0.0019983847136975917,0.003209861120025278,0.0018863123089626129,0.001588385478585585,-6.215416017852424,-5.741527576411798,-6.273131462167068,-6.445037137956663
2016-11-03,0.001588385478585585,0.002557640802106539,0.0019455489926788186,0.0018811952434668456,-6.445037137956663,-5.968669967968298,-6.242211031893083,-6.275847883195804
2016-11-04,0.0018811952434668456,0.002349378935839701,0.002012470070319431,0.007424942286042066,-6.275847883195804,-6.053604225811839,-6.2083923709829305,-4.902910353779093
2016-11-07,0.007424942286042066,0.0029867339374123484,0.002330778158337819,0.0013581477779699839,-4.902910353779093,-5.8135747837485034,-6.0615530507216056,-6.601633361834542
2016-11-08,0.0013581477779699839,0.0028502110999524145,0.0023827858748582407,0.0028525755912862808,-6.601633361834542,-5.860362182200775,-6.039484898219073,-5.859532941510405
2016-11-09,0.0028525755912862808,0.0030210492754701524,0.0024937396628834587,0.0009569448427699,-5.859532941510405,-5.802151032629685,-5.993971782443917,-6.95176469923223
2016-11-10,0.0009569448427699,0.002894761148307015,0.0025118991992416468,0.0013433992313313702,-6.95176469923223,-5.844852641718317,-5.986716119061235,-6.612552062875142
2016-11-11,0.0013433992313313702,0.00278720194587992,0.0025334196571956233,0.0036490675092656424,-6.612552062875142,-5.882717037279408,-5.978185206257371,-5.613283593536784
2016-11-14,0.0036490675092656424,0.0020320269905246355,0.002648771163019693,0.0026507817062274,-5.613283593536784,-6.198721417403671,-5.933659420846381,-5.932900661276322
2016-11-15,0.0026507817062274,0.0022905537761761185,0.0027548166373460355,0.0011953176530628406,-5.932900661276322,-6.078961623335359,-5.8944043586094015,-6.729343226799736
2016-11-16,0.0011953176530628406,0.001959102188531431,0.002797792430033431,0.0010765049126658154,-6.729343226799736,-6.235268926716495,-5.878924554868524,-6.834035584723122
2016-11-17,0.0010765049126658154,0.0019830142025106137,0.0028220288483592356,0.0024386729253607566,-6.834035584723122,-6.223137216908404,-5.870299167503762,-6.0163012296780245
2016-11-18,0.0024386729253607566,0.0022020689413164906,0.0029015878482870077,0.0014253911040331354,-6.0163012296780245,-6.118357887260143,-5.842497123475738,-6.553308973791694
2016-11-21,0.0014253911040331354,0.0017573336602699895,0.00293255799802017,0.001944599996980555,-6.553308973791694,-6.343957527504325,-5.83188016586131,-6.242698928716995
2016-11-22,0.001944599996980555,0.0016160973184206205,0.0027717446539121966,0.0018726246974077982,-6.242698928716995,-6.427741037024095,-5.88827828201237,-6.280414197312944
2016-11-23,0.0018726246974077982,0.001751558727289612,0.0026869039819910597,0.0012293411931855467,-6.280414197312944,-6.347249129085383,-5.919365647049184,-6.701276787042849
2016-11-24,0.0012293411931855467,0.0017821259833935587,0.0025404036630146823,0.005633499848535276,-6.701276787042849,-6.329948198568017,-5.975432248767978,-5.179024369495533
2016-11-25,0.005633499848535276,0.002421091368028462,0.002571395345377418,0.004950738303882883,-5.179024369495533,-6.023536820645949,-5.963306552577491,-5.308218541025057
2016-11-28,0.004950738303882883,0.0031261608079984115,0.0025759976742730363,0.000992214547620819,-5.308218541025057,-5.767949574219814,-5.961518334764846,-6.915571095435865
2016-11-29,0.000992214547620819,0.0029356837181264647,0.002488257218492117,0.0020166913803611347,-6.915571095435865,-5.83081486540282,-5.996172685621843,-6.206296991371888
2016-11-30,0.0020166913803611347,0.0029644970547171323,0.0023872810413185855,0.0014580039870868155,-6.206296991371888,-5.821047854602392,-6.0376001583688685,-6.530686842185048
2016-12-01,0.0014580039870868155,0.0030102296134973854,0.0023607920423102742,0.0032852577790634012,-6.530686842185048,-5.80573888635679,-6.0487580627423565,-5.718310128128692
2016-12-02,0.0032852577790634012,0.0025405811996030104,0.002419286272554175,0.0015650811666099373,-5.718310128128692,-5.975362366024293,-6.0242826696756815,-6.459817528791923
2016-12-05,0.0015650811666099373,0.0018634497721484217,0.0024182269856461913,0.0015664864387325453,-6.459817528791923,-6.285325739246628,-6.02472061653994,-6.458920040821496
2016-12-06,0.0015664864387325453,0.001978304150370767,0.0024039220399764503,0.0023151138869166137,-6.458920040821496,-6.225515240435964,-6.0306536505306525,-6.068296354247206
2016-12-07,0.0023151138869166137,0.0020379886516818622,0.002171657112743475,0.0032844703548240576,-6.068296354247206,-6.1957918634893465,-6.1322647103859955,-5.718549841006637
2016-12-08,0.0032844703548240576,0.002403281925229311,0.0022592172298732055,0.0011880806152437117,-5.718549841006637,-6.0309199653069445,-6.092736839893955,-6.735416118225309
2016-12-09,0.0011880806152437117,0.0019838464924653728,0.002183558367325816,0.0012461570615062247,-6.735416118225309,-6.222717595455065,-6.126799408513335,-6.687690733740916
2016-12-12,0.0012461570615062247,0.0019200616714446304,0.0021967043772683765,0.0011493949267689888,-6.687690733740916,-6.255397920832563,-6.120797006566953,-6.768519538706163
2016-12-13,0.0011493949267689888,0.0018366433690519194,0.0021878859997882683,0.0009903171250654874,-6.768519538706163,-6.299815574845448,-6.124819452546933,-6.917485236803083
2016-12-14,0.0009903171250654874,0.001571684016681694,0.002067033709597352,0.003751485998388706,-6.917485236803083,-6.455607548753698,-6.181640641571889,-5.585603224599456
2016-12-15,0.003751485998388706,0.0016650871453946238,0.0021170657228774116,0.003010825293096954,-5.585603224599456,-6.397877757286132,-6.157724194786833,-5.805541020836223
2016-12-16,0.003010825293096954,0.0020296360809652723,0.0021995887974244166,0.001039390324862152,-5.805541020836223,-6.199898723189853,-6.119484800886354,-6.869120867610398
2016-12-19,0.001039390324862152,0.0019882827336364576,0.002197901770706068,0.0025542154315028893,-6.869120867610398,-6.22048391042636,-6.120252068808023,-5.970010135150539
2016-12-20,0.0025542154315028893,0.0022692468345832375,0.0022031537028034376,0.007568652341101313,-5.970010135150539,-6.0883072494086266,-6.117865398436192,-4.883740240443542
2016-12-21,0.007568652341101313,0.0035849138777904028,0.0024823928499429003,0.008230766803041278,-4.883740240443542,-5.631020800255984,-5.998532284850693,-4.799876084789877
2016-12-22,0.008230766803041278,0.004480770038720917,0.0027681277047638428,0.0020120128249380333,-4.799876084789877,-5.40796034136489,-5.889584070051346,-6.208619602839813
2016-12-23,0.0020120128249380333,0.004281007545089134,0.0027744635287424895,0.001979679983436323,-6.208619602839813,-5.453566866002391,-5.88729783740571,-6.224820021352241
2016-12-26,0.001979679983436323,0.004469065476803967,0.0028085698373902517,0.005772239361150939,-6.224820021352241,-5.410575935429828,-5.875079844257952,-5.154695152245175
2016-12-27,0.005772239361150939,0.005112670262733578,0.002814876178872782,0.0028102387361234136,-5.154695152245175,-5.276033435384335,-5.872836969023204,-5.874485804186645
2016-12-28,0.0028102387361234136,0.004160987541737998,0.002717580743974625,0.00377694251105801,-5.874485804186645,-5.482002819007854,-5.908013190018727,-5.578840429686021
2016-12-29,0.00377694251105801,0.0032702226833413437,0.002844159287767224,0.004794492827203577,-5.578840429686021,-5.722897166931497,-5.862487725092808,-5.340287326561202
2016-12-30,0.004794492827203577,0.0038267186837944527,0.002970422989896426,0.0020547898980539333,-5.340287326561202,-5.56574755739309,-5.819050881802628,-6.18758162698378
2017-01-02,0.0020547898980539333,0.003841740666717975,0.0029975496222131135,0.002489727245649777,-6.18758162698378,-5.561829690436946,-5.809960083305899,-5.9955820742401
2017-01-03,0.002489727245649777,0.0031852382436177427,0.002961389143421585,0.00036274198763074675,-5.9955820742401,-5.749228159596885,-5.822096781757486,-7.921818478620508
2017-01-04,0.00036274198763074675,0.002695738893919209,0.002906737362558894,0.000860161218577416,-7.921818478620508,-5.916082902963201,-5.84072397364103,-7.0583906065664195
2017-01-05,0.000860161218577416,0.00211238263542309,0.002874631670733661,0.0013684754121138032,-7.0583906065664195,-6.159938710132566,-5.851830692680548,-6.594057923605054
2017-01-06,0.0013684754121138032,0.0014271791524051354,0.0028316026491517154,0.0007404467569283311,-6.594057923605054,-6.552055333516383,-5.8669123851819185,-7.208256693302613
2017-01-09,0.0007404467569283311,0.001164310524180015,0.002715965212883728,0.003272195302037591,-7.208256693302613,-6.755626106012309,-5.9086078407649865,-5.72229414257563
2017-01-10,0.003272195302037591,0.0013208041354575775,0.002810697698647086,0.0009468625092609135,-5.72229414257563,-6.629514458626991,-5.874322499543838,-6.96235655528123
2017-01-11,0.0009468625092609135,0.0014376282397836108,0.002797093400817754,0.0010789649214754827,-6.96235655528123,-6.544760509428508,-5.879174436355103,-6.83175301077054
2017-01-12,0.0010789649214754827,0.0014813889803632243,0.002793892036940776,0.001585943855230035,-6.83175301077054,-6.51477506357249,-5.880319624139249,-6.446575493575421
2017-01-13,0.001585943855230035,0.0015248826689864708,0.002820965979220983,0.003972154325094952,-6.446575493575421,-6.4858377446733835,-5.8706758714156475,-5.52844665513226
2017-01-16,0.003972154325094952,0.002171224182619795,0.00283099635770763,0.0011627272405945125,-5.52844665513226,-6.132464084983519,-5.867126524104436,-6.756986877820748
2017-01-17,0.0011627272405945125,0.001749330570331179,0.0027469919007757013,0.003149621519743763,-6.756986877820748,-6.348522038305056,-5.897248783858787,-5.760472954075932
2017-01-18,0.003149621519743763,0.002189882372427749,0.0028429115005430476,0.0024708895843622842,-5.760472954075932,-6.123907402151881,-5.862926540520561,-6.003176997099202
2017-01-19,0.0024708895843622842,0.0024682673050051094,0.002839123962036656,0.0012693108984380137,-6.003176997099202,-6.004238829940762,-5.864259703243318,-6.669281046644307
2017-01-20,0.0012693108984380137,0.002404940713646705,0.002552790260097415,0.002323319278470126,-6.669281046644307,-6.030229985437546,-5.970568259214901,-6.064758349293216
2017-01-23,0.002323319278470126,0.0020751737043217403,0.0022842699180714537,0.0022455178650639253,-6.064758349293216,-6.177710367688331,-6.081708772603553,-6.098819064994681
2017-01-24,0.0022455178650639253,0.0022917318292156224,0.0022948837835317214,0.0014169605888347304,-6.098819064994681,-6.078447446299927,-6.0770730321606345,-6.559241061188608
2017-01-25,0.0014169605888347304,0.001945199643033816,0.002269305629231649,0.0016841606690174821,-6.559241061188608,-6.242390611537358,-6.088281340422758,-6.386487899181136
2017-01-26,0.0016841606690174821,0.0017878538599648557,0.00208348387049831,0.001290268083743806,-6.386487899181136,-6.326739283438639,-6.173713800676689,-6.652905187840554
2017-01-27,0.001290268083743806,0.001792045297026014,0.002014394295390146,0.001569520976419654,-6.652905187840554,-6.32439763158844,-6.207436676950627,-6.456984753024642
2017-01-30,0.001569520976419654,0.0016412856366159196,0.0019140569529065843,0.00223492966690302,-6.456984753024642,-6.41227535856091,-6.258530178189473,-6.103545475614821
2017-01-31,0.00223492966690302,0.0016391679969837384,0.0017977131728929225,0.004460210458546314,-6.103545475614821,-6.413566423781607,-6.321239825675589,-5.412559303628149
2017-02-01,0.004460210458546314,0.002247817970926055,0.0019070504710971216,0.001309574110663436,-5.412559303628149,-6.097795279529001,-6.262197434048913,-6.6380532246306965
2017-02-02,0.001309574110663436,0.0021729006592552456,0.0018534071467795608,0.005581563563270697,-6.6380532246306965,-6.131692248674702,-6.290729578827118,-5.188286315452402
2017-02-03,0.005581563563270697,0.003031159755160624,0.0020906263093086494,0.0010670895354088804,-5.188286315452402,-5.79880994222439,-6.170291540539137,-6.842820303247251
2017-02-06,0.0010670895354088804,0.0029306734669584692,0.0021000321418918975,0.0015922191805840726,-6.842820303247251,-5.832522996039027,-6.165802581088764,-6.442626461984752
2017-02-07,0.0015922191805840726,0.00280213136969468,0.002110202313186001,0.002707156780258416,-6.442626461984752,-5.877374912219891,-6.1609714056752845,-5.911856316479745
2017-02-08,0.002707156780258416,0.0024515206340371,0.0021995982233373682,0.0026383540768954625,-5.911856316479745,-6.011046739214646,-6.119480515588876,-5.937599974072245
2017-02-09,0.0026383540768954625,0.0027172766272835058,0.002170787258558181,0.001567082928295649,-5.937599974072245,-5.908125103417542,-6.13266533919433,-6.458539331500992
2017-02-10,0.001567082928295649,0.001914380500288496,0.002198979095787032,0.0014526946558089627,-6.458539331500992,-6.258361154994118,-6.119762028215052,-6.534334995053429
2017-02-13,0.0014526946558089627,0.0019915015243685127,0.0022159668109840084,0.001212957669755165,-6.534334995053429,-6.218866339692136,-6.112066442075003,-6.714693464337594
2017-02-14,0.001212957669755165,0.001915649222202731,0.002199012893462424,0.0010639368819856212,-6.714693464337594,-6.257698642174993,-6.119746658621866,-6.845779117273822
2017-02-15,0.0010639368819856212,0.0015870052425481721,0.002066821191502909,0.0022184023539693763,-6.845779117273822,-6.445906470998558,-6.181743459928813,-6.110967957474453
2017-02-16,0.0022184023539693763,0.0015030148979629549,0.002114806423929039,0.002161812709240024,-6.110967957474453,-6.5002821895764855,-6.158791948716003,-6.136808145733733
2017-02-17,0.002161812709240024,0.00162196085415183,0.0020699060234515964,0.001154627310793507,-6.136808145733733,-6.424119396234752,-6.180252023722813,-6.76397757510867
2017-02-20,0.001154627310793507,0.0015623473851487386,0.002010075920107561,0.0023094190050908995,-6.76397757510867,-6.461565790622642,-6.209582736677311,-6.07075925572985
2017-02-21,0.0023094190050908995,0.0017816396522158857,0.0020573535613190555,0.002224086462156246,-6.07075925572985,-6.3302211296208,-6.1863347524533046,-6.108408981518392
2017-02-22,0.002224086462156246,0.0020136695682500105,0.0020528429787593336,0.0030725684740317205,-6.108408981518392,-6.207796515888888,-6.1885295789570876,-5.7852413981297826
2017-02-23,0.0030725684740317205,0.002184502792262479,0.00209043618825787,0.0032975675722940827,-5.7852413981297826,-6.1263669855807645,-6.170382484428125,-5.714570151280403
2017-02-24,0.0032975675722940827,0.002411653764873291,0.0021759183238696587,0.0014778922892769982,-5.714570151280403,-6.02744251585734,-6.13030443972166,-6.517138267444403
2017-02-27,0.0014778922892769982,0.002476306760569989,0.0021665424884269096,0.0012678548688336696,-6.517138267444403,-6.000986997844629,-6.134622659268354,-6.670428807400181
2017-02-28,0.0012678548688336696,0.0022679939333185434,0.002165523705930994,0.0025583384712767904,-6.670428807400181,-6.088859523932022,-6.135093004097797,-5.968397226774473
2017-03-01,0.0025583384712767904,0.0023348443351426523,0.0022104699556972276,0.0030884052569314074,-5.968397226774473,-6.0598100131459365,-6.114550091183203,-5.780100386998218
2017-03-02,0.0030884052569314074,0.0023380116917225894,0.002249264300698518,0.002317702371104933,-5.780100386998218,-6.0584543724366,-6.097152049242941,-6.067178898167895
2017-03-03,0.002317702371104933,0.00214203865148476,0.0021518775694511828,0.0021260975855973254,-6.067178898167895,-6.1459972158574985,-6.141414483348906,-6.1534670520477235
2017-03-06,0.0021260975855973254,0.0022716797107488252,0.0021889922728572683,0.004213901017046037,-6.1534670520477235,-6.087235716422162,-6.124313944752064,-5.4693664292181134
2017-03-07,0.004213901017046037,0.0028608889403912985,0.00212682579348342,0.0020288293282563485,-5.4693664292181134,-5.856622849171576,-6.153124601552355,-6.200296288574029
2017-03-08,0.0020288293282563485,0.0027549871117872105,0.0021705412386128506,0.0028641325639691332,-6.200296288574029,-5.894342478207557,-6.132778677742389,-5.85548970973826
2017-03-09,0.0028641325639691332,0.002710132573194755,0.0022283554833121715,0.002100129856672375,-5.85548970973826,-5.910757688390444,-6.10649137211455,-6.165756052037801
2017-03-10,0.002100129856672375,0.0026666180703082435,0.0022007633504218973,0.0018158506149246944,-6.165756052037801,-5.92694421227019,-6.11895095589735,-6.311201207620031
2017-03-13,0.0018158506149246944,0.002604568676173718,0.0021633768294232257,0.0037452879615277154,-6.311201207620031,-5.950488154457024,-6.1360848848615435,-5.587256746005054
2017-03-14,0.0037452879615277154,0.0025108460650700532,0.0022623861491155926,0.004339767611413641,-5.587256746005054,-5.9871354650920106,-6.091335160288097,-5.4399344550179665
2017-03-15,0.004339767611413641,0.002973033721701512,0.0023936167380067142,0.004940174947936902,-5.4399344550179665,-5.818172358743798,-6.034949735613807,-5.310354513605063
2017-03-16,0.004940174947936902,0.003388242198495066,0.0025630357051967933,0.007476895322377896,-5.310354513605063,-5.687443988074476,-5.9665628616639195,-4.895937623637282
2017-03-17,0.007476895322377896,0.00446359529163617,0.002854533816123715,0.0048016595762015064,-4.895937623637282,-5.411800696085341,-5.858846700996735,-5.3387936549562225
2017-03-20,0.0048016595762015064,0.0050607570838915325,0.0029719545989524477,0.005957046731700449,-5.3387936549562225,-5.2862391657925905,-5.818535394856371,-5.123180418741435
2017-03-21,0.005957046731700449,0.005503108837926079,0.003144465236337013,0.003781143445226443,-5.123180418741435,-5.2024420850026765,-5.7621114076264615,-5.577728789909979
2017-03-22,0.003781143445226443,0.005391384004688639,0.0032638523333566915,0.0045460096661733085,-5.577728789909979,-5.2229531358040715,-5.724847053270957,-5.393505405253761
2017-03-23,0.0045460096661733085,0.00531255094833592,0.003365515545224074,0.003721924478837222,-5.393505405253761,-5.237683135679243,-5.694174089817114,-5.5935143845790956
2017-03-24,0.003721924478837222,0.0045615567796277855,0.0034335990914368454,0.0037192438447614254,-5.5935143845790956,-5.390091292755714,-5.674146241013464,-5.594234872008793
2017-03-27,0.0037192438447614254,0.004345073633339769,0.003462993426470014,0.0049299249234485785,-5.594234872008793,-5.4387125507103145,-5.6656218829052065,-5.312431499268625
2017-03-28,0.0049299249234485785,0.004139649271689395,0.0035371914878861268,0.0023577288366768362,-5.312431499268625,-5.487144187560203,-5.644422203449926,-6.050056438234374
2017-03-29,0.0023577288366768362,0.0038549663499794747,0.0035771840582224834,0.009909823211605788,-6.050056438234374,-5.558392974993178,-5.633179336043236,-4.614228760102334
2017-03-30,0.009909823211605788,0.0049277290590659705,0.003970000801075762,0.003295413553889058,-4.614228760102334,-5.312877013866372,-5.52898895731184,-5.715223579031854
2017-03-31,0.003295413553889058,0.004842426874076338,0.004003504213921773,0.0017185357736941552,-5.715223579031854,-5.330339243008222,-5.520585222914568,-6.366282586888393
2017-04-03,0.0017185357736941552,0.004442285259862884,0.0039412374192291716,0.00569701880962538,-6.366282586888393,-5.416586314271421,-5.5362605138136844,-5.16781223926429
2017-04-04,0.00569701880962538,0.004595704037098243,0.004094842711889191,0.007067967053518781,-5.16781223926429,-5.382633295067235,-5.498026947788887,-4.952182371745618
2017-04-05,0.007067967053518781,0.005537751680466632,0.004319473142249257,0.007612505781810295,-4.952182371745618,-5.1961666763887076,-5.4446218188252775,-4.8779628732948215
2017-04-06,0.007612505781810295,0.005078288194507534,0.004473955177011269,0.007774162023147014,-4.8779628732948215,-5.282781024072211,-5.409482412161911,-4.856949592235598
2017-04-07,0.007774162023147014,0.005974037888359126,0.004735106663142663,0.005676509800409504,-4.856949592235598,-5.1203322002598055,-5.352751004944085,-5.171418689256652
2017-04-10,0.005676509800409504,0.006765632693702195,0.004862941992071771,0.0030398666484138383,-5.171418689256652,-4.995899482384,-5.326111655492426,-5.795941597283296
2017-04-11,0.0030398666484138383,0.006234202261459886,0.0049056573007872925,0.004272215299041422,-5.795941597283296,-5.077704637230265,-5.317366168281506,-5.455622757471417
2017-04-12,0.004272215299041422,0.005675051910564414,0.005017310240974417,0.0029275924586587834,-5.455622757471417,-5.1716755507995025,-5.294861277515043,-5.833574846029344
2017-04-13,0.0029275924586587834,0.004738069245934112,0.004980142263571283,0.006477261784172027,-5.833574846029344,-5.352125537233167,-5.302296801291671,-5.039457406655713
2017-04-14,0.006477261784172027,0.004478689198139115,0.005077301089605755,0.004454315345925751,-5.039457406655713,-5.40842484274109,-5.282975420449976,-5.413881889591089
2017-04-17,0.004454315345925751,0.004234250307242364,0.005055216562241612,0.0024610296640873368,-5.413881889591089,-5.464548966014891,-5.287334566450639,-6.007175413340244
2017-04-18,0.0024610296640873368,0.004118482910377063,0.00482722266868295,0.0026520755328341373,-6.007175413340244,-5.492270384788259,-5.333483972823222,-5.932412687896958
2017-04-19,0.0026520755328341373,0.003794454957135607,0.004729514303075343,0.004058811302527502,-5.932412687896958,-5.574214473402966,-5.353932744946124,-5.506865106228637
2017-04-20,0.004058811302527502,0.0040206987259093505,0.004643230874476572,0.0026649279304522097,-5.506865106228637,-5.516299554168275,-5.372344824363555,-5.927578227187817
2017-04-21,0.0026649279304522097,0.003258231955165387,0.004592493805623198,0.0018206777917551074,-5.927578227187817,-5.72657054507559,-5.383332067904029,-6.308546379245106
2017-04-24,0.0018206777917551074,0.0027315044443312585,0.0044686150840587335,0.0028753142435856693,-6.308546379245106,-5.902902706453789,-5.410676720579279,-5.851593273810304
2017-04-25,0.0028753142435856693,0.002814361360230925,0.004430132800638208,0.0033485069845475782,-5.851593273810304,-5.873019877852838,-5.419325695231023,-5.69924067887874
2017-04-26,0.0033485069845475782,0.002953647650573613,0.004413281125173943,0.002289913424917402,-5.69924067887874,-5.824714346880406,-5.4231368241958435,-6.079241224173796
2017-04-27,0.002289913424917402,0.002599868075051593,0.004293280602513435,0.0019446257829461187,-6.079241224173796,-5.952294537143319,-5.450704105780521,-6.242685668512678
2017-04-28,0.0019446257829461187,0.002455807645550375,0.00427450319098022,0.0027638705007956583,-6.242685668512678,-6.009299551260274,-5.4550873725883,-5.891123190093142
2017-05-01,0.0027638705007956583,0.002644446187358485,0.00394968715867067,0.0011294909043924836,-5.891123190093142,-5.935293578740903,-5.534118878223698,-6.785988186326547
2017-05-02,0.0011294909043924836,0.002295281519519848,0.0038512361291480977,0.0008431316730947588,-6.785988186326547,-6.076899732967454,-5.559361083743503,-7.078387297712346
2017-05-03,0.0008431316730947588,0.001794206457229284,0.003811445033666307,0.0011025673155463428,-7.078387297712346,-6.323192384164416,-5.56974686158477,-6.81011380462489
2017-05-04,0.0011025673155463428,0.001556737235355072,0.0036026063293899875,0.001474132790202331,-6.81011380462489,-6.465163099555502,-5.626097687323662,-6.519685333103557
2017-05-05,0.001474132790202331,0.0014626386368063145,0.0033483411356028756,0.002083406566326657,-6.519685333103557,-6.527513120583903,-5.699290209325544,-6.173750904684641
2017-05-08,0.002083406566326657,0.0013265458499125142,0.0030970184439899837,0.004503275030474177,-6.173750904684641,-6.625176745022228,-5.777315390282171,-5.402950340156735
2017-05-09,0.004503275030474177,0.002001302675128853,0.002948341762504854,0.004890465997432129,-5.402950340156735,-6.213956922918561,-5.826512347163704,-5.320467663589392
2017-05-10,0.004890465997432129,0.002810769539996327,0.0029126124987331552,0.002999384612125091,-5.320467663589392,-5.874296939901261,-5.838704800328379,-5.8093481073073825
2017-05-11,0.002999384612125091,0.0031901329993120767,0.002910772406174576,0.0026843787182736336,-5.8093481073073825,-5.747692639133521,-5.839336766989237,-5.920305930385724
2017-05-12,0.0026843787182736336,0.003432182184926337,0.0028385980161396767,0.0014550860057595256,-5.920305930385724,-5.674558985443359,-5.864444969757592,-6.5326902008935335
2017-05-15,0.0014550860057595256,0.003306518072812911,0.0027716659046442558,0.0021243748935711976,-6.5326902008935335,-5.711859554777284,-5.88830669385893,-6.154277640540102
2017-05-16,0.0021243748935711976,0.002830738045432315,0.0025738074096169454,0.0018581121404080791,-6.154277640540102,-5.867217772562232,-5.962368955193159,-6.288194231153442
2017-05-17,0.0018581121404080791,0.002224267274027505,0.002455798173002506,0.002309642659748462,-6.288194231153442,-6.108327687685233,-6.009303408470251,-6.070662415867436
2017-05-18,0.002309642659748462,0.002086318883552179,0.002448916945532557,0.0012340844807795924,-6.070662415867436,-6.172354017721983,-6.012109374377735,-6.697425813887062
2017-05-19,0.0012340844807795924,0.0017962600360533708,0.002384462806802805,0.00208676312328042,-6.697425813887062,-6.3220484776901635,-6.038781376311425,-6.172141110471227
2017-05-22,0.00208676312328042,0.0019225954595575496,0.0022948242532006644,0.004669986277241145,-6.172141110471227,-6.254079151938081,-6.077098972951634,-5.36659912438457
2017-05-23,0.004669986277241145,0.0024317177362915394,0.0023859632689637983,0.002801416099701379,-5.36659912438457,-6.019157342870907,-6.038152307912194,-5.877630204059771
2017-05-24,0.002801416099701379,0.0026203785281501994,0.002430542282961356,0.0030100476766876895,-5.877630204059771,-5.94443645708921,-6.019640843670977,-5.805799327693604
2017-05-25,0.0030100476766876895,0.0027604595315380447,0.0024366665299205385,0.0037611699533021668,-5.805799327693604,-5.892358079952229,-6.01712430896905,-5.583025185599279
2017-05-26,0.0037611699533021668,0.00326587662604256,0.0024554239375912017,0.002294948989974437,-5.583025185599279,-5.7242270297749425,-6.009455808581002,-6.07704461873335
2017-05-29,0.002294948989974437,0.0033075137993813634,0.002455652826911976,0.002733529321436698,-6.07704461873335,-5.711558459601117,-6.009362595087263,-5.902161676403186
2017-05-30,0.002733529321436698,0.002920222408220474,0.0024915120786615477,0.0024621376647374895,-5.902161676403186,-5.8360954641597615,-5.994865452170656,-6.006725296352604
2017-05-31,0.0024621376647374895,0.0028523667212276955,0.0024777969497498126,0.0024598334700776554,-6.006725296352604,-5.859606165757002,-6.000385399956598,-6.007661585766508
2017-06-01,0.0024598334700776554,0.002742323879905689,0.002538267066371866,0.0014459679859323458,-6.007661585766508,-5.898949550224458,-5.976273648732093,-6.538976226075329
2017-06-02,0.0014459679859323458,0.0022792834864317248,0.0025656687169553927,0.0018177771341981407,-6.538976226075329,-6.083894101869443,-5.965536086997056,-6.310140824179053
2017-06-05,0.0018177771341981407,0.0021838491152764658,0.002598178254166838,0.002571537873610355,-6.310140824179053,-6.126666264107221,-5.952944712525468,-5.963251125753395
2017-06-06,0.002571537873610355,0.002151450825711197,0.0026480603034126577,0.0052248977632767145,-5.963251125753395,-6.141612815282872,-5.9339278302111,-5.254320029020557
2017-06-07,0.0052248977632767145,0.002704002845419042,0.002790855357819478,0.005985900442987578,-5.254320029020557,-5.913022031519822,-5.881407114439946,-5.1183484846265825
2017-06-08,0.005985900442987578,0.003409216240001027,0.002858247422024633,0.014101632905554983,-5.1183484846265825,-5.681272826414022,-5.857546596498004,-4.261464672307362
2017-06-09,0.014101632905554983,0.005940349223925554,0.003276936826939308,0.0048769680729441635,-4.261464672307362,-5.125987338595074,-5.720846156646506,-5.323231528225041
2017-06-12,0.0048769680729441635,0.0065521874116747595,0.0033622815297038107,0.007624948565667537,-5.323231528225041,-5.027956313842905,-5.695135479002072,-4.8763296888827945
2017-06-13,0.007624948565667537,0.007562869550086194,0.003586852886403535,0.006571785859856231,-4.8763296888827945,-4.884504577469493,-5.630480066383827,-5.024969647831663
2017-06-14,0.006571785859856231,0.007832247169402097,0.003819430152498839,0.020945086516831354,-5.024969647831663,-4.849505802571749,-5.5676540160479195,-3.8658511891497533
2017-06-15,0.020945086516831354,0.010824084384170854,0.00467491704446521,0.007409079724148533,-3.8658511891497533,-4.525981582880728,-5.365543839507589,-4.905049027662002
2017-06-16,0.007409079724148533,0.009485573747889563,0.004927233752817049,0.004035533944553426,-4.905049027662002,-4.657983176857026,-5.312977533015707,-5.512616632968941
2017-06-19,0.004035533944553426,0.009317286922211416,0.00500568335667182,0.00376713910042602,-5.512616632968941,-4.675883784697549,-5.297181320758124,-5.581439398359789
2017-06-20,0.00376713910042602,0.008545725029163112,0.005120822203019384,0.0014238446493179866,-5.581439398359789,-4.762324105960797,-5.27444024676802,-6.554394496291287
2017-06-21,0.0014238446493179866,0.007516136787055465,0.0050906895451120005,0.0028519014755660384,-6.554394496291287,-4.890702984843247,-5.2803419673988525,-5.859769287696689
2017-06-22,0.0028519014755660384,0.0038974997788024006,0.005008049326854042,0.0021143775596114043,-5.859769287696689,-5.547419988128584,-5.2967087756535625,-6.158994760558899
2017-06-23,0.0021143775596114043,0.0028385593458949755,0.004976820302304497,0.002995230618997836,-6.158994760558899,-5.864458592858336,-5.302964065289369,-5.810734015657928
2017-06-26,0.002995230618997836,0.0026304986807838575,0.004976146799682232,0.003682940993988356,-5.810734015657928,-5.940581800285686,-5.303099402340694,-5.604043635676885
2017-06-27,0.003682940993988356,0.0026136590594963245,0.0049725909378952405,0.01001390496961857,-5.604043635676885,-5.9470040626809375,-5.303814239129183,-4.603780644885787
2017-06-28,0.01001390496961857,0.004331671123556441,0.00532345257333361,0.010937401005263771,-4.603780644885787,-5.441801847562785,-5.235633187390277,-4.515567069143737
2017-06-29,0.010937401005263771,0.0059487710294959875,0.005696355831689385,0.00501743765403357,-4.515567069143737,-5.124570613613264,-5.167928618817491,-5.294835883143813
2017-06-30,0.00501743765403357,0.006529383048380422,0.005812505831202844,0.0029760215859545077,-5.294835883143813,-5.031442804416099,-5.147743487647189,-5.817167875090762
2017-07-03,0.0029760215859545077,0.0065255412417717555,0.005835968927379065,0.005844429962091829,-5.817167875090762,-5.032031364958516,-5.143714955501708,-5.142266197436533
2017-07-04,0.005844429962091829,0.006957839035392449,0.0060358990172044965,0.0025296167061947174,-5.142266197436533,-4.967886321894112,-5.110030451734349,-5.979687447716021
2017-07-05,0.0025296167061947174,0.005460981382707679,0.006068255361386158,0.011754897115637966,-5.979687447716021,-5.210126746642319,-5.104684118615022,-4.44348534091281
2017-07-06,0.011754897115637966,0.005624480604782519,0.006485680781478323,0.015161520051618149,-4.44348534091281,-5.1806266543031025,-5.038158473436269,-4.188994629941559
2017-07-07,0.015161520051618149,0.0076532970842994345,0.0069373454309483865,0.007123841740793435,-4.188994629941559,-4.872618719515859,-4.970836065966712,-4.944308114700458
2017-07-10,0.007123841740793435,0.008482861115267219,0.0069890700353941095,0.0024064215472165886,-4.944308114700458,-4.769707478626665,-4.96340775942602,-6.0296144285641295
2017-07-11,0.0024064215472165886,0.007795259432292171,0.006457469519105999,0.01049420389855607,-6.0296144285641295,-4.854239482313098,-5.042517737750836,-4.556932174364341
2017-07-12,0.01049420389855607,0.009388176870764441,0.006712798420270177,0.00764057064374108,-4.556932174364341,-4.668304150429188,-5.003739347842508,-4.874282973915812
2017-07-13,0.00764057064374108,0.008565311576385064,0.006713508514728065,0.014462188488721125,-4.874282973915812,-4.76003475833106,-5.003633571257568,-4.236217719021141
2017-07-14,0.014462188488721125,0.008425445263805658,0.007072163179676469,0.0036275816558505726,-4.236217719021141,-4.7764989419680886,-4.951588865723777,-5.619189035665121
2017-07-17,0.0036275816558505726,0.007726193246817087,0.006285003867813707,0.003525120121310366,-5.619189035665121,-4.863138989576537,-5.069588805625296,-5.647840737963205
2017-07-18,0.003525120121310366,0.007949932961635844,0.006108460249502881,0.005057021085553815,-5.647840737963205,-4.834591770271364,-5.098080526177834,-5.286977667540918
2017-07-19,0.005057021085553815,0.0068624963990353924,0.006154891483184718,0.005443215786041208,-5.286977667540918,-4.9816839823053956,-5.0905081339306335,-5.213385237255599
2017-07-20,0.005443215786041208,0.006423025427495417,0.006231076787076317,0.004060816603718413,-5.213385237255599,-5.047866006326178,-5.078206106052062,-5.506371167046831
2017-07-21,0.004060816603718413,0.004342751050494875,0.006350939148639972,0.006118392856131619,-5.506371167046831,-5.439247226059157,-5.059152563843963,-5.0964558058077785
2017-07-24,0.006118392856131619,0.004840913290551084,0.006499416029574771,0.0027160845029791025,-5.0964558058077785,-5.330651859002411,-5.0360429323344285,-5.908563919925803
2017-07-25,0.0027160845029791025,0.004679106166884832,0.006526766345182394,0.0035371213255560325,-5.908563919925803,-5.364648155903762,-5.0318436428431275,-5.644442039250226
2017-07-26,0.0035371213255560325,0.0043751262148852745,0.006551397740935039,0.00437524683582334,-5.644442039250226,-5.431819887615569,-5.028076841274052,-5.431792318291469
2017-07-27,0.00437524683582334,0.004161532424841701,0.006582866188291175,0.005886937261796048,-5.431792318291469,-5.481871877155248,-5.023285022370437,-5.135019389081621
2017-07-28,0.005886937261796048,0.004526756556457228,0.0063952767470265145,0.0075881645429509,-5.135019389081621,-5.397749565793022,-5.052195553719248,-4.881165529338899
2017-07-31,0.0075881645429509,0.004820710893821085,0.006243038726012293,0.0028698667589410532,-4.881165529338899,-5.334833852706513,-5.076288223794479,-5.853489640899559
2017-08-01,0.0028698667589410532,0.004851467345013474,0.006145421867144452,0.0015444476411320554,-5.853489640899559,-5.328474053814442,-5.092047869949946,-6.473088881638053
2017-08-02,0.0015444476411320554,0.00445293260812868,0.006080350324197976,0.007001920743216367,-6.473088881638053,-5.414192364338006,-5.102692949106049,-4.961570761395545
2017-08-03,0.007001920743216367,0.0049782673896072846,0.006132963541521819,0.006642129809685833,-4.961570761395545,-5.302673342127767,-5.094077180690802,-5.014322597398342
2017-08-04,0.006642129809685833,0.005129305899185242,0.006319895955316871,0.0034429739466635403,-5.014322597398342,-5.2727849117608985,-5.064052517902157,-5.671419632654875
2017-08-07,0.0034429739466635403,0.00430026777992777,0.005942081265818033,0.009838763824166014,-5.671419632654875,-5.449077960565418,-5.125695808696862,-4.621425193271313
2017-08-08,0.009838763824166014,0.005694047192972762,0.0057001378009338445,0.007085689940170627,-4.621425193271313,-5.168333984405118,-5.167264911287994,-4.949678016062536
2017-08-09,0.007085689940170627,0.006802295652780475,0.005698403628178263,0.012020306487641129,-4.949678016062536,-4.990495113074735,-5.167569191050333,-4.421157843741031
2017-08-10,0.012020306487641129,0.007805972801665428,0.006135398398197559,0.008483916984209203,-4.421157843741031,-4.852866081704832,-5.093680248047312,-4.769583015522979
2017-08-11,0.008483916984209203,0.0081743302365701,0.006044021720272702,0.02385917977326796,-4.769583015522979,-4.80675648157001,-5.108685624341115,-3.735586235356258
2017-08-14,0.02385917977326796,0.012257571401890986,0.006781231226160287,0.040149969673903704,-3.735586235356258,-4.401611451138258,-4.993596581991144,-3.2151335914189474
2017-08-15,0.040149969673903704,0.018319812571838526,0.007948857643668587,0.019040518144189354,-3.2151335914189474,-3.9997721451247568,-4.83472704068055,-3.961186031281916
2017-08-16,0.019040518144189354,0.02071077821264227,0.008649445665865804,0.027172440617574678,-3.961186031281916,-3.877101022791565,-4.750260033401443,-3.6055520282360125
2017-08-17,0.027172440617574678,0.023741205038628983,0.009724323870241454,0.02846138791721819,-3.6055520282360125,-3.7405431270356124,-4.633124906522009,-3.559206916700897
2017-08-18,0.02846138791721819,0.027736699225230775,0.010788158726226198,0.04826666116491454,-3.559206916700897,-3.584998857287666,-4.5293061513226505,-3.031014199613391
2017-08-21,0.04826666116491454,0.03261819550356009,0.012734678970720443,0.01706884974831191,-3.031014199613391,-3.422884998967302,-4.363426371439875,-4.070500122986426
2017-08-22,0.01706884974831191,0.028001971518441738,0.013325953204565599,0.02664745991913544,-4.070500122986426,-3.5754803563416013,-4.3180417689327575,-3.625061441762913
2017-08-23,0.02664745991913544,0.029523359873430948,0.01425909261652032,0.04125552011086235,-3.625061441762913,-3.5225734654887213,-4.250360490387542,-3.1879703518613525
2017-08-24,0.04125552011086235,0.03233997577208848,0.016010885144151377,0.00991999747702073,-3.1879703518613525,-3.431451170903693,-4.134486460300916,-4.613202601937328
2017-08-25,0.00991999747702073,0.02863169768404899,0.01630101587830886,0.007794941862976594,-4.613202601937328,-3.5532408607554196,-4.116527843154253,-4.854280221916844
2017-08-28,0.007794941862976594,0.020537353823661404,0.01645645656136128,0.0037284553009493218,-4.854280221916844,-3.885509908308128,-4.1070373765691865,-5.591761232712333
2017-08-29,0.0037284553009493218,0.017869274934188887,0.01635834374495916,0.008802772132017408,-5.591761232712333,-4.024672519509571,-4.113017184902549,-4.732688580742749
2017-08-30,0.008802772132017408,0.014300337376765282,0.01641355318082582,0.017174204615181415,-4.732688580742749,-4.24747214222095,-4.109647865886058,-4.064346746738755
2017-08-31,0.017174204615181415,0.009484074277629094,0.017063750356109467,0.03192576369644508,-4.064346746738755,-4.658141268377308,-4.070798921917355,-3.444341952637272
2017-09-01,0.03192576369644508,0.013885227521513966,0.01844471926771461,0.020955134192223016,-3.444341952637272,-4.276929765018603,-3.992977162594396,-3.865371589025159
2017-09-04,0.020955134192223016,0.01651726598736325,0.019078956242669455,0.04493909110715682,-3.865371589025159,-4.103349015664171,-3.9591693134795594,-3.10244723478909
2017-09-05,0.04493909110715682,0.024759393148604748,0.02081972721073632,0.012514274003586791,-3.10244723478909,-3.6985503367727564,-3.8718543133481225,-4.380885357891111
2017-09-06,0.012514274003586791,0.025501693522918624,0.02123205903150556,0.006103234495034433,-4.380885357891111,-3.669010412438196,-3.852243016378004,-5.098936386860757
2017-09-07,0.006103234495034433,0.023287499498889228,0.021062262243817756,0.013430965660194357,-5.098936386860757,-3.7598385602787254,-3.860272354312787,-4.310192360370164
2017-09-08,0.013430965660194357,0.019588539891639084,0.0213506838674552,0.019581301931832194,-4.310192360370164,-3.932810578050167,-3.846671503874264,-3.933180146039996
2017-09-11,0.019581301931832194,0.019313773439560915,0.021694365478554797,0.01747380884946778,-3.933180146039996,-3.946936782702335,-3.8307027029086607,-4.047052150583208
2017-09-12,0.01747380884946778,0.013820716988023113,0.02210299692697564,0.00447821560099792,-4.047052150583208,-4.281586574288074,-3.812042067572571,-5.408530592917447
2017-09-13,0.00447821560099792,0.012213505307505337,0.021222044010054272,0.009477278060897192,-5.408530592917447,-4.4052129389011,-3.8527148210269013,-4.658858117769683
2017-09-14,0.009477278060897192,0.012888314020677888,0.019827830754917616,0.005368741312299548,-4.658858117769683,-4.351434260291674,-3.9206687294776246,-5.227161771804667
2017-09-15,0.005368741312299548,0.011275869151098928,0.019206386353468077,0.01435125546773292,-5.227161771804667,-4.485090301123949,-3.9525124274719627,-4.2439178445947965
2017-09-18,0.01435125546773292,0.010229859858279072,0.01862360521029345,0.015555527380593237,-4.2439178445947965,-4.582444388430085,-3.9833254001891687,-4.163339238529687
2017-09-19,0.015555527380593237,0.009846203564504163,0.01803697518590141,0.007217689939504818,-4.163339238529687,-4.620669312860652,-4.015331445483991,-4.9312203163956
2017-09-20,0.007217689939504818,0.010394098432205543,0.016171112857473694,0.0068725056938229185,-4.9312203163956,-4.566517082721218,-4.124528779222817,-4.980226494880788
2017-09-21,0.0068725056938229185,0.00987314395879069,0.015707642673178743,0.004750191520724969,-4.980226494880788,-4.617936929272129,-4.1536078842375534,-5.349570320544015
2017-09-22,0.004750191520724969,0.009749434000475773,0.01471231229143281,0.007634527438255153,-5.349570320544015,-4.6305460366336675,-4.219070558121373,-4.875074223266834
2017-09-25,0.007634527438255153,0.008406088394580218,0.013184085351768847,0.01464232983679967,-4.875074223266834,-4.778799014905231,-4.32874482436084,-4.223838634423278
2017-09-26,0.01464232983679967,0.008223448885821504,0.013398736822667888,0.0060005192235120025,-4.223838634423278,-4.800765573265255,-4.312594835970374,-5.115909259580989
2017-09-27,0.0060005192235120025,0.007980014742622941,0.013317172157237682,0.010218879590458713,-5.115909259580989,-4.830815007544337,-4.318700929407417,-4.583518319544109
2017-09-28,0.010218879590458713,0.008649289521950102,0.01361219144312447,0.006822734910233676,-4.583518319544109,-4.750278086040807,-4.296789450805363,-4.987494859623459
2017-09-29,0.006822734910233676,0.009063798199851843,0.01352218975122521,0.005112194795444072,-4.987494859623459,-4.703467008388867,-4.303423250238777,-5.276126437546777
2017-10-02,0.005112194795444072,0.008559331671289628,0.012973916577600785,0.006866173815104358,-5.276126437546777,-4.760733155977326,-4.34481434647174,-4.981148254365837
2017-10-03,0.006866173815104358,0.007004100466950565,0.011834844310267116,0.003897448862349151,-4.981148254365837,-4.961259506159249,-4.436707182679108,-5.547433052089436
2017-10-04,0.003897448862349151,0.006583486394717994,0.011059494977091031,0.004202380923806968,-5.547433052089436,-5.023190811553287,-4.504465936995992,-5.472104003895595
2017-10-05,0.004202380923806968,0.0053801866613876455,0.009207826332393311,0.0025356323514571406,-5.472104003895595,-5.225032191398388,-4.687701457393415,-5.977312185301589
2017-10-06,0.0025356323514571406,0.004522766149632337,0.008754251711841963,0.013746560177005944,-5.977312185301589,-5.398631470203881,-4.738215775280796,-4.286966647837502
2017-10-09,0.013746560177005944,0.006249639225944712,0.009101675606477032,0.00916332993487124,-4.286966647837502,-5.075231524747835,-4.699296738842774,-4.692545625436281
2017-10-10,0.00916332993487124,0.0067090704498980885,0.00890769216441689,0.004843788269620381,-4.692545625436281,-5.00429485474672,-4.720840076162986,-5.330058143423978
2017-10-11,0.004843788269620381,0.006898338331352336,0.0082378051797709,0.00646042304392237,-5.330058143423978,-4.976474703427983,-4.799021320080462,-5.042060461177633
2017-10-12,0.00646042304392237,0.007349946755375415,0.0077371967340642885,0.005894556032048803,-5.042060461177633,-4.9130621963447005,-4.861715823120062,-5.133726043493685
2017-10-13,0.005894556032048803,0.008021731491493747,0.007801575844566602,0.005528117572472529,-5.133726043493685,-4.825600971244934,-4.853429521519561,-5.197907906116601
2017-10-16,0.005528117572472529,0.006378042970587065,0.007622068549638208,0.008158292089389672,-5.197907906116601,-5.054893957424431,-4.8767074697961394,-4.8087204224264095
2017-10-17,0.008158292089389672,0.006177035401490751,0.007748866312233215,0.010373062359033723,-4.8087204224264095,-5.086916814917116,-4.860208715704554,-4.568542981242011
2017-10-18,0.010373062359033723,0.00728289021937342,0.007568039352746887,0.005597852132212319,-4.568542981242011,-4.922227473673926,-4.883821234145344,-5.185372284769546
2017-10-19,0.005597852132212319,0.007110376037031409,0.007115417750547754,0.004089883423805498,-5.185372284769546,-4.946200134030215,-4.945491321048411,-5.499238787620105
2017-10-20,0.004089883423805498,0.006749441515382748,0.0069732447271068755,0.004307338667670719,-5.499238787620105,-4.9982955011664885,-4.965674620631554,-5.447435020867324
2017-10-23,0.004307338667670719,0.006505285734422386,0.006856646225918139,0.0012719640242288602,-5.447435020867324,-5.035140227257071,-4.982536830554953,-6.667193018684547
2017-10-24,0.0012719640242288602,0.005128020121390224,0.006698544976077406,0.0014063409595103016,-6.667193018684547,-5.2730356160427165,-5.005864928990573,-6.566763940678409
2017-10-25,0.0014063409595103016,0.0033346758414855397,0.0064154455906799135,0.0066764347117523725,-6.566763940678409,-5.703379773305613,-5.049046806994326,-5.009171144723409
2017-10-26,0.0066764347117523725,0.0035503923573935504,0.00605335944863231,0.013080583613415141,-5.009171144723409,-5.640697130226701,-5.107141863765281,-4.336626307540928
2017-10-27,0.013080583613415141,0.005348532395315479,0.006375180557264271,0.006764699730652501,-4.336626307540928,-5.230933055642364,-5.055342849944776,-4.996037389274699
2017-10-30,0.006764699730652501,0.005840004607911835,0.006218172381818534,0.007958258943793003,-4.996037389274699,-5.14302367599304,-5.080279228615062,-4.833545016138373
2017-10-31,0.007958258943793003,0.0071772635918246645,0.006269787110616685,0.00781664541968406,-4.833545016138373,-4.936837069976782,-5.072012862613893,-4.851499778132527
2017-11-01,0.00781664541968406,0.008459324483859415,0.006392716684445776,0.04341272225880778,-4.851499778132527,-4.772485944974339,-5.0525959390633,-3.1370027389254584
2017-11-02,0.04341272225880778,0.015806581993270497,0.00805392343188684,0.044212642126624034,-3.1370027389254584,-4.147328837516304,-4.821595911024711,-3.1187445075685414
2017-11-03,0.044212642126624034,0.02203299369591228,0.009886432216626608,0.023293412411529834,-3.1187445075685414,-3.8152142310817396,-4.616591934866716,-3.7595846832117266
2017-11-06,0.023293412411529834,0.025338736232087745,0.010754206375159465,0.010480543502472652,-3.7595846832117266,-3.675420973837444,-4.532458300931516,-4.558234730969519
2017-11-07,0.010480543502472652,0.025843193143823672,0.011115338700205625,0.005371896928662787,-4.558234730969519,-3.655708030155456,-4.499429250680491,-5.2265741686614495
2017-11-08,0.005371896928662787,0.02535424344561942,0.010734672188917299,0.013516873064446747,-5.2265741686614495,-3.6748091647051817,-4.534276375465541,-4.303816509934491
2017-11-09,0.013516873064446747,0.01937507360674721,0.010932560512988914,0.008401786290398026,-4.303816509934491,-3.9437678995307515,-4.516009730399047,-4.779310930219402
2017-11-10,0.008401786290398026,0.01221290243950201,0.011094287695751532,0.003928120563659991,-4.779310930219402,-4.405262300887091,-4.501324916117919,-5.539594170107355
2017-11-13,0.003928120563659991,0.00833984406992804,0.01097918303755779,0.004327685306127282,-5.539594170107355,-4.786710747446949,-4.511754241154774,-5.442722428128086
2017-11-14,0.004327685306127282,0.007109272430658967,0.010907961640924993,0.0032097250778384376,-5.442722428128086,-4.946355356764678,-4.518262321437565,-5.741569959885882
2017-11-15,0.0032097250778384376,0.006676838060494098,0.01080258016389617,0.015342339301157372,-5.741569959885882,-5.009110732756592,-4.527970260063487,-4.177138991335578
2017-11-16,0.015342339301157372,0.007041931307836221,0.011129127764431064,0.017388992243345766,-4.177138991335578,-4.955872798734627,-4.498189475755829,-4.051917896898263
2017-11-17,0.017388992243345766,0.00883937249842577,0.01144803366826343,0.011556890483622542,-4.051917896898263,-4.728539377880049,-4.469937287023792,-4.46047343257518
2017-11-20,0.011556890483622542,0.01036512648241828,0.011718899047872986,0.024233163765465984,-4.46047343257518,-4.56930832068288,-4.446552428607283,-3.7200331763071928
2017-11-21,0.024233163765465984,0.014346222174286018,0.012634502699766646,0.016820715690538616,-3.7200331763071928,-4.244268627581805,-4.371323889943822,-4.08514406942494
2017-11-22,0.016820715690538616,0.017068420296826054,0.01320329256444246,0.008503446479738669,-4.08514406942494,-4.070525283257461,-4.327289036219919,-4.767283717701399
2017-11-23,0.008503446479738669,0.015700641732542316,0.01353199631242018,0.02703835588293571,-4.767283717701399,-4.154053686409831,-4.302698293181935,-3.610498829103379
2017-11-24,0.02703835588293571,0.017630514460460305,0.014697087899848605,0.025610206562758725,-3.610498829103379,-4.038124096358444,-4.220105900069296,-3.6647643091914417
2017-11-27,0.025610206562758725,0.02044117767628754,0.015557713893076168,0.010217814500648736,-3.6647643091914417,-3.890203894157571,-4.163198686637119,-4.583622552625622
2017-11-28,0.010217814500648736,0.01763810782332409,0.015427588024314058,0.011127847306327066,-4.583622552625622,-4.037693494738854,-4.1715979356275925,-4.498304537042445
2017-11-29,0.011127847306327066,0.01649953414648178,0.015625912914117444,0.007399306873791457,-4.498304537042445,-4.104423125959958,-4.158824652163291,-4.906368935347997
2017-11-30,0.007399306873791457,0.01627870622529234,0.01560050600184465,0.004824889169968706,-4.906368935347997,-4.11789738561356,-4.160451922826951,-5.333967493683809
2017-12-01,0.004824889169968706,0.011836012882698938,0.015464517081403041,0.015246143796015592,-5.333967493683809,-4.436608447562472,-4.1692070934163254,-4.18342866718068
2017-12-04,0.015246143796015592,0.009763200329350312,0.014184218060367033,0.03678594528840859,-4.18342866718068,-4.629135019465532,-4.255625329591976,-3.3026394255500535
2017-12-05,0.03678594528840859,0.015076826486902284,0.01384664093135724,0.009154994432627054,-3.3026394255500535,-4.194596377081954,-4.279712600574439,-4.6934556980566
2017-12-06,0.009154994432627054,0.014682255912162278,0.013203985568679842,0.01500649738525899,-4.6934556980566,-4.221115588300615,-4.32723655036895,-4.199272005985166
2017-12-07,0.01500649738525899,0.01620369401445579,0.013409710745170129,0.009049876833030024,-4.199272005985166,-4.122516030982558,-4.311776144548161,-4.705004119922982
2017-12-08,0.009049876833030024,0.017048691547068052,0.013576891649914095,0.008554102825629857,-4.705004119922982,-4.07168181443933,-4.29938606744475,-4.761344236793666
2017-12-11,0.008554102825629857,0.015710283352990902,0.013351311184513328,0.007585763888817438,-4.761344236793666,-4.1534397840390005,-4.316140675400446,-4.881481947612867
2017-12-12,0.007585763888817438,0.009870247073072673,0.013314219257168754,0.0051835784804803225,-4.881481947612867,-4.618230382985808,-4.318922690261959,-5.262259615582182
2017-12-13,0.0051835784804803225,0.009075963882643326,0.013371285526115132,0.00781462316405016,-5.262259615582182,-4.702125680489854,-4.3146457349656835,-4.851758523046093
2017-12-14,0.00781462316405016,0.00763758903840156,0.013529782701475264,0.004960769632593713,-4.851758523046093,-4.87467328340339,-4.302861890034334,-5.306194362262791
2017-12-15,0.004960769632593713,0.006819767598314298,0.013609375635782323,0.008096226564869462,-5.306194362262791,-4.9879298695376315,-4.296996331424935,-4.816357169685973
2017-12-18,0.008096226564869462,0.006728192346162218,0.013280006875041965,0.007707791064988772,-4.816357169685973,-5.001448752950918,-4.3214956097049235,-4.8655236220782125
2017-12-19,0.007707791064988772,0.006752597781396486,0.012839952276025735,0.006680600788068265,-4.8655236220782125,-4.997827976823669,-4.355193689759464,-5.008547342175506
2017-12-20,0.006680600788068265,0.007052002242914074,0.012618302744409633,0.004276248791090403,-5.008547342175506,-4.954443682212582,-4.3726069123380515,-5.4546790809907275
2017-12-21,0.004276248791090403,0.006344327368322122,0.01171117024557438,0.004294308272368052,-5.4546790809907275,-5.060194177393807,-4.447212162252639,-5.4504647673933295
2017-12-22,0.004294308272368052,0.006211035096276991,0.01114178809020299,0.009300954990193525,-5.4504647673933295,-5.081427698656095,-4.4970525375980435,-4.677638186225721
2017-12-25,0.009300954990193525,0.006451980781341804,0.011178038477041847,0.010594277692288972,-4.677638186225721,-5.043368081937793,-4.49380426698279,-4.547441254541419
2017-12-26,0.010594277692288972,0.007029278106801843,0.010430580377466995,0.004634357756621276,-4.547441254541419,-4.957671251716482,-4.56301335691917,-5.3742576318229665
2017-12-27,0.004634357756621276,0.006620029500512446,0.009477132704460748,0.006149488140656854,-5.3742576318229665,-5.017655437666715,-4.658873455248301,-5.09138641352742
2017-12-28,0.006149488140656854,0.006994677370425735,0.00929220877900657,0.010086364846126803,-5.09138641352742,-4.962605780515899,-4.678578984881242,-4.596570772547071
2017-12-29,0.010086364846126803,0.008153088685177485,0.009244868667179286,0.003018913370182812,-4.596570772547071,-4.809358431482393,-4.683686609248744,-5.802858290416183
2018-01-01,0.003018913370182812,0.006896680361175344,0.009045759871560711,0.007182204923847791,-5.802858290416183,-4.976715075724374,-4.70545914248583,-4.936148836684032
2018-01-02,0.007182204923847791,0.006214265807487107,0.009152910587646125,0.004396781761617162,-4.936148836684032,-5.080907677248817,-4.693683342340843,-5.426882400744805
2018-01-03,0.004396781761617162,0.006166750608486284,0.00865975776790074,0.0075905274944854445,-5.426882400744805,-5.0885832072556525,-4.749068516625381,-4.880854178200518
2018-01-04,0.0075905274944854445,0.006454958479252001,0.007332693322722416,0.004027087311907553,-4.880854178200518,-5.042906671551214,-4.915412378637206,-5.514711890890107
2018-01-05,0.004027087311907553,0.005243102972408153,0.007099606635416985,0.0015686989232273575,-5.514711890890107,-5.250841766533261,-4.947715885846805,-6.457508650766035
2018-01-08,0.0015686989232273575,0.0049530600830170616,0.0064887976144155455,0.0013188659637276892,-6.457508650766035,-5.3077496746287265,-5.037678017443508,-6.630982954202964
2018-01-09,0.0013188659637276892,0.0037803922909930413,0.0061373880294472586,0.0030675610707422297,-6.630982954202964,-5.577927467597213,-5.093356013408921,-5.786872440015779
2018-01-10,0.0030675610707422297,0.003514548152818055,0.005887999767861457,0.004081705326829631,-5.786872440015779,-5.650844281803056,-5.13483891999757,-5.501240381130413
2018-01-11,0.004081705326829631,0.0028127837192868923,0.005728724378680192,0.0021054785855491825,-5.501240381130413,-5.873580603018797,-5.162262377105227,-6.163212433638807
2018-01-12,0.0021054785855491825,0.002428461974015218,0.0055888107470924145,0.004026809796432444,-6.163212433638807,-6.020497113341715,-5.186988743051077,-5.5147808054701155
2018-01-15,0.004026809796432444,0.0029200841486562356,0.0054166374122007,0.0013157695921362932,-5.5147808054701155,-5.836142810838633,-5.218280041251933,-6.6333334673698054
2018-01-16,0.0013157695921362932,0.002919464874337956,0.005250955592179907,0.002427697788506344,-6.6333334673698054,-5.836354907456695,-5.24934518233956,-6.020811841654242
2018-01-17,0.002427697788506344,0.002791492217890779,0.004993295193254311,0.001374343269608117,-6.020811841654242,-5.88117894518226,-5.299659207763561,-6.5897792113025355
2018-01-18,0.001374343269608117,0.0022500198064464762,0.004705411202555191,0.0015059448949465695,-6.5897792113025355,-6.096816215495401,-5.359042091581653,-6.4983346742113115
2018-01-19,0.0015059448949465695,0.0021301130683259533,0.004470199571049659,0.0022507863699807234,-6.4983346742113115,-6.151580170002726,-5.41032220221567,-6.096475581627801
2018-01-22,0.0022507863699807234,0.0017749083830356095,0.004378133097362856,0.0013942907215069719,-6.096475581627801,-6.3340064162371394,-5.431132856095107,-6.575369364653092
2018-01-23,0.0013942907215069719,0.0017906126089097453,0.004246314117778261,0.0015841393601877395,-6.575369364653092,-6.325197422218902,-5.46170391519418,-6.447713946417649
2018-01-24,0.0015841393601877395,0.0016219009232460242,0.0038955497709598163,0.00354411736764342,-6.447713946417649,-6.424156346577417,-5.547920436077948,-5.642466101291023
2018-01-25,0.00354411736764342,0.0020558557428530847,0.0035750879380213817,0.0019260128765342145,-5.642466101291023,-6.187063049191244,-5.6337654771194146,-6.252303228072195
2018-01-26,0.0019260128765342145,0.0021398693391706134,0.0034519813525628797,0.0035035769144551436,-6.252303228072195,-6.147010461542904,-5.668806878729365,-5.653970828247396
2018-01-29,0.0035035769144551436,0.0023904274480654976,0.0033317126604628018,0.0013984798976208438,-5.653970828247396,-6.036283038633724,-5.704268764737218,-6.57236934816259
2018-01-30,0.0013984798976208438,0.0023912652832882722,0.002936808799167076,0.002595775045477874,-6.57236934816259,-6.035932604072837,-5.830431695560459,-5.9538700996551865
2018-01-31,0.002595775045477874,0.002593592420346299,0.0029175752389532152,0.005672085833654581,-5.9538700996551865,-5.954711290875709,-5.837002371016763,-5.172198339363803
2018-02-01,0.005672085833654581,0.003019186113548531,0.0028489334621262514,0.0008259469283697604,-5.172198339363803,-5.802767949620174,-5.86081054345528,-7.098979916802685
2018-02-02,0.0008259469283697604,0.00279917292391564,0.002686622787887733,0.001081424127064638,-7.098979916802685,-5.878431254026524,-5.919470306095341,-6.8294763778415435
2018-02-05,0.001081424127064638,0.0023147423664375394,0.002390754453004969,0.0023023082613420364,-6.8294763778415435,-6.068456843231525,-6.036146250311059,-6.073843023986176
2018-02-06,0.0023023082613420364,0.002495508039181778,0.002312355405251991,0.0018743817573502882,-6.073843023986176,-5.993262907516439,-6.069488574745269,-6.279476349994715
2018-02-07,0.0018743817573502882,0.002351229381556261,0.002326250079530306,0.0023972378975198752,-6.279476349994715,-6.052816903997952,-6.063497672831973,-6.033438038713327
2018-02-08,0.0023972378975198752,0.0016962597943293196,0.0023752669856117693,0.0013408040796539726,-6.033438038713327,-6.379329513771444,-6.042645390718666,-6.614485710957624
2018-02-09,0.0013408040796539726,0.0017992312245861618,0.002296778031471394,0.0016317702333843841,-6.614485710957624,-6.320395747184953,-6.076247950505694,-6.41808975943611
2018-02-12,0.0016317702333843841,0.0019093004458501112,0.002185417345405701,0.0015168277170849087,-6.41808975943611,-6.2610183103547215,-6.125948418153487,-6.491134087308824
2018-02-13,0.0015168277170849087,0.0017522043369986857,0.002158660487748234,0.0031632909125763153,-6.491134087308824,-6.34688060549079,-6.138267347891216,-5.756142333650153
2018-02-14,0.0031632909125763153,0.002009986168043891,0.002119409629391137,0.0026183718247977687,-5.756142333650153,-6.209627388753449,-6.156617658599397,-5.945202557108783
2018-02-15,0.0026183718247977687,0.00205421295349947,0.00217861882178484,0.0025376754747737226,-5.945202557108783,-6.187862446711104,-6.129064125058116,-5.9765067449788365
2018-02-16,0.0025376754747737226,0.00229358723252342,0.0021836178075242667,0.0016522259165208395,-5.9765067449788365,-6.077638166377134,-6.126772187172426,-6.405631799366915
2018-02-19,0.0016522259165208395,0.002297678369150711,0.0021962488369293904,0.0013373071411523741,-6.405631799366915,-6.075856027033952,-6.121004402502064,-6.617097208344799
2018-02-20,0.0013373071411523741,0.002261774253964204,0.0021885834844841997,0.001282719739825991,-6.617097208344799,-6.091605661363901,-6.124500709472192,-6.658772580540235
2018-02-21,0.001282719739825991,0.001885660019414139,0.0021445804558408027,0.0019260192502381546,-6.658772580540235,-6.273477323410791,-6.144811290786148,-6.252299918804048
2018-02-22,0.0019260192502381546,0.0017471895045022164,0.002168749934419493,0.001337554366850685,-6.252299918804048,-6.349746722235523,-6.133604298398446,-6.616912357144249
2018-02-23,0.001337554366850685,0.0015071652829176088,0.0021575415256314453,0.0017011971845918366,-6.616912357144249,-6.497524622215382,-6.138785841736749,-6.37642299075828
2018-02-26,0.0017011971845918366,0.0015169595365318081,0.0020737724264018277,0.00538003874696655,-6.37642299075828,-6.491047186397671,-6.178385853877592,-5.22505968420876
2018-02-27,0.00538003874696655,0.002325505857694644,0.00223077360233057,0.005375041221609,-5.22505968420876,-6.063817647405041,-6.105406801966194,-5.225989017256752
2018-02-28,0.005375041221609,0.0031439701540512456,0.0023158401617466543,0.002836577184007469,-5.225989017256752,-5.762268865639563,-6.067982693262019,-5.865157135312005
2018-03-01,0.002836577184007469,0.0033260817408051076,0.0023812082202187734,0.005302704050568724,-5.865157135312005,-5.705960292138575,-6.040147222562648,-5.239538371452104
2018-03-02,0.005302704050568724,0.004119111677548716,0.0025042504477229034,0.002940817086846828,-5.239538371452104,-5.492117726836742,-5.989765771755082,-5.829067781543995
2018-03-05,0.002940817086846828,0.004367035657999714,0.0023801018683225514,0.0008624928096939481,-5.829067781543995,-5.433670816282396,-6.0406119483835194,-7.0556836297372465
2018-03-06,0.0008624928096939481,0.0034635264705451937,0.002381763044746378,0.0010323254822712333,-7.0556836297372465,-5.665467968942996,-6.039914248447983,-6.875941174981298
2018-03-07,0.0010323254822712333,0.0025949833226776406,0.002379531288164859,0.0005506851337798843,-6.875941174981298,-5.954175150562863,-6.040851706414314,-7.504347175601933
2018-03-08,0.0005506851337798843,0.0021378049126321236,0.0022999120550938525,0.0011006453515846214,-7.504347175601933,-6.147975671365215,-6.0748843502138765,-6.811858497094623
2018-03-09,0.0011006453515846214,0.001297393172835303,0.00226474221846814,0.0013171760338531874,-6.811858497094623,-6.647398202311061,-6.0902942931997925,-6.632265126474386
2018-03-12,0.0013171760338531874,0.000972664962236575,0.002215648497392382,0.003485085806565689,-6.632265126474386,-6.9354707670678994,-6.112210097855416,-5.659262584695936
2018-03-13,0.003485085806565689,0.0014971835616109232,0.0023131158486156414,0.002744332814573216,-5.659262584695936,-6.50416949462317,-6.069159767886083,-5.898217251924805
2018-03-14,0.002744332814573216,0.0018395850280713197,0.0023636868750333156,0.0018371795418363676,-5.898217251924805,-6.298215206658581,-6.047532601474175,-6.299523686655912
2018-03-15,0.0018371795418363676,0.0020968839096826165,0.002378248321612927,0.003026565906551485,-6.299523686655912,-6.167302841094476,-6.041391019553771,-5.800326633337403
2018-03-16,0.003026565906551485,0.002482068020675989,0.0023720335486117987,0.0006353422468647859,-5.800326633337403,-5.998663146695616,-6.044007612191879,-7.361346575428443
2018-03-19,0.0006353422468647859,0.002345701263278309,0.002281895840523936,0.0016688039781330728,-7.361346575428443,-6.055170832983997,-6.082748628702945,-6.3956480299689105
2018-03-20,0.0016688039781330728,0.0019824448975917855,0.0022424016815857247,0.002721187724985558,-6.3956480299689105,-6.223424348803932,-6.100207763614491,-5.906686793637745
2018-03-21,0.002721187724985558,0.0019778158796742535,0.002290990854697757,0.0008698620503253458,-5.906686793637745,-6.225762083641226,-6.0787708237081155,-7.047175806771741
2018-03-22,0.0008698620503253458,0.0017843523813720493,0.0022697433505692558,0.0027102453758016303,-7.047175806771741,-6.3286996850961055,-6.088088471246142,-5.910716066716166
2018-03-23,0.0027102453758016303,0.0017210882752220786,0.00233463087947724,0.0025002941963707314,-5.910716066716166,-6.364798411983371,-6.059901439118495,-5.991346835487974
2018-03-26,0.0025002941963707314,0.0020940786651232673,0.0023607342861196295,0.001621787184108574,-5.991346835487974,-6.1686415525691585,-6.048782527792081,-6.424226476088468
2018-03-27,0.001621787184108574,0.002084675306318368,0.0023736539596313517,0.0025664365288960707,-6.424226476088468,-6.173142116273672,-6.04332471387149,-5.965236867912606
2018-03-28,0.0025664365288960707,0.0020537250671004703,0.0024129830207360895,0.0082195864762212,-5.965236867912606,-6.188099980176845,-6.026891487500016,-4.801235366042478
2018-03-29,0.0082195864762212,0.0035236699522796415,0.0025420533720658463,0.0052035242541913634,-4.801235366042478,-5.648252204043169,-5.97478307100502,-5.258419122549208
2018-03-30,0.0052035242541913634,0.0040223257279575885,0.002534257146274136,0.004291342478810948,-5.258419122549208,-5.515894979486374,-5.977854684369112,-5.4511556395687615
2018-04-02,0.004291342478810948,0.004380535384445631,0.0026003828414924756,0.0026432315393589774,-5.4511556395687615,-5.430584305343779,-5.952096559610686,-5.935753004612791
2018-04-03,0.0026432315393589774,0.004584824255495713,0.0024794977273465777,0.0017457630906813353,-5.935753004612791,-5.385003482514431,-5.9996992282820605,-6.350563460384484
2018-04-04,0.0017457630906813353,0.004420689567852765,0.0024251770911572377,0.004136907708207161,-6.350563460384484,-5.421459561613632,-6.0218506887436165,-5.487806676448496
2018-04-05,0.004136907708207161,0.003604153814249957,0.002574014131998747,0.001906318726296637,-5.487806676448496,-5.625668233641295,-5.962288640686445,-6.262581212662108
2018-04-06,0.001906318726296637,0.002944712708671012,0.0026137410976362655,0.00226706138290851,-6.262581212662108,-5.827743984911898,-5.946972674941586,-6.089270787000286
2018-04-09,0.00226706138290851,0.002539856489490524,0.0026917581998693848,0.0016525136509655525,-6.089270787000286,-5.975647660376167,-5.917560655825858,-6.405457664962584
2018-04-10,0.0016525136509655525,0.002341712911811839,0.0027168431225685183,0.0025587797036114787,-6.405457664962584,-6.056872561105217,-5.908284652606706,-5.96822477333351
2018-04-11,0.0025587797036114787,0.002504316234397868,0.0027732796530120767,0.0028295282847364913,-5.96822477333351,-5.989739502094912,-5.887724632831136,-5.867645229717402
2018-04-12,0.0028295282847364913,0.0022428403497037337,0.0027434815838380225,0.0043447520236151674,-5.867645229717402,-6.100012158518139,-5.898527477690182,-5.438786570542252
2018-04-13,0.0043447520236151674,0.00273052700916744,0.0028162279115217475,0.002249113574870009,-5.438786570542252,-5.903260608141753,-5.872356873963614,-6.097219062653568
2018-04-16,0.002249113574870009,0.00272693744755974,0.002834952185750549,0.0019408037608239451,-6.097219062653568,-5.904576076899176,-5.865730172367142,-6.244653030481359
2018-04-17,0.0019408037608239451,0.002784595469531419,0.0027855993609447525,0.0012085873204102904,-6.244653030481359,-5.883652633551398,-5.883292182465319,-6.7183030224888896
2018-04-18,0.0012085873204102904,0.002514556992891181,0.0028116559551968202,0.0014003272904236702,-6.7183030224888896,-5.985658597145243,-5.873981625744741,-6.571049219397023
2018-04-19,0.0014003272904236702,0.0022287167940286167,0.0027994524693918475,0.0022706070925092017,-6.571049219397023,-6.106329242950587,-5.878331391847215,-6.087707997569871
2018-04-20,0.0022706070925092017,0.001813887807807423,0.002778971531552013,0.0031555759334533934,-6.087707997569871,-6.312282722027873,-5.8856743364235635,-5.7585842216975855
2018-04-23,0.0031555759334533934,0.0019951802795241,0.002882867617148743,0.0013849192900526868,-5.7585842216975855,-6.217020816926018,-5.848969745128565,-6.582113343164669
2018-04-24,0.0013849192900526868,0.0018840033853698486,0.0028226255223419722,0.0028756131388255088,-6.582113343164669,-6.27435625284568,-5.870087755458087,-5.851489327017085
2018-04-25,0.0028756131388255088,0.002217408549052892,0.002839685474271735,0.005327392435040261,-5.851489327017085,-6.111416040095661,-5.864061946222791,-5.234893365937749
2018-04-26,0.005327392435040261,0.0030028215779762104,0.003008122076586812,0.004538911063438316,-5.234893365937749,-5.808202873037386,-5.80643925650304,-5.395068127534916
2018-04-27,0.004538911063438316,0.003456482372162033,0.003097780009975096,0.010502076812854913,-5.395068127534916,-5.667503833570538,-5.777069517564915,-4.556182240154465
2018-04-30,0.010502076812854913,0.004925782548042337,0.0032015295707311735,0.003819221785950345,-4.556182240154465,-5.313272103675378,-5.744126561289133,-5.567708571889649
2018-05-01,0.003819221785950345,0.005412643047221869,0.0031386067312656725,0.0017701453688848115,-5.567708571889649,-5.219017738479588,-5.763976261829278,-6.33669354996284
2018-05-02,0.0017701453688848115,0.00519154949323373,0.0030240068626326663,0.0009925631963786233,-6.33669354996284,-5.260723053490946,-5.801172518209609,-6.915219772747658
2018-05-03,0.0009925631963786233,0.004324583645501401,0.0029489764834062866,0.005696183035727374,-6.915219772747658,-5.443439387044733,-5.826297089700603,-5.167958953751785
2018-05-04,0.005696183035727374,0.004556038039959213,0.0031285410263629247,0.006176168188461438,-5.167958953751785,-5.391301862062791,-5.767188476899323,-5.087057217851525
2018-05-07,0.006176168188461438,0.0036908563150805187,0.003221234684556301,0.003974328651761781,-5.087057217851525,-5.601896757050878,-5.737990519468288,-5.527899412616874
2018-05-08,0.003974328651761781,0.003721877688242806,0.0033152351357138075,0.003932500122626401,-5.527899412616874,-5.59352695627085,-5.709226696862284,-5.538479866419917
2018-05-09,0.003932500122626401,0.0041543486389911235,0.0033909368966100755,0.0017587902299788056,-5.538479866419917,-5.483599604478343,-5.686648995601307,-6.343129018751648
2018-05-10,0.0017587902299788056,0.00430759404571116,0.0033957676502015875,0.011704797696923619,-6.343129018751648,-5.447375733570932,-5.685225402093833,-4.447756453120247
2018-05-11,0.011704797696923619,0.005509316977950409,0.0038114957408066845,0.007380725367636635,-4.447756453120247,-5.201314605794547,-5.569733557758715,-4.908883343353284
2018-05-14,0.007380725367636635,0.005750228413785448,0.004018368335483963,0.005710778829513083,-4.908883343353284,-5.158515683434648,-5.516879320555318,-5.165399849641873
2018-05-15,0.005710778829513083,0.006097518449335709,0.004080460463024778,0.007493341894769054,-5.165399849641873,-5.099873385757348,-5.5015454138425754,-4.893740386739875
2018-05-16,0.007493341894769054,0.00680968680376424,0.004318834477565644,0.0077052270716540085,-4.893740386739875,-4.98940913583003,-5.444769686833248,-4.865856326977722
2018-05-17,0.0077052270716540085,0.00799897417209928,0.00458085371896701,0.007167340673781009,-4.865856326977722,-4.828441961510263,-5.385869874875476,-4.938220575482316
2018-05-18,0.007167340673781009,0.0070914827674707585,0.004851706144120224,0.003643578388807904,-4.938220575482316,-4.948860811157122,-5.328424832989493,-5.614788978940253
2018-05-21,0.003643578388807904,0.006344053371705012,0.0049536721031376895,0.005771089880351121,-5.614788978940253,-5.060237365980034,-5.307626118223334,-5.1548943115621535
2018-05-22,0.005771089880351121,0.006356115581872619,0.005112784957130504,0.016007294028298716,-5.1548943115621535,-5.058337830052806,-5.276011002271633,-4.134710777606778
2018-05-23,0.016007294028298716,0.00805890600857855,0.005696953961441656,0.021524509061077064,-4.134710777606778,-4.820977450212836,-5.167823622156612,-3.838563032130334
2018-05-24,0.021524509061077064,0.010822762406463163,0.006612389860124582,0.03296462010077608,-3.838563032130334,-4.526103723320849,-5.018810123127175,-3.4123204077701828
2018-05-25,0.03296462010077608,0.015982218291862176,0.007980071994758699,0.01380100132032462,-3.4123204077701828,-4.136278525258871,-4.830807833130315,-4.283014122761623
2018-05-28,0.01380100132032462,0.01801370287816552,0.008365236034998896,0.006825107968935734,-4.283014122761623,-4.016622534145245,-4.783670716011844,-4.987147103760177
2018-05-29,0.006825107968935734,0.01822450649588244,0.00846915407615787,0.009146808258933202,-4.987147103760177,-4.004988074382155,-4.7713246364430155,-4.6943502737755365
2018-05-30,0.009146808258933202,0.01685240934200934,0.00840755096007052,0.010647826797824736,-4.6943502737755365,-4.0832616388153165,-4.778625041210929,-4.542399454799763
2018-05-31,0.010647826797824736,0.014677072889358878,0.0087179420969739,0.019798806910663578,-4.542399454799763,-4.22146866332198,-4.742372055496026,-3.9221335950835594
2018-06-01,0.019798806910663578,0.012043910251336377,0.0095374267125093,0.00472526430412547,-3.9221335950835594,-4.419196111819747,-4.652531556056648,-5.354831761056979
2018-06-04,0.00472526430412547,0.010228762848096545,0.00970709494467961,0.01742641040875303,-5.354831761056979,-4.582551630270222,-4.63489821294533,-4.049768378193937
2018-06-05,0.01742641040875303,0.012349023336060005,0.010240287097998959,0.011290561642950446,-4.049768378193937,-4.394178293037903,-4.58142561308449,-4.48378814626114
2018-06-06,0.011290561642950446,0.012777774012863456,0.01047275952774846,0.007990321226847556,-4.48378814626114,-4.360048014774529,-4.558977714068341,-4.829524303886498
2018-06-07,0.007990321226847556,0.012246272898668017,0.010655304644797813,0.004894010076730608,-4.829524303886498,-4.402533633289996,-4.5416974127333045,-5.319743234533781
2018-06-08,0.004894010076730608,0.009265313531881425,0.01069900964271164,0.002575743902322322,-5.319743234533781,-4.6814775685623395,-4.537604089207179,-5.961616853658813
2018-06-11,0.002575743902322322,0.008835409451520794,0.010736143900545435,0.009788929136540768,-5.961616853658813,-4.728987818708091,-4.534139285975267,-4.626503201604162
2018-06-12,0.009788929136540768,0.007307913197078342,0.01064905896598258,0.00853227615534554,-4.626503201604162,-4.9187975046475465,-4.542283741341812,-4.76389910016473
2018-06-13,0.00853227615534554,0.00675625609955736,0.010701402183605713,0.003480089376290854,-4.76389910016473,-4.997286358973867,-4.537380491558583,-5.660697273948459
2018-06-14,0.003480089376290854,0.005854209729446019,0.010600007208459246,0.0024753091684465095,-5.660697273948459,-5.1405942475820074,-4.546900588387066,-6.001389933819868
2018-06-15,0.0024753091684465095,0.0053704695477892,0.01037191481180822,0.003937887816278393,-6.001389933819868,-5.226839916596701,-4.5686536149830035,-5.537110761263097
2018-06-18,0.003937887816278393,0.005642898330580415,0.010200672118382059,0.01470501817961872,-5.537110761263097,-5.177357439345423,-4.585301657100523,-4.2195664638882935
2018-06-19,0.01470501817961872,0.006626116139196005,0.010543293823192863,0.008349067291165788,-4.2195664638882935,-5.016736432367272,-4.552265268260049,-4.785605436037874
2018-06-20,0.008349067291165788,0.006589474366360054,0.010757179682390948,0.003019413455488132,-4.785605436037874,-5.022281680785773,-4.53218186061151,-5.802692653376541
2018-06-21,0.003019413455488132,0.00649733918219951,0.010632103481260813,0.004671313507491748,-5.802692653376541,-5.0363625270836,-4.543877215212629,-5.366314960454131
2018-06-22,0.004671313507491748,0.006936540050008558,0.01011683163940595,0.00513086812810719,-5.366314960454131,-4.970952166237287,-4.59355473336788,-5.272480388874754
2018-06-25,0.00513086812810719,0.007175136112374317,0.009371666142452774,0.0012135490367575978,-5.272480388874754,-4.937133533213611,-4.670064371171659,-6.714206041851753
2018-06-26,0.0012135490367575978,0.004476842283802092,0.007928435639542843,0.0034307190446898543,-6.714206041851753,-5.408837306105366,-4.83729952136304,-5.6749853766056555
2018-06-27,0.0034307190446898543,0.003493172634506906,0.007457059172468536,0.003452728363022311,-5.6749853766056555,-5.656944862760636,-4.898594141884477,-5.668590501655895
2018-06-28,0.003452728363022311,0.0035798356160137413,0.007303769190381562,0.006022815354290067,-5.668590501655895,-5.632438369004115,-4.919364722937854,-5.112200445554332
2018-06-29,0.006022815354290067,0.0038501359853734055,0.007161769512897783,0.015062438710958715,-5.112200445554332,-5.559646784456894,-4.938998175907409,-4.195551130082505
2018-07-02,0.015062438710958715,0.00583645010194371,0.007362433690767508,0.017598094071194118,-4.195551130082505,-5.143632509085851,-4.911364722809892,-4.0399646685289605
2018-07-03,0.017598094071194118,0.009113359108831015,0.007262401288973443,0.009234318982441194,-4.0399646685289605,-4.698013897057338,-4.92504473500666,-4.684828400324203
2018-07-04,0.009234318982441194,0.010274079096381282,0.007467358319805975,0.00419574346705727,-4.684828400324203,-4.578131138539549,-4.897213967570854,-5.4736847039816485
2018-07-05,0.00419574346705727,0.010422682117188274,0.0068659643679107145,0.029026258754351865,-5.4736847039816485,-4.563770865302589,-4.981178759038572,-3.5395543809570613
2018-07-06,0.029026258754351865,0.015023370797200633,0.00767213241842896,0.017555406956582236,-3.5395543809570613,-4.198148230582458,-4.870160668553701,-4.042393282129443
2018-07-09,0.017555406956582236,0.015521964446325337,0.008106909042507809,0.013052240401072817,-4.042393282129443,-4.165499190644711,-4.8150386003284025,-4.338795474043811
2018-07-10,0.013052240401072817,0.014612793712301078,0.008477737693614274,0.010926950879749823,-4.338795474043811,-4.225857845470705,-4.770311634388628,-4.516522974561748
2018-07-11,0.010926950879749823,0.014951320091762801,0.00885733801077007,0.011808207312053984,-4.516522974561748,-4.202955675902963,-4.726508998470979,-4.438960445894314
2018-07-12,0.011808207312053984,0.016473812860762143,0.008949123382384306,0.010351411409016176,-4.438960445894314,-4.105983252129442,-4.716199686420439,-4.570632390886628
2018-07-13,0.010351411409016176,0.01273884339169501,0.009031811348460244,0.006837457562736805,-4.570632390886628,-4.363099410690613,-4.707002328298182,-4.985339303174698
2018-07-16,0.006837457562736805,0.010595253512925921,0.009184418993298695,0.0055728111652167634,-4.985339303174698,-4.547349150509577,-4.690246807464949,-5.189855636890188
2018-07-17,0.0055728111652167634,0.009099367665754712,0.009325214538606436,0.006717970548053685,-5.189855636890188,-4.699550344163613,-4.675033296172232,-5.002969156951077
2018-07-18,0.006717970548053685,0.008257571599415484,0.009451581935505311,0.005088641270184136,-5.002969156951077,-4.796624717792372,-4.661573140323588,-5.280744405427919
2018-07-19,0.005088641270184136,0.006913658391041515,0.009014473894167376,0.0038781601307938175,-5.280744405427919,-4.974256332535203,-4.708923771875262,-5.552394405121009
2018-07-20,0.0038781601307938175,0.0056190081353970425,0.008811250841423196,0.005401227170571998,-5.552394405121009,-5.181600101219222,-4.731725858032875,-5.221129078906204
2018-07-23,0.005401227170571998,0.005331762056964081,0.008919515101199734,0.004778368446070837,-5.221129078906204,-5.234073484381499,-4.7195136835085,-5.343656099091106
2018-07-24,0.004778368446070837,0.005172873513134896,0.008924381234771512,0.01304552367611549,-5.343656099091106,-5.264326920284183,-4.718968271951938,-4.33931020971498
2018-07-25,0.01304552367611549,0.006438384138747258,0.009284138305135525,0.0017953091194713928,-4.33931020971498,-5.045477664949654,-4.679447882760396,-6.322578004763188
2018-07-26,0.0017953091194713928,0.005779717708604708,0.00931058194525888,0.008574739934288598,-6.322578004763188,-5.153400419530394,-4.676603671359606,-4.758934603090732
2018-07-27,0.008574739934288598,0.006719033669303665,0.009544401076604276,0.015409673718481494,-4.758934603090732,-5.002810919114848,-4.651800560639487,-4.172759796747496
2018-07-30,0.015409673718481494,0.008720722978885565,0.010087898592761513,0.00303930955198516,-4.172759796747496,-4.7420531226085325,-4.5964187227211015,-5.796124877515204
2018-07-31,0.00303930955198516,0.008372911200068427,0.009952284692656745,0.004749677364406095,-5.796124877515204,-4.782753629382367,-4.609953126769285,-5.349678565471344
2018-08-01,0.004749677364406095,0.006713741937726549,0.009483522813267989,0.004694012175611632,-5.349678565471344,-5.003598802710447,-4.658199416423452,-5.361467566385947
2018-08-02,0.004694012175611632,0.007293482548954597,0.008896973636196057,0.002531410694752111,-5.361467566385947,-4.920774117414635,-4.722044089708122,-5.978978505274293
2018-08-03,0.002531410694752111,0.0060848167010473,0.008592295986755646,0.0029224002406505988,-5.978978505274293,-5.101958659643798,-4.756889281060358,-5.835349965917851
2018-08-06,0.0029224002406505988,0.0035873620054811205,0.008534416749191705,0.0020764472808665144,-5.835349965917851,-5.630338136131689,-4.763648249710658,-6.177096835514795
2018-08-07,0.0020764472808665144,0.0033947895512573914,0.007309425318578735,0.009737259299002276,-6.177096835514795,-5.685513478283499,-4.91859061041937,-4.631795576793768
2018-08-08,0.009737259299002276,0.0043923059381766275,0.006954054970506918,0.011322410267980204,-4.631795576793768,-5.427900896379046,-4.968430326171725,-4.480971298839895
2018-08-09,0.011322410267980204,0.005717985556650343,0.006875426328093618,0.015923939739546752,-4.480971298839895,-5.164138693540857,-4.979801611448503,-4.139931651824906
2018-08-10,0.015923939739546752,0.008396491365609271,0.007102562185357114,0.01539008503322624,-4.139931651824906,-4.779941343052133,-4.947299674776725,-4.174031799423047
2018-08-13,0.01539008503322624,0.010890028324124399,0.0072653748090467625,0.005367558973331364,-4.174031799423047,-4.519907731928241,-4.924635378467318,-5.227382022527818
2018-08-14,0.005367558973331364,0.011548250662617368,0.0070388360619701796,0.005115114407837858,-5.227382022527818,-4.461221302607949,-4.9563124403806595,-5.275555493155057
2018-08-15,0.005115114407837858,0.010623821684384483,0.006960547736747502,0.008878015059454429,-5.275555493155057,-4.544656461201965,-4.967497095557085,-4.724177265041403
2018-08-16,0.008878015059454429,0.01013494264267933,0.0071107842773946665,0.0037935321075105582,-4.724177265041403,-4.591766148558431,-4.946142720943152,-5.57445771303883
2018-08-17,0.0037935321075105582,0.007708861116272091,0.00697785525736998,0.008067266889765412,-5.57445771303883,-4.8653848044855765,-4.965013664811585,-4.8199405170378
2018-08-20,0.008067266889765412,0.0062442974875799254,0.007113247330987311,0.005567517020998083,-4.8199405170378,-5.076086617698478,-4.945796398093141,-5.190806083669436
2018-08-21,0.005567517020998083,0.006284289097113269,0.00719003628054205,0.00442032319253005,-5.190806083669436,-5.069702538464816,-4.9350590473813085,-5.421542442461011
2018-08-22,0.00442032319253005,0.006145330854051707,0.007145449736085599,0.007750583238554449,-5.421542442461011,-5.0920626799609074,-4.941279511417554,-4.8599871689585905
2018-08-23,0.007750583238554449,0.005919844489871711,0.007280550408471215,0.008163571370561383,-4.8599871689585905,-5.129445082141665,-4.922548800337041,-4.808073525544312
2018-08-24,0.008163571370561383,0.006793852342481877,0.0070586434854914845,0.005330537217759325,-4.808073525544312,-4.991737128278266,-4.953502372636608,-5.234303235799202
2018-08-27,0.005330537217759325,0.006246506408080659,0.0072193356717773,0.010911717703266976,-5.234303235799202,-5.075732930216577,-4.930992328678307,-4.517918039352993
2018-08-28,0.010911717703266976,0.007315346544534437,0.00732556193400359,0.004104461863621207,-4.517918039352993,-4.917780857453143,-4.916385398830847,-5.49568061321336
2018-08-29,0.004104461863621207,0.0072521742787526695,0.006811688667873576,0.0075261843226406295,-5.49568061321336,-4.9264539407701475,-4.989115206028518,-4.889367082375461
2018-08-30,0.0075261843226406295,0.007207294495569905,0.007015637521085188,0.009275754424140427,-4.889367082375461,-4.932661627564729,-4.95961367560462,-4.680351323485759
2018-08-31,0.009275754424140427,0.007429731106285714,0.007221368296527659,0.006027474808740511,-4.680351323485759,-4.902265597719017,-4.93071081543074,-5.111427110714708
2018-09-03,0.006027474808740511,0.00756911862448195,0.007281980234397153,0.0074317392530053395,-5.111427110714708,-4.883678635154932,-4.922352429809697,-4.90199534899446
2018-09-04,0.0074317392530053395,0.006873122934429624,0.0075047224415904805,0.0030545098489365243,-4.90199534899446,-4.980136685878256,-4.892222784388176,-5.791136108738973
2018-09-05,0.0030545098489365243,0.006663132531492687,0.007510727423785296,0.008338102256186931,-5.791136108738973,-5.01116553992783,-4.891422943892046,-4.786919623730934
2018-09-06,0.008338102256186931,0.006825516118201947,0.007795348104481678,0.006135818034096336,-4.786919623730934,-4.987087304404814,-4.854228107235102,-5.093611854519349
2018-09-07,0.006135818034096336,0.006197528840193129,0.007631646228804137,0.004250600797617236,-5.093611854519349,-5.08360462440982,-4.8754516864754045,-5.460694918365463
2018-09-10,0.004250600797617236,0.005842154037968474,0.0073102003437876375,0.009272910008271693,-5.460694918365463,-5.142655690912671,-4.9184845851056,-4.680658021131913
2018-09-11,0.009272910008271693,0.006210388189021744,0.0070078808105478625,0.004485010581079002,-4.680658021131913,-5.081531858578925,-4.960719918850332,-5.40701440196273
2018-09-12,0.004485010581079002,0.00649648833545024,0.006512195608177534,0.0021687044331373632,-5.40701440196273,-5.036493488763095,-5.034078597266428,-6.133625279036478
2018-09-13,0.0021687044331373632,0.005262608770840327,0.006366793129077806,0.0014893824014201242,-6.133625279036478,-5.247128392141964,-5.056659353882501,-6.5093936735011235
2018-09-14,0.0014893824014201242,0.004333321644305084,0.00620198712878609,0.0046370356533537195,-6.5093936735011235,-5.441420884583421,-5.08288551751495,-5.373679963153171
2018-09-17,0.0046370356533537195,0.004410608615452382,0.006009215337599696,0.00202639157024679,-5.373679963153171,-5.423742568333919,-5.114461081785147,-6.201498569901725
2018-09-18,0.00202639157024679,0.0029613049278474,0.005928890767724068,0.008455823157182319,-6.201498569901725,-5.822125220022347,-5.127918120949488,-4.7728999321011445
2018-09-19,0.008455823157182319,0.003755467443068064,0.005946552416243019,0.0015976170797062123,-4.7728999321011445,-5.584542489381728,-5.124943636381667,-6.439242022473934
2018-09-20,0.0015976170797062123,0.003641249972381833,0.00576610241891157,0.00819132115860304,-6.439242022473934,-5.615428229812338,-5.155758900022571,-4.804680068292015
2018-09-21,0.00819132115860304,0.004981637723818417,0.005937511417369434,0.006627722624138387,-4.804680068292015,-5.301996561730019,-5.126465169855775,-5.016494014309425
2018-09-24,0.006627722624138387,0.00537977511797535,0.005886472298532339,0.005066517140251862,-5.016494014309425,-5.22510868672677,-5.135098374400813,-5.285101632288469
2018-09-25,0.005066517140251862,0.005987800231976365,0.005745697106245543,0.0035644934293767245,-5.285101632288469,-5.118031157674028,-5.159304016255324,-5.63673330270443
2018-09-26,0.0035644934293767245,0.005009534286415246,0.005665422388591789,0.00517907355006781,-5.63673330270443,-5.296412305047524,-5.173373808537783,-5.263129070736341
2018-09-27,0.00517907355006781,0.005725825580487566,0.005404847654355463,0.004723204258913419,-5.263129070736341,-5.162768516275117,-5.220458995844485,-5.355267820125672
2018-09-28,0.004723204258913419,0.005032202200549641,0.005432972308686928,0.045249646224013174,-5.355267820125672,-5.291897557580177,-5.2152688898929895,-3.095560424910655
2018-10-01,0.045249646224013174,0.012756586920524598,0.00714767512238568,0.02815452396816388,-3.095560424910655,-4.361707511723797,-4.9409681188691845,-3.5700472244083463
2018-10-02,0.02815452396816388,0.017374188286107,0.008005801010750381,0.023855852327438358,-3.5700472244083463,-4.052769600213265,-4.827588861244645,-3.7357257069514582
2018-10-03,0.023855852327438358,0.02143246006571933,0.00881618180705483,0.008016918656264712,-3.7357257069514582,-3.8428486760054463,-4.731166393044112,-4.826201125904976
2018-10-04,0.008016918656264712,0.02200002908695871,0.008842780870839347,0.010221272663579917,-4.826201125904976,-3.81671149894476,-4.728153862344009,-4.583284165406804
2018-10-05,0.010221272663579917,0.02309964276789201,0.0091685428169595,0.0243098724757041,-4.583284165406804,-3.7679381218383154,-4.691976902072066,-3.716872732308974
2018-10-08,0.0243098724757041,0.018911688018230195,0.009894532372392099,0.00046448429468686034,-3.716872732308974,-3.9679751291047634,-4.615772949917838,-7.674582596212605
2018-10-09,0.00046448429468686034,0.013373680083534793,0.009636744475146213,0.0003720491324360353,-7.674582596212605,-4.314466668935605,-4.642171927066688,-7.89648436718983
2018-10-10,0.0003720491324360353,0.008676919444534324,0.009460446672183433,0.023004911770526642,-7.89648436718983,-4.747088704481339,-4.6606356695299995,-3.7720475262654753
2018-10-11,0.023004911770526642,0.011674518067386713,0.010084628570467748,0.02038762046165006,-3.7720475262654753,-4.450346746738207,-4.596742928237201,-3.892827397544209
2018-10-12,0.02038762046165006,0.013707787627000739,0.010807474474130068,0.009541446700397577,-3.892827397544209,-4.289791160426649,-4.527517294038711,-4.652110148794423
2018-10-15,0.009541446700397577,0.010754102471939435,0.011142599122641898,0.009579693686889271,-4.652110148794423,-4.532467962613409,-4.49697974830173,-4.6481096513004845
2018-10-16,0.009579693686889271,0.012577144350379918,0.011510340544708675,0.020454343200940073,-4.6481096513004845,-4.3758740447020115,-4.464509461142526,-3.889560032690077
2018-10-17,0.020454343200940073,0.016593603164080727,0.012229309069598964,0.004907341603135377,-3.889560032690077,-4.098738003421616,-4.403919817419857,-5.317022888444876
2018-10-18,0.004907341603135377,0.012974089130602471,0.012360261343821172,0.0016453836477605907,-5.317022888444876,-4.344801046567131,-4.393268674763585,-6.409781640657227
2018-10-19,0.0016453836477605907,0.009225641767824578,0.01205069591157473,0.009106209394096662,-6.409781640657227,-4.685768512308088,-4.418632860416877,-4.698798736173778
2018-10-22,0.009106209394096662,0.009138594306564395,0.012391995562228841,0.0011334685817321532,-4.698798736173778,-4.695248690181961,-4.390704525913722,-6.782472718100953
2018-10-23,0.0011334685817321532,0.007449349285532971,0.012071184081461987,0.01253343183820244,-6.782472718100953,-4.899628581205169,-4.4169341392019374,-4.379355649875577
2018-10-24,0.01253343183820244,0.0058651670129854444,0.012339625409373988,0.0002553818210534901,-4.379355649875577,-5.1387243040199735,-4.3949396086660455,-8.272750403662684
2018-10-25,0.0002553818210534901,0.004934775056569067,0.012120937440319514,0.03689349445502609,-8.272750403662684,-5.311448168113538,-4.412820946520857,-3.299720042799994
2018-10-26,0.03689349445502609,0.011984397218022167,0.013635892032394487,0.054641712492495685,-3.299720042799994,-4.424149698716288,-4.295049835239786,-2.9069577210099173
2018-10-29,0.054641712492495685,0.02109149783770197,0.015884193802504845,0.051441166858285134,-2.9069577210099173,-3.8588852610439313,-4.1424307583773645,-2.96731651349584
2018-10-30,0.051441166858285134,0.03115303749301257,0.01800773755702174,0.25473642700478094,-2.96731651349584,-3.4688435234784754,-4.016953743618998,-1.3675258875733516
2018-10-31,0.25473642700478094,0.07959363652632827,0.027529863956147548,4.102494013699947,-1.3675258875733516,-2.5308211312076203,-3.592483897865692,1.411595084821982
2018-11-01,4.102494013699947,0.900041362902107,0.21272711348941042,15.441854389785812,1.411595084821982,-0.10531455782267377,-1.5477450915130084,2.7370816403567244
2018-11-02,15.441854389785812,3.9810335419682645,0.9135452288284274,0.14889637808948006,2.7370816403567244,1.3815414695210588,-0.09042239270016322,-1.9045046633658387
2018-11-05,0.14889637808948006,3.9998844750876605,0.9199488406208464,0.0992194985900833,-1.9045046633658387,1.3862654794997358,-0.08343721839735183,-2.3104207246307333
2018-11-06,0.0992194985900833,4.0094401414340215,0.9239942145265965,0.38848039978766646,-2.3104207246307333,1.3886516159937652,-0.07904946858668165,-0.9455125611867136
2018-11-07,0.38848039978766646,4.036188935990597,0.9405474203135037,1.649467887714741,-0.9455125611867136,1.3953009141039567,-0.06129321108308804,0.500452743667196
2018-11-08,1.649467887714741,3.5455837107935566,1.015502120468961,5.6269453639865485,0.500452743667196,1.2657028039453428,0.01538319023795457,1.727566730805025
2018-11-09,5.6269453639865485,1.582601905633704,1.2712554529623297,0.6178471500115877,1.727566730805025,0.45907026837124265,0.24000495789932227,-0.4815141820320589
2018-11-12,0.6178471500115877,1.6763920600181255,1.2982937365187415,1.5056405580447128,-0.4815141820320589,0.5166439007882513,0.26105089207815774,0.4092184276800362
2018-11-13,1.5056405580447128,1.9576762719090515,1.365805233681608,0.29573800998314476,0.4092184276800362,0.6717581943862284,0.3117441695638737,-1.2182813176617702
2018-11-14,0.29573800998314476,1.9391277939481468,1.3788141683762782,0.2753550285702032,-1.2182813176617702,0.6622382812822055,0.32122383155517836,-1.2896940006105453
2018-11-15,0.2753550285702032,1.6643052221192396,1.3908948654164288,0.04729242599619952,-1.2896940006105453,0.5094077523928224,0.3299473281412299,-3.051405121121675
2018-11-16,0.04729242599619952,0.5483746345211696,1.392114778270759,0.07025328422313032,-3.051405121121675,-0.6007965857897222,0.3308240142390614,-2.6556482199304385
2018-11-19,0.07025328422313032,0.4388558613634781,1.3950850483898496,0.02718295272839871,-2.6556482199304385,-0.8235842536164854,0.3329553800743281,-3.605165236410241
2018-11-20,0.02718295272839871,0.1431643403002153,1.396245846984424,0.046399806415237284,-3.605165236410241,-1.9437620750176776,0.3337870970616122,-3.0704599896888527
2018-11-21,0.046399806415237284,0.09329669958663381,1.397941010485385,3.2237466594356228,-3.0704599896888527,-2.371970544888097,0.335000447345813,1.1705442420083434
2018-11-22,3.2237466594356228,0.6829750257597177,1.5444234282514708,0.23661677432112346,1.1705442420083434,-0.3812969854390009,0.4346506551656301,-1.4413134321440353
2018-11-23,0.23661677432112346,0.7208398954247025,1.5546090347279673,162.5151508176385,-1.4413134321440353,-0.3273382252675656,0.44122408947081593,5.090771233225072
2018-11-26,162.5151508176385,33.209819402107776,8.941649736356034,203.05496874675202,5.090771233225072,3.5028455973193005,2.1907201064402653,5.313476724391155
2018-11-27,203.05496874675202,73.8153765609125,18.169744066005897,149.3016593988636,5.313476724391155,4.30156706438891,2.8997577967891144,5.005968819010931
2018-11-28,149.3016593988636,103.66642847940216,24.953699415386403,15.14094344724847,5.005968819010931,4.641178325883104,3.2170220843719357,2.717402560952122
2018-11-29,15.14094344724847,106.04986783696475,25.63958588267686,187.39051543393907,2.717402560952122,4.663909434777617,3.244137480704286,5.233194757179016
2018-11-30,187.39051543393907,143.48064756888834,34.14575765571933,35.792613917036405,5.233194757179016,4.9662001659588055,3.530638351530449,3.577741556956966
2018-12-03,35.792613917036405,118.13614018876792,35.58621765132553,73.0170383955765,3.577741556956966,4.771837689844331,3.5719584182752797,4.290692816594723
2018-12-04,73.0170383955765,92.12855411853282,38.20327146977056,13633.125547076379,4.290692816594723,4.523184929072072,3.642921152518113,9.520257812200903
2018-12-05,13633.125547076379,2788.893331654036,657.8840283196928,4924.885633004148,9.520257812200903,7.933400140805783,6.489028667037566,8.502056331611534
2018-12-06,4924.885633004148,3770.8422695654162,881.7379562063091,35165.45731449551,8.502056331611534,8.235053669166794,6.781894910056514,10.467819553477565
2018-12-07,35165.45731449551,10766.45562937773,2480.150175937933,3834.0500998240777,10.467819553477565,9.284190619363956,7.816074392139382,8.251676990767
2018-12-10,3834.0500998240777,11526.107126559136,2654.350204662313,5073.566234447303,8.251676990767,9.352369926293107,7.883955159714713,8.531799248615178
2018-12-11,5073.566234447303,12526.216965769481,2884.7110814388275,258375.30478999848,8.531799248615178,9.435579084168749,7.967180028845519,12.462168476625362
2018-12-12,258375.30478999848,61474.65281435391,14629.015033386486,31429.90463344006,12.462168476625362,11.02638021947762,9.590762166620362,10.35551509553439
2018-12-13,31429.90463344006,66775.65661444109,16057.578623972031,1582925.1497074903,10.35551509553439,11.109093871167422,9.683936205521775,14.274785053921791
2018-12-14,1582925.1497074903,376327.5950930401,88008.7083498575,3173748.13823343,14.274785053921791,12.838215306587584,11.385191047085382,14.970423825386732
2018-12-17,3173748.13823343,1010310.4127197613,232269.97484433034,469115.20992104505,14.970423825386732,13.825768180924882,12.35565565876609,13.058603667412841
2018-12-18,469115.20992104505,1103118.741457081,253593.39132744932,2114400.2004826693,13.058603667412841,13.913651945621035,12.443487441771307,14.56428173708997
2018-12-19,2114400.2004826693,1474323.720595615,349702.48815605784,10033481.874830203,14.56428173708997,14.203709948103862,12.764838038142134,16.121438245741757
2018-12-20,10033481.874830203,3474734.1146349674,805769.8448672965,18202542.81471126,16.121438245741757,15.061028520279592,13.599553428437126,16.717071857381804
2018-12-21,18202542.81471126,6798657.6476357225,1633158.1525178172,337737.4406247448,16.717071857381804,15.732235745899999,14.30602621510015,12.730024069712087
2018-12-24,337737.4406247448,6231455.508113984,1648509.7078304575,511929.6577115084,12.730024069712087,15.645120492387404,14.315382230363728,13.145942507300937
2018-12-25,511929.6577115084,6240018.397672078,1671779.226971127,1444520.3760076931,13.145942507300937,15.646493688686148,14.329399022623354,14.183287904713268
2018-12-26,1444520.3760076931,6106042.432777082,1737431.8570100756,2350792.451799486,14.183287904713268,15.624789401610345,14.367918636664992,14.670263042808333
2018-12-27,2350792.451799486,4569504.548170939,1844276.8295932913,9743555.983891988,14.670263042808333,15.334915343026196,14.427597796339413,16.09211669973797
2018-12-28,9743555.983891988,2877707.182007083,2287158.9515129547,7220429.167988841,16.09211669973797,14.872504417683759,14.642820972781687,15.792424950652132
2018-12-31,7220429.167988841,4254245.527479903,2615359.589105927,2029959.106852372,15.792424950652132,15.263427989926766,14.776912156201854,14.52352620640737
2019-01-01,2029959.106852372,4557851.417308075,2707621.9398485147,3409567.415606563,14.52352620640737,15.3323618900353,14.811581294644963,15.04209598361921
2019-01-02,3409567.415606563,4950860.825227849,2862600.649984544,4870574.744756109,15.04209598361921,15.415072023511744,14.867241087793131,15.398722505498984
2019-01-03,4870574.744756109,5454817.283819174,3083987.0921535315,5760403.435186158,15.398722505498984,15.512009681513112,14.94173382823297,15.56651807105026
2019-01-04,5760403.435186158,4658186.774078008,3345203.9244098533,8156800.8302058615,15.56651807105026,15.354136826106012,15.023038213635374,15.914362594944757
2019-01-07,8156800.8302058615,4845461.106521412,3715743.740072256,8723363.138165822,15.914362594944757,15.393552970403118,15.128089415308722,15.98151540251169
2019-01-08,8723363.138165822,6184141.912784101,4110661.8164745886,7886380.928145086,15.98151540251169,15.637498817366438,15.229094599415363,15.88064789660829
2019-01-09,7886380.928145086,7079504.615291807,4468959.401840284,5776600.129418533,15.88064789660829,15.772714493630364,15.31266614347967,15.569325854680113
2019-01-10,5776600.129418533,7260709.692224291,4731301.51834865,1977282.1613062548,15.569325854680113,15.797988135773295,15.36971088505945,14.497233813924561
2019-01-11,1977282.1613062548,6504085.437448311,4809433.648190298,4840877.156445227,14.497233813924561,15.687941066262544,15.386089890490515,15.392606492943022
2019-01-14,4840877.156445227,5840900.702696184,5028044.8869090155,5266606.358485066,15.392606492943022,15.58039557282593,15.430541776040855,15.476896758342967
2019-01-15,5266606.358485066,5149549.346760033,5195484.941853452,5457061.678489852,15.476896758342967,15.454419763327602,15.463300525965076,15.512421048741448
2019-01-16,5457061.678489852,4663685.496828985,5299271.920956016,2130881.087726453,15.512421048741448,15.355316572669564,15.483079995681235,14.572046108363066
2019-01-17,2130881.087726453,3934541.6884905705,5374806.733583534,1647343.5204621127,14.572046108363066,15.185304962527061,15.497233174788951,14.314674560855266
2019-01-18,1647343.5204621127,3868553.9603217407,5353576.88449169,5545432.729221162,14.314674560855266,15.168391341516408,15.493275472014963,15.528485215256604
2019-01-21,5545432.729221162,4009465.0748769282,5149574.650600371,4284651.731537345,15.528485215256604,15.204168392598174,15.45442467711257,15.270549830523612
2019-01-22,4284651.731537345,3813074.1494873846,4516943.237728829,5603673.677076329,15.270549830523612,15.153946285146132,15.32334604819268,15.538932954386038
2019-01-23,5603673.677076329,3842396.5492046797,4756303.975749355,4345678.891519056,15.538932954386038,15.161606831249037,15.37498144891131,15.284692551086078
2019-01-24,4345678.891519056,4285356.1099632,4930565.304558789,4049896.321623481,15.284692551086078,15.270714212736666,15.410964205684307,15.214201839155907
2019-01-25,4049896.321623481,4765866.670195473,5048991.4839049615,7091999.816672608,15.214201839155907,15.376989961049233,15.43469907515018,15.77447792032635
2019-01-28,7091999.816672608,5075180.087685763,5264500.909581013,3892229.9600602374,15.77447792032635,15.439872567520817,15.47649690505527,15.174492805861227
2019-01-29,3892229.9600602374,4996695.733390341,4998531.544861387,4278586.699999175,15.174492805861227,15.424287398616634,15.424654736234997,15.269133302745994
2019-01-30,4278586.699999175,4731678.337974911,4864811.43268004,3086306.7500293306,15.269133302745994,15.369790525855938,15.397538512867508,14.942485707493313
2019-01-31,3086306.7500293306,4479803.909676965,4912827.234642629,2748188.936615925,14.942485707493313,15.315089833271834,15.407360145591028,14.826452684187961
2019-02-01,2748188.936615925,4219462.432675454,4882764.57650669,2788510.9862317685,14.826452684187961,15.255218292276027,15.401222129001464,14.841018314639655
2019-02-04,2788510.9862317685,3358764.6665872866,4788125.314755584,3533702.224478067,14.841018314639655,15.027083805582553,15.38164951798993,15.077856668118725
2019-02-05,3533702.224478067,3287059.1194708524,4686911.623359761,2494610.7689593104,15.077856668118725,15.005503838329107,15.360284421032548,14.729643270572675
2019-02-06,2494610.7689593104,2930263.9332628795,4429539.347848554,5898363.892182239,14.729643270572675,14.89060305654823,15.303806151930237,15.590185564009627
2019-02-07,5898363.892182239,3492675.3616934614,4301130.291212938,2441704.212883258,15.590185564009627,15.066178579788579,15.274388404544181,14.708206801371137
2019-02-08,2441704.212883258,3431378.4169469276,4053644.9859737633,2525047.952682359,14.708206801371137,15.048472609243676,15.215127030865403,14.741770611672598
2019-02-11,2525047.952682359,3378685.8102370463,3905847.1597584817,2156172.3973831884,14.741770611672598,15.032997378312283,15.177985260047056,14.583845169494774
2019-02-12,2156172.3973831884,3103179.8448180705,3913978.534125616,6170453.955785562,14.583845169494774,14.947937900119694,15.180064942540293,15.635282967856702
2019-02-13,6170453.955785562,3838348.482183321,3974413.8431865396,4848287.863798565,15.635282967856702,15.160552749287032,15.195387834363578,15.394136182814732
2019-02-14,4848287.863798565,3628333.2765065855,3955399.3661553357,6969500.044764053,15.394136182814732,15.104283948320733,15.190592131622118,15.757054050574927
2019-02-15,6969500.044764053,4533892.442882745,4024146.5646223444,1978438.0234930601,15.757054050574927,15.327091387422124,15.207823412718291,14.49781821431979
2019-02-18,1978438.0234930601,4424570.4570448855,4017217.334429918,3454649.950633651,14.49781821431979,15.302683759858127,15.206100015544763,15.055231693302437
2019-02-19,3454649.950633651,4684265.967694977,4099367.626710442,6114345.21874353,15.055231693302437,15.359719784259982,15.22634328239103,15.626148243486849
2019-02-20,6114345.21874353,4673044.220286571,4125227.285325095,4803145.667727531,15.626148243486849,15.357321284570931,15.232631675705749,15.384781608674993
2019-02-21,4803145.667727531,4664015.781072364,4148795.191515558,7749388.956184728,15.384781608674993,15.355387390598587,15.23832853475978,15.863124553857888
2019-02-22,7749388.956184728,4819993.563356499,4246327.704202304,3847300.975129852,15.863124553857888,15.388283150622675,15.261565097777822,15.162882414995902
2019-02-25,3847300.975129852,5193766.153683858,4223674.16254825,9109888.999610433,15.162882414995902,15.462969647796964,15.25621596184459,16.024871084706415
2019-02-26,9109888.999610433,6324813.963479214,4453673.829729474,24818419.515795585,16.024871084706415,15.659991179256629,15.30923989325343,17.02709665786453
2019-02-27,24818419.515795585,10065628.822889626,5259420.179689609,10745964.812345846,17.02709665786453,16.124637091298176,15.475531346639727,16.190040875776976
2019-02-28,10745964.812345846,11254192.651813287,5570953.582066228,6565867.572332887,16.190040875776976,16.23625129734788,15.533076796903302,15.697395208142886
2019-03-01,6565867.572332887,11017488.37504292,5674920.894445033,16701919.391297841,15.697395208142886,16.214994420562068,15.551567181929748,16.63103420439327
2019-03-04,16701919.391297841,13588412.05827652,6293812.378139057,30032066.23448771,16.63103420439327,16.42472793296299,15.655077546524273,17.217776243269757
2019-03-05,30032066.23448771,17772847.505251974,7533988.61895141,13227024.022390576,17.217776243269757,16.69318242956983,15.834935156608005,16.39777256916973
2019-03-06,13227024.022390576,15454568.406570971,8008466.4842313565,8775844.189884206,16.39777256916973,16.553415207346124,15.896009850557238,15.987513526664307
2019-03-07,8775844.189884206,15060544.282078642,8246745.664477089,8089408.745915572,15.987513526664307,16.52758892059123,15.925329215577246,15.906066201804606
2019-03-08,8089408.745915572,15365252.516795179,8501054.663429648,4228146.10730829,15.906066201804606,16.54761918795741,15.955700791814047,15.257274182449045
2019-03-11,4228146.10730829,12870497.859997269,8425135.673208103,4194671.943872231,15.257274182449045,16.370448262584585,15.946730137717916,15.249325693126421
2019-03-12,4194671.943872231,7703019.001874176,8504816.024616694,3139073.943675929,15.249325693126421,15.857122888146831,15.95614315213977,14.959438391990073
2019-03-13,3139073.943675929,5685428.986131246,8532726.296934582,2992958.5321781435,14.959438391990073,15.553417141621754,15.95941948117334,14.911772931803387
2019-03-14,2992958.5321781435,4528851.854590033,8570762.030334353,4261992.463415034,14.911772931803387,15.325979011601508,15.963867204979694,15.265247323317933
2019-03-15,4261992.463415034,3763368.598089925,8484013.780681146,5262329.564499263,15.265247323317933,15.140825018031173,15.953694218979528,15.47608436965482
2019-03-18,5262329.564499263,3970205.2895281203,8502833.857985724,12698527.915884864,15.47608436965482,15.19432836153504,15.955910060953906,16.356996632575438
2019-03-19,12698527.915884864,5670976.483930646,8763244.215763943,4574833.571514606,16.356996632575438,15.550871880264,15.986076738617355,15.336080878219056
2019-03-20,4574833.571514606,5958128.409498382,8881262.195219468,9808700.536263999,15.336080878219056,15.60026696447333,15.99945424396884,16.098780359593622
2019-03-21,9808700.536263999,7321276.810315552,9170082.676384484,6897994.468421497,16.098780359593622,15.8062952983655,16.031456860155416,15.746741270568121
2019-03-22,6897994.468421497,7848477.211316846,9205703.09682439,6729347.569649739,15.746741270568121,15.875830085121398,16.035333751788237,15.721988753333129
2019-03-25,6729347.569649739,8141880.812346941,9293257.728729947,10459410.037655296,15.721988753333129,15.912531769316807,16.04479971979635,16.163012613256615
2019-03-26,10459410.037655296,7694057.236701027,9416440.505160427,4206191.722817948,16.163012613256615,15.855958801401231,16.05796770944909,15.252068217377072
2019-03-27,4206191.722817948,7620328.866961695,9432753.720964432,7443759.529996433,15.252068217377072,15.846330085125455,16.059698629050352,15.82288659235313
2019-03-28,7443759.529996433,7147340.665708182,9357020.563254703,7687616.011679145,15.82288659235313,15.782250910619274,16.051637481888925,15.855121281933176
2019-03-29,7687616.011679145,7305264.974359712,8578347.676703956,9303156.454245955,15.855121281933176,15.804105875522053,15.964751874445797,16.045864304221446
2019-04-01,9303156.454245955,7820026.751278955,8512765.478608506,9112450.479620213,16.045864304221446,15.872198533395304,15.957077415867966,16.025152220949053
2019-04-02,9112450.479620213,7550634.839671938,8628519.247121567,32876180.11694654,16.025152220949053,15.837142202415045,15.97058346631242,17.308258944911348
2019-04-03,32876180.11694654,13284632.518497657,9363712.916469235,12419956.396950211,17.308258944911348,16.40211847540827,16.052352448907378,16.3348151237509
2019-04-04,12419956.396950211,14279871.891888414,8563162.46930844,7826681.18338157,16.3348151237509,16.474361543679198,15.962980127238174,15.87304911903052
2019-04-05,7826681.18338157,14307684.9262289,8317692.340262576,6204941.604551344,15.87304911903052,16.47630735830707,15.933895411375964,15.64085656554535
2019-04-08,6204941.604551344,13688041.956289977,8200833.131838355,5880436.6746505555,15.64085656554535,16.432033159737223,15.919746308517107,15.587141581513698
2019-04-09,5880436.6746505555,13041639.195296045,8100425.310417217,5369151.364821529,15.587141581513698,16.38365781172329,15.907427125723114,15.496180421374888
2019-04-10,5369151.364821529,7540233.444871041,8152289.1857587285,12331678.338382445,15.496180421374888,15.83576370036309,15.913809327465357,16.327681984156467
2019-04-11,12331678.338382445,7522577.833157489,8522153.11278192,20388642.605757114,16.327681984156467,15.833419434147,15.958179579646837,16.830488568768057
2019-04-12,20388642.605757114,10034970.117632598,9306224.415603792,8947557.85698607,16.830488568768057,16.12158656239375,16.04619402624789,16.00689118787535
2019-04-15,8947557.85698607,10583493.368119542,9576888.02127688,5214709.297352358,16.00689118787535,16.17480611591766,16.07486325597188,15.466993901306685
2019-04-16,5214709.297352358,10450347.892659903,9620193.331910394,9528492.291614432,15.466993901306685,16.16214582698458,16.079374919312134,16.06979705656818
2019-04-17,9528492.291614432,11282216.078018483,9814109.819506539,6511452.075791954,16.06979705656818,16.238738245555528,16.099331685655635,15.689073042429147
2019-04-18,6511452.075791954,10118170.825500384,9532879.099502316,11025779.661456447,15.689073042429147,16.12984345701828,16.07025733908147,16.215746694389235
2019-04-19,11025779.661456447,8245598.236640252,9826103.921772398,9843339.115029557,16.215746694389235,15.925190068850066,16.100553067857977,16.102305552423605
2019-04-22,9843339.115029557,8424754.48824895,9827678.40262538,3355507.9922276223,16.102305552423605,15.946684892917437,16.100713289522222,15.026113730406717
2019-04-23,3355507.9922276223,8052914.227224003,9666656.290071113,14637867.722756308,15.026113730406717,15.901544599687059,16.08419302584114,16.499122408537122
2019-04-24,14637867.722756308,9074789.313452378,10026134.478848683,30385099.257100146,16.499122408537122,16.02101072169719,16.120705689726673,17.22946289019428
2019-04-25,30385099.257100146,13849518.749714017,10931847.625187086,12325338.584471092,17.22946289019428,16.44376104268085,16.207190887512454,16.327167748872377
2019-04-26,12325338.584471092,14109430.534316946,11300899.755262228,8938406.491051206,16.327167748872377,16.46235396400087,16.240392904872206,16.005867886413338
2019-04-29,8938406.491051206,13928444.009521276,11368838.25349199,11855504.435902532,16.005867886413338,16.44944363883655,16.24638668403247,16.288302827053204
2019-04-30,11855504.435902532,15628443.298256258,11558287.727320326,14199694.889411945,16.288302827053204,16.564603100396997,16.262913289763564,16.468731035679518
2019-05-01,14199694.889411945,15540808.731587384,11780857.656191507,18568906.35246947,16.468731035679518,16.558979943479333,16.281986539665787,16.736999038351183
2019-05-02,18568906.35246947,13177570.150661249,12210696.55950284,45130655.15339274,16.736999038351183,16.394026711215542,16.317822892740026,17.62507228872402
2019-05-03,45130655.15339274,19738633.46444558,12767718.152068574,22867467.11576208,17.62507228872402,16.79808836284818,16.362430523872046,16.945225808477822
2019-05-06,22867467.11576208,22524445.589387752,13242605.00292366,11231044.394529993,16.945225808477822,16.93011174803203,16.398949841606587,16.23419232279374
2019-05-07,11231044.394529993,22399553.581113245,13397348.785248589,6041942.946585351,16.23419232279374,16.924551587212086,16.41056739349876,15.614236198081349
2019-05-08,6041942.946585351,20768003.192547925,13389939.755341042,7360160.199694679,15.614236198081349,16.84892405221032,16.41001421842953,15.811592256731041
2019-05-09,7360160.199694679,18526253.961992968,13457199.91557032,11020482.915295683,15.811592256731041,16.734699417111575,16.415024830492822,16.21526618244357
2019-05-10,11020482.915295683,11704219.514373558,13714078.622410057,31129287.993978973,16.21526618244357,16.27545997700635,16.433933499813516,17.253659670134986
2019-05-13,31129287.993978973,13356583.690016937,14568515.424937172,13729593.329795826,17.253659670134986,16.40751998154785,16.494373280388164,16.435064158208327
2019-05-14,13729593.329795826,13856293.477070102,14265831.36693893,14153712.768573789,16.435064158208327,16.444250090064532,16.473377821123517,16.465487534107858
2019-05-15,14153712.768573789,15478647.441467788,14502474.7720111,12942846.5729534,16.465487534107858,16.554972047726288,16.489829866759464,16.37605380529833
2019-05-16,12942846.5729534,16595184.716119533,14853753.739083875,26594169.47186981,16.37605380529833,16.624623133904006,16.513763168312934,17.096202556938827
2019-05-17,26594169.47186981,19709922.027434357,15629466.338186389,87410604.32452738,17.096202556938827,16.796632723130937,16.564668558384586,18.286127164210008
2019-05-20,87410604.32452738,30966185.293544043,19306700.531310726,33364476.409342665,18.286127164210008,17.248406370114964,16.77596277141097,17.32300231138516
2019-05-21,33364476.409342665,34893161.90945341,20322095.83803283,20340714.95064778,17.32300231138516,17.367801434148564,16.827219316991297,16.828135097949627
2019-05-22,20340714.95064778,36130562.34586821,20799249.285106387,42923746.167008415,16.828135097949627,17.402649667516073,16.85042745195802,17.574935754466996
2019-05-23,42923746.167008415,42126742.26467921,22597805.56577824,50421686.65381086,17.574935754466996,17.556193305180436,16.933363360668746,17.735931931243297
2019-05-24,50421686.65381086,46892245.701067425,24224342.78991708,115238710.21042958,17.735931931243297,17.663362882882627,17.002868585957906,18.56251627591413
2019-05-27,115238710.21042958,52457866.87824786,28081325.10597751,91638583.52696943,18.56251627591413,17.775520869705296,17.150615326392266,18.333362958500487
2019-05-28,91638583.52696943,64112688.30177321,31686472.603363797,48454216.77729134,18.333362958500487,17.976152847727768,17.27140041601652,17.69612992610087
2019-05-29,48454216.77729134,69735388.66710193,33482645.798192896,65870735.31045747,17.69612992610087,18.0602184752462,17.326537826693514,18.00320482360994
2019-05-30,65870735.31045747,74324786.49579175,35937883.56521812,106145980.2212494,18.00320482360994,18.12395505426835,17.397302549583998,18.480325876543453
2019-05-31,106145980.2212494,85469645.20927945,40117260.171210736,120644021.87362164,18.480325876543453,18.263671844078004,17.507317227878893,18.60835479948008
2019-06-03,120644021.87362164,86550707.54191785,44757038.14944492,109071201.97026393,18.60835479948008,18.276241014503025,17.616759267400962,18.507511456017156
2019-06-04,109071201.97026393,90037231.23057675,47663426.64112089,147648324.11317658,18.507511456017156,18.31573382309216,17.679674924681933,18.810343815688004
2019-06-05,147648324.11317658,109876052.69775382,53335283.777366996,200334673.71012428,18.810343815688004,18.51486349479065,17.792108654686928,19.115499894541724
2019-06-06,200334673.71012428,136768840.37768716,61930903.29171219,295123917.25830346,19.115499894541724,18.73380276219115,17.94152985849675,19.502905884606943
2019-06-07,295123917.25830346,174564427.785098,75070993.03315392,262818397.80545598,19.502905884606943,18.977804445132346,18.133944797557525,19.38697384899444
2019-06-10,262818397.80545598,202999302.97146487,86682731.10614307,160305347.12668318,19.38697384899444,19.128713103362063,18.277765242051885,18.892590974020848
2019-06-11,160305347.12668318,213246132.0027487,93468406.75211523,157086778.3383167,18.892590974020848,19.177957605849162,18.35313404146,18.87230893888411
2019-06-12,157086778.3383167,215133822.84777674,99193747.2223124,297996052.55690676,18.87230893888411,19.1867708243117,18.41258553823536,19.51259079792861
2019-06-13,297996052.55690676,234666098.61713323,112114949.9144538,125766391.58900315,19.51259079792861,19.273674204785653,18.53503524145599,18.649936709057595
2019-06-14,125766391.58900315,200794593.48327318,117188253.4972006,165370639.85255268,18.649936709057595,19.11779302053527,18.579292203951113,18.923699814836723
2019-06-17,165370639.85255268,181305041.8926925,124116789.55536422,112846921.7480043,18.923699814836723,19.01569148500576,18.63673353155866,18.541542783478775
2019-06-18,112846921.7480043,171813356.81695673,128037369.20427941,123578663.03178841,18.541542783478775,18.961919310807573,18.66783272618412,18.63238845889308
2019-06-19,123578663.03178841,165111733.75565106,129681371.87279129,266570226.67814448,18.63238845889308,18.922132976962484,18.680591014243753,19.401148281596015
2019-06-20,266570226.67814448,158826568.5798986,140281633.2486459,198662018.15673357,19.401148281596015,18.883323401220462,18.75916262594468,19.107115537547834
2019-06-21,198662018.15673357,173405693.89344472,148387147.0307407,162640766.98229685,19.107115537547834,18.971144458527338,18.815335274641683,18.907054443101437
2019-06-24,162640766.98229685,172859719.31939352,153828829.79507202,64512077.9719863,18.907054443101437,18.967990952542184,18.85135104737222,17.982363019615534
2019-06-25,64512077.9719863,163192750.5641899,154469302.12771633,167136150.87659574,17.982363019615534,18.910442578945098,18.855505942830266,18.934319312935276
2019-06-26,167136150.87659574,171904248.13315138,156828276.70345116,217874816.42857414,18.934319312935276,18.962448182864193,18.870661985740927,19.19943121925023
2019-06-27,217874816.42857414,162165166.08323735,162566287.28988773,604297647.2936509,19.19943121925023,18.904125917538636,18.90659639834052,20.219577428048765
2019-06-28,604297647.2936509,243292291.91062078,187831897.76790407,280924379.9587801,20.219577428048765,19.309774125832323,19.051057959984966,19.453596080614325
2019-07-01,280924379.9587801,266949014.50591746,197607063.43373692,259470148.39113927,19.453596080614325,19.402568241223257,19.101791088761313,19.37415221885159
2019-07-02,259470148.39113927,305940628.589748,204576343.80509555,270366810.7639634,19.37415221885159,19.538901616875012,19.136451783121124,19.415290153342227
2019-07-03,270366810.7639634,326586760.5672215,211381925.1182929,630020135.8469425,19.415290153342227,19.604206200530246,19.16917712688546,20.261262338500902
2019-07-04,630020135.8469425,409015824.45089525,235061422.1126874,384878116.7979539,20.261262338500902,19.8292644038476,19.275357408649352,19.768437262384538
2019-07-05,384878116.7979539,365131918.35175586,245844594.50745,361801962.7302941,19.768437262384538,19.715769266392037,19.320210164626875,19.706607555814827
2019-07-08,361801962.7302941,381307434.90605867,253184016.73563954,437743086.80598146,19.706607555814827,19.75911652347341,19.349627121185108,19.897142736443524
2019-07-09,437743086.80598146,416962022.58902705,259666706.26053402,384956715.94230574,19.897142736443524,19.848505702687692,19.374909467646493,19.76864145980789
2019-07-10,384956715.94230574,439880003.6246955,265218447.99402717,254555630.95204523,19.76864145980789,19.902012528647198,19.396064376428363,19.355029959270247
2019-07-11,254555630.95204523,364787102.6457161,269502551.8042709,295383472.68167025,19.355029959270247,19.714824460949867,19.412088416929986,19.503784977551433
2019-07-12,295383472.68167025,346888173.82245934,275788765.18351424,521872573.7783502,19.503784977551433,19.664513020331075,19.435145787118547,20.072934004511115
2019-07-15,521872573.7783502,378902296.0320705,285964970.69357985,199680246.45537585,20.072934004511115,19.752788935701457,19.47137988119045,19.112227877396258
2019-07-16,199680246.45537585,331289727.96194947,289324691.369324,256596422.92667496,19.112227877396258,19.6185038615433,19.483060114971238,19.363015069778477
2019-07-17,256596422.92667496,305617669.3588233,293471317.87269324,165031408.62959862,19.363015069778477,19.537845432167746,19.497290468002884,18.921646369080477
2019-07-18,165031408.62959862,287712824.89433396,295843340.0036748,435191618.2233161,18.921646369080477,19.477473404846048,19.505340615438204,19.89129699372338
2019-07-19,435191618.2233161,315674454.00266314,310007565.23965335,129878520.22371812,19.89129699372338,19.57022203166897,19.552107259144574,18.682110111722544
2019-07-22,129878520.22371812,237275643.29173675,303794305.8553612,133057748.79268675,18.682110111722544,19.284733075142412,19.53186140488038,18.70629379339663
2019-07-23,133057748.79268675,223951143.7591989,300812293.6115409,228972058.7977637,18.70629379339663,19.226938477812396,19.521997018924033,19.249110540090637
2019-07-24,228972058.7977637,218426270.93341666,303827352.3304258,555364362.503454,19.249110540090637,19.201959082757654,19.531970178077163,20.13513496531817
2019-07-25,555364362.503454,296492861.7081877,326138819.8091289,352018465.654028,20.13513496531817,19.507533700929063,19.60283367632749,19.67919419143083
2019-07-26,352018465.654028,279858231.1943301,334542561.38992125,206264394.32298914,19.67919419143083,19.4497937157486,19.62827466827223,19.144669371400727
2019-07-29,206264394.32298914,295135406.0141843,334014814.93057644,736861263.3034725,19.144669371400727,19.50294481243215,19.626695906036844,20.4179101872548
2019-07-30,736861263.3034725,415896108.9163415,340040433.8401138,198071683.9656183,20.4179101872548,19.845946048853893,19.644575091562853,19.104139563368456
2019-07-31,198071683.9656183,409716033.94991237,336274402.20406103,72226797.10520056,19.104139563368456,19.830974877582197,19.63343805785772,18.095321686045104
2019-08-01,72226797.10520056,313088520.8702617,327763340.7819729,250998331.89175412,18.095321686045104,19.561996522801994,19.60780238391996,19.34095685122439
2019-08-02,250998331.89175412,292884494.1178069,326882955.37869066,186936421.06449735,19.34095685122439,19.495288871229025,19.6051127301659,19.04627912270019
2019-08-05,186936421.06449735,289018899.4661086,306742786.5249431,121028401.95049077,19.04627912270019,19.482002640014976,19.541520125467688,18.611535802880535
2019-08-06,121028401.95049077,165852327.19551224,294749617.6682403,243791219.42587346,18.611535802880535,18.926608355188417,19.50163680024178,19.311822758882453
2019-08-07,243791219.42587346,174996234.28756326,289385492.9725848,238873423.5216653,19.311822758882453,18.980275013299483,19.483270242959755,19.291444360907605
2019-08-08,238873423.5216653,208325559.57085618,280345962.8232977,151526837.8913964,19.291444360907605,19.15461260427649,19.451534979942654,18.836273315022876
2019-08-09,151526837.8913964,188431260.77078465,269735513.82098365,79753480.29618296,18.836273315022876,19.054243834000157,19.41295245842133,18.194450938754557
2019-08-12,79753480.29618296,166994672.61712176,261789961.51844442,231579045.06002247,18.194450938754557,18.93347246937592,19.383053066619528,19.260431820554196
2019-08-13,231579045.06002247,189104801.23902813,258889760.26291496,294503325.7138862,19.260431820554196,19.057811923253634,19.371912893004556,19.500800853738795
2019-08-14,294503325.7138862,199247222.49663067,248554794.44180298,210515411.6308962,19.500800853738795,19.110056935746375,19.331173879966077,19.165069422805225
2019-08-15,210515411.6308962,193575620.11847687,249047301.9497812,577648620.9202571,19.165069422805225,19.08117879573691,19.333153404057214,20.174476319493685
2019-08-16,577648620.9202571,278799976.724249,263640583.6767622,187000483.87588128,20.174476319493685,19.446005153365164,19.390097308062145,19.04662176238707
2019-08-19,187000483.87588128,300249377.44018865,264639178.00613868,87079160.12292677,19.04662176238707,19.520123945450738,19.393877863711566,18.28232814939351
2019-08-20,87079160.12292677,271349400.4527695,248815884.45612097,111161167.53655133,18.28232814939351,19.41891784897344,19.332223761068352,18.52649166599097
2019-08-21,111161167.53655133,234680968.81730253,247965095.69761336,161605080.4325799,18.52649166599097,19.273737570261677,19.328798551069223,18.900666141877515
2019-08-22,161605080.4325799,224898902.57763928,249262701.68124488,210727755.44474608,18.900666141877515,19.23116153731621,19.334017925111617,19.166077599784376
2019-08-23,210727755.44474608,151514729.4825371,248433415.16519862,154082143.60738736,19.166077599784376,18.836193402494896,19.330685420575406,18.852996418218634
2019-08-26,154082143.60738736,144931061.4288383,230193314.3062865,186678606.75240886,18.852996418218634,18.79176874890636,19.25443001085153,19.04489901572475
2019-08-27,186678606.75240886,164850950.75473472,222677866.17439473,79055665.54402928,19.04489901572475,18.920552294858375,19.221236738758343,18.185662789437757
2019-08-28,79055665.54402928,158429850.35623032,216895651.22989658,296052595.3684258,18.185662789437757,18.8808224688089,19.19492692594141,19.506047683559352
2019-08-29,296052595.3684258,185319353.3433995,196858893.59648535,198418965.4472463,19.506047683559352,19.03759112910128,19.09799775389396,19.105891340218434
2019-08-30,198418965.4472463,182857595.34389955,196874679.11837757,335443879.50015104,19.105891340218434,19.02421824035651,19.098077937667934,19.630965226166982
2019-09-02,335443879.50015104,219129942.52245227,208839091.95451164,289631650.2236752,19.630965226166982,19.2051754566727,19.157074618453272,19.48412050195057
2019-09-03,289631650.2236752,239720551.21670556,210595151.87868986,296479029.2549573,19.48412050195057,19.294984432970544,19.16544813688013,19.50748704626147
2019-09-04,296479029.2549573,283205223.95889115,215574361.34189263,340750304.5127095,19.50748704626147,19.461682365796236,19.188816472218626,19.646660522194836
2019-09-05,340750304.5127095,292144765.7877479,225561720.54926616,344498127.8922688,19.646660522194836,19.492760010623318,19.234104384774792,19.65759921412824
2019-09-06,344498127.8922688,321360598.27675235,230139307.29773867,403669444.1171457,19.65759921412824,19.58807440971618,19.254195367438218,19.816106893380034
2019-09-09,403669444.1171457,335005711.2001513,237630035.5066242,670735878.6500151,19.816106893380034,19.62965813800268,19.28622554952835,20.323885993973494
2019-09-10,670735878.6500151,411226556.8854193,261230446.45019773,482699893.71943605,20.323885993973494,19.8346548538851,19.38091351231854,19.994905680451364
2019-09-11,482699893.71943605,448470729.77831507,279546192.5148911,573276834.7285526,19.994905680451364,19.921353974854764,19.448678105293705,20.16687929016977
2019-09-12,573276834.7285526,494976035.82148373,295077910.227097,403217503.2449621,20.16687929016977,20.02001990687919,19.502749981899914,19.81498668460501
2019-09-13,403217503.2449621,506719910.8920223,300019463.7512368,871317307.2847102,19.81498668460501,20.04346896490209,19.5193579096867,20.585516770753472
2019-09-16,871317307.2847102,600249483.5255352,330055913.55368286,383241102.99995273,20.585516770753472,20.212855932633005,19.61477263308347,19.76417486083474
2019-09-17,383241102.99995273,542750528.3955227,321219208.1936691,1105740171.2727246,19.76417486083474,20.112160340274524,19.587634339599003,20.823780785930474
2019-09-18,1105740171.2727246,667358583.9061806,362980103.0753437,672779716.6032974,20.823780785930474,20.31883806647674,19.70985857826225,20.326928518432677
2019-09-19,672779716.6032974,687259160.2811295,389602855.6426333,229205586.46883345,20.326928518432677,20.34822201381295,19.780638459384008,19.250129916281093
2019-09-20,229205586.46883345,652456776.9259037,394968511.04864615,396792023.14537144,19.250129916281093,20.296255452707857,19.794316600823493,19.79892283021267
2019-09-23,396792023.14537144,557551720.098036,405658826.6265003,268032432.76535007,19.79892283021267,20.13906582847184,19.821023035785927,19.406618548934226
2019-09-24,268032432.76535007,534509986.0511154,408263584.6865278,578501033.3033683,19.406618548934226,20.096860971231678,19.827423564672202,20.175950890773365
2019-09-25,578501033.3033683,429062158.4572442,427555352.39998144,295290918.157777,20.175950890773365,19.877112357905258,19.87359431725757,19.503471591611273
2019-09-26,295290918.157777,353564398.76814014,432492275.64568,237553808.59107265,19.503471591611273,19.68357620144217,19.885075024397945,19.28590471826629
2019-09-27,237553808.59107265,355234043.192588,439696736.6932728,93717074.48674278,19.28590471826629,19.68828740681118,19.90159581245707,18.355790955652964
2019-09-30,93717074.48674278,294619053.4608622,430499667.5622873,166012000.6553754,18.355790955652964,19.501193735600207,19.880457109618725,18.92757063681247
2019-10-01,166012000.6553754,274214967.0388673,429026623.70811135,55604117.9198282,18.92757063681247,19.42942290798964,19.877029534892323,17.833767819784523
2019-10-02,55604117.9198282,169635583.96215925,416306634.5453694,63037222.12619665,17.833767819784523,18.949163070412443,19.8469326489716,17.959235937285964
2019-10-03,63037222.12619665,123184844.75584316,406006887.8136658,236091351.3149519,17.959235937285964,18.6291965881515,19.82188068248039,19.27972936993605
2019-10-04,236091351.3149519,122892353.30061904,403261993.36184746,341206038.5988993,19.27972936993605,18.62681935372849,19.81509701628019,19.64799707154623
2019-10-07,341206038.5988993,172390146.12305036,403282708.54758334,344241863.22114974,19.64799707154623,18.965270757501468,19.815148384011433,19.656855059044315
2019-10-08,344241863.22114974,208036118.6362052,403271060.1534415,155902720.07266816,19.656855059044315,19.153222269880096,19.81511949965283,18.86474278142338
2019-10-09,155902720.07266816,228095839.06677318,392008936.333238,206361872.39575183,18.86474278142338,19.245276445381847,19.78679519426336,19.145141847742824
2019-10-10,206361872.39575183,256760769.12068424,370901026.95804423,234472982.45713216,19.145141847742824,19.36365534988819,19.731445811283283,19.272850925810612
2019-10-11,234472982.45713216,256437095.3491203,359617985.5370304,121174038.77228603,19.272850925810612,19.36239395019466,19.70055287470876,18.612738407106264
2019-10-14,121174038.77228603,212430695.38379762,339067858.4481092,451416787.2451094,18.612738407106264,19.17412635376337,19.641710817726203,19.927901610945327
2019-10-15,451416787.2451094,233865680.18858957,341258734.9935704,528612806.472496,19.927901610945327,19.270257492223475,19.6481515011866,20.08576678699289
2019-10-16,528612806.472496,308407697.4685551,325681257.6839243,315089160.5636588,20.08576678699289,19.54693315870823,19.601429723868332,19.56836620614742
2019-10-17,315089160.5636588,330153155.1021365,322583442.1186382,291258029.6876022,19.56836620614742,19.61506721113086,19.5918723959855,19.489720132206987
2019-10-18,291258029.6876022,341510164.5482305,285561526.5920418,309406368.12433904,19.489720132206987,19.648888000948656,19.46996806854321,19.55016607806447
2019-10-21,309406368.12433904,379156630.41864115,269044556.2066346,84427545.40615666,19.55016607806447,19.75345995054539,19.4103875603058,18.251404273691463
2019-10-22,84427545.40615666,305758782.0508506,262463736.1583311,155800322.01664087,18.251404273691463,19.53830705509813,19.38562348248438,18.864085758257843
2019-10-23,155800322.01664087,231196285.15967956,251509567.92520696,121106058.20011078,18.864085758257843,19.258777626984966,19.34299159022062,18.6121772336974
2019-10-24,121106058.20011078,192399664.68696997,244831096.3540597,85746353.10535815,18.6121772336974,19.075085353403146,19.31607912812524,18.266904113722344
2019-10-25,85746353.10535815,151297329.37052113,222433156.34505928,106487071.75734606,18.266904113722344,18.83475752738351,19.22013719351408,18.483534143795353
2019-10-28,106487071.75734606,110713470.09712255,213851163.32685784,351876039.2744829,18.483534143795353,18.522456071370474,19.180790832542236,19.678789510387034
2019-10-29,351876039.2744829,164203168.8707878,219047628.35792196,334385858.0516537,19.678789510387034,18.916615053644055,19.204799745221592,19.627806147765163
2019-10-30,334385858.0516537,199920276.07779035,229987118.51996335,166314063.43279433,19.627806147765163,19.113429225431346,19.253533858884108,18.929388507230982
2019-10-31,166314063.43279433,208961877.12432706,230000848.6462097,246493315.46703744,18.929388507230982,19.15766238718737,19.25359355664679,19.322845433298543
2019-11-01,246493315.46703744,241111269.5966629,238677630.35290098,500245970.1518267,19.322845433298543,19.300769084475693,19.290624372434554,20.03061047572716
2019-11-04,500245970.1518267,319863049.27555907,258550755.26315692,588526648.8836061,20.03061047572716,19.583403491138437,19.37060257795156,20.19313276636428
2019-11-05,588526648.8836061,367193171.1973837,274570541.51627755,402463200.29376096,20.19313276636428,19.72139861958067,19.430718767744043,19.813114222801524
2019-11-06,402463200.29376096,380808639.6458051,277354957.9569531,219886692.24503705,19.813114222801524,19.75780754876961,19.44080868048008,19.208622936390594
2019-11-07,219886692.24503705,391523165.40825367,271702450.1853116,393144056.6243537,19.208622936390594,19.785555242546913,19.42021809233645,19.789686658964253
2019-11-08,393144056.6243537,420853313.639717,282486147.3012973,422771433.760336,19.789686658964253,19.8577949072744,19.459140071246857,19.862342245250947
2019-11-11,422771433.760336,405358406.3614188,292322945.54514205,585772806.8219701,19.862342245250947,19.820282187708713,19.493369726983893,20.18844257069657
2019-11-12,585772806.8219701,404807637.9490916,308291119.37990737,594346122.17883,20.18844257069657,19.818922544210835,19.546555087316325,20.202972404895544
2019-11-13,594346122.17883,443184222.3261054,329798941.3529321,798557062.7423587,20.202972404895544,19.909496093318964,19.61399375811777,20.49831698548601
2019-11-14,798557062.7423587,558918296.4255698,345578044.7846253,391070368.95526767,20.49831698548601,20.14151386019644,19.660729065053932,19.78439807350927
2019-11-15,391070368.95526767,558503558.8917526,339326115.80656946,852863684.7435777,19.78439807350927,20.14077154868555,19.64247219645519,20.564110285819797
2019-11-18,852863684.7435777,644522009.0884008,363770412.36020213,663078695.1645387,20.564110285819797,20.284019528850287,19.71203349132967,20.31240423667883
2019-11-19,663078695.1645387,659983186.7569146,380671351.7000628,1830807165.3114626,20.31240423667883,20.307724918049527,19.75744696687963,21.328022780495914
2019-11-20,1830807165.3114626,907275395.3834412,449825933.39038664,693425734.3835999,21.328022780495914,20.62595659527048,19.92437125120851,20.357154703857347
2019-11-21,693425734.3835999,886249129.7116894,477507669.25299776,1778120715.9987528,20.357154703857347,20.602508653820497,19.9840907790189,21.298822865995927
2019-11-22,1778120715.9987528,1163659199.1203866,551249505.3430938,1270535468.4437683,21.298822865995927,20.874835359125143,20.127698087388136,20.96270427725239
2019-11-25,1270535468.4437683,1247193555.8604245,603496296.7178054,660939179.1767987,20.96270427725239,20.94416170880901,20.21825046214137,20.30917238023421
2019-11-26,660939179.1767987,1246765652.6628766,629641425.1755981,566321312.2998786,20.30917238023421,20.943818557084406,20.260661048925236,20.154672164668444
2019-11-27,566321312.2998786,993868482.0605599,650542981.5638951,537013379.7044637,20.154672164668444,20.717115444056567,20.293317928390255,20.10153356781352
2019-11-28,537013379.7044637,962586011.1247324,658958315.2198033,815733269.2122837,20.10153356781352,20.685133982341164,20.306170835867952,20.51959798352745
2019-11-29,815733269.2122837,770108521.7674387,680837742.999832,934177296.9938297,20.51959798352745,20.462042000241578,20.338834572875687,20.655176803653735
2019-12-02,934177296.9938297,702836887.477451,715740617.2526063,506035274.0610886,20.655176803653735,20.370635399350405,20.388828392883617,20.04211693640518
2019-12-03,506035274.0610886,671856106.4543089,727537979.0068814,540886367.7922198,20.04211693640518,20.325554748258764,20.405176760467754,20.108719773699544
2019-12-04,540886367.7922198,666769117.552777,729385269.8087175,2027201773.5958347,20.108719773699544,20.317954393360417,20.407712641192127,21.429922242430052
2019-12-05,2027201773.5958347,964806796.3310512,794779593.6592731,3423767707.560174,21.429922242430052,20.687438428202444,20.493575393500144,21.95400745050633
2019-12-06,3423767707.560174,1486413684.0006294,932111616.7168374,2491696698.280251,21.95400745050633,21.119632132117527,20.65296312590495,21.636229720303923
2019-12-09,2491696698.280251,1797917564.2579136,1035375707.9002563,1728042846.5347393,21.636229720303923,21.309894923367406,20.758030200596348,21.270255302469216
2019-12-10,1728042846.5347393,2042319078.7526436,1096052925.6234555,1604708982.5392547,21.270255302469216,21.43735180244106,20.814981314108742,21.196208257797878
2019-12-11,1604708982.5392547,2255083601.7020507,1149777359.658861,2201053839.588934,21.196208257797878,21.536452883139354,20.86283416028197,21.512202100613155
2019-12-12,2201053839.588934,2289854014.9006705,1223199224.784632,958446232.8007456,21.512202100613155,21.551753903528837,20.924735578818815,20.68082402372869
2019-12-13,958446232.8007456,1796789719.9487846,1239749229.812901,999502158.833429,20.68082402372869,21.309267420621303,20.938174962089445,20.722767871815783
2019-12-16,999502158.833429,1498350812.0594203,1248883097.8170404,402025045.1790494,20.722767871815783,21.12763088157951,20.945515467085748,19.812024946083064
2019-12-17,402025045.1790494,1233147251.7882824,1249381037.6453943,1008338882.9281665,19.812024946083064,20.93283547961699,20.945914095739845,20.731570143476375
2019-12-18,1008338882.9281665,1113873231.8660645,1256448092.10833,1450413413.9007883,20.731570143476375,20.831109176523945,20.951554602601007,21.095114465776923
2019-12-19,1450413413.9007883,963745146.7284355,1292236033.8690686,830696967.1080415,21.095114465776923,20.68633744700909,20.979639914374413,20.537775625795103
2019-12-20,830696967.1080415,938195293.5898949,1246776479.405277,2219264392.1228867,20.537775625795103,20.65946868742087,20.943827240909926,21.520441623020833
2019-12-23,2219264392.1228867,1182147740.2477863,1316132782.02979,702306878.5350556,21.520441623020833,20.890598739868896,20.997963562958585,20.369881015378674
2019-12-24,702306878.5350556,1242204106.9189875,1267232153.0541673,378514220.8009121,20.369881015378674,20.940153144249674,20.960100952009174,19.75176420160471
2019-12-25,378514220.8009121,1116239174.4935365,1226685732.706765,852162512.5319166,19.75176420160471,20.833230992005863,20.927581843305823,20.563287809012923
2019-12-26,852162512.5319166,996588994.2197622,1235377702.4047246,1660781514.4943144,20.563287809012923,20.71984900042305,20.934642592175965,21.23055412039119
2019-12-27,1660781514.4943144,1162605903.697017,1285125893.4135628,3422235300.2383766,21.23055412039119,20.87392979123086,20.97412252202276,21.953559771080645
2019-12-30,3422235300.2383766,1403200085.3201149,1416272344.3469224,1517705923.536209,21.953559771080645,21.062021240386148,21.07129414730254,21.140465770891762
2019-12-31,1517705923.536209,1566279894.3203456,1448180192.2707372,2578837901.435932,21.140465770891762,21.17196915054969,21.093573565343576,21.670604708607737
2020-01-01,2578837901.435932,2006344630.4473495,1522937492.4726508,1847926103.6104784,21.670604708607737,21.41958031155446,21.143906867648592,21.337329822142625
2020-01-02,1847926103.6104784,2205497348.663062,1583932530.1794412,1527184592.983065,21.337329822142625,21.51421887536076,21.183176534847785,21.14669174191677
2020-01-03,1527184592.983065,2178777964.360812,1628764267.6881163,2679775020.3883686,21.14669174191677,21.50202998976413,21.21108744626557,21.7089986803291
2020-01-06,2679775020.3883686,2030285908.3908105,1658426687.996868,2906990084.754266,21.7089986803291,21.431442461654694,21.229135211573862,21.790384047700087
2020-01-07,2906990084.754266,2308142740.6344213,1634936796.0511446,826308950.447484,21.790384047700087,21.559709029708657,21.21486998369898,20.53247929357146
2020-01-08,826308950.447484,1957636950.436732,1559237352.967837,2997717546.952496,20.53247929357146,21.39500394529094,21.16746266236621,21.821117018363363
2020-01-09,2997717546.952496,2187595239.105136,1616949839.3504622,4855049751.751765,21.821117018363363,21.506068713124932,21.20380739625037,22.30328518616588
2020-01-10,4855049751.751765,2853168270.8588758,1764692601.5873947,2089032863.5755253,22.30328518616588,21.771695887760576,21.29124234875689,21.459967051123055
2020-01-13,2089032863.5755253,2735019839.496307,1759600739.0413306,2511454058.0036645,21.459967051123055,21.729404526723226,21.288352767444053,21.644127728334727
2020-01-14,2511454058.0036645,2655912634.1461864,1830192003.8232813,2863108670.185728,21.644127728334727,21.700054174249324,21.327686718418022,21.77517381909571
2020-01-15,2863108670.185728,3063272578.0938354,1914901390.7029312,2805861447.9465194,21.77517381909571,21.842749651400418,21.372931965147686,21.75497644033935
2020-01-16,2805861447.9465194,3024901358.29264,2024166681.737816,1718600188.4222994,21.75497644033935,21.83014431906866,21.4284239376181,21.26477595248048
2020-01-17,1718600188.4222994,2397611445.626747,2056451286.533004,1208062167.4579716,21.26477595248048,21.597738847740263,21.444247657794268,20.912283398262314
2020-01-20,1208062167.4579716,2221417306.4032364,2045435320.7856033,1539615992.7828007,20.912283398262314,21.521411255430984,21.438876474587207,21.154798866941896
2020-01-21,1539615992.7828007,2027049693.3590636,2077658912.8617287,3304196182.560064,21.154798866941896,21.429847219833118,21.454507574120704,21.918459068130538
2020-01-22,3304196182.560064,2115267195.8339305,2126973994.2452369,3221699319.5795975,21.918459068130538,21.472446975192845,21.477966146594817,21.89317479629735
2020-01-23,3221699319.5795975,2198434770.1605463,2241491832.474534,1877204085.595035,21.89317479629735,21.511011475988294,21.530407477776432,21.353049318312507
2020-01-24,1877204085.595035,2230155549.5950937,2309614099.056085,2973919884.9288692,21.353049318312507,21.525337173167454,21.560346290838915,21.813146746130897
2020-01-27,2973919884.9288692,2583327093.0892725,2406057615.9832196,435305040.52927583,21.813146746130897,21.672343976062294,21.60125540100487,19.89155758589329
2020-01-28,435305040.52927583,2362464902.638568,2350354139.8938994,2762997712.2122025,19.89155758589329,21.582971361195817,21.577831851575894,21.739582054878735
2020-01-29,2762997712.2122025,2254225208.5689955,2320388794.983619,777819985.5576693,21.739582054878735,21.536072162643357,21.565000592628657,20.47200567433867
2020-01-30,777819985.5576693,1765449341.7646103,2286757615.9845943,1062428314.4445274,20.47200567433867,21.291671079499704,21.550400762979336,20.783822987728634
2020-01-31,1062428314.4445274,1602494187.5345085,2217829907.484985,695574526.7900001,20.783822987728634,21.194827119628968,21.519795035596264,20.360248719287945
2020-02-03,695574526.7900001,1146825115.9067347,2165450290.3567815,495653369.9007956,20.360248719287945,20.860263192594093,21.495894163082692,20.021387389372546
2020-02-04,495653369.9007956,1158894781.7810388,2118562507.4894056,2000977716.0458958,20.021387389372546,20.870732613560026,21.474003633136984,21.41690175607715
2020-02-05,2000977716.0458958,1006490782.5477772,2087708084.5647478,1134184239.7011418,21.41690175607715,20.72973564507648,21.459332690950063,20.849179497927594
2020-02-06,1134184239.7011418,1077763633.3764718,2007126000.6986969,1458284938.8424106,20.849179497927594,20.798154021362098,21.41996968540718,21.100526882743477
2020-02-07,1458284938.8424106,1156934958.2560484,2035852181.989375,1297487064.5504167,21.100526882743477,20.869040067723024,21.434180330832703,20.98369520343664
2020-02-10,1297487064.5504167,1277317465.8081317,1958568978.2438264,1723020906.4696052,20.98369520343664,20.968027985925726,21.39547993038553,21.267344928179245
2020-02-11,1723020906.4696052,1522790973.1218936,1816204030.7310007,1564391006.266399,21.267344928179245,21.14381065463911,21.32001446253865,21.170762451830385
2020-02-12,1564391006.266399,1435473631.1659942,1792356673.5805857,650103946.7515914,21.170762451830385,21.08476068826298,21.306797168290302,20.292642826147794
2020-02-13,650103946.7515914,1338657572.5760844,1707749850.3418555,1850477129.0129015,20.292642826147794,21.014933137250296,21.258442463941538,21.338709350358744
2020-02-14,1850477129.0129015,1417096010.6101823,1661721143.9249086,1097093423.0435786,21.338709350358744,21.07187555161238,21.231119735863768,20.815930176913838
2020-02-17,1097093423.0435786,1377017282.3088145,1584049870.0656843,458834050.8821961,20.815930176913838,21.043185607310477,21.18325061347037,19.944199157732736
2020-02-18,458834050.8821961,1124179911.191333,1526787772.9047701,651969689.6659007,19.944199157732736,20.840319638946625,21.146431870488357,20.29550863056783
2020-02-19,651969689.6659007,941695647.8712333,1501510842.0960398,1148147112450.1,20.29550863056783,20.663192688903543,21.129737666204772,27.76917055234937
2020-02-20,1148147112450.1,230441097348.54092,53620033408.33774,29944271898288.26,27.76917055234937,26.16326112377001,24.705188592811428,31.03035916671548
2020-02-21,29944271898288.26,6218925381580.391,1414573110776.7788,2486658827345.0806,31.03035916671548,29.45861823951882,27.977848913009645,28.541961088928947
2020-02-24,2486658827345.0806,6716037728364.799,1527456616596.1199,611789473456.6636,28.541961088928947,29.535519472811924,28.054625126015093,27.139654062658153
2020-02-25,611789473456.6636,6838303856245.955,1555179901567.532,559519633469.8917,27.139654062658153,29.553560842579266,28.07261234719429,27.050344455181715
2020-02-26,559519633469.8917,6950077389002.0,1580477434003.2122,5.633519389894724e+16,27.050344455181715,29.569773910551454,28.088748090741987,38.57009584841221
2020-02-27,5.633519389894724e+16,1.127375922775596e+16,2562271089417739.5,1.550464007270764e+17,38.57009584841221,36.961254227925124,35.47967040442603,39.582500826560334
2020-02-28,1.550464007270764e+17,4.227705051879158e+16,9609834633239500.0,5.6858306092207104e+17,39.582500826560334,38.28302079280742,36.80156340996538,40.88192380283274
2020-03-02,5.6858306092207104e+17,1.5599316537144032e+17,3.5454519185250908e+16,3.723450134552236e+19,40.88192380283274,39.588588589478924,38.10702712030691,45.06376746087558
2020-03-03,3.723450134552236e+19,7.602893312118017e+18,1.7279318530243387e+18,5.1716155388356895e+19,45.06376746087558,43.475060547700544,41.99345690658982,45.39230188992825
2020-03-04,5.1716155388356895e+19,1.7946124277885469e+19,4.078666188827126e+18,7.330042918894097e+18,45.39230188992825,44.333905847846985,42.85230169435754,43.43851304501218
2020-03-05,7.330042918894097e+18,1.94008658228845e+19,4.411849957845237e+18,3.7029375366104253e+18,43.43851304501218,44.411849369011804,42.93082576696447,42.75565810736186
2020-03-06,3.7029375366104253e+18,2.0110444050061173e+19,4.580165300327485e+18,5.964571773084068e+18,42.75565810736186,44.44777095849084,42.96826676314218,43.23236893693845
2020-03-09,5.964571773084068e+18,2.118964179249357e+19,4.851282199052479e+18,8.055275340621824e+18,43.23236893693845,44.50004414147581,43.025774714841035,43.53285887251009
2020-03-10,8.055275340621824e+18,1.5353796591513463e+19,5.217431078105368e+18,2.871182072224017e+20,43.53285887251009,44.177894452295796,43.098536824020194,47.106425676711574
2020-03-11,2.871182072224017e+20,6.2434206958322426e+19,1.826825867906465e+19,1.6550824066070892e+20,47.106425676711574,45.58064498750247,44.35169672934439,46.55555265998217
2020-03-12,1.6550824066070892e+20,9.406984650668538e+19,2.579136052720037e+19,3.203340205514957e+21,46.55555265998217,45.99056922818284,44.696571246454354,49.518481032508795
2020-03-13,3.203340205514957e+21,7.339973001023547e+20,1.7139773350508184e+20,9.795945569957396e+20,49.518481032508795,48.04503702416591,46.590518456544814,48.333670442601516
2020-03-16,9.795945569957396e+20,9.287232971468856e+20,2.1592475882304045e+20,1.0043205376755177e+21,48.333670442601516,48.280342518121834,46.82146168211072,48.358598183824654
2020-03-17,1.0043205376755177e+21,1.127976349613865e+21,2.615756923536617e+20,5.24353082668027e+16,48.358598183824654,48.47471213907665,47.013255370021234,38.49835658120719
2020-03-18,5.24353082668027e+16,1.0705631952310378e+21,2.6157807577671487e+20,3.079818401559286e+22,38.49835658120719,48.422471813558055,47.013264481770776,51.78174268058355
2020-03-19,3.079818401559286e+22,7.197098350217469e+21,1.6614955310309148e+21,7.344011976683184e+22,51.78174268058355,50.32796489075362,48.86200507196427,52.650757329997845
2020-03-20,7.344011976683184e+22,2.1244454262480845e+22,4.999682793159605e+21,4.169844418728718e+24,52.650757329997845,51.410382838302,49.96366142192849,56.6899209573144
2020-03-23,4.169844418728718e+24,8.550174190968252e+23,1.945380654625946e+23,1.689471837720867e+18,56.6899209573144,55.10540879481685,53.624914806104144,41.97094763192395
2020-03-24,1.689471837720867e+18,8.548168928836576e+23,1.9453814225540792e+23,6.752734950613952e+27,41.97094763192395,55.10517423850612,53.62491520084847,64.07974511153002
2020-03-25,6.752734950613952e+27,1.3514018070051871e+27,3.0713703589743498e+26,1.520497437708093e+27,64.07974511153002,62.47093994010998,60.989336250851814,62.58883505380906
2020-03-26,1.520497437708093e+27,1.6554951349100027e+27,3.762505557932573e+26,2.332393983875302e+29,62.58883505380906,62.6738976500965,61.192297525110476,67.62186289781896
2020-03-27,2.332393983875302e+29,4.830336012439209e+28,1.0978041391590084e+28,7.012901793534684e+26,67.62186289781896,66.04729863687083,64.56569455137247,61.81496398381334
2020-03-30,7.012901793534684e+26,4.844278419137903e+28,1.100991821792177e+28,3.260551322451569e+29,61.81496398381334,66.05018090498591,64.56859403356457,67.95686399522366
2020-03-31,3.260551322451569e+29,1.1365381064007252e+29,2.5830606047240035e+28,1.0216266951621757e+27,67.95686399522366,66.90295459018476,65.42135758059237,62.191193666972254
2020-04-01,1.0216266951621757e+27,1.1250758898898217e+29,2.587704362426702e+28,1.994432109849286e+27,62.191193666972254,66.89281818788838,65.42315373995396,62.8601568639415
2020-04-02,1.994432109849286e+27,1.1260237592341042e+29,2.5967699627567695e+28,3.931717927935839e+32,62.8601568639415,66.89366032688535,65.42665095452237,75.05179943796665
2020-04-03,3.931717927935839e+32,7.87003130549627e+31,1.7897412826606303e+31,6.927873187726891e+31,75.05179943796665,73.44319992306353,71.96220895739545,73.31569074959609
2020-04-06,6.927873187726891e+31,9.25559191723806e+31,2.1046446093754557e+31,1.647847469251666e+32,73.31569074959609,73.60536578327743,72.12428450404548,74.18219284794752
2020-04-07,1.647847469251666e+32,1.254476575309649e+32,2.8536661863080146e+31,6.830600526379101e+33,74.18219284794752,73.9094413899283,72.4287424315773,77.90672066332033
2020-04-08,6.830600526379101e+33,1.491567558481446e+33,3.390185039712208e+32,3.292427463769251e+34,77.90672066332033,76.38513568841341,74.90360747969807,79.47951828544431
2020-04-09,3.292427463769251e+34,8.076422087133526e+33,1.835576442048153e+33,3.089650632476226e+34,79.47951828544431,78.07425703226845,76.59266663833517,79.41595118239145
2020-04-10,3.089650632476226e+34,1.417708899352726e+34,3.2399630931736974e+33,9.453303736368694e+34,79.41595118239145,78.6369352792366,77.16087000754709,80.5342574439389
2020-04-13,9.453303736368694e+34,3.3069840719889197e+34,7.536919336977641e+33,4.766186682085e+39,80.5342574439389,79.4839297793323,78.0051215913358,91.36236517422925
2020-04-14,4.766186682085e+39,9.532703733007706e+38,2.1665238610501882e+38,1.5904250162218342e+39,91.36236517422925,89.75296191875836,88.27135750955051,90.26481991307999
2020-04-15,1.5904250162218342e+39,1.2713540104250321e+39,2.8894443229692035e+38,2.7132847488994008e+39,90.26481991307999,90.04090110924504,88.55929774162152,90.79897861214278
2020-04-16,2.7132847488994008e+39,1.8140043753499845e+39,4.122755572468932e+38,2.5394454572696598e+41,90.79897861214278,90.39635539044788,88.91475530183838,95.3379345460406
2020-04-17,2.5394454572696598e+41,5.260290734144192e+40,1.1955209453927165e+40,2.265930645380909e+43,95.3379345460406,93.76359001763495,92.28198574771925,99.82914455425336
2020-04-20,2.265930645380909e+43,4.5844641791966523e+42,1.0419236846270676e+42,2.978516044507814e+45,99.82914455425336,98.23124714076809,96.74964260707753,104.70775438957864
2020-04-21,2.978516044507814e+45,6.0028671984342306e+44,1.3642901661680042e+44,2.815072466474552e+46,104.70775438957864,103.10598131322998,101.6243783603298,106.95390228196139
2020-04-22,2.815072466474552e+46,6.230431334707524e+45,1.4160074104688695e+45,5.218234803902036e+43,106.95390228196139,105.44577475024032,103.96417041337186,100.66331818327744
2020-04-23,5.218234803902036e+43,6.240867261658379e+45,1.4183793353797341e+45,5.6002626608125134e+48,100.66331818327744,105.4474483416961,103.96584409143857,112.24689796407188
2020-04-24,5.6002626608125134e+48,1.126293348635252e+48,2.559757730086758e+47,1.0054460704516143e+46,112.24689796407188,110.64301648226818,109.16141198804843,105.92434557195998
2020-04-27,1.0054460704516143e+46,1.1282997089148645e+48,2.5643279394979017e+47,1.7038949482199676e+48,105.92434557195998,110.64479628089084,109.16319580312012,111.05700124011521
2020-04-28,1.7038949482199676e+48,1.4684829953499564e+48,3.3388256432342506e+47,3.063511201009189e+46,111.05700124011521,110.90831435569862,109.42711851205956,107.03847598718149
2020-04-29,3.063511201009189e+46,1.4689798728190254e+48,3.3527506941479287e+47,3.864632653297002e+47,107.03847598718149,110.90865265953163,109.43128048236741,109.57336600381743
2020-04-30,3.864632653297002e+47,1.546262089415358e+48,3.5284158147523377e+47,8.337545491919718e+47,109.57336600381743,110.95992492694683,109.48234836324396,110.34226823824922
2020-05-01,8.337545491919718e+47,5.929604670912495e+47,3.9073951552941436e+47,6.94052481157592e+47,110.34226823824922,110.00145691555683,109.5843703220151,110.15887676364426
2020-05-04,6.94052481157592e+47,7.2976007118186475e+47,4.222873555820322e+47,7.324415686997947e+47,110.15887676364426,110.20904499523691,109.66201520443357,110.21271275274839
2020-05-05,7.324415686997947e+47,5.354693952778301e+47,4.555801541592956e+47,1.4005626198317051e+48,110.21271275274839,109.89947292131126,109.7379008555655,110.86095849091512
2020-05-06,1.4005626198317051e+48,8.094548968421528e+47,5.192420914243731e+47,1.1490169332636e+48,110.86095849091512,110.31269023899316,109.86869941660555,110.66299119986438
2020-05-07,1.1490169332636e+48,9.619656304289328e+47,5.714701338454458e+47,7.2505839783854794e+47,110.66299119986438,110.48530790755468,109.9645414073633,110.20258138508568
2020-05-08,7.2505839783854794e+47,9.40226400158248e+47,6.044273337471976e+47,1.2185368554089383e+48,110.20258138508568,110.46244988222828,110.02061063870632,110.72173530387985
2020-05-11,1.2185368554089383e+48,1.0451232750085172e+48,6.598153726294205e+47,1.8568518210246247e+48,110.72173530387985,110.5682193086888,110.10828924217816,111.14296694808388
2020-05-12,1.8568518210246247e+48,1.2700053254734833e+48,7.442177281305386e+47,5.897144421986169e+47,111.14296694808388,110.76310555746211,110.2286628220896,109.99596760819429
2020-05-13,5.897144421986169e+47,1.1078356899468656e+48,7.710229300486532e+47,1.0306319835900698e+48,109.99596760819429,110.62649274677082,110.26404729851288,110.5542566540958
2020-05-14,1.0306319835900698e+48,1.0841587000121595e+48,8.178698381770115e+47,1.350188132321383e+48,110.5542566540958,110.60488875824113,110.32303238664056,110.8243284037303
2020-05-15,1.350188132321383e+48,1.2091846469087265e+48,8.792420259375094e+47,8.831335235072032e+47,110.8243284037303,110.71403075065692,110.39538938688098,110.39980558965401
2020-05-18,8.831335235072032e+47,1.1421039805283796e+48,9.193844587008696e+47,1.9898568819219946e+48,110.39980558965401,110.65695662205387,110.44003356422068,111.21214718123215
2020-05-19,1.9898568819219946e+48,1.1687049927078534e+48,1.009832487245299e+48,1.1963158454374455e+48,111.21214718123215,110.6799807556804,110.53386892659945,110.7033311691923
2020-05-20,1.1963158454374455e+48,1.2900252733556193e+48,1.0642094502512532e+48,1.147018040781206e+48,110.7033311691923,110.7787462736444,110.58631668700079,110.66125003040487
2020-05-21,1.147018040781206e+48,1.3133024847938466e+48,1.116211246830194e+48,9.590126277944061e+47,110.66125003040487,110.7966294093444,110.63402459903473,110.48223342719763
2020-05-22,9.590126277944061e+47,1.235067383888451e+48,1.1585231515179057e+48,9.894355677468105e+47,110.48223342719763,110.73520999415868,110.67123051245134,110.51346383168365
2020-05-25,9.894355677468105e+47,1.2563277927363725e+48,1.2034951235814865e+48,5.220266864838592e+47,110.51346383168365,110.75227747918846,110.70931439008281,109.87404789484023
2020-05-26,5.220266864838592e+47,9.627617536487454e+47,9.726662156574567e+47,2.933213587460801e+47,109.87404789484023,110.48613516576465,110.49637016146335,109.2975979802464
2020-05-27,2.933213587460801e+47,7.821628563104723e+47,9.85541983750255e+47,1.4577281737955165e+48,109.2975979802464,110.27839215974656,110.50952091188901,110.900963642193
2020-05-28,1.4577281737955165e+48,8.443048829133345e+47,9.743525849127799e+47,6.0580762353503385e+47,110.900963642193,110.35484284977741,110.49810241969992,110.02289166749004
2020-05-29,6.0580762353503385e+47,7.7366388206146e+47,1.0004967899820954e+48,3.731147623430611e+47,110.02289166749004,110.26746670310071,110.524581130337,109.53821523089597
2020-06-01,3.731147623430611e+47,6.5039972098071015e+47,9.998900398463391e+47,1.5195613093979471e+47,109.53821523089597,110.09391631396912,110.52397449751447,108.63992105168361
2020-06-02,1.5195613093979471e+47,5.7638560987189725e+47,9.688992026530584e+47,3.0145030524073554e+47,108.63992105168361,109.97310608302166,110.49248976918228,109.32493436224196
2020-06-03,3.0145030524073554e+47,5.780113991708283e+47,9.510536492022921e+47,2.234146419361753e+47,109.32493436224196,109.9759227749588,110.47389965914819,109.02535861056309
2020-06-04,2.234146419361753e+47,3.311486927989601e+47,9.279160616221276e+47,1.0342521134777822e+48,109.02535861056309,109.41889668219628,110.44927046258911,110.5577630335598
2020-06-05,1.0342521134777822e+48,4.168375907875098e+47,9.112655840605858e+47,1.298053368051785e+48,110.5577630335598,109.64902586013396,110.43116356975844,110.78495019675317
2020-06-08,1.298053368051785e+48,6.018253119292547e+47,9.180399674600486e+47,5.709423406810389e+47,110.78495019675317,110.01629640841114,110.438570111943,109.96361740974645
2020-06-09,5.709423406810389e+47,6.856225538775034e+47,9.110346921347075e+47,2.3849150141263584e+48,109.96361740974645,110.14665644802866,110.43091016264422,111.39324795392962
2020-06-10,2.3849150141263584e+48,1.102315495654628e+48,9.640518811673173e+47,2.5686351480253806e+48,111.39324795392962,110.62149742716818,110.48747429653272,111.46745915074602
2020-06-11,2.5686351480253806e+48,1.571359596872469e+48,9.964056687582608e+47,1.3504182704061836e+48,111.46745915074602,110.9760256935946,110.52048365734342,110.82449883810766
2020-06-12,1.3504182704061836e+48,1.6345928282581492e+48,1.0309831154949685e+48,2.7161252048441013e+47,110.82449883810766,111.01547820234462,110.55459729179141,109.22070567833939
2020-06-15,2.7161252048441013e+47,1.4293046587446742e+48,9.964822308083475e+47,2.9591448777884275e+48,109.22070567833939,110.88127253710076,110.52056049262366,111.6089847976736
2020-06-16,2.9591448777884275e+48,1.9069451661661518e+48,1.0696166283295769e+48,8.263896920016481e+47,111.6089847976736,111.16958703594223,110.59138475670558,110.33339562908317
2020-06-17,8.263896920016481e+47,1.59524010174121e+48,1.0670373632611424e+48,3.7971487560026126e+47,110.33339562908317,110.99110872262892,110.5889704525352,109.55574982844828
2020-06-18,3.7971487560026126e+47,1.1574560472561862e+48,9.938490902465181e+47,1.3046537139333046e+48,109.55574982844828,110.6703089978386,110.51791455918516,110.79002211596863
2020-06-19,1.3046537139333046e+48,1.1483031359616104e+48,9.987735388145117e+47,4.5254903083776994e+48,110.79002211596863,110.66236978247068,110.52285724980966,112.03381039043865
2020-06-22,4.5254903083776994e+48,1.9990786935402682e+48,1.1523404600688978e+48,5.800021303609342e+48,112.03381039043865,111.21677088491097,110.66587952057931,112.28194605429591
2020-06-23,5.800021303609342e+48,2.5672539787044512e+48,1.3723863089695768e+48,4.513800185285471e+48,112.28194605429591,111.46692130060163,110.84063551968988,112.03122387557495
2020-06-24,4.513800185285471e+48,3.3047360773612154e+48,1.5325847006758794e+48,4.2846118923816354e+48,112.03122387557495,111.71944107826529,110.95104012062417,111.97911443812202
2020-06-25,4.2846118923816354e+48,4.085715480717491e+48,1.70361130094396e+48,5.316194060029021e+48,111.97911443812202,111.93158132496795,111.05683475632566,112.19484210879526
2020-06-26,5.316194060029021e+48,4.8880235499366336e+48,1.9319236964568212e+48,6.083714617918936e+48,112.19484210879526,112.11087250348035,111.18260070413702,112.32969993002865
2020-06-29,6.083714617918936e+48,5.199668411844882e+48,2.1421958075533402e+48,5.069143887243311e+48,112.32969993002865,112.17267932031547,111.2859158449854,112.14725640852718
2020-06-30,5.069143887243311e+48,5.053492928571675e+48,2.3450747286309895e+48,4.1596486698611874e+48,112.14725640852718,112.14416413693277,111.37640173232472,111.9495150800606
2020-07-01,4.1596486698611874e+48,4.982662625486818e+48,2.5171899062454495e+48,3.455411923899377e+48,111.9495150800606,112.13004887562138,111.44722762646317,111.76402613926825
2020-07-02,3.455411923899377e+48,4.816822631790367e+48,2.667346987743613e+48,2.105767196479121e+48,111.76402613926825,112.0961989693828,111.5051688045921,111.26876432833328
2020-07-03,2.105767196479121e+48,4.1747372590803864e+48,2.7493613918908114e+48,2.2278006020543887e+48,111.26876432833328,111.95313588807991,111.53545312729456,111.32509928538927
2020-07-06,2.2278006020543887e+48,3.403554455907477e+48,2.8404698446234576e+48,8.945340330541231e+47,111.32509928538927,111.74890477746487,111.5680539404516,110.41263213397117
2020-07-07,8.945340330541231e+47,2.5686324850696394e+48,2.8341190227860185e+48,1.6262323464132476e+48,110.41263213397117,111.46745811402538,111.56581560226098,111.01035035910446
2020-07-08,1.6262323464132476e+48,2.0619492203800515e+48,2.849036249075176e+48,1.0206611979558461e+48,111.01035035910446,111.2477362226139,111.57106524258714,110.54453511428797
2020-07-09,1.0206611979558461e+48,1.574999075191345e+48,2.86947801531494e+48,7.640316449018851e+47,110.54453511428797,110.97833914881151,111.57821460074736,110.25493839306944
2020-07-10,7.640316449018851e+47,1.3066519648758981e+48,2.7958014985320095e+48,1.43676701060418e+48,110.25493839306944,110.79155257741468,111.55220329076293,110.8864799216908
2020-07-13,1.43676701060418e+48,1.1484452465858562e+48,2.7443529468310456e+48,3.411569748130716e+48,110.8864799216908,110.66249353187702,111.53362979024479,111.7512569857824
2020-07-14,3.411569748130716e+48,1.651852389601175e+48,2.8380416503639792e+48,4.133054744946518e+48,111.7512569857824,111.02598178227915,111.56719871830066,111.9431012449694
2020-07-15,4.133054744946518e+48,2.153216869307829e+48,3.013561751475893e+48,1.1061242654642991e+48,111.9431012449694,111.29104740591715,111.62720714905824,110.62494671625724
2020-07-16,1.1061242654642991e+48,2.1703094828095196e+48,2.9293335418247965e+48,9.41461407117966e+47,110.62494671625724,111.2989542399037,111.59885940074213,110.46376254114256
2020-07-17,9.41461407117966e+47,2.205795435252736e+48,2.934564074330084e+48,2.911523825876553e+48,110.46376254114256,111.31517264917261,111.60064337932938,111.59276105934396
2020-07-20,2.911523825876553e+48,2.5007467983072104e+48,3.0496462993426425e+48,1.3856399764814108e+48,111.59276105934396,111.4406738703035,111.63911008018013,110.85024657351073
2020-07-21,1.3856399764814108e+48,2.0955608439773494e+48,3.0533274930948285e+48,1.584471762108636e+48,110.85024657351073,111.26390568721722,111.64031644098843,110.98433554237803
2020-07-22,1.584471762108636e+48,1.585844247409773e+48,2.9196448319007804e+48,2.370742384962564e+48,110.98433554237803,110.9852013774448,111.5955464396858,111.38728761241126
2020-07-23,2.370742384962564e+48,1.838767871309426e+48,2.763768517416836e+48,1.139272643068981e+48,111.38728761241126,111.1331801758714,111.54067961698686,110.65447449009568
2020-07-24,1.139272643068981e+48,1.878330118499629e+48,2.610380901861541e+48,1.6610851604049007e+48,110.65447449009568,111.15446761100111,111.48358061381123,111.03155556359391
2020-07-27,1.6610851604049007e+48,1.6282423854052982e+48,2.4911296867716893e+48,7.415892339032834e+47,111.03155556359391,111.01158560559631,111.4368207607714,110.22512468148793
2020-07-28,7.415892339032834e+47,1.4994322368896728e+48,2.283193103765974e+48,8.550121870717085e+47,110.22512468148793,110.92917099142963,111.34965941102521,110.36744490745227
2020-07-29,8.550121870717085e+47,1.3535403218822874e+48,2.0455248114547366e+48,1.4204155068243021e+48,110.36744490745227,110.82680808416815,111.23973885180293,110.87503390296493
2020-07-30,1.4204155068243021e+48,1.1634749462546352e+48,1.8796735214356906e+48,4.9529138340218845e+47,110.87503390296493,110.67549563415673,111.1551825666648,109.82147542745008
2020-07-31,4.9529138340218845e+47,1.0346786943212768e+48,1.7131118265966453e+48,1.133885454518224e+48,109.82147542745008,110.55817540196567,111.06239596206768,110.64973465379286
2020-08-03,1.133885454518224e+48,9.292387531439413e+47,1.6075878961702293e+48,1.0396561928964302e+48,110.64973465379286,110.45069489068196,110.99881931814852,110.56297453845919
2020-08-04,1.0396561928964302e+48,9.888521449425707e+47,1.5591283050982887e+48,1.4269498820721218e+48,110.56297453845919,110.51287400562609,110.96821135001744,110.87962368040931
2020-08-05,1.4269498820721218e+48,1.1032396839426533e+48,1.5227259996445493e+48,1.3656217559774437e+48,110.87962368040931,110.62233548223084,110.94458661313222,110.83569428752756
2020-08-06,1.3656217559774437e+48,1.0922809337732816e+48,1.5441390779592456e+48,2.6585255368736522e+48,110.83569428752756,110.61235257330999,110.95855098765861,111.50185612337553
2020-08-07,2.6585255368736522e+48,1.5249277644675744e+48,1.591061495707446e+48,1.9309298557582832e+48,111.50185612337553,110.94603150508944,110.98848586455884,111.18208614115552
2020-08-10,1.9309298557582832e+48,1.6843366447155866e+48,1.6324373437893747e+48,1.2202712932498685e+48,111.18208614115552,111.04545626734378,111.0141586646189,110.72315766925476
2020-08-11,1.2202712932498685e+48,1.720459664786274e+48,1.6531755096233743e+48,1.4327019252249512e+48,110.72315766925476,111.06667596580421,111.02678245333743,110.88364658340444
2020-08-12,1.4327019252249512e+48,1.7216100734168398e+48,1.6529907330152274e+48,1.9537277480949933e+48,110.88364658340444,111.06734440587712,111.02667067637597,111.1938236770721
2020-08-13,1.9537277480949933e+48,1.8392312718403498e+48,1.5867251875590584e+48,1.672034082954946e+48,111.1938236770721,111.13343216099447,110.98575672552462,111.03812536271137
2020-08-14,1.672034082954946e+48,1.6419329810566082e+48,1.474860612013987e+48,1.471097662368585e+48,111.03812536271137,111.019958658477,110.91264794871104,110.91009329495058
2020-08-17,1.471097662368585e+48,1.5499665423786687e+48,1.4914503118732726e+48,8.776948983724947e+47,110.91009329495058,110.96231780885023,110.92383347393366,110.39362822181751
2020-08-18,8.776948983724947e+47,1.481451263403194e+48,1.4885518342030238e+48,7.36778627369768e+47,110.39362822181751,110.91710665441293,110.92188818769412,110.21861666188241
2020-08-19,7.36778627369768e+47,1.3422666038321575e+48,1.3896997797254425e+48,4.228560220179422e+47,110.21861666188241,110.81844414410698,110.85317220171946,109.66336093235809
2020-08-20,4.228560220179422e+47,1.0360922586167472e+48,1.3459368727043759e+48,2.1809498350407313e+48,109.66336093235809,110.55954065630539,110.82117479391444,111.30384494977082
2020-08-21,2.1809498350407313e+48,1.1378754090339043e+48,1.3730495123831076e+48,6.8764061857661546e+47,111.30384494977082,110.65324731102918,110.84111865130876,110.14959552946956
2020-08-24,6.8764061857661546e+47,9.811840002755102e+47,1.2965448866382916e+48,5.5032927832430315e+47,110.14959552946956,110.50508919070084,110.78378741050622,109.92684597167886
2020-08-25,5.5032927832430315e+47,9.157108762658721e+47,1.2697747336953517e+48,4.923668564078673e+47,109.92684597167886,110.43602986231792,110.76292397340885,109.81555326647607
2020-08-26,4.923668564078673e+47,8.668285220734918e+47,1.2166511744227593e+48,1.2144677646382671e+48,109.81555326647607,110.3811703588754,110.72018660920826,110.71839039073744
2020-08-27,1.2144677646382671e+48,1.025150870597557e+48,1.2381456530925314e+48,8.623447073066447e+47,110.71839039073744,110.54892425629994,110.73769928298873,110.37598426792717
2020-08-28,8.623447073066447e+47,7.614298450507396e+47,1.2384789494668465e+48,1.733509205711251e+48,110.37598426792717,110.25152722550975,110.73796843671997,111.07423226031968
2020-08-31,1.733509205711251e+48,9.706035624776667e+47,1.2527104812344351e+48,8.065553355767678e+47,111.07423226031968,110.49424729208349,110.74939405246221,110.30910169194209
2020-09-01,8.065553355767678e+47,1.0218487739281596e+48,1.2668588426969161e+48,1.0447174516697725e+48,110.30910169194209,110.54569797383087,110.76062494818905,110.56783093139414
2020-09-02,1.0447174516697725e+48,1.1323188929805408e+48,1.2628057516583501e+48,6.0825683840276225e+47,110.56783093139414,110.64835211140304,110.75742049609221,110.0269264090826
2020-09-03,6.0825683840276225e+47,1.0110767077334397e+48,1.2431966900904561e+48,2.904597444852405e+48,110.0269264090826,110.53510027400333,110.74177050193074,111.59037927121537
2020-09-04,2.904597444852405e+48,1.4195272552425916e+48,1.3103624883986506e+48,8.772245664467107e+47,111.59037927121537,110.87440836105434,110.79438827135172,110.39309220640885
2020-09-07,8.772245664467107e+47,1.2482703273896836e+48,1.2881626161472535e+48,1.1831573219207904e+48,110.39309220640885,110.74584331869052,110.7773013381996,110.69227102543144
2020-09-08,1.1831573219207904e+48,1.3235907246584882e+48,1.2211004245584871e+48,1.614042280593994e+48,110.69227102543144,110.8044327530929,110.72383690325624,111.00282622937372
2020-09-09,1.614042280593994e+48,1.4374556904433325e+48,1.2066964438692014e+48,1.658551573737505e+48,111.00282622937372,110.88695913288907,110.71197087781896,111.0300291392516
2020-09-10,1.658551573737505e+48,1.647514637510281e+48,1.2266182748004578e+48,1.2328109861815075e+48,111.0300291392516,111.02335233574924,110.72834547655782,110.73338138026664
2020-09-11,1.2328109861815075e+48,1.3131573457761016e+48,1.2175323230257555e+48,1.0341700322567299e+48,110.73338138026664,110.79651888869894,110.72091058802285,110.55768366753554
2020-09-14,1.0341700322567299e+48,1.3445464389381055e+48,1.1757342450331072e+48,1.0724935696717524e+48,110.55768366753554,110.82014119977613,110.68597730553812,110.5940708398722
2020-09-15,1.0724935696717524e+48,1.3224136884882977e+48,1.1484824035202349e+48,9.578880549384508e+47,110.5940708398722,110.80354308243174,110.66252588547282,110.48106010299247
2020-09-16,9.578880549384508e+47,1.1911828433571892e+48,1.1251546940915925e+48,1.7104967504758587e+48,110.48106010299247,110.69903126317509,110.6420049957767,111.06086828939688
2020-09-17,1.7104967504758587e+48,1.20157187870486e+48,1.1630093237326544e+48,4.705966097661223e+48,111.06086828939688,110.70771506225972,110.67509535418561,112.07291554992652
2020-09-18,4.705966097661223e+48,1.8962029010008027e+48,1.3434269360186297e+48,1.8648422109802888e+48,112.07291554992652,111.16393787711708,110.8193082279955,111.14726090785824
2020-09-21,1.8648422109802888e+48,2.0623373367455145e+48,1.4089717627896456e+48,7.115717241457838e+47,111.14726090785824,111.24792443279824,110.8669446558264,110.18380540413249
2020-09-22,7.115717241457838e+47,1.9901529676403212e+48,1.342181848658057e+48,1.0959887177024992e+48,110.18380540413249,111.21229596765735,110.81838099879006,110.61574135811998
2020-09-23,1.0959887177024992e+48,2.0177731001931305e+48,1.3607431258910515e+48,6.159613186879313e+48,110.61574135811998,111.2260789413622,110.8321154303276,112.3420984449502
2020-09-24,6.159613186879313e+48,2.907596387473821e+48,1.6157105762799157e+48,2.165165828136915e+48,112.3420984449502,111.59141121989914,111.0038593089363,111.29658141721781
2020-09-25,2.165165828136915e+48,2.39943633356896e+48,1.6917468931766905e+48,5.0616869494469295e+48,111.29658141721781,111.399318312471,111.04984612338737,112.1457842806705
2020-09-28,5.0616869494469295e+48,3.038805281262288e+48,1.8666204924861753e+48,8.742934101141821e+48,112.1457842806705,111.63554890230297,111.14821403631312,112.6923303065566
2020-09-29,8.742934101141821e+48,4.6450777566614953e+48,2.2248291012968653e+48,3.6714462388819174e+48,112.6923303065566,112.05989257570242,111.32376456797658,111.8246701186953
2020-09-30,3.6714462388819174e+48,5.1601692608973794e+48,2.312917148259168e+48,4.805029986115921e+48,111.8246701186953,112.16505384516917,111.362594026287,112.09374774672382
2020-10-01,4.805029986115921e+48,4.8892526207447e+48,2.4946659960109482e+48,1.0077622801033044e+49,112.09374774672382,112.1111239172265,111.43823931462208,112.83440186531354
2020-10-02,1.0077622801033044e+49,6.471744015323926e+48,2.9052526028001876e+48,5.025695315598836e+48,112.83440186531354,112.3915300900497,111.59060480473006,112.13864827935036
2020-10-05,5.025695315598836e+48,6.464545688554309e+48,3.106045260854554e+48,3.966824850403539e+48,112.13864827935036,112.39041720101005,111.65743476040618,111.90205045262144
2020-10-06,3.966824850403539e+48,5.509323838406652e+48,3.154328324743242e+48,2.6906811616046364e+48,111.90205045262144,112.23052636399618,111.67286004472665,111.51387884520057
2020-10-07,2.6906811616046364e+48,5.3131708229511954e+48,3.236758169977694e+48,1.7959787799495114e+48,111.51387884520057,112.19427326254853,111.6986567277976,111.10963461835152
2020-10-08,1.7959787799495114e+48,4.7113605817179135e+48,3.264613690797181e+48,1.8939634546723248e+48,111.10963461835152,112.07406120088042,111.70722590115672,111.16275616297636
2020-10-09,1.8939634546723248e+48,3.074628712445769e+48,3.277337380528014e+48,1.1247569216887595e+48,111.16275616297636,111.64726861376246,111.71111578221385,110.64165140641418
2020-10-12,1.1247569216887595e+48,2.2944410336637543e+48,3.253073987253071e+48,1.8577744548530772e+48,110.64165140641418,111.35457371924511,111.70368485526065,111.14346370537729
2020-10-13,1.8577744548530772e+48,1.872630954553662e+48,3.281481417647233e+48,1.2418517800722306e+48,111.14346370537729,111.15142883335423,111.71237943586803,110.74068810038753
2020-10-14,1.2418517800722306e+48,1.5828650782471808e+48,3.290921497093392e+48,1.9080716377357007e+48,110.74068810038753,110.9833210092985,111.71525207957545,111.17017758201852
2020-10-15,1.9080716377357007e+48,1.6052836498044187e+48,3.328902318369026e+48,7.548406565802077e+47,111.17017758201852,110.99738493353158,111.72672707924185,110.24283586081957
2020-10-16,7.548406565802077e+47,1.377459090185995e+48,3.319672891170925e+48,1.7353251898710677e+48,110.24283586081957,110.84432502672355,111.72395071503277,111.07527928887083
2020-10-19,1.7353251898710677e+48,1.4995727438224567e+48,3.3208014565979796e+48,3.0051776755292066e+48,111.07527928887083,110.92926469379677,111.72429062009942,111.62442115658547
2020-10-20,3.0051776755292066e+48,1.7290533879576825e+48,3.243492891955615e+48,7.087183286892645e+47,111.62442115658547,111.0716585478783,111.70073526590923,110.17978735262285
2020-10-21,7.087183286892645e+47,1.6224266976810892e+48,3.190941806396932e+48,1.816043129077274e+48,110.17978735262285,111.0080074536648,111.68440057405208,111.12074449310317
2020-10-22,1.816043129077274e+48,1.604020995949404e+48,3.2411450520756364e+48,3.898151818925912e+48,111.12074449310317,110.99659806281686,111.70001114221787,111.88458701194412
2020-10-23,3.898151818925912e+48,2.2326832284185446e+48,3.368516102131246e+48,1.3807884782193571e+48,111.88458701194412,111.32728856731468,111.73855678532952,110.84673916074726
2020-10-26,1.3807884782193571e+48,2.161775886088203e+48,3.151296797192157e+48,5.054064420085623e+48,110.84673916074726,111.29501451709935,111.6718985134824,112.14427721895544
2020-10-27,5.054064420085623e+48,2.5715532349994862e+48,3.282610369553462e+48,4.325104671817699e+48,112.14427721895544,111.46859455165749,111.71272341397008,111.98852080538153
2020-10-28,4.325104671817699e+48,3.294830503625173e+48,3.249129356933952e+48,2.1640672255904392e+48,111.98852080538153,111.71643918986761,111.70247153399269,111.29607388964587
2020-10-29,2.1640672255904392e+48,3.364435322927806e+48,2.950089953499798e+48,2.3781331496493206e+48,111.29607388964587,111.73734460379264,111.60592012631282,111.39040025269841
2020-10-30,2.3781331496493206e+48,3.060431589072488e+48,2.8913029948983158e+48,3.402749091639492e+48,111.39040025269841,111.64264041191352,111.58579172751683,111.74866812499526
2020-11-02,3.402749091639492e+48,3.4648237117565145e+48,2.827562954240296e+48,3.056797197402737e+48,111.74866812499526,111.76674621822384,111.56349965745778,111.64145216402407
2020-11-03,3.056797197402737e+48,3.065370267219937e+48,2.5084345177116463e+48,3.5956294314154306e+48,111.64145216402407,111.64425283077176,111.44374332415445,111.80380352479536
2020-11-04,3.5956294314154306e+48,2.9194752191394835e+48,2.4434315229760368e+48,1.5792223118382076e+48,111.80380352479536,111.59548834437012,111.41748787689409,110.98101698188177
2020-11-05,1.5792223118382076e+48,2.8025062363890372e+48,2.3349041348594308e+48,2.1461087914217415e+48,110.98101698188177,111.55459856497082,111.37205529825752,111.28774080161527
2020-11-06,2.1461087914217415e+48,2.756101364743522e+48,2.3101508453056626e+48,9.116326720563148e+47,111.28774080161527,111.53790159584945,111.361397287114,110.43156632180394
2020-11-09,9.116326720563148e+47,2.2578780808268862e+48,2.269953294946881e+48,1.4163134349887668e+48,110.43156632180394,111.33850993366455,111.34384372008257,110.87214178688409
2020-11-10,1.4163134349887668e+48,1.9297813283440923e+48,2.2482419304158105e+48,9.288088215247551e+47,110.87214178688409,111.18149115883578,111.33423301024672,110.4502321128363
2020-11-11,9.288088215247551e+47,1.396417206365957e+48,2.2393351985901734e+48,8.073543316251777e+47,110.4502321128363,110.85799428183343,111.33026349918768,110.31009182928364
2020-11-12,8.073543316251777e+47,1.2420436103233512e+48,2.1915888293525424e+48,2.421634189656421e+48,110.31009182928364,110.7408425595908,111.30871123735491,111.40852706096247
2020-11-13,2.421634189656421e+48,1.2971486899702871e+48,2.24521530251546e+48,3.4242819259143696e+48,111.40852706096247,110.7842530039351,111.33288588343493,111.75497625678001
2020-11-16,3.4242819259143696e+48,1.799678540741898e+48,2.3141339519781268e+48,3.337837978467638e+48,111.75497625678001,111.11169252419077,111.36311997844125,111.72940774927001
2020-11-17,3.337837978467638e+48,2.1839834494376718e+48,2.4315429211548277e+48,1.2592286363672793e+48,111.72940774927001,111.30523494347183,111.4126104665504,110.7545838038514
2020-11-18,1.2592286363672793e+48,2.250067412406177e+48,2.4099021687228376e+48,1.3821565254030497e+48,110.7545838038514,111.3350446405511,111.40367061650187,110.84772944270632
2020-11-19,1.3821565254030497e+48,2.3650278511617516e+48,2.3361284800807394e+48,3.592262362592781e+48,110.84772944270632,111.3848742619785,111.37257952720229,111.80286665229771
2020-11-20,3.592262362592781e+48,2.5991534857490234e+48,2.4671986634399906e+48,2.887001965045168e+48,111.80286665229771,111.47927027332395,111.4271678263694,111.58430304504775
2020-11-23,2.887001965045168e+48,2.4916974935751835e+48,2.51587861052944e+48,9.527165350427145e+48,111.58430304504775,111.43704866624972,111.44670655438108,112.77823169226882
2020-11-24,9.527165350427145e+48,3.729562967967085e+48,2.7717428619613142e+48,6.652042564435893e+48,112.77823169226882,111.8403755237405,111.54356077809891,112.41900842376702
2020-11-25,6.652042564435893e+48,4.808125753580807e+48,3.0113453204257026e+48,5.1238622869700196e+48,112.41900842376702,112.09439181567595,111.62647139292999,112.15799297130827
2020-11-26,5.1238622869700196e+48,5.5564669058942016e+48,3.014517950738629e+48,3.510566081273492e+48,112.15799297130827,112.23904692141349,111.6275243974418,111.77986176490437
2020-11-27,3.510566081273492e+48,5.540127649630343e+48,2.977493469350256e+48,3.9176499224328467e+48,111.77986176490437,112.23610200565746,111.61516629262586,111.88957642815538
2020-11-30,3.9176499224328467e+48,5.7462572411078784e+48,3.057201773752184e+48,3.509767072119813e+48,111.88957642815538,112.27263319199665,111.64158450828909,111.77963413777054
2020-12-01,3.509767072119813e+48,4.542777585446413e+48,3.1086396793190246e+48,5.116322282657901e+48,111.77963413777054,112.03762309165408,111.65826969206888,112.15652034049319
2020-12-02,5.116322282657901e+48,4.2356335290908144e+48,3.186529369819861e+48,6.861475225413625e+48,112.15652034049319,111.9676173742762,111.68301681639666,112.45000692976899
2020-12-03,6.861475225413625e+48,4.583156116779535e+48,3.3594692801839924e+48,2.9033647849991256e+48,112.45000692976899,112.04647233298121,111.73586747288734,111.58995479880215
2020-12-04,2.9033647849991256e+48,4.461715857524663e+48,3.328002705346888e+48,1.4148857462853773e+48,111.58995479880215,112.01961787717794,111.72645679957753,110.87113324687472
2020-12-07,1.4148857462853773e+48,3.961163022295168e+48,3.3205328614581226e+48,8.115958672768894e+47,110.87113324687472,111.90062213836016,111.72420973420297,110.31533170060186
2020-12-08,8.115958672768894e+47,3.4215287813265835e+48,3.259873183087902e+48,2.7722656736821082e+48,110.31533170060186,111.75417192699237,111.70577275744287,111.54374938232597
2020-12-09,2.7722656736821082e+48,2.952717459531425e+48,3.34444741043453e+48,1.365515979783094e+48,111.54374938232597,111.60681038276923,111.7313859449733,110.8356168280915
2020-12-10,1.365515979783094e+48,1.853525610405319e+48,3.342138435197908e+48,4.936859995561949e+47,110.8356168280915,111.14117402454885,111.73069531588943,109.81822887139383
2020-12-11,4.936859995561949e+47,1.3715898533167326e+48,3.322360125108428e+48,1.6729773890181023e+48,109.81822887139383,110.84005500759496,111.72475987514309,111.03868937039628
2020-12-14,1.6729773890181023e+48,1.4232081818632777e+48,3.361706627717197e+48,7.968691865457494e+48,111.03868937039628,110.8769980699874,111.73653323365494,112.59960481073114
2020-12-15,7.968691865457494e+48,2.854627381499399e+48,3.613845612980882e+48,4.5831255479134666e+48,112.59960481073114,111.57302578394345,111.8088569358187,112.0464656631303
2020-12-16,4.5831255479134666e+48,3.21679935634567e+48,3.66652032307175e+48,5.7345447185580864e+48,112.0464656631303,111.6924713402236,111.82332753515843,112.2705928246679
2020-12-17,5.7345447185580864e+48,4.0906051041006686e+48,3.775461538530407e+48,4.389892315496407e+48,112.2705928246679,111.93277737003866,111.85260710080416,112.00338916100074
2020-12-18,4.389892315496407e+48,4.869846367288711e+48,3.917764433036276e+48,3.719737031011611e+48,112.00338916100074,112.10714685355312,111.88960565714015,111.83773743891227
2020-12-21,3.719737031011611e+48,5.279198295687412e+48,4.02401809238212e+48,6.674601619533049e+48,111.83773743891227,112.18785871196583,111.91636539262034,112.42239398375247
2020-12-22,6.674601619533049e+48,5.020380246502524e+48,4.1641244222430413e+48,4.1099075033083324e+48,112.42239398375247,112.13759014086446,111.95059049448233,111.93748498669132
2020-12-23,4.1099075033083324e+48,4.9257366375814976e+48,4.219711037618639e+48,4.6100590871808626e+48,111.93748498669132,112.11855829823614,111.96385111491968,112.0523251378165
2020-12-24,4.6100590871808626e+48,4.700839511306053e+48,3.996206207471081e+48,4.8457259847454367e+48,112.0523251378165,112.07182557590647,111.90942992664033,112.10218153988444
2020-12-25,4.8457259847454367e+48,4.792006245155859e+48,3.9141009083942423e+48,2.7403546993994253e+48,112.10218153988444,112.0910336277727,111.88867011375437,111.5321718280715
2020-12-28,2.7403546993994253e+48,4.5961297788334215e+48,3.8057596544137607e+48,5.857477755381793e+48,111.5321718280715,112.04929906064612,111.86060008146482,112.29180355747671
2020-12-29,5.857477755381793e+48,4.43270500600317e+48,3.91243745778232e+48,3.9235420066736654e+48,112.29180355747671,112.01309447226022,111.88824503422134,111.89107928267114
2020-12-30,3.9235420066736654e+48,4.3954319066762365e+48,3.912705279793266e+48,2.3073467051928974e+48,111.89107928267114,112.00465026230421,111.88831348588288,111.36018271561642
2020-12-31,2.3073467051928974e+48,3.9348894302786435e+48,3.858049808569316e+48,3.9777728862296574e+48,111.36018271561642,111.89396724614905,111.87424628857818,111.90480655006508
2021-01-01,3.9777728862296574e+48,3.761298810575488e+48,3.806297563277123e+48,2.0050691160085233e+48,111.90480655006508,111.8488487898139,111.86074141221127,111.21976299570329
2021-01-04,2.0050691160085233e+48,3.614241693897307e+48,3.5855518310314365e+48,2.6595611347373706e+48,111.21976299570329,111.80896653076408,111.80099685368342,111.50224558595512
2021-01-05,2.6595611347373706e+48,2.9746583697684226e+48,3.574469846928629e+48,2.6482889420797823e+48,111.50224558595512,111.61421366242661,111.79790133429802,111.49799821293573
2021-01-06,2.6482889420797823e+48,2.7196077568496465e+48,3.630533628555648e+48,4.9774529228701065e+48,111.49799821293573,111.5245721265827,111.81346410629851,112.12900276263876
2021-01-07,4.9774529228701065e+48,3.253629000385088e+48,3.8198907674462483e+48,4.8635513871665267e+48,112.12900276263876,111.70385545260754,111.86430629101447,112.10585337286761
2021-01-08,4.8635513871665267e+48,3.430784700572462e+48,3.9149492089682677e+48,3.635041938895283e+48,112.10585337286761,111.75687347440397,111.88888681962919,111.81470511215589
2021-01-11,3.635041938895283e+48,3.756779265149814e+48,4.0181094798370033e+48,5.481641591173153e+48,111.81470511215589,111.84764647562547,111.91489597708193,112.22548908024791
2021-01-12,5.481641591173153e+48,4.3211953564369704e+48,4.2448347340014106e+48,9.806299565362283e+48,112.22548908024791,111.98761653057396,111.96978735080006,112.80710945566715
2021-01-13,9.806299565362283e+48,5.75279748109347e+48,4.61453119656251e+48,8.901201503695051e+48,112.80710945566715,112.27377071866276,112.05329474396582,112.71027073175573
2021-01-14,8.901201503695051e+48,6.53754719725846e+48,4.6569179983005806e+48,6.318355956975312e+48,112.71027073175573,112.4016465125451,112.06243831929241,112.36754350464241
2021-01-15,6.318355956975312e+48,6.828508111220216e+48,4.7357921078033915e+48,2.4707190898942627e+48,112.36754350464241,112.44519068169785,112.07923346417606,111.42859370149596
2021-01-18,2.4707190898942627e+48,6.595643541420012e+48,4.5874363974095825e+48,2.0594633201549513e+48,111.42859370149596,112.41049382532299,112.04740581267389,111.24652988837673
2021-01-19,2.0594633201549513e+48,5.911207887216372e+48,4.4815078067122425e+48,2.932027439166646e+48,111.24652988837673,112.30093465448905,112.0240440175144,111.59977860621004
2021-01-20,2.932027439166646e+48,4.536353461977245e+48,4.445702825264745e+48,2.3751174339563286e+48,111.59977860621004,112.03620795082007,112.01602243610114,111.38913134585474
2021-01-21,2.3751174339563286e+48,3.2311366480295e+48,4.250271725920348e+48,2.48784403992803e+48,111.38913134585474,111.69691844245997,111.9710673801174,111.43550095170995
2021-01-22,2.48784403992803e+48,2.465034264620044e+48,4.1765415684939704e+48,2.668013491252853e+48,111.43550095170995,111.42629017156662,111.95356799182808,111.50541864844627
2021-01-25,2.668013491252853e+48,2.5044931448917616e+48,4.088266768679061e+48,3.624842311433346e+48,111.50541864844627,111.44217084040949,111.93220557101267,111.81189525078041
2021-01-26,3.624842311433346e+48,2.8175689431474406e+48,4.0327720562557836e+48,2.9463694962774734e+48,111.81189525078041,111.55995889996416,111.91853845835918,111.60465819693037
2021-01-27,2.9463694962774734e+48,2.820437354569606e+48,4.042136365204787e+48,3.783338516732948e+48,111.60465819693037,111.56097642691188,111.92085781918858,111.85469128903412
2021-01-28,3.783338516732948e+48,3.10208157112493e+48,3.947857308902566e+48,3.325164883776734e+48,111.85469128903412,111.65615782442354,111.89725744200373,111.72560372569829
2021-01-29,3.325164883776734e+48,3.269545739894671e+48,3.9206583487708876e+48,9.395149696009493e+47,111.72560372569829,111.70873552151002,111.89034404953021,110.46169293704133
2021-02-01,9.395149696009493e+47,2.92384603556429e+48,3.858484178971253e+48,1.1802245297112116e+48,110.46169293704133,111.59698434879961,111.87435887031582,110.68978916350721
2021-02-02,1.1802245297112116e+48,2.434922479219863e+48,3.731322890038597e+48,1.823398660853558e+48,110.68978916350721,111.41399938369263,111.84084729670089,111.12478661945984
2021-02-03,1.823398660853558e+48,2.2103283121350803e+48,3.7230651420770075e+48,1.0437529861493852e+48,111.12478661945984,111.31722552573747,111.83863175565207,110.56690732187448
2021-02-04,1.0437529861493852e+48,1.6624112060183677e+48,3.6496193171411894e+48,2.419110381149907e+48,110.56690732187448,111.03235354592194,111.81870732919568,111.40748432520219
2021-02-05,2.419110381149907e+48,1.481200305493002e+48,3.6392021098261956e+48,5.361706034599957e+48,111.40748432520219,110.91693724001846,111.81584892073768,112.20336667819068
2021-02-08,5.361706034599957e+48,2.3656385184928035e+48,3.6566681603593706e+48,7.267741383319923e+48,112.20336667819068,111.38513243589597,111.82063685781793,112.50753003069262
2021-02-09,7.267741383319923e+48,3.583141889214546e+48,3.7659495238208886e+48,4.040474963305192e+48,112.50753003069262,111.80032450192681,111.85008449073158,111.92044671395156
2021-02-10,4.040474963305192e+48,4.0265571497048734e+48,3.7843782976577025e+48,8.647689206146849e+48,111.92044671395156,111.9169961692619,111.8549660828608,112.68137660517067
2021-02-11,8.647689206146849e+48,5.547344393704366e+48,3.92828955288378e+48,6.262500074301962e+48,112.68137660517067,112.23740378933996,111.8922885665822,112.35866394198976
2021-02-12,6.262500074301962e+48,6.316022332334776e+48,3.7672077578355835e+48,4.117708573998316e+48,112.35866394198976,112.36717409593648,111.85041854297006,111.93938130099534
2021-02-15,4.117708573998316e+48,6.067222840214449e+48,3.549776261031186e+48,2.8546360886898017e+48,111.93938130099534,112.32698544188518,111.79096904015371,111.57302883414089
2021-02-16,2.8546360886898017e+48,5.1846017812884235e+48,3.3923344488363904e+48,2.8006086979838074e+48,111.57302883414089,112.16977750038038,111.74560277608644,111.55392124940617
2021-02-17,2.8006086979838074e+48,4.936628528224147e+48,3.4073294310222785e+48,2.5880711206817853e+48,111.55392124940617,112.12076707775054,111.75001329012315,111.47499732091876
2021-02-18,2.5880711206817853e+48,3.7247049111311344e+48,3.431357058318953e+48,3.134563141981456e+48,111.47499732091876,111.83907209391948,111.75704029047043,111.6665742794389
2021-02-19,3.134563141981456e+48,3.099117524667033e+48,3.440563226628718e+48,3.134332161109921e+48,111.6665742794389,111.65520186521701,111.75971965036857,111.66650058834645
2021-02-22,3.134332161109921e+48,2.902442242089354e+48,3.47507298695388e+48,2.8000643874079414e+48,111.66650058834645,111.58963699873982,111.76969994595035,111.5537268761338
2021-02-23,2.8000643874079414e+48,2.8915279018329822e+48,3.48926482093024e+48,3.471757438282228e+48,111.5537268761338,111.58586951188882,111.77377552470948,111.76874539582592
2021-02-24,3.471757438282228e+48,3.025757649892666e+48,3.525798636704302e+48,6.063337176895253e+48,111.76874539582592,111.63124598661086,111.78419143792082,112.32634480147837
2021-02-25,6.063337176895253e+48,3.72081086113536e+48,3.6366393124071166e+48,7.353561340925515e+48,112.32634480147837,111.83802608166998,111.81514445306821,112.51926919576952
2021-02-26,7.353561340925515e+48,4.5646105009241715e+48,3.8369662144365727e+48,2.0244110311913878e+48,112.51926919576952,112.04241765121274,111.86876646973737,111.2293632731736
2021-03-01,2.0244110311913878e+48,4.3426262749404655e+48,3.7570149650937746e+48,6.218036805962496e+47,111.2293632731736,111.99256376128244,111.84770921355435,110.0489536015998
2021-03-02,6.218036805962496e+47,3.9069741335781264e+48,3.6341349104037524e+48,3.856684143124112e+48,110.0489536015998,111.88684765923236,111.81445555749103,111.87389224773426
2021-03-03,3.856684143124112e+48,3.983959474546504e+48,3.76673350920026e+48,1.519666861608551e+48,111.87389224773426,111.90636063133323,111.8502926464123,110.94257560455675
2021-03-04,1.519666861608551e+48,3.0752254114891626e+48,3.7821627061046845e+48,2.024614970240785e+48,110.94257560455675,111.64746266683535,111.85438045420558,111.22946400804145
2021-03-05,2.024614970240785e+48,2.009436137352217e+48,3.7913089019859225e+48,1.083306158422129e+48,111.22946400804145,111.22193861774916,111.85679577991114,110.60410208653968
2021-03-08,1.083306158422129e+48,1.8212151627983652e+48,3.7931067734528656e+48,6.043290792049299e+47,110.60410208653968,111.12358841387643,111.85726987615732,110.02044806741993
2021-03-09,6.043290792049299e+47,1.817720242520101e+48,3.7106167142735475e+48,2.1937709853918284e+48,110.02044806741993,111.12166756562628,111.83528255678122,111.30970643789105
2021-03-10,2.1937709853918284e+48,1.4851376109736446e+48,3.566619666582269e+48,3.219964560685874e+48,111.30970643789105,110.91959189899782,111.79570273883336,111.69345481721177
2021-03-11,3.219964560685874e+48,1.8251971507891093e+48,3.382629811007994e+48,1.7570063836830238e+48,111.69345481721177,111.1257724727437,111.74273792127875,111.08769590619828
2021-03-12,1.7570063836830238e+48,1.7716754334775572e+48,3.2788357846615317e+48,4.020310665902659e+47,111.08769590619828,111.0960101351688,111.71157287940207,109.61285855044041
2021-03-15,4.020310665902659e+47,1.6354204151111845e+48,2.9040331419544147e+48,9.21048071361579e+47,109.61285855044041,111.01598436963455,111.59018497313036,110.44184141437182
2021-03-16,9.21048071361579e+47,1.6987642135425144e+48,2.661239869093488e+48,1.8164192990324035e+48,110.44184141437182,111.05398551722202,111.50287659410995,111.1209516087796
2021-03-17,1.8164192990324035e+48,1.6232938762706294e+48,2.5566358111404922e+48,7.08831477288309e+47,111.1209516087796,111.00854180564639,111.46277672169812,110.17994699230367
2021-03-18,7.08831477288309e+47,1.1210672595911162e+48,2.45909923789497e+48,1.2721192357353935e+48,110.17994699230367,110.63836560563956,111.42387958314693,110.76476866302461
2021-03-19,1.2721192357353935e+48,1.0240898300015903e+48,2.389622444156406e+48,1.2917078277157349e+48,110.76476866302461,110.54788871109486,111.39521984402222,110.78004970396229
2021-03-22,1.2917078277157349e+48,1.2020251822266839e+48,2.3306968399306763e+48,1.912931019171451e+48,110.78004970396229,110.70809224987954,111.37025175951003,111.17272109454227
2021-03-23,1.912931019171451e+48,1.4004017717886584e+48,2.275168107075676e+48,1.7495733282034894e+48,111.17272109454227,110.86084363901361,111.34613840660721,111.08345640946737
2021-03-24,1.7495733282034894e+48,1.3870325776228755e+48,2.212224523761747e+48,8.645939739784254e+47,111.08345640946737,110.85125109260298,111.31808304482801,110.37858918721938
2021-03-25,8.645939739784254e+47,1.418185076960899e+48,2.1242485958785872e+48,2.4862708091528454e+48,110.37858918721938,110.87346240302571,111.27750260161918,111.43486838455966
2021-03-26,2.4862708091528454e+48,1.6610153916443892e+48,2.0794537490999788e+48,1.705514208627691e+48,111.43486838455966,111.03151356079512,111.25618970231157,111.0579511176189
2021-03-29,1.705514208627691e+48,1.7437766678267804e+48,1.881370886905999e+48,1.542594801802559e+48,111.0579511176189,111.08013772356216,111.15608516998519,110.9575503984626
2021-03-30,1.542594801802559e+48,1.6697094243530023e+48,1.6172360442185917e+48,8.154128349146153e+47,110.9575503984626,111.03673407761015,111.00480301029049,110.32002371562935
2021-03-31,8.154128349146153e+47,1.482877325695227e+48,1.5622815807514656e+48,8.356495853902958e+47,110.32002371562935,110.91806880308113,110.97023176825225,110.34453855371453
2021-04-01,8.356495853902958e+47,1.4770884479776012e+48,1.572001849151195e+48,6.458112205064968e+47,110.34453855371453,110.91415734900306,110.97643433402534,110.08683641748952
2021-04-02,6.458112205064968e+47,1.1089965302483316e+48,1.4260530799413034e+48,7.98112995440851e+47,110.08683641748952,110.62754004335646,110.87899500797378,110.29857937045458
2021-04-05,7.98112995440851e+47,9.275162876109637e+47,1.3932551769336807e+48,2.4578192634467315e+48,110.29857937045458,110.448839539826,110.85572732689967,111.42335894223055
2021-04-06,2.4578192634467315e+48,1.1105611799397981e+48,1.4129462811703147e+48,6.820253934571548e+47,111.42335894223055,110.62894991879557,110.86976154912158,110.14139607569051
2021-04-07,6.820253934571548e+47,1.083883691648306e+48,1.3947062463991795e+48,3.3586723044535777e+47,110.14139607569051,110.60463506544768,110.85676828075533,109.43304511911987
2021-04-08,3.3586723044535777e+47,9.839272206593183e+47,1.3825034350919262e+48,1.749246966981819e+48,109.43304511911987,110.50788111630433,110.84798040282125,111.08326985446021
2021-04-09,1.749246966981819e+48,1.204614369954383e+48,1.3622977978914712e+48,1.1538947301589877e+48,111.08326985446021,110.71024395450378,110.83325729503905,110.66722740593983
2021-04-12,1.1538947301589877e+48,1.2757707168980103e+48,1.2683855328675219e+48,7.287360901884472e+47,110.66722740593983,110.76763494353939,110.76182932151877,110.20764083499462
2021-04-13,7.287360901884472e+47,9.299540822463533e+47,1.2216459740723138e+48,1.5254546297257506e+48,110.20764083499462,110.45146439573178,110.72428357223768,110.94637694719822
2021-04-14,1.5254546297257506e+48,1.0986399295000724e+48,1.2727106814875633e+48,8.163214806327928e+47,110.94637694719822,110.6181574507839,110.76523348447205,110.32113743347354
2021-04-15,8.163214806327928e+47,1.1947307795375595e+48,1.2679503819089819e+48,2.8097616484442766e+48,110.32113743347354,110.70200533462636,110.76148618797698,111.55718412084451
2021-04-16,2.8097616484442766e+48,1.406833715830051e+48,1.3131023068822487e+48,2.6292072278279443e+48,111.55718412084451,110.86542605137257,110.79647697441692,111.49076683017746
2021-04-19,2.6292072278279443e+48,1.7018962153638422e+48,1.4003921137249595e+48,1.3368085470268885e+48,111.49076683017746,111.05582751395904,110.86083674235209,110.81436955563949
2021-04-20,1.3368085470268885e+48,1.8235107067315305e+48,1.4033325369654822e+48,4.9272935900589735e+48,110.81436955563949,111.12484806649168,110.86293425525719,112.11887433349727
2021-04-21,4.9272935900589735e+48,2.503878498798175e+48,1.568586435253811e+48,2.0297902119715293e+48,112.11887433349727,111.4419253929306,110.9742593177962,111.23201690757115
2021-04-22,2.0297902119715293e+48,2.7465722450659228e+48,1.5738982167447238e+48,2.998865657222496e+48,111.23201690757115,111.53443814158018,110.97763994627208,111.62231856661991
2021-04-23,2.998865657222496e+48,2.7843930468215668e+48,1.6306842317001332e+48,2.7567978918251665e+48,111.62231856661991,111.54811437683252,111.01308416450155,111.53815428578734
2021-04-26,2.7567978918251665e+48,2.809911179621011e+48,1.7166935006931668e+48,4.893049601706649e+48,111.53815428578734,111.55723733788449,111.06448452107131,112.1119002132489
2021-04-27,4.893049601706649e+48,3.5211593905569623e+48,1.8260925367183395e+48,8.341499019844491e+48,112.1119002132489,111.78287477141036,111.1262629218857,112.64532740252427
2021-04-28,8.341499019844491e+48,4.204000476514066e+48,2.127728209955467e+48,4.9090211126007485e+48,112.64532740252427,111.96012103007666,111.279139306151,112.11515901957547
2021-04-29,4.9090211126007485e+48,4.77984665663991e+48,2.280747587719021e+48,2.387515554387078e+48,112.11515901957547,112.08849292950212,111.34858774228702,111.39433777199224
2021-04-30,2.387515554387078e+48,4.6575766360728264e+48,2.3522068022404966e+48,3.6874601903009696e+48,111.39433777199224,112.06257974140905,111.37943841600796,111.82902238947128
2021-05-03,3.6874601903009696e+48,4.843709095767987e+48,2.4818345570091634e+48,2.2397089403259328e+48,111.82902238947128,112.10176523305338,111.43308249114727,111.33043038378406
2021-05-04,2.2397089403259328e+48,4.313040963491844e+48,2.5542844533645924e+48,8.984891216997176e+48,111.33043038378406,111.98572767901433,111.46185659075492,112.71962887669747
2021-05-05,8.984891216997176e+48,4.441719402922381e+48,2.926410736162608e+48,5.753261232361509e+48,112.71962887669747,112.01512601810572,111.5978611310889,112.27385132858834
2021-05-06,5.753261232361509e+48,4.6105674268745334e+48,3.0762035529314605e+48,3.364177703536694e+48,112.27385132858834,112.0524353992382,111.64778068772324,111.73726802950006
2021-05-07,3.364177703536694e+48,4.805899856704457e+48,3.198119567025985e+48,3.78735617498558e+48,111.73726802950006,112.09392876367123,111.6866474654902,111.8557526602275
2021-05-10,3.78735617498558e+48,4.8258790536413784e+48,3.35500542814145e+48,1.5985428110250447e+48,111.8557526602275,112.09807736919424,111.73453785206245,110.9931769348721
2021-05-11,1.5985428110250447e+48,4.6976458277812e+48,3.3481552392343245e+48,1.5280943192496837e+48,110.9931769348721,112.07114595923792,111.73249398301866,110.94810587981112
2021-05-12,1.5280943192496837e+48,3.206286448231702e+48,3.365164311465719e+48,4.6598247344219456e+48,110.94810587981112,111.68919786145605,111.73756125517767,112.06306230050538
2021-05-13,4.6598247344219456e+48,2.98759914864379e+48,3.5438501589308785e+48,2.2925324483007434e+48,112.06306230050538,111.61855456825168,111.78929821535182,111.35374154287406
2021-05-14,2.2925324483007434e+48,2.7732700975965996e+48,3.578717332502469e+48,1.3166273523145837e+48,111.35374154287406,111.54411162827186,111.79908891291619,110.79915789451174
2021-05-17,1.3166273523145837e+48,2.2791243330624002e+48,3.601458508488005e+48,2.708981378148893e+48,110.79915789451174,111.34787576846259,111.80542336837537,111.52065715272519
2021-05-18,2.708981378148893e+48,2.5012120464871695e+48,3.596877587110942e+48,5.181839229793108e+48,111.52065715272519,111.44085989669665,111.80415059590834,112.16924452063202
2021-05-19,5.181839229793108e+48,3.2319610285958544e+48,3.7129063144729946e+48,5.701370153915897e+48,112.16924452063202,111.69717354631639,111.83589940683024,112.26479098754855
2021-05-20,5.701370153915897e+48,3.440270112494645e+48,3.911295478422495e+48,7.274980170477705e+48,112.26479098754855,111.75963445309091,111.88795310724039,112.5085255510605
2021-05-21,7.274980170477705e+48,4.436759656930037e+48,4.0180085048051646e+48,3.115940941432111e+48,112.5085255510605,112.01400876672182,111.91487084678094,111.66061563821577
2021-05-24,3.115940941432111e+48,4.796622374753543e+48,4.067378992507918e+48,1.4856786825174796e+48,111.66061563821577,112.0919964620084,111.92708327353832,110.91995615682892
2021-05-25,1.4856786825174796e+48,4.551961835627259e+48,3.998597766384964e+48,6.880047537075073e+48,110.91995615682892,112.03964277641415,111.91002820497036,112.45271002509416
2021-05-26,6.880047537075073e+48,4.8916034970836526e+48,4.186018204805413e+48,4.0655405221888776e+48,112.45271002509416,112.11160462696313,111.9558344367026,111.92663116766244
2021-05-27,4.0655405221888776e+48,4.564437570738249e+48,4.148404155736424e+48,3.257210122695334e+48,111.92663116766244,112.04237976551325,111.94680818321562,111.70495550211074
2021-05-28,3.257210122695334e+48,3.7608835611817754e+48,3.917300114956917e+48,7.089241294355826e+48,111.70495550211074,111.84873838318624,111.88948713403748,112.48266278786305
2021-05-31,7.089241294355826e+48,4.5555436317665185e+48,4.0164010323094204e+48,6.803977730536292e+48,112.48266278786305,112.04042933566176,111.91447069976087,112.44159186524661
2021-06-01,6.803977730536292e+48,5.61920344137028e+48,4.217149313043476e+48,6.745221543548806e+48,112.44159186524661,112.25027438116325,111.96324384526072,112.43291879843107
2021-06-02,6.745221543548806e+48,5.5922382426650275e+48,4.3561384654638317e+48,1.8811133457930692e+49,112.43291879843107,112.24546407193435,111.99567045557626,113.45853336347487
2021-06-03,1.8811133457930692e+49,8.54135682981339e+48,5.109385034445866e+48,7.236436011271718e+48,113.45853336347487,112.66900433826393,112.15516351517809,112.50321328527379
2021-06-04,7.236436011271718e+48,9.337202007528667e+48,5.0299097978219813e+48,1.1490632484958771e+49,112.50321328527379,112.7580911001462,112.13948651482647,112.96561660061849
2021-06-07,1.1490632484958771e+49,1.0217480245649256e+49,5.290699400212767e+48,8.775858832335038e+48,112.96561660061849,112.84818446678464,112.19003491260564,112.69608910090768
2021-06-08,8.775858832335038e+48,1.0611856466009005e+49,5.5366849060672367e+48,8.986203556155807e+48,112.69608910090768,112.8860563742677,112.23548039295856,112.7197749266936
2021-06-09,8.986203556155807e+48,1.1060052868530406e+49,5.772996150665883e+48,1.9798066528885948e+49,112.7197749266936,112.92742423995341,112.27727567301048,113.50966874659034
2021-06-10,1.9798066528885948e+49,1.1257439482721456e+49,6.60024722875047e+48,1.6484272664956038e+49,113.50966874659034,112.9451136611635,112.4111915709466,113.32649121824275
2021-06-11,1.6484272664956038e+49,1.3107006813458323e+49,7.280073517191668e+48,1.606776130295699e+49,113.32649121824275,113.09723142218502,112.50922542438714,113.30089932467128
2021-06-14,1.606776130295699e+49,1.4022432577057965e+49,7.798616088488716e+48,2.2585491262586677e+49,113.30089932467128,113.16474283790602,112.57803075711541,113.64139218430377
2021-06-15,2.2585491262586677e+49,1.6784359063108292e+49,8.721023307319893e+48,1.2299657912703688e+49,113.64139218430377,113.34453190831782,112.68982104650676,113.0336559137305
2021-06-16,1.2299657912703688e+49,1.744704993441787e+49,9.220251969155761e+48,7.139997249507537e+48,113.0336559137305,113.38325503987113,112.74548682945111,112.48979685484258
2021-06-17,7.139997249507537e+48,1.4915436078542187e+49,9.421661781490246e+48,4.909356451115943e+48,112.48979685484258,113.22648111883593,112.76709594666872,112.11522732791117
2021-06-18,4.909356451115943e+48,1.2600452835774167e+49,9.409276200641283e+48,2.3562333360332252e+48,112.11522732791117,113.05781721637298,112.76578049624912,111.38114876366282
2021-06-21,2.3562333360332252e+48,9.858147242389414e+48,9.257224527101162e+48,2.0143264324019571e+49,111.38114876366282,112.81238270822072,112.74948874035023,113.52695441950037
2021-06-22,2.0143264324019571e+49,9.369701854675993e+48,9.842146534080337e+48,6.41168923115797e+48,113.52695441950037,112.76156574032018,112.81075829469583,112.38220723053055
2021-06-23,6.41168923115797e+48,8.19210811836685e+48,9.991953274522423e+48,6.154457574086687e+48,112.38220723053055,112.62725572996708,112.82586456023775,112.34126109178017
2021-06-24,6.154457574086687e+48,7.995000183282679e+48,1.0204170496866479e+49,5.861524383689766e+48,112.34126109178017,112.60290083292477,112.84688097268075,112.29249416720965
2021-06-25,5.861524383689766e+48,8.185433769797445e+48,1.0157873989894417e+49,8.248440150869419e+48,112.29249416720965,112.6264406688322,112.84233363100492,112.63410857356241
2021-06-28,8.248440150869419e+48,9.363875132764683e+48,1.034800579119808e+49,1.3275807034293365e+49,112.63410857356241,112.76094367843599,112.86087828768201,113.1100278225381
2021-06-29,1.3275807034293365e+49,7.990383674819442e+48,1.080339655990708e+49,1.623154292265597e+49,113.1100278225381,112.60232324171614,112.90394504468847,113.31104090681313
2021-06-30,1.623154292265597e+49,9.954354413119042e+48,1.1218955724829814e+49,8.07706945752497e+48,113.31104090681313,112.82209454861206,112.9416892868239,112.61311357955857
2021-07-01,8.07706945752497e+48,1.0338876789806699e+49,1.1276823530602029e+49,7.753316654564529e+48,112.61311357955857,112.85999569921579,112.94683406822986,112.57220517096032
2021-07-02,7.753316654564529e+48,1.0717235243981651e+49,1.1322646035648196e+49,1.0159253378961743e+49,112.57220517096032,112.89593767974829,112.95088925790643,112.84246941684161
2021-07-05,1.0159253378961743e+49,1.1099397889600116e+49,1.0929378759331425e+49,8.177297817980787e+48,112.84246941684161,112.93097532638104,112.91553892616574,112.62544621965439
2021-07-06,8.177297817980787e+48,1.00796960463376e+49,1.0972145205090928e+49,2.2201416187498521e+49,112.62544621965439,112.8346075717696,112.91944427085171,113.62424054278745
2021-07-07,2.2201416187498521e+49,1.127367069930611e+49,1.1458999009751827e+49,1.8953859337691878e+49,113.62424054278745,112.94655444408643,112.96285982474187,113.46609203348805
2021-07-08,1.8953859337691878e+49,1.3449028675339493e+49,1.1921635396358955e+49,2.12458018469415e+49,113.46609203348805,113.12299134970736,113.00243931362178,113.58024377942311
2021-07-09,2.12458018469415e+49,1.6147525713814886e+49,1.247888986412194e+49,2.2997235675650615e+49,113.58024377942311,113.3058512950706,113.04812286950354,113.659458484405
2021-07-12,2.2997235675650615e+49,1.871512217315266e+49,1.2624306643520335e+49,3.4173445681436654e+49,113.659458484405,113.45341633313652,113.05970851804237,114.05553336413223
2021-07-13,3.4173445681436654e+49,2.3914351745843833e+49,1.3428359962451273e+49,2.5385451816331655e+49,114.05553336413223,113.6985632338867,113.12145334932785,113.75826071051067
2021-07-14,2.5385451816331655e+49,2.455115887161046e+49,1.3851891349422848e+49,9.096179554257244e+48,113.75826071051067,113.72484352138687,113.15250624654925,112.73193895988155
2021-07-15,9.096179554257244e+48,2.257962291492353e+49,1.3238740817226057e+49,1.6589232917406704e+49,112.73193895988155,113.64113232233716,113.10723190526122,113.33283832919876
2021-07-16,1.6589232917406704e+49,2.1648309129016576e+49,1.3433721499258013e+49,1.0545324746074425e+49,113.33283832919876,113.59901181483633,113.12185253930765,112.87976707338453
2021-07-19,1.0545324746074425e+49,1.9157926943101334e+49,1.3588509112738322e+49,9.203531009324618e+48,112.87976707338453,113.47680103327903,113.13330898113064,112.74367167949612
2021-07-20,9.203531009324618e+48,1.4163944008678928e+49,1.3783698865384175e+49,1.5193039938618767e+49,112.74367167949612,113.17478404488338,113.14757111602272,113.24492188792368
2021-07-21,1.5193039938618767e+49,1.212546163313635e+49,1.436719007459261e+49,2.6108617862997034e+49,113.24492188792368,113.01939197264898,113.18903160359837,113.78634990986505
2021-07-22,2.6108617862997034e+49,1.5527949294884311e+49,1.4638342508182493e+49,1.776429275760143e+49,113.78634990986505,113.26672604417656,113.20772874918367,113.40127488139562
2021-07-23,1.776429275760143e+49,1.5762961262923254e+49,1.515436994120265e+49,1.76151499919573e+49,113.40127488139562,113.28174742788703,113.24237339904118,113.39284379048433
2021-07-26,1.76151499919573e+49,1.7176926312099828e+49,1.5675310505651312e+49,4.1984388453339277e+49,113.39284379048433,113.36765145344312,113.27617135900995,114.26138230940677
2021-07-27,4.1984388453339277e+49,2.3733097800902764e+49,1.7317258872453564e+49,3.0576610010411256e+49,114.26138230940677,113.6909550692955,113.37578809060831,113.94431980164141
2021-07-28,3.0576610010411256e+49,2.6809811815261256e+49,1.8332175684250922e+49,1.1141828188708472e+50,113.94431980164141,113.81285239673792,113.43274221378945,115.23737588803975
2021-07-29,1.1141828188708472e+50,4.38717446200788e+49,2.2793197268468708e+49,8.339708290207613e+49,115.23737588803975,114.30535494605415,113.65054658973673,114.94769779527384
2021-07-30,8.339708290207613e+49,5.699830264897374e+49,2.584617635844235e+49,1.8650730584636509e+49,114.94769779527384,114.56710595301719,113.77624713722665,113.44996978247572
2021-08-02,1.8650730584636509e+49,5.720541876750959e+49,2.632679731876561e+49,4.691481761687059e+49,113.44996978247572,114.57073309131071,113.79467179362076,114.37241802992591
2021-08-03,4.691481761687059e+49,5.819150460021583e+49,2.810686554432497e+49,5.153460605947704e+49,114.37241802992591,114.58782383872861,113.86009833563212,114.46633800803824
2021-08-04,5.153460605947704e+49,6.2383103810029e+49,2.9987563393439305e+49,9.62203193182728e+49,114.46633800803824,114.65737893014897,113.92486720587324,115.09072501860682
2021-08-05,9.62203193182728e+49,5.93435112962666e+49,3.398951891617985e+49,9.118138272258638e+49,115.09072501860682,114.60742724932821,114.05013667363508,115.03693520314198
2021-08-06,9.118138272258638e+49,6.090037126036865e+49,3.7124971940502027e+49,5.537779422847482e+49,115.03693520314198,114.63332373464084,114.13837430502538,114.53826315091432
2021-08-09,5.537779422847482e+49,6.824578398913632e+49,3.878060534462852e+49,2.374323882262912e+49,114.53826315091432,114.74720012281828,114.1820047231188,113.69138227251301
2021-08-10,2.374323882262912e+49,6.361146823028803e+49,3.889412520715977e+49,3.213177501355185e+49,113.69138227251301,114.67687823589121,114.18492767998129,113.99392988005776
2021-08-11,3.213177501355185e+49,5.9730902021103e+49,3.930933154070074e+49,2.308549610690739e+49,113.99392988005776,114.61393397198682,114.19554639818783,113.66328900988655
2021-08-12,2.308549610690739e+49,4.510393737882991e+49,3.880533383276759e+49,2.160689114101385e+49,113.66328900988655,114.33305400971211,114.18264217081199,113.59709676182989
2021-08-13,2.160689114101385e+49,3.1189039062515405e+49,3.8633581074798597e+49,3.67994448846526e+49,113.59709676182989,113.96415118470621,114.17820633800622,114.12956722411913
2021-08-16,3.67994448846526e+49,2.7473369193750957e+49,3.989282040799839e+49,8.343439033637253e+49,114.12956722411913,113.83730160623682,114.21028083176977,114.94814504223743
2021-08-17,8.343439033637253e+49,3.9411599496499643e+49,4.293123665431502e+49,6.607018665803417e+49,114.94814504223743,114.19814464015434,114.28368415183242,114.71480207490765
2021-08-18,6.607018665803417e+49,4.6199281825396107e+49,4.545509401394955e+49,2.357114600340998e+49,114.71480207490765,114.35704871677622,114.34080935757208,113.68410780075348
2021-08-19,2.357114600340998e+49,4.6296411804696625e+49,4.6108167422771617e+49,4.276790971642071e+49,113.68410780075348,114.35914892298455,114.35507456554664,114.27987251210078
2021-08-20,4.276790971642071e+49,5.0528615519778e+49,4.736157059448988e+49,8.488643318564905e+49,114.27987251210078,114.44662428346945,114.38189561663047,114.96539874668476
2021-08-23,8.488643318564905e+49,6.014601317997729e+49,5.003328947279225e+49,4.193402256024231e+49,114.96539874668476,114.62085962264105,114.43677303705871,114.26018195543114
2021-08-24,4.193402256024231e+49,5.184593962475125e+49,5.113191355473048e+49,3.9048773685678333e+49,114.26018195543114,114.4723610852896,114.458493297389,114.18889593581096
2021-08-25,3.9048773685678333e+49,4.644165703028008e+49,5.210616917717235e+49,4.0196593417704605e+49,114.18889593581096,114.36228130100724,114.47736781577397,114.21786671489534
2021-08-26,4.0196593417704605e+49,4.9766746513139e+49,5.202490576646168e+49,2.5756049329168914e+49,114.21786671489534,114.43143148400667,114.47580702467964,113.7727539886379
2021-08-27,2.5756049329168914e+49,4.636437443568864e+49,5.180578937185975e+49,5.139952354316763e+49,113.7727539886379,114.36061583570861,114.47158637067002,114.46371336654417
2021-08-30,5.139952354316763e+49,3.9666992507192364e+49,4.907766399259079e+49,3.8795026986964405e+49,114.46371336654417,114.2046038825909,114.4174884865112,114.18237653168983
2021-08-31,3.8795026986964405e+49,3.9039193392536777e+49,4.705029781463116e+49,4.684080442403157e+49,114.18237653168983,114.18865056399382,114.3753016594733,114.3708391761654
2021-09-01,4.684080442403157e+49,4.0597599540207426e+49,4.833166480733094e+49,2.3569684603110103e+49,114.3708391761654,114.22779340394851,114.40217139564315,113.6840457992876
2021-09-02,2.3569684603110103e+49,3.7272217777288524e+49,4.727052239761456e+49,2.3306622188933795e+49,113.6840457992876,114.14233268113092,114.37997135981462,113.672821998022
2021-09-03,2.3306622188933795e+49,3.67823323492415e+49,4.5987432221680773e+49,4.5929649185390163e+49,113.672821998022,114.12910209439916,114.35245261030178,114.35119532399507
2021-09-06,4.5929649185390163e+49,3.568835747768601e+49,4.3701492670186105e+49,2.983524150890579e+49,114.35119532399507,114.09890897823752,114.30146672244489,113.91977475947384
2021-09-07,2.983524150890579e+49,3.3896400382074286e+49,4.091303170592789e+49,8.514131955394e+49,113.91977475947384,114.0473932890431,114.23553309963005,114.96839692263093
2021-09-08,8.514131955394e+49,4.1556503408055974e+49,4.2265919220721764e+49,4.191103725342546e+49,114.96839692263093,114.25113849281715,114.26806553284052,114.25963367488978
2021-09-09,4.191103725342546e+49,4.5224773938119047e+49,4.309172824030342e+49,4.411892146000701e+49,114.25963367488978,114.33572949637873,114.28741552222628,114.31097321219795
2021-09-10,4.411892146000701e+49,4.938723379233368e+49,4.3636598533324104e+49,7.129102034584836e+49,114.31097321219795,114.4237764292541,114.29998067785861,114.79085484134964
2021-09-13,7.129102034584836e+49,5.445950802442532e+49,4.582775872600325e+49,2.254350489998382e+49,114.79085484134964,114.521541917214,114.34897445695916,113.63953145713113
2021-09-14,2.254350489998382e+49,5.300116070264093e+49,4.5870332078683695e+49,1.193671945349685e+49,113.63953145713113,114.49439827707634,114.34990301185852,113.00370378128878
2021-09-15,1.193671945349685e+49,3.8360240682552303e+49,4.4740208195449345e+49,1.031625062386202e+49,113.00370378128878,114.17110598802029,114.3249570732175,112.85780484611267
2021-09-16,1.031625062386202e+49,3.2041283356639615e+49,4.1416656390335227e+49,4.808109632994958e+49,112.85780484611267,113.99110963993863,114.24776759190212,114.39697355588478
2021-09-17,4.808109632994958e+49,3.283371833062813e+49,4.059897046633139e+49,2.62631062979411e+49,114.39697355588478,114.01554044896132,114.22782717202823,113.79224961568988
2021-09-20,2.62631062979411e+49,2.3828135521046674e+49,4.072133229790098e+49,1.1985019290242141e+50,113.79224961568988,113.69495151093494,114.23083655393549,115.31032703412538
2021-09-21,1.1985019290242141e+50,4.3289473121534193e+49,4.422507244271919e+49,4.780130970020337e+49,115.31032703412538,114.29199395418928,114.31337634180775,114.39113750242208
2021-09-22,4.780130970020337e+49,5.04623911708755e+49,4.2539385011562573e+49,4.712334957253961e+49,114.39113750242208,114.4453127932573,114.27451481667192,114.37685308653569
2021-09-23,4.712334957253961e+49,5.782381096061101e+49,4.277526351212154e+49,1.114794293979905e+50,114.37685308653569,114.58148510889846,114.28004444389713,115.23792454788993
2021-09-24,1.114794293979905e+50,7.05034775742192e+49,4.6067566044499367e+49,2.417010069627812e+50,115.23792454788993,114.77974649960976,114.3541936095863,116.01178591758286
2021-09-27,2.417010069627812e+50,1.135910577071872e+50,5.522685756927557e+49,4.673268135837216e+50,116.01178591758286,115.25668924953656,114.53553384883813,116.67111329158122
2021-09-28,4.673268135837216e+50,1.8308638184344723e+50,7.529825594448251e+49,5.046353038916509e+50,116.67111329158122,115.73404253711499,114.84554143682395,116.74792046158723
2021-09-29,5.046353038916509e+50,2.7445318068173676e+50,9.589988232395901e+49,5.363742085536091e+50,116.74792046158723,116.13886514793693,115.08738921853254,116.80891653147803
2021-09-30,5.363742085536091e+50,3.723033524779506e+50,1.185171178497156e+50,4.797626394355908e+50,116.80891653147803,116.44379344932791,115.29914186828482,116.69737594413425
2021-10-01,4.797626394355908e+50,4.459599944854708e+50,1.3819538307751374e+50,5.450944325328461e+50,116.69737594413425,116.62431371324804,115.4527529669464,116.82504351407027
2021-10-04,5.450944325328461e+50,5.066386795994837e+50,1.619010534379563e+50,2.7967421417030947e+50,116.82504351407027,116.75188254972815,115.61106983109654,116.15770986864726
2021-10-05,2.7967421417030947e+50,4.6910815971680126e+50,1.7355412580074608e+50,1.728429317571663e+50,116.15770986864726,116.67491782330534,115.6805739787198,115.67646773689492
2021-10-06,1.728429317571663e+50,4.0274968528990436e+50,1.7932291137219048e+50,2.23774301758994e+50,115.67646773689492,116.52239970436788,115.71327261849416,115.93472242618476
2021-10-07,2.23774301758994e+50,3.402297039309813e+50,1.8813832320173994e+50,2.042930727651292e+50,115.93472242618476,116.3537054530066,115.76126191771557,115.84364005779271
2021-10-08,2.042930727651292e+50,2.85135790596889e+50,1.9355431198406674e+50,1.5520799113161733e+50,115.84364005779271,116.17704998874736,115.78964261888838,115.5688505593879
2021-10-11,1.5520799113161733e+50,2.0715850231664327e+50,1.9870417352398454e+50,2.4798213613244147e+50,115.5688505593879,115.85756867564655,115.81590161719826,116.03744117556074
2021-10-12,2.4798213613244147e+50,2.008200867090697e+50,2.0797068328182245e+50,3.507949041316732e+50,116.03744117556074,115.82649387994046,115.86148158772126,116.38428619768617
2021-10-13,3.507949041316732e+50,2.36410481183971e+50,2.2067540527208722e+50,2.6284489924919296e+50,116.38428619768617,115.98965408491291,115.9207773311299,116.09564858523379
2021-10-14,2.6284489924919296e+50,2.4422460068201083e+50,2.31598195924324e+50,5.374374575949113e+50,116.09564858523379,116.02217276021045,115.96908841976406,116.81089685898294
2021-10-15,5.374374575949113e+50,3.1085347764796728e+50,2.554845931125701e+50,1.7557957806143633e+50,116.81089685898294,116.26340613191068,116.06724657061051,115.69217684009647
2021-10-18,1.7557957806143633e+50,3.1492779503393107e+50,2.629965625415508e+50,1.934642103375187e+50,115.69217684009647,116.27642785414992,116.09622542562232,115.78917699958089
2021-10-19,1.934642103375187e+50,3.040242098749465e+50,2.6960488590553117e+50,1.444659405558139e+50,115.78917699958089,116.24119179969603,116.12104196538313,115.49712823798768
2021-10-20,1.444659405558139e+50,2.6275841715977463e+50,2.7497774200816175e+50,6.29035041743344e+49,115.49712823798768,116.09531950781933,116.14077461995295,114.66568633611261
2021-10-21,6.29035041743344e+49,2.227701381448029e+50,2.723892561568851e+50,1.427697734368417e+50,114.66568633611261,115.93022493291379,116.1313165957906,115.48531782060394
2021-10-22,1.427697734368417e+50,1.43836601313189e+50,2.7670600450855045e+50,1.4580185677694435e+50,115.48531782060394,115.492762405913,116.14704005070007,115.5063330183033
2021-10-25,1.4580185677694435e+50,1.3788105705629062e+50,2.811913911996598e+50,3.897157614165537e+50,115.5063330183033,115.45047587182817,116.16312000867161,116.48950212024111
2021-10-26,3.897157614165537e+50,1.7713136727209761e+50,2.9383849720050357e+50,3.82508263354262e+50,116.48950212024111,115.70097610898068,116.2071147508663,116.47083472028798
2021-10-27,3.82508263354262e+50,2.2473983183178723e+50,3.0023882703647993e+50,1.487501825859965e+50,116.47083472028798,115.93902789391471,116.22866271178033,115.52635273560806
2021-10-28,1.487501825859965e+50,2.4190916751411964e+50,2.857580710820379e+50,5.7939675388607336e+50,115.52635273560806,116.01264677856213,116.1792300112467,116.88607194648986
2021-10-29,5.7939675388607336e+50,3.29234563603966e+50,2.891563188090571e+50,7.838618028491302e+50,116.88607194648986,116.32085491972741,116.19105190112843,117.18831719665077
2021-11-01,7.838618028491302e+50,4.568465528184031e+50,3.0040575491339897e+50,6.993258645443535e+50,117.18831719665077,116.64843202758675,116.22921854092199,117.07420128407544
2021-11-02,6.993258645443535e+50,5.187685734439631e+50,3.1038590150925183e+50,4.21337648270779e+50,117.07420128407544,116.77554233884747,116.26190083059626,116.56751899084945
2021-11-03,4.21337648270779e+50,5.265344504272666e+50,3.0476059313370336e+50,2.1419357141462567e+50,116.56751899084945,116.79040122605787,116.24361099154923,115.89096460920756
2021-11-04,2.1419357141462567e+50,5.3962312819299235e+50,3.017842002811722e+50,2.459804601490351e+50,115.89096460920756,116.81495544886572,116.23379665705784,116.02933656620333
2021-11-05,2.459804601490351e+50,4.729398694455847e+50,3.051086333898935e+50,5.765682652676432e+50,116.02933656620333,116.68305271821708,116.24475235195516,116.88117820971334
2021-11-08,5.765682652676432e+50,4.314811619292873e+50,3.2114472264028668e+50,1.2807887780832269e+51,116.88117820971334,116.59130831611037,116.29597633458887,117.67931586371186
2021-11-09,1.2807887780832269e+51,5.47773744637062e+50,3.700763456092911e+50,1.8165570726374874e+51,117.67931586371186,116.82994679065608,116.43779378755197,118.02878273389508
2021-11-10,1.8165570726374874e+51,8.268176295104038e+50,4.45592212950467e+50,7.593658299871316e+50,118.02878273389508,117.241668613876,116.62348867674923,117.15656811443309
2021-11-11,7.593658299871316e+50,9.358520812249049e+50,4.688369263074984e+50,3.396153694283464e+50,117.15656811443309,117.36554189482389,116.67433946659575,116.35189817457237
2021-11-12,3.396153694283464e+50,9.545790630807672e+50,4.683287656391654e+50,5.6049616287751856e+50,116.35189817457237,117.38535493538338,116.67325500368274,116.85290686031095
2021-11-15,5.6049616287751856e+50,9.513646426027423e+50,4.81858368531362e+50,2.072378283129791e+50,116.85290686031095,117.38198188347621,116.70173469336376,115.8579515265139
2021-11-16,2.072378283129791e+50,7.366544526486926e+50,4.6684929447309235e+50,4.86052996617536e+50,115.8579515265139,117.12620338930553,116.67009095939332,116.71040212820769
2021-11-17,4.86052996617536e+50,4.705536374447024e+50,4.809617225892786e+50,3.906431376200509e+50,116.71040212820769,116.67799441718718,116.69987215183693,116.49187891543424
2021-11-18,3.906431376200509e+50,3.968090989712863e+50,4.899244011021211e+50,2.8077705926644132e+50,116.49187891543424,116.50753976973722,116.71833555945089,116.16164543475932
2021-11-19,2.8077705926644132e+50,3.850414369389053e+50,4.9612036104351314e+50,1.2619853026829547e+50,116.16164543475932,116.4774354206232,116.7309030243953,115.36194076770195
2021-11-22,1.2619853026829547e+50,2.9818191041706065e+50,4.989974076841478e+50,3.3468730377030335e+50,115.36194076770195,116.22178820161947,116.73668536443047,116.33728113804887
2021-11-23,3.3468730377030335e+50,3.236718055085255e+50,5.077209317902143e+50,2.4163386660628457e+50,116.33728113804887,116.30381452016871,116.75401641347675,116.01150809630158
2021-11-24,2.4163386660628457e+50,2.7478797950627517e+50,5.1207693223700245e+50,1.4100221416418516e+50,116.01150809630158,116.1400842804065,116.76255933574146,115.47286005726116
2021-11-25,1.4100221416418516e+50,2.2485979481510203e+50,5.007717709982584e+50,4.1011221150765744e+49,115.47286005726116,115.93956153753473,116.74023491409638,114.23793017957719
2021-11-26,4.1011221150765744e+49,1.7690662719196692e+50,4.852491781708268e+50,1.7213559545694705e+50,114.23793017957719,115.69970652710623,116.70874699214174,115.67236697562633
2021-11-29,1.7213559545694705e+50,1.8609404022969724e+50,4.863121514831427e+50,6.559778699194283e+50,115.67236697562633,115.75033660229128,116.71093516843902,117.01021151721032
2021-11-30,6.559778699194283e+50,2.5035215345952224e+50,4.897931113028406e+50,1.1530772760607586e+51,117.01021151721032,116.04695300424872,116.71806754382719,117.57427400347265
2021-12-01,1.1530772760607586e+51,4.32640835350417e+50,5.065756328124601e+50,5.076777990587858e+50,117.57427400347265,116.59399236794792,116.75175810066277,116.75393145624734
2021-12-02,5.076777990587858e+50,5.059759523293372e+50,4.978643571085707e+50,3.1295525957014944e+50,116.75393145624734,116.75057360683147,116.73441212835397,116.27014470336691
2021-12-03,3.1295525957014944e+50,5.603647600132138e+50,4.929378848949057e+50,5.1978581653717945e+50,116.27014470336691,116.85267239256883,116.72446763569097,116.7775012991645
2021-12-06,5.1978581653717945e+50,6.298948042292603e+50,5.068284414913855e+50,2.7071180362848993e+50,116.7775012991645,116.96963729174362,116.75225703034064,116.12513926347872
2021-12-07,2.7071180362848993e+50,5.5284159097107274e+50,5.079525934677243e+50,4.5275382637917686e+50,116.12513926347872,116.83915597026056,116.75447258699268,116.6394330118593
2021-12-08,4.5275382637917686e+50,4.1277690103475634e+50,5.023246644273395e+50,6.363574459375027e+50,116.6394330118593,116.54699171952026,116.74333111624564,116.97984489109346
2021-12-09,6.363574459375027e+50,4.385128304104997e+50,4.730323311479884e+50,9.83554908847456e+50,116.97984489109346,116.60747353487146,116.68324820324855,117.41525793002803
2021-12-10,9.83554908847456e+50,5.72632760265961e+50,4.3516859643025964e+50,5.946149302189315e+50,117.41525793002803,116.87432906792002,116.59981799771452,116.91199848364833
2021-12-13,5.946149302189315e+50,5.875985830023115e+50,4.2767991916806874e+50,4.339674724481605e+50,116.91199848364833,116.90012849651052,116.58245952710382,116.59705404672971
2021-12-14,4.339674724481605e+50,6.2024971676624555e+50,4.319686511235148e+50,2.608086485832717e+50,116.59705404672971,116.95420662964149,116.59243748248149,116.08787145496252
2021-12-15,2.608086485832717e+50,5.818606812070645e+50,4.183464913828673e+50,2.2108174703123134e+50,116.08787145496252,116.89031550342051,116.56039447962218,115.92261699290619
2021-12-16,2.2108174703123134e+50,4.988055414258103e+50,4.189757604155151e+50,2.824981700418479e+50,115.92261699290619,116.73630078697282,116.56189753092593,116.16775653655174
2021-12-17,2.824981700418479e+50,3.585941936646886e+50,4.097232682984383e+50,3.7677429932146705e+50,116.16775653655174,116.4062758330773,116.53956644015796,116.45573079634457
2021-12-20,3.7677429932146705e+50,3.1502606748519574e+50,4.090928665575936e+50,5.6038895986228136e+50,116.45573079634457,116.27673985303717,116.53802665158135,116.8527155775231
2021-12-21,5.6038895986228136e+50,3.4031036496801997e+50,4.218024984028591e+50,2.4842117203074245e+50,116.8527155775231,116.35394250308228,116.56862165493445,116.03921004375947
2021-12-22,2.4842117203074245e+50,3.378328696575141e+50,4.2735807302842486e+50,7.035127872776573e+50,116.03921004375947,116.34663576843847,116.58170670405319,117.08017051675968
2021-12-23,7.035127872776573e+50,4.343190777067993e+50,4.441228677333045e+50,4.149926878969914e+50,117.08017051675968,116.59786392977533,116.62018571699303,116.55234536426434
2021-12-24,4.149926878969914e+50,4.60817981277828e+50,4.520028141556095e+50,3.8624956466336335e+50,116.55234536426434,116.65708759420482,116.63777286953503,116.48056816484036
2021-12-27,3.8624956466336335e+50,4.627130343462072e+50,4.631504209964811e+50,2.45016059204369e+50,116.48056816484036,116.66119152941884,116.66213634839899,116.02540821988369
2021-12-28,2.45016059204369e+50,3.996384542146247e+50,4.724233681807358e+50,7.343335746912728e+49,116.02540821988369,116.51464473762694,116.68196001375031,114.82046275753059
2021-12-29,7.343335746912728e+49,3.6464089130230173e+50,4.679369028176531e+50,4.0708300076595375e+50,114.82046275753059,116.42299747354355,116.67241792750319,116.53310156145115
2021-12-30,4.0708300076595375e+50,3.0535493399996104e+50,4.5662349967431345e+50,5.332104195803732e+50,116.53310156145115,116.2455592817593,116.64794366313974,116.80300059342642
2021-12-31,5.332104195803732e+50,3.2899848033663737e+50,4.284477334706595e+50,2.558997380171232e+50,116.80300059342642,116.32013759543132,116.58425321874802,116.06887018310888
2022-01-03,2.558997380171232e+50,3.0292851500738933e+50,4.170032761505839e+50,3.0661530507520685e+50,116.06887018310888,116.23758131732107,116.55717854195835,116.24967834761183
2022-01-04,3.0661530507520685e+50,3.1524836418155694e+50,4.167150964008138e+50,6.49815911903749e+50,116.24967834761183,116.27744524958956,116.55648722995004,117.00077357403589
2022-01-05,6.49815911903749e+50,4.305248750684813e+50,4.226255552811125e+50,4.438815105320408e+49,117.00077357403589,116.58908956772099,116.57057103862748,114.31705702936564
2022-01-06,4.438815105320408e+49,3.5798590512593136e+50,4.123381165276904e+50,9.70171881408754e+49,114.31705702936564,116.4045780781832,116.54592814768097,115.0989726238486
2022-01-07,9.70171881408754e+49,2.707472588380318e+50,3.961682693350403e+50,6.724156389734852e+50,115.0989726238486,116.12527022521544,116.50592350727788,117.03496112341584
2022-01-10,6.724156389734852e+50,3.540504390293042e+50,3.9780727810940315e+50,6.742839759922337e+49,117.03496112341584,116.39352384983184,116.51005212586766,114.7351507222635
2022-01-11,6.742839759922337e+49,3.0621305753410746e+50,3.5616516396175615e+50,3.031420539946108e+50,114.7351507222635,116.24836558983688,116.39947903069042,116.23828598442415
2022-01-12,3.031420539946108e+50,2.3687828595227985e+50,3.4291639686065067e+50,3.3807116849401056e+49,116.23828598442415,115.99163091154873,116.36157114023943,114.04475580171359
2022-01-13,3.3807116849401056e+49,2.3476207911151926e+50,3.2472728978797984e+50,3.1076727658970487e+50,114.04475580171359,115.98265703569292,116.30707018545078,116.26312878898663
2022-01-14,3.1076727658970487e+50,2.7751209680128515e+50,3.2699813651554497e+50,2.5611216388286644e+50,116.26312878898663,116.14994898802728,116.314038935866,116.06969995240583
2022-01-17,2.5611216388286644e+50,1.942514017831614e+50,3.285904281906193e+50,1.9982444982720969e+49,116.06969995240583,115.79323766932285,116.3188965398323,113.51893860095538
2022-01-18,1.9982444982720969e+49,1.8476221125986089e+50,3.1665789523338624e+50,7.602085791180431e+50,113.51893860095538,115.7431541174874,116.28190645999405,117.15767730554904
2022-01-19,7.602085791180431e+50,2.7617551628454734e+50,3.3408672613323063e+50,1.4539932840390596e+50,117.15767730554904,116.14512105588166,116.33548508206684,115.50356840984769
2022-01-20,1.4539932840390596e+50,2.9849395859544833e+50,3.152235610669409e+50,6.308488088241577e+49,115.50356840984769,116.2228341571308,116.27736656848217,114.66856559888438
2022-01-21,6.308488088241577e+49,2.489574794539905e+50,3.0679918419656234e+50,2.2362551313443124e+50,114.66856559888438,116.04136658035183,116.25027787413127,115.93405730016059
2022-01-24,2.2362551313443124e+50,2.4246014930430343e+50,2.8498612628096115e+50,1.2220194824545248e+51,115.93405730016059,116.01492182782187,116.17652496308202,117.63234454640745
2022-01-25,1.2220194824545248e+51,4.828675567986642e+50,3.2166916239721264e+50,1.4550611302758054e+50,117.63234454640745,116.70382687023789,116.29760803510278,115.50430256337845
2022-01-26,1.4550611302758054e+50,3.599270635805717e+50,3.1072627823194983e+50,2.5248715300069885e+50,115.50430256337845,116.40998587347288,116.26299685404541,116.05544483193006
2022-01-27,2.5248715300069885e+50,3.813446284999303e+50,3.1106587340451024e+50,5.256104888986639e+50,116.05544483193006,116.46778796673928,116.26408916505459,116.78864488673317
2022-01-28,5.256104888986639e+50,4.738497501031799e+50,3.316193793785801e+50,1.1584149360543952e+51,116.78864488673317,116.68497475225489,116.32807232730198,117.57889237895589
2022-01-31,1.1584149360543952e+51,6.608076346871727e+50,3.657708309826002e+50,9.216385761857405e+50,117.57889237895589,117.01754723955757,116.42609145614871,117.35023761062024
2022-02-01,9.216385761857405e+50,6.007314534334159e+50,3.834266562828441e+50,3.491997869082337e+50,117.35023761062024,116.92223246550034,116.47323281794658,116.37972867745103
2022-02-02,3.491997869082337e+50,6.414701882095465e+50,3.876675675960764e+50,1.175966298453885e+50,116.37972867745103,116.98784717468621,116.4842326515416,115.29134484099077
2022-02-03,1.175966298453885e+50,6.1449208357848434e+50,3.7907580963108466e+50,3.5418823785089517e+50,115.29134484099077,116.94488050993345,116.46182067420604,116.39391298086302
2022-02-04,3.5418823785089517e+50,5.802076333689306e+50,3.656381880832277e+50,7.720532535713154e+49,116.39391298086302,116.88747049175916,116.42572875102103,114.87055289967581
2022-02-07,7.720532535713154e+49,3.6396571122947794e+50,3.671298778243153e+50,2.7315556950670904e+48,114.87055289967581,116.42114412699483,116.42980013969375,111.52895576228018
2022-02-08,2.7315556950670904e+48,1.8018430713134327e+50,3.628441672585967e+50,2.5964409449023856e+50,111.52895576228018,115.71806471925464,116.41805791450852,116.0833962896297
2022-02-09,2.5964409449023856e+50,1.6227316864774426e+50,3.4408182432754004e+50,8.553966776312647e+50,116.0833962896297,115.61336560508396,116.36496395422031,117.27564977550514
2022-02-10,8.553966776312647e+50,3.098331782049195e+50,3.7989856432899645e+50,1.4241497034943625e+49,117.27564977550514,116.26011848152403,116.46398874482455,113.18024449303077
2022-02-11,1.4241497034943625e+49,2.4184383004172914e+50,3.6676672083082983e+50,3.485613212816516e+49,113.18024449303077,116.01237665114951,116.4288104716021,114.07531354320855
2022-02-14,3.485613212816516e+49,2.333739913959359e+50,3.6681440334350097e+50,4.141406041157825e+50,114.07531354320855,115.97672674374965,116.42894047089234,116.55029000334858
2022-02-15,4.141406041157825e+50,3.1565580108007897e+50,3.7151319095832265e+50,7.217833214989346e+51,116.55029000334858,116.27873684656291,116.44166883453187,119.4083945418322
2022-02-16,7.217833214989346e+51,1.7072936251799005e+51,6.87955056917708e+50,3.4397688821356634e+51,119.4083945418322,117.96674918412387,117.0578079752663,118.66724402639892
2022-02-17,3.4397688821356634e+51,2.2241680660807803e+51,8.433998949701144e+50,7.132015056813377e+50,118.66724402639892,118.23122268551037,117.26152568049513,117.0938484608638
2022-02-18,7.132015056813377e+50,2.363960067810059e+51,8.412632098139005e+50,8.802755111559315e+50,117.0938484608638,118.2921779503082,117.25898904715181,117.30431940304587
2022-02-21,8.802755111559315e+50,2.5330439436156124e+51,8.746666726662654e+50,1.005071407107411e+52,117.30431940304587,118.36126146201214,117.29792733196936,119.73948342652552
2022-02-22,1.005071407107411e+52,4.460358637007277e+51,1.3286498176749789e+51,2.0299192812843563e+51,119.73948342652552,118.92706891738048,117.7160029946107,118.13983577204534
2022-02-23,2.0299192812843563e+51,3.42277585026628e+51,1.4107540798636115e+51,6.297372444069055e+50,118.13983577204534,118.66229161668403,117.77596411254126,116.96938712373091
2022-02-24,6.297372444069055e+50,2.860769522720528e+51,1.3838321599523562e+51,6.765588203556109e+50,116.96938712373091,118.4829303952252,117.75669632082707,117.04110385559495
2022-02-25,6.765588203556109e+50,2.8534409856553828e+51,1.4079709193763579e+51,3.388907967150858e+50,117.04110385559495,118.4803653720877,117.77398934636687,116.34976238561465
2022-02-28,3.388907967150858e+50,2.7451640427672136e+51,1.4118983577270118e+51,1.5140150662371725e+51,116.34976238561465,118.44168057644316,117.77677489456377,117.84660484894158
2022-03-01,1.5140150662371725e+51,1.0378242417998261e+51,1.4568258385151255e+51,1.363553462556659e+52,117.84660484894158,117.46896618921085,117.80809972845789,120.04451896802107
2022-03-02,1.363553462556659e+52,3.358947310656273e+51,2.023967642583862e+51,1.0550038277017001e+52,120.04451896802107,118.6434673671827,118.13689950712808,119.7879692307651
2022-03-03,1.0550038277017001e+52,5.343007517178292e+51,2.4616221744398283e+51,4.142058847324413e+51,119.7879692307651,119.10762844259186,118.33266029582244,118.85303271303485
2022-03-04,4.142058847324413e+51,6.036107522572052e+51,2.6340248590042003e+51,2.532252054468535e+51,118.85303271303485,119.22959909699067,118.40035278371177,118.36094878960213
2022-03-07,2.532252054468535e+51,6.474779774122743e+51,2.7437819237597972e+51,3.3390710719330223e+50,118.36094878960213,119.29975433798502,118.44117697555329,116.33494729583201
2022-03-08,3.3390710719330223e+50,6.238758182313968e+51,2.7428600541844526e+51,9.773145682204301e+51,116.33494729583201,119.26262089602814,118.4408409340956,119.71147813054218
2022-03-09,9.773145682204301e+51,5.46628039364151e+51,3.183584615859324e+51,5.299962993569889e+51,119.71147813054218,119.13043812666214,118.58984754232466,119.09953958088472
2022-03-10,5.299962993569889e+51,4.416265336952088e+51,3.424367863035452e+51,3.0812440466391154e+51,119.09953958088472,118.9171341352266,118.66275663183912,118.55717316937809
2022-03-11,3.0812440466391154e+51,4.2041023768150286e+51,3.5526224063149464e+51,3.8277372182335985e+53,118.55717316937809,118.86790054765406,118.69952577947888,123.3792837526444
2022-03-14,3.8277372182335985e+53,8.025239633059328e+52,2.0912546276575337e+52,2.6658873011135806e+53,123.3792837526444,121.81701636507799,120.47218902187355,123.01754687689686
2022-03-15,2.6658873011135806e+53,1.3350336093142626e+53,3.30295684863173e+52,4.725763051374727e+52,123.01754687689686,122.32596639573603,120.92924291771811,121.28745387595204
2022-03-16,4.725763051374727e+52,1.4100025789773485e+53,3.5176058230936343e+52,3.5621474509769385e+52,121.28745387595204,122.38060146213478,120.99220542999012,121.00478841525889
2022-03-17,3.5621474509769385e+52,1.4706456020097474e+53,3.6776391590284235e+52,3.661487739924607e+53,121.00478841525889,122.42271141810218,121.03669584912824,123.33487947982272
2022-03-18,3.661487739924607e+53,2.1967806619013904e+53,5.309143435289657e+52,2.525155360134006e+53,123.33487947982272,122.82400288182828,121.40385534631056,122.96331251828487
2022-03-21,2.525155360134006e+53,1.9362642902814723e+53,6.441306013159043e+52,1.9157588257027568e+52,122.96331251828487,122.69777042179682,121.59715615232048,120.38453863346594
2022-03-22,1.9157588257027568e+52,1.4414020065728112e+53,6.525144134756071e+52,2.5682202266126286e+53,120.38453863346594,122.40262618429156,121.61008787827295,122.98022306886185
2022-03-23,2.5682202266126286e+53,1.8605307908678421e+53,7.688515712711103e+52,6.157693083436662e+52,122.98022306886185,122.65787174713317,121.77415258532595,121.55212704365127
2022-03-24,6.157693083436662e+52,1.9124417035170367e+53,7.922725788907887e+52,1.6208208598319616e+54,121.55212704365127,122.68539073311723,121.80416014757158,124.82252774619181
2022-03-25,1.6208208598319616e+54,4.421785875196039e+53,1.5280866427774601e+53,3.8708209391521784e+54,124.82252774619181,123.52355358733216,122.46102632120956,125.69306163520388
2022-03-28,3.8708209391521784e+54,1.1658396681473595e+54,3.2872644618264473e+53,9.47916549984437e+53,125.69306163520388,124.49303659427491,123.22706567702885,124.28610621363413
2022-03-29,9.47916549984437e+53,1.3515914604928412e+54,3.7178280941737563e+53,5.7246757364391595e+54,124.28610621363413,124.64087777944373,123.35014958081302,126.08438092959138
2022-03-30,5.7246757364391595e+54,2.4451622032484206e+54,6.319799387647595e+53,3.311149834028614e+54,126.08438092959138,125.23370648320174,123.88069739387856,125.53689053262607
2022-03-31,3.311149834028614e+54,3.09507678388727e+54,7.824179305357766e+53,8.357974886207471e+54,125.53689053262607,125.46940773651771,124.0942287785058,126.46281118093867
2022-04-01,8.357974886207471e+54,4.442507589162372e+54,1.1617060828804087e+54,9.684857955912916e+54,126.46281118093867,125.8308140110326,124.48948470739074,126.61015865202955
2022-04-04,9.684857955912916e+54,5.6053149925145194e+54,1.6014473518638587e+54,1.5782521223716835e+54,126.61015865202955,126.0633102751096,124.8105028369397,124.79591300470582
2022-04-05,1.5782521223716835e+54,5.7313821069919685e+54,1.672997809296784e+54,1.0174385069570228e+54,124.79591300470582,126.08555172872849,124.85421213423626,124.35688322276371
2022-04-06,1.0174385069570228e+54,4.789934661095542e+54,1.7191299117923547e+54,1.0273748043236865e+55,124.35688322276371,125.90611179231838,124.88141331927385,126.66918692969662
2022-04-07,1.0273748043236865e+55,6.182454302937192e+54,2.186103281616431e+54,3.714215372659867e+54,126.66918692969662,126.16131035070788,125.12171565716778,125.65176247233528
2022-04-08,3.714215372659867e+54,5.253702400227671e+54,2.3544870192063245e+54,1.893086297989416e+54,125.65176247233528,125.99852806882285,125.19591789917992,124.97780348081659
2022-04-11,1.893086297989416e+54,3.695348068642971e+54,2.4402954889788633e+54,5.598928215613156e+53,124.97780348081659,125.64666977154548,125.23171415569183,123.75958511803903
2022-04-12,5.598928215613156e+53,3.491676208480897e+54,2.4656051061386214e+54,3.392512545376304e+54,123.75958511803903,125.58997693155398,125.24203227821178,125.56116583237237
2022-04-13,3.392512545376304e+54,3.966691016164754e+54,2.6024114163001185e+54,6.657337245596535e+55,125.56116583237237,125.71752727163793,125.29603350468112,128.5378997063048
2022-04-14,6.657337245596535e+55,1.522661589871045e+55,5.6163561311116635e+54,6.136888816216387e+54,128.5378997063048,127.06263996420482,126.0652781000509,126.1539129279613
2022-04-15,6.136888816216387e+54,1.5711150587421756e+55,5.893157548643602e+54,8.586843216412561e+54,126.1539129279613,127.09396571043803,126.11338696205615,126.48982619495276
2022-04-18,8.586843216412561e+54,1.7049901971106385e+55,6.281849446002819e+54,8.04619194568445e+55,126.48982619495276,127.17573947589624,126.17725945657376,128.7273790439539
2022-04-19,8.04619194568445e+55,3.303030729816302e+55,9.922566295223366e+54,3.7149098564697303e+55,128.7273790439539,127.83702056464561,126.63440660863365,127.95453452780214
2022-04-20,3.7149098564697303e+55,3.9781624502027217e+55,1.1599683705618089e+55,5.564537991628187e+55,127.95453452780214,128.0230001314255,126.79057285266198,128.35859407558135
2022-04-21,5.564537991628187e+55,3.759602599409053e+55,1.4128148356891944e+55,7.106897877052765e+54,128.35859407558135,127.96649337484203,126.98776416639744,126.30066086607326
2022-04-22,7.106897877052765e+54,3.77900278062578e+55,1.4439515441182467e+55,3.259195199430959e+55,126.30066086607326,127.97164027484953,127.0095635978753,127.82366040823318
2022-04-25,3.259195199430959e+55,4.259104956183721e+55,1.5918168853158614e+55,2.1402314231244564e+55,127.82366040823318,128.0912391486966,127.10705617369267,127.40309407950633
2022-04-26,2.1402314231244564e+55,3.077912851671722e+55,1.681732764276828e+55,9.147487771089386e+55,127.40309407950633,127.76643183639133,127.16200478386025,128.85565939572462
2022-04-27,9.147487771089386e+55,4.1644284345956525e+55,2.0799330223301988e+55,3.0224367522045645e+56,128.85565939572462,128.06875915028505,127.3745158070645,130.05082858529838
2022-04-28,3.0224367522045645e+56,9.096394340679145e+55,3.449459198105072e+55,7.135165486376528e+57,130.05082858529838,128.85005822337794,127.88039757925611,133.2123857449261
2022-04-29,7.135165486376528e+57,1.5165756611066866e+57,3.5856008337378203e+56,7.571570611159813e+57,133.2123857449261,131.66380523948914,130.22169126425499,133.27175082494594
2022-05-02,7.571570611159813e+57,3.0243713929397868e+57,7.025718770704085e+56,6.297994949447367e+57,133.27175082494594,132.35405356656233,130.8943427337669,133.08758162140953
2022-05-03,6.297994949447367e+57,4.279689919983012e+57,9.884644668231887e+56,5.1287709276083056e+57,133.08758162140953,132.70123085902767,131.23574771708076,132.8822163458766
2022-05-04,5.1287709276083056e+57,5.2871491299624946e+57,1.2211501972619338e+57,2.2092600979023504e+57,132.8822163458766,132.91262948443165,131.4471434999044,132.04000796280388
2022-05-05,2.2092600979023504e+57,5.668552414498873e+57,1.3214993720701145e+57,4.6667144379186126e+57,132.04000796280388,132.98228407971925,131.5261172805582,132.7878055782522
2022-05-06,4.6667144379186126e+57,5.17486220480729e+57,1.533576508407008e+57,2.321962752090821e+57,132.7878055782522,132.89116301236714,131.67495289535245,132.08976314250307
2022-05-09,2.321962752090821e+57,4.1249406329934914e+57,1.6386532813182617e+57,3.163497419464703e+57,132.08976314250307,132.6644019283421,131.74122503522412,132.39902849454347
2022-05-10,3.163497419464703e+57,3.498041126996959e+57,1.782279790595173e+57,1.8850049758108744e+58,132.39902849454347,132.49955343447692,131.82524362669722,134.1838658542386
2022-05-11,1.8850049758108744e+58,6.242296893097047e+57,2.6390141847683886e+57,2.0830807471732173e+57,134.1838658542386,133.07869850715522,132.21775573322168,131.98119822703362
2022-05-12,2.0830807471732173e+57,6.2170610229512206e+57,2.7336742236025552e+57,1.7895461736670477e+58,131.98119822703362,133.07464759139765,132.25299687443848,134.13189744709786
2022-05-13,1.7895461736670477e+58,8.862810482701593e+57,3.546950097426423e+57,7.255092806485346e+58,134.13189744709786,133.42921422521425,132.51343840740088,135.5316390719814
2022-05-16,7.255092806485346e+58,2.2908603545254119e+58,6.8416934925354e+57,2.950490897873178e+58,135.5316390719814,134.3788628413291,133.17038558827852,134.63190695622114
2022-05-17,2.950490897873178e+58,2.817688585710754e+58,8.182546769349744e+57,8.77923988970743e+56,134.63190695622114,134.5858522920504,133.34935374381502,131.11715503863968
2022-05-18,8.77923988970743e+56,2.4582460703279935e+58,8.222062094156759e+57,3.820743875034178e+57,131.11715503863968,134.44938350976668,133.35417134130392,132.58779543600568
2022-05-19,3.820743875034178e+57,2.492999332885213e+58,8.392074910319364e+57,7.5141067709317e+58,132.58779543600568,134.46342193060084,133.37463809811126,135.5667175503051
2022-05-20,7.5141067709317e+58,3.637911452338143e+58,1.1805889392626287e+58,3.992012469310838e+58,135.5667175503051,134.8413451338002,133.71594880869273,134.93423087567385
2022-05-23,3.992012469310838e+58,2.985295384903242e+58,1.3617911179589566e+58,5.96878897245952e+57,134.93423087567385,134.64363409201985,133.85873622542002,133.0338943553035
2022-05-24,5.96878897245952e+57,2.514572984777797e+58,1.3888896728434222e+58,6.006765209500179e+57,133.0338943553035,134.47203839542615,133.8784400250738,133.04023666961527
2022-05-25,6.006765209500179e+57,2.6171498091883855e+58,1.4160450058320853e+58,4.6540935678171205e+58,133.04023666961527,134.51202126019106,133.8978031722008,135.0876825631494
2022-05-26,4.6540935678171205e+58,3.471553645251126e+58,1.6274974302136307e+58,7.088144970576475e+58,135.0876825631494,134.794537623793,134.0369789097762,135.50835905970771
2022-05-27,7.088144970576475e+58,3.3863612851800807e+58,1.9492700430684205e+58,2.8422510009225786e+58,135.50835905970771,134.76969137137237,134.21739035926078,134.59453173784019
2022-05-30,2.8422510009225786e+58,3.156408991502429e+58,2.0770894354957177e+58,1.4163738753690786e+58,134.59453173784019,134.6993703799728,134.28090299756172,133.89803539035233
2022-05-31,1.4163738753690786e+58,3.320307987127055e+58,2.109037495801692e+58,1.1024641742435372e+58,133.89803539035233,134.74999293948738,134.2961670739414,133.64748322644834
2022-06-01,1.1024641742435372e+58,3.420665517785759e+58,2.124733273671126e+58,4.7666349261937055e+57,133.64748322644834,134.77977052164164,134.30358166988054,132.8089908903957
2022-06-02,4.7666349261937055e+57,2.585179502746208e+58,2.1177725462927002e+58,1.5993630937135398e+59,132.8089908903957,134.49973033933813,134.3003002442704,136.32212597021592
2022-06-03,1.5993630937135398e+59,4.366276696057993e+58,2.8214431755824535e+58,4.839488836457341e+58,136.32212597021592,135.02384602495934,134.58718391208888,135.12674449650362
2022-06-06,4.839488836457341e+58,4.765724263164945e+58,3.0313778495218675e+58,2.412949451560686e+59,135.12674449650362,135.11138491567746,134.65895264563073,136.73337032469286
2022-06-07,2.412949451560686e+59,9.308348391212501e+58,4.1069607164225487e+58,1.2366419532395808e+60,136.73337032469286,135.78084706761777,134.9626186635535,138.36750518349098
2022-06-08,1.2366419532395808e+60,3.3820694621155413e+59,9.717506127729322e+58,2.5945818067770643e+60,138.36750518349098,137.0710082756828,135.8238644079857,139.1085309298162
2022-06-09,2.5945818067770643e+60,8.561699805817283e+59,2.149668026117296e+59,6.616363175429393e+59,139.1085309298162,137.9998192325348,136.6178339104093,137.74206633636854
2022-06-10,6.616363175429393e+59,9.565099822160454e+59,2.4418436023831274e+59,1.072797966484336e+60,137.74206633636854,138.11064152567678,136.7452738153981,138.2253757371046
2022-06-13,1.072797966484336e+60,1.1613905978399977e+60,2.928532186809111e+59,7.8091738487760205e+59,138.2253757371046,138.30472365802592,136.9270218240218,137.9078196636984
2022-06-14,7.8091738487760205e+59,1.2693150857843044e+60,3.2753603336913524e+59,1.9123746631338695e+59,137.9078196636984,138.39358303210528,137.03894837523816,136.5008662356034
2022-06-15,1.9123746631338695e+59,1.0602341883990657e+60,3.3293087601679583e+59,7.516431065311928e+59,136.5008662356034,138.2135953958167,137.0552851895643,137.8696119195771
2022-06-16,7.516431065311928e+59,6.916464483498914e+59,3.6575533954190775e+59,9.655903946049604e+58,137.8696119195771,137.7864252129287,137.1493149393385,135.8175049298082
2022-06-17,9.655903946049604e+58,5.786309927334028e+59,3.701044811542498e+59,1.7266622374285516e+60,135.8175049298082,137.60801525681026,137.16113564793469,138.7012957820469
2022-06-20,1.7266622374285516e+60,7.094038469222459e+59,4.484154581339551e+59,4.733766281898915e+59,138.7012957820469,137.8117752657684,137.35307046524736,137.40724162641166
2022-06-21,4.733766281898915e+59,6.478956955847038e+59,4.665170745194357e+59,6.384478937903715e+59,137.40724162641166,137.721080020453,137.39264492160603,137.70639036558367
2022-06-22,6.384478937903715e+59,7.373377810801007e+59,4.93722882205675e+59,8.657596345097685e+59,137.70639036558367,137.85039640682282,137.44932469325258,138.0109576123938
2022-06-23,8.657596345097685e+59,7.601610866758159e+59,5.328042842755527e+59,4.513873861219733e+59,138.0109576123938,137.88088066763385,137.52550446091217,137.35967622075012
2022-06-24,4.513873861219733e+59,8.311267560081113e+59,5.530488579533924e+59,1.297170139849999e+60,137.35967622075012,137.97013261818967,137.5627966490097,138.41529065590345
2022-06-27,1.297170139849999e+60,7.452283364924008e+59,6.098956399612027e+59,4.108806396448549e+59,138.41529065590345,137.8610409640172,137.66063816116093,137.265653058489
2022-06-28,4.108806396448549e+59,7.3272913878339345e+59,6.253501485947977e+59,1.882247710265222e+60,137.265653058489,137.84412641008637,137.6856620312741,138.78757223290197
2022-06-29,1.882247710265222e+60,9.814891020783636e+59,7.096149304246158e+59,1.5231185190722345e+59,138.78757223290197,138.13642121098218,137.81207277205556,136.2732803770167
2022-06-30,1.5231185190722345e+59,8.387995455578545e+59,7.158943901134127e+59,5.021619564399943e+59,136.2732803770167,137.9793220579117,137.82088295690048,137.46627299071136
2022-07-01,5.021619564399943e+59,8.489544596214589e+59,7.382188135087563e+59,1.9296606890827073e+60,137.46627299071136,137.99135584551144,137.85159057658436,138.81244975833792
2022-07-04,1.9296606890827073e+60,9.754525694680005e+59,8.25713997788598e+59,6.520052958239351e+59,138.81244975833792,138.13025183777646,137.96359876457274,137.72740298498363
2022-07-05,6.520052958239351e+59,1.0236775007038164e+60,8.480807699000788e+59,4.893699370726584e+59,137.72740298498363,138.1785071159369,137.99032617944042,137.44046902165132
2022-07-06,4.893699370726584e+59,7.451019460653037e+59,8.681250902959008e+59,8.106924773068075e+59,137.44046902165132,137.8608713500345,138.01368611818177,137.9452390933548
2022-07-07,8.106924773068075e+59,8.767780711452205e+59,8.940067963027526e+59,8.460975744908237e+59,137.9452390933548,138.02360420644263,138.0430636779336,137.98798498989368
2022-07-08,8.460975744908237e+59,9.455651947553864e+59,8.762547790869e+59,9.743592370756807e+59,137.98798498989368,138.09913313905824,138.02300719301667,138.12913036286974
2022-07-11,9.743592370756807e+59,7.545049043539811e+59,8.02608298645928e+59,1.0238696225195806e+60,138.12913036286974,137.87341207898518,137.93521709814334,138.17869477639573
2022-07-12,1.0238696225195806e+60,8.288777696931102e+59,8.19073448872139e+59,1.1820585722941158e+60,138.17869477639573,137.96742300185286,137.95552406165513,138.32236305094725
2022-07-13,1.1820585722941158e+60,9.674154967374018e+59,8.240398400453109e+59,1.7687486007650307e+60,138.32236305094725,138.12197837987654,137.96156917897082,138.72537787096493
2022-07-14,1.7687486007650307e+60,1.1590267214290462e+60,8.689412589492848e+59,1.5259602622645635e+60,138.72537787096493,138.3026861993248,138.01462582749545,138.57772947171023
2022-07-15,1.5259602622645635e+60,1.2949992589837945e+60,9.296104769470656e+59,1.001612343095209e+60,138.57772947171023,138.41361570258078,138.0821159570767,138.1567166243083
2022-07-18,1.001612343095209e+60,1.3004498801877001e+60,9.409727149727028e+59,1.4488325735579924e+60,138.1567166243083,138.41781584592755,138.09426444404738,138.52586369010655
2022-07-19,1.4488325735579924e+60,1.3854424703953823e+60,1.0024396937953162e+60,3.665055574388794e+60,138.52586369010655,138.481125141471,138.15754230221674,139.4539490784104
2022-07-20,3.665055574388794e+60,1.882041870814318e+60,1.0905484818389635e+60,1.9953260430859297e+60,139.4539490784104,138.78746286860007,138.24178634367163,138.8459130467496
2022-07-21,1.9953260430859297e+60,1.9273573592784977e+60,1.1597280006978744e+60,8.758049099352095e+59,138.8459130467496,138.8112554003914,138.30329107510877,138.02249366124101
2022-07-22,8.758049099352095e+59,1.797326288812627e+60,1.1705169559771851e+60,2.1776687477576975e+60,138.02249366124101,138.74140574514777,138.3125510735842,138.93336050248456
2022-07-25,2.1776687477576975e+60,2.0325375697451247e+60,1.2301491883975456e+60,1.5686386960327335e+60,138.93336050248456,138.8643906264112,138.362241033052,138.60531375028748
2022-07-26,1.5686386960327335e+60,2.0564987942400728e+60,1.2809333388480345e+60,4.01666451751198e+59,138.60531375028748,138.8761105020144,138.4026945628333,137.24297232285784
2022-07-27,4.01666451751198e+59,1.4038209697125539e+60,1.2402286257526345e+60,1.4010272446227306e+60,137.24297232285784,138.49430336266596,138.37040131787157,138.49231129336295
2022-07-28,1.4010272446227306e+60,1.284961210019914e+60,1.2852352896152653e+60,8.60632403254655e+59,138.49231129336295,138.40583411077935,138.40604738598725,138.00501777229059
2022-07-29,8.60632403254655e+59,1.2819267086838032e+60,1.238798230205694e+60,9.239694402262138e+59,138.00501777229059,138.40346976699357,138.3692473201226,138.0760292984071
2022-08-01,9.239694402262138e+59,1.0311868471775064e+60,1.2738735751292848e+60,1.136785276961451e+60,138.0760292984071,138.1858159973337,138.39716789727623,138.283309926059
2022-08-02,1.136785276961451e+60,9.448161633632498e+59,1.3027200896984417e+60,1.1106102949506984e+60,138.283309926059,138.0983406731062,138.41956003482994,138.26001525914484
2022-08-03,1.1106102949506984e+60,1.08660493200315e+60,1.265490526328805e+60,1.5540589737908279e+60,138.26001525914484,138.2381636736994,138.39056539450857,138.59597578054047
2022-08-04,1.5540589737908279e+60,1.1172112778367694e+60,1.306492966236391e+60,9.222143808104886e+59,138.59597578054047,138.26594122941464,138.42245200193773,138.0741280143373
2022-08-05,9.222143808104886e+59,1.1295276733479361e+60,1.3261677136790197e+60,1.3221956724075076e+60,138.0741280143373,138.27690513679792,138.4373989443126,138.4343993225306
2022-08-08,1.3221956724075076e+60,1.2091729197841949e+60,1.3494178589108696e+60,9.831647503027013e+59,138.4343993225306,138.34504216816478,138.45477886347132,138.13812700625866
2022-08-09,9.831647503027013e+59,1.1784488144524448e+60,1.3556481850841368e+60,1.5820395299716382e+60,138.13812700625866,138.31930458929972,138.4593852849699,138.61382043601589
2022-08-10,1.5820395299716382e+60,1.2727346614566328e+60,1.3832700165794075e+60,1.8393521444062705e+60,138.61382043601589,138.39627344187298,138.4795558530223,138.7645189938321
2022-08-11,1.8393521444062705e+60,1.3297932955797215e+60,1.4203374039378936e+60,7.9410355257747065e+59,138.7645189938321,138.4401290929406,138.50600003143848,137.92456417226725
2022-08-12,7.9410355257747065e+59,1.3041711299331178e+60,1.4027030848598642e+60,1.9064320268052783e+60,137.92456417226725,138.42067326914798,138.49350672961378,138.8003390259291
2022-08-15,1.9064320268052783e+60,1.4210184008126719e+60,1.408961422407148e+60,1.0452070485023445e+60,138.8003390259291,138.5064793778735,138.4979584327715,138.19932057797197
2022-08-16,1.0452070485023445e+60,1.4334268604526004e+60,1.3871090035997746e+60,1.821891006409849e+60,138.19932057797197,138.51517356302392,138.48232730736098,138.75498055584038
2022-08-17,1.821891006409849e+60,1.4813971557402427e+60,1.4243943973868039e+60,1.7849038633337535e+60,138.75498055584038,138.548091246257,138.508852318742,138.7344701353476
2022-08-18,1.7849038633337535e+60,1.4705074995257394e+60,1.4396703651038836e+60,4.273208966976595e+60,138.7344701353476,138.54071315862515,138.51951975390375,139.60747063915207
2022-08-19,4.273208966976595e+60,2.166328582405564e+60,1.4673137011306019e+60,2.2333458946945792e+60,139.60747063915207,138.92813941681115,138.53853889447822,138.95860644184583
2022-08-22,2.2333458946945792e+60,2.2317113559834246e+60,1.4781327852946316e+60,1.4767120352991053e+60,138.95860644184583,138.9578742950032,138.54588523933398,138.54492359823857
2022-08-23,1.4767120352991053e+60,2.3180123533427765e+60,1.5054467455384447e+60,1.5547637522284319e+60,138.54492359823857,138.99581565385705,138.56419527468438,138.59642918590436
2022-08-24,1.5547637522284319e+60,2.264586902506493e+60,1.4771328821052965e+60,1.3168845764341403e+60,138.59642918590436,138.9724979389446,138.54520854671813,138.43037435728309
2022-08-25,1.3168845764341403e+60,2.1709830451265703e+60,1.4656895130326331e+60,2.3609925401588314e+60,138.43037435728309,138.93028566080162,138.5374313687475,139.0141876781303
2022-08-26,2.3609925401588314e+60,1.7885397597630177e+60,1.5547497897784347e+60,6.643614049271035e+59,139.0141876781303,138.73650508989985,138.59642020543214,137.7461765865967
2022-08-29,6.643614049271035e+59,1.4747428618095226e+60,1.521264978883179e+60,5.4359370315332e+59,137.7461765865967,138.5435892232605,138.5746477913449,137.54555239926734
2022-08-30,5.4359370315332e+59,1.2881191953803656e+60,1.5068541288785726e+60,4.842901290163982e+59,137.54555239926734,138.40828874604026,138.56512969890107,137.4300344679013
2022-08-31,4.842901290163982e+59,1.0740244707379587e+60,1.4868687056417627e+60,1.4652899173837953e+60,137.4300344679013,138.22651836014205,138.55177794842885,138.5371586983581
2022-09-01,1.4652899173837953e+60,1.1037055389278897e+60,1.5018007347518696e+60,3.359322005640947e+60,138.5371586983581,138.2537787699354,138.56177045757374,139.3668447492213
2022-09-02,3.359322005640947e+60,1.303371432024313e+60,1.6040149034196078e+60,1.866150669443747e+60,139.3668447492213,138.42005989627688,138.62761538045262,138.77898342341902
2022-09-05,1.866150669443747e+60,1.5437292849276418e+60,1.61820088958565e+60,1.3641763489275519e+60,138.77898342341902,138.58930668227651,138.63642054977197,138.4656564187771
2022-09-06,1.3641763489275519e+60,1.707845814082488e+60,1.6382900699546074e+60,1.4366558951279989e+60,138.4656564187771,138.69033839814887,138.6487586372798,138.51742369747146
2022-09-07,1.4366558951279989e+60,1.8983189673048083e+60,1.643492807350993e+60,2.936918702181239e+60,138.51742369747146,138.79607432013916,138.65192931733364,139.23246655091134
2022-09-08,2.936918702181239e+60,2.192644724264297e+60,1.7322998051636542e+60,1.2185030345923562e+60,139.23246655091134,138.9402140315149,138.70455547247286,138.35272866415556
2022-09-09,1.2185030345923562e+60,1.7644809300545786e+60,1.7157754190100503e+60,1.5664074538692798e+60,138.35272866415556,138.72296213615425,138.6949706974409,138.60389033102442
2022-09-12,1.5664074538692798e+60,1.7045322869396853e+60,1.70336884216746e+60,2.6311792718195576e+60,138.60389033102442,138.68839633423556,138.68771354164662,139.12253771766143
2022-09-13,2.6311792718195576e+60,1.957932871518086e+60,1.786872283951191e+60,2.6393942324479214e+60,139.12253771766143,138.826994838954,138.7355723437367,139.12565501306548
2022-09-14,2.6393942324479214e+60,2.198480538982071e+60,1.8201887478440386e+60,2.2819077878052744e+60,139.12565501306548,138.94287203728962,138.7540457829608,138.98011742176718
2022-09-15,2.2819077878052744e+60,2.067478356106878e+60,1.8764024178123533e+60,3.422916900194816e+60,138.98011742176718,138.88143525887335,138.7844619156519,139.38559866200296
2022-09-16,3.422916900194816e+60,2.50836112922737e+60,1.9491763220753065e+60,4.834791411845452e+59,139.38559866200296,139.07473518296771,138.8225124640471,137.42835847332975
2022-09-19,4.834791411845452e+59,2.2917754666904232e+60,1.890020652886706e+60,1.925761791461015e+60,137.42835847332975,138.9844324097743,138.79169333610787,138.81042720492363
2022-09-20,1.925761791461015e+60,2.1506919706187143e+60,1.783318508545089e+60,1.1820025854801816e+60,138.81042720492363,138.92089521680015,138.73358153888262,138.32231568600173
2022-09-21,1.1820025854801816e+60,1.8592136412251663e+60,1.7355301763080707e+60,4.590806429731031e+59,138.32231568600173,138.77525920443907,138.70641852348518,137.37657618804084
2022-09-22,4.590806429731031e+59,1.4946482122587326e+60,1.6892742039296165e+60,1.3452297015036847e+60,137.37657618804084,138.55699644926983,138.67940455120075,138.45167035990212
2022-09-23,1.3452297015036847e+60,1.0791107725205061e+60,1.679749928896673e+60,2.7155635619110627e+60,138.45167035990212,138.23124292285556,138.67375051013116,139.15410508493616
2022-09-26,2.7155635619110627e+60,1.5255276566658094e+60,1.7433262464183514e+60,1.6998230833598376e+60,139.15410508493616,138.57744593422743,138.7109005038912,138.68562975667754
2022-09-27,1.6998230833598376e+60,1.4803399150455742e+60,1.7132730892911245e+60,2.5683363375661247e+60,138.68562975667754,138.54737731337622,138.69351120793118,139.09836392946679
2022-09-28,2.5683363375661247e+60,1.7576066654627628e+60,1.79981740441108e+60,4.9292621803851064e+60,139.09836392946679,138.71905861408996,138.74279079740543,139.7502948973462
2022-09-29,4.9292621803851064e+60,2.651642972945163e+60,1.9991659715579794e+60,6.733407497129338e+60,139.7502948973462,139.13028501731722,138.84783565900707,140.0621869097463
2022-09-30,6.733407497129338e+60,3.729278532070294e+60,2.2832167610176583e+60,1.1001131894625134e+61,140.0621869097463,139.47132037155237,138.98069088837659,140.5531037466587
2022-10-03,1.1001131894625134e+61,5.386392198613108e+60,2.7166641236195372e+60,9.80883611336201e+60,140.5531037466587,139.83898138954166,139.154510282136,140.4383892033029
2022-10-04,9.80883611336201e+60,7.008194804613542e+60,3.0098238557886765e+60,6.689926462139286e+60,140.4383892033029,140.10218573035246,139.25698713701965,140.05570846151608
2022-10-05,6.689926462139286e+60,7.832512829528175e+60,3.229086391820292e+60,2.1169766808123818e+60,140.05570846151608,140.21338896147196,139.32730482603785,138.90509455653046
2022-10-06,2.1169766808123818e+60,7.27005572961363e+60,3.2633045887241485e+60,3.176816908767786e+60,138.90509455653046,140.1388695368553,139.33784593911997,139.31098530304212
2022-10-07,3.176816908767786e+60,6.558737611941319e+60,3.342402816616866e+60,2.3384014663434993e+60,139.31098530304212,140.03590372687626,139.36179553415548,139.00457314152874
2022-10-10,2.3384014663434993e+60,4.826191526284993e+60,3.3151974877151505e+60,1.1192181044564645e+61,139.00457314152874,139.7291632323998,139.3536227754775,140.57032099312283
2022-10-11,1.1192181044564645e+61,5.102860512525519e+60,3.768546488168436e+60,5.849940570495095e+60,140.57032099312283,139.78490684694486,139.48179495985542,139.9215370819452
2022-10-12,5.849940570495095e+60,4.934863334196681e+60,3.963252538924155e+60,4.8634025264305334e+60,139.9215370819452,139.75143055897283,139.53217061600043,139.7368438809127
2022-10-13,4.8634025264305334e+60,5.484148503320312e+60,4.064717232315563e+60,6.040710264895097e+60,139.7368438809127,139.85696742035623,139.55744975867702,139.95362717820157
2022-10-14,6.040710264895097e+60,6.056927174545774e+60,4.219322506517707e+60,5.112405570630735e+60,139.95362717820157,139.95630818421543,139.59478015132296,139.78677563054882
2022-10-17,5.112405570630735e+60,6.61172799540322e+60,4.347981496646137e+60,1.3359418297620734e+61,139.78677563054882,140.04395062073402,139.62481729329147,140.74732720620608
2022-10-18,1.3359418297620734e+61,7.045175446014438e+60,4.7996406510745885e+60,5.5834749338835035e+60,140.74732720620608,140.10744862830492,139.72364663039465,139.87491691021668
2022-10-19,5.5834749338835035e+60,6.99188231869212e+60,5.031458641651813e+60,5.923131584221103e+60,139.87491691021668,140.09985538700366,139.77081551011585,139.93397087249716
2022-10-20,5.923131584221103e+60,7.203828130250235e+60,5.2131572685954536e+60,3.5225787627417854e+60,139.93397087249716,140.12971814912746,139.80629125351297,139.41429890408176
2022-10-21,3.5225787627417854e+60,6.700201829819572e+60,5.319547094834618e+60,2.0308175556254986e+60,139.41429890408176,140.05724322943962,139.82649374682242,138.86354402838109
2022-10-24,2.0308175556254986e+60,6.083884226818525e+60,5.390989681773363e+60,2.606595328234719e+60,138.86354402838109,139.9607489247362,139.83983456213778,139.11315047747246
2022-10-25,2.606595328234719e+60,3.933319632941322e+60,5.4483244829884094e+60,3.2695969966004045e+60,139.11315047747246,139.52458933928966,139.85041370673622,139.33977231432706
2022-10-26,3.2695969966004045e+60,3.470544045484703e+60,5.473507820928835e+60,2.6705006452790847e+60,139.33977231432706,139.39941694675423,139.8550252740758,139.1373715420727
2022-10-27,2.6705006452790847e+60,2.8200178576962988e+60,5.5176295282888005e+60,2.0117860498335657e+60,139.1373715420727,139.19184879708914,139.86305391441786,138.8541284891652
2022-10-28,2.0117860498335657e+60,2.517859315114655e+60,5.4923317879373205e+60,1.1646627447543253e+60,138.8541284891652,139.07851464202597,139.85845847867657,138.30753713526897
2022-10-31,1.1646627447543253e+60,2.3446283529404205e+60,5.3212136317722846e+60,2.1928651328107182e+60,138.30753713526897,139.00723248409412,139.82680698325242,138.94031454824102
2022-11-01,2.1928651328107182e+60,2.2618823138556206e+60,5.114825342485074e+60,1.0602483144857427e+60,138.94031454824102,138.97130292851,139.7872488323216,138.21360871928118
2022-11-02,1.0602483144857427e+60,1.820012577432688e+60,4.6629669979332845e+60,3.0990398566057395e+60,138.21360871928118,138.75394899138487,139.6947575200116,139.28619791948398
2022-11-03,3.0990398566057395e+60,1.9057204196980187e+60,4.357976258989817e+60,2.8128657869261717e+60,139.28619791948398,138.7999656898018,139.62711336846556,139.18930939629027
2022-11-04,2.8128657869261717e+60,2.06593636711654e+60,4.181746228298312e+60,1.0762277794485816e+60,139.18930939629027,138.88068914982546,139.58583449690894,138.22856770991632
2022-11-07,1.0762277794485816e+60,2.0482493740553912e+60,4.134439460054502e+60,1.596755776854087e+60,138.22856770991632,138.87209104408277,139.57445733908762,138.62307951097839
2022-11-08,1.596755776854087e+60,1.929027502864065e+60,4.062618499512971e+60,1.3139068466539377e+60,138.62307951097839,138.81212157104068,139.55693329598407,138.42811060423472
2022-11-09,1.3139068466539377e+60,1.9797592092977042e+60,4.0160505622543544e+60,2.3780634506924924e+60,138.42811060423472,138.83808080548812,139.5454045521557,139.02139205993237
2022-11-10,2.3780634506924924e+60,1.8355639281150547e+60,3.615408853441984e+60,4.9751261909085865e+60,139.02139205993237,138.76245733171072,139.4403105280123,139.75955631493835
2022-11-11,4.9751261909085865e+60,2.2680160089115378e+60,3.575644563460779e+60,1.0737883648049636e+60,139.75955631493835,138.9740110240863,139.4292510370086,138.22629850305765
2022-11-14,1.0737883648049636e+60,2.267528125982814e+60,3.403389374295981e+60,1.9568007766446665e+60,138.22629850305765,138.9737958865345,139.3798773895081,138.8264164624887
2022-11-15,1.9568007766446665e+60,2.3395371259409297e+60,3.217757124830052e+60,1.9383115296840444e+60,138.8264164624887,139.00505868001852,139.32379015141498,138.8169228282237
2022-11-16,1.9383115296840444e+60,2.4644180625469514e+60,3.0734801229688393e+60,3.1904980474389154e+60,138.8169228282237,139.05706127916343,139.27791608975684,139.31528261197664
2022-11-17,3.1904980474389154e+60,2.626904981896236e+60,2.6112564752333018e+60,2.890053818311259e+60,139.31528261197664,139.1209119198771,139.114937093273,139.2163807038467
2022-11-18,2.890053818311259e+60,2.2098905073767703e+60,2.488828242707291e+60,1.451966672358046e+60,139.2163807038467,138.94804854977164,139.06691759410126,138.52802454286046
2022-11-21,1.451966672358046e+60,2.2855261688873867e+60,2.2855934739862423e+60,1.4250540230852914e+60,138.52802454286046,138.98170184832853,138.9817312962993,138.5093153035818
2022-11-22,1.4250540230852914e+60,2.179176818175512e+60,2.1902514403654926e+60,1.0314179778838572e+60,138.5093153035818,138.934052778791,138.93912192983294,138.18604011268968
2022-11-23,1.0314179778838572e+60,1.9977981078154743e+60,2.144824186831782e+60,2.770740184085538e+60,138.18604011268968,138.8471512076241,138.91816316448248,139.17422007861788
2022-11-24,2.770740184085538e+60,1.913846535144799e+60,2.1522853166431827e+60,2.0995060466645007e+60,139.17422007861788,138.80422068928377,138.9216357952373,138.89680768083048
2022-11-25,2.0995060466645007e+60,1.7557369808154472e+60,2.099099364373369e+60,5.5237546894391516e+60,138.89680768083048,138.71799428050235,138.8966139582714,139.86416340606453
2022-11-28,5.5237546894391516e+60,2.5700945842316683e+60,2.2287927300170084e+60,3.1870189396411298e+60,139.86416340606453,139.09904828107562,138.95656564184353,139.31419155784067
2022-11-29,3.1870189396411298e+60,2.9224875675428355e+60,2.2822124068264432e+60,1.672289045391259e+60,139.31419155784067,139.22754073994912,138.98025090599137,138.6692989534021
2022-11-30,1.672289045391259e+60,3.0506617810443165e+60,2.305286329582667e+60,8.230522394772345e+59,138.6692989534021,139.27046412411744,138.99031046945365,137.9603699737792
2022-12-01,8.230522394772345e+59,2.6611241921226558e+60,2.2430221071584177e+60,5.410867547757799e+59,137.9603699737792,139.13385424177156,138.9629296911993,137.54092992667995
2022-12-02,5.410867547757799e+59,2.3494403337449117e+60,2.219423854444329e+60,5.385897193301279e+59,137.54092992667995,139.00928272358198,138.9523532168194,137.5363043930916
2022-12-05,5.385897193301279e+59,1.3524073397231068e+60,2.103039757295437e+60,1.2532671901431574e+60,137.5363043930916,138.4569917986632,138.89848938122284,138.3808594731619
2022-12-06,1.2532671901431574e+60,9.656569898235123e+59,2.0321489119871185e+60,1.628982232877778e+60,138.3808594731619,138.1201589888178,138.86419939013211,138.64306100243692
2022-12-07,1.628982232877778e+60,9.56995627320816e+59,2.0572741144157183e+60,5.198376833462142e+59,138.64306100243692,138.11114912295037,138.87648744075264,137.5008669160968
2022-12-08,5.198376833462142e+59,8.963527160946122e+59,2.0083232919835423e+60,1.5450795532348518e+60,137.5008669160968,138.0456842925288,138.85240577049663,138.59018097943374
2022-12-09,1.5450795532348518e+60,1.0971512757864265e+60,2.018831142282675e+60,1.006554732483994e+60,138.59018097943374,138.24782265096042,138.8576242811434,138.16163892328234
2022-12-12,1.006554732483994e+60,1.1907442784171998e+60,1.9564898369095613e+60,1.2668855741848782e+60,138.16163892328234,138.32968413530563,138.8262575477714,138.39166716449992
2022-12-13,1.2668855741848782e+60,1.1934679552255438e+60,1.7879334452403016e+60,3.210069473346144e+60,138.39166716449992,138.331968896666,138.7361660326813,139.32139815933743
2022-12-14,3.210069473346144e+60,1.509685403319217e+60,1.8850371319921737e+60,3.520294420452076e+60,139.32139815933743,138.56700686659062,138.78905309901828,139.4136502079288
2022-12-15,3.520294420452076e+60,2.1097767507403894e+60,1.95610502489251e+60,2.0137356511095432e+60,139.4136502079288,138.90168771619662,138.82606084352173,138.8550971096687
2022-12-16,2.0137356511095432e+60,2.2035079703153275e+60,1.9595333940482148e+60,1.0763166653209317e+60,138.8550971096687,138.9451562020522,138.82781196028225,138.22865029671038
2022-12-19,1.0763166653209317e+60,2.217460356882715e+60,1.8634342403155794e+60,4.051509044981521e+59,138.22865029671038,138.9514681372923,138.77752673069088,137.25160990206678
2022-12-20,4.051509044981521e+59,2.04511342294537e+60,1.750484107869529e+60,7.460259611443629e+59,137.25160990206678,138.87055883114243,138.71499796239058,137.86211070072045
2022-12-21,7.460259611443629e+59,1.5523047205050136e+60,1.7183958937234525e+60,9.865349591672006e+59,137.86211070072045,138.59484632266307,138.69649681537933,138.14154906306985
2022-12-22,9.865349591672006e+59,1.0455528282480386e+60,1.6984632089999027e+60,5.819992884110617e+59,138.14154906306985,138.1996513474235,138.68482942714934,137.6138195257299
2022-12-23,5.819992884110617e+59,7.592055557083423e+59,1.678035086751139e+60,7.507536259765167e+59,137.6138195257299,137.8796228657751,138.67272909733276,137.86842783731794
2022-12-26,7.507536259765167e+59,6.9409294783945935e+59,1.5862175159280023e+60,8.743776799558093e+59,137.86842783731794,137.7899561828039,138.61645784094713,138.02086271107157
2022-12-27,8.743776799558093e+59,7.879383029309909e+59,1.5305298628957889e+60,7.834569368782903e+59,138.02086271107157,137.91677009168035,138.58071957071184,137.91106639844241
2022-12-28,7.834569368782903e+59,7.954244980777763e+59,1.3150617832339315e+60,5.537098013586555e+59,137.91106639844241,137.92622623265535,138.42898922761663,137.5639910259017
2022-12-29,5.537098013586555e+59,7.088594665160673e+59,1.1953659133120009e+60,7.529785503477878e+59,137.5639910259017,137.81100759388724,138.33355792176383,137.87138704246087
2022-12-30,7.529785503477878e+59,7.430553189034126e+59,1.1535790726282068e+60,9.8465116188844e+59,137.87138704246087,137.85812079604347,138.29797492610112,138.1396377287396
2023-01-02,9.8465116188844e+59,7.8983482608579705e+59,1.1609244781923524e+60,4.453314754820698e+59,138.1396377287396,137.91917414335717,138.3043222313128,137.3461691942587
2023-01-03,4.453314754820698e+59,7.040255851910493e+59,1.1565719654971838e+60,1.4699085299435161e+60,137.3461691942587,137.8041649987592,138.3005660073716,138.54030575396914
2023-01-04,1.4699085299435161e+60,8.413159038040944e+59,1.1989046387068833e+60,9.991352213318558e+59,138.54030575396914,137.98231751888287,138.3365139185025,138.15424042683782
2023-01-05,9.991352213318558e+59,9.304009877987345e+59,1.1873531855790969e+60,9.203685477762929e+59,138.15424042683782,138.08296596355703,138.32683219572965,138.07212448589578
2023-01-06,9.203685477762929e+59,9.638789872844356e+59,1.1551434726199384e+60,1.3518039335836727e+60,138.07212448589578,138.11831605552874,138.29933013462056,138.45654552720845
2023-01-09,1.3518039335836727e+60,1.037309541623482e+60,1.1929601203580046e+60,1.2350904282776068e+60,138.45654552720845,138.1917359615748,138.33154329416794,138.36624976831956
2023-01-10,1.2350904282776068e+60,1.1952613321825893e+60,1.1788697055872208e+60,1.904314094365402e+60,138.36624976831956,138.33347042913638,138.31966168244233,138.79922746793466
2023-01-11,1.904314094365402e+60,1.2821424450669667e+60,1.2196769493091032e+60,1.6127959252402648e+60,138.79922746793466,138.40363804356548,138.35369160767507,138.63307485202174
2023-01-12,1.6127959252402648e+60,1.4048745858486485e+60,1.2354001470843478e+60,8.933008010396434e+59,138.63307485202174,138.4950536157031,138.36650050298047,138.04227366808763
2023-01-13,8.933008010396434e+59,1.3994610365013186e+60,1.1300924801613252e+60,1.2409553760180367e+60,138.04227366808763,138.49119276821483,138.27740504986895,138.37098712713492
2023-01-16,1.2409553760180367e+60,1.3772913249881911e+60,1.0264861599597779e+60,5.528920350067438e+59,138.37098712713492,138.47522434200033,138.18124705428127,137.56251304805292
2023-01-17,5.528920350067438e+59,1.2408516463340187e+60,9.600841774096505e+59,8.410825675109056e+59,137.56251304805292,138.37090353507224,138.11437126608013,137.98204013359197
2023-01-18,8.410825675109056e+59,1.0282053409631195e+60,9.493917184182858e+59,8.121727278835895e+59,137.98204013359197,138.18292047474733,138.1031717837761,137.94706333726924
2023-01-19,8.121727278835895e+59,8.680807014917845e+59,9.678927103903512e+59,6.830217473878047e+59,137.94706333726924,138.01363498506802,138.12247154542078,137.77387700070224
2023-01-20,6.830217473878047e+59,8.260248907614165e+59,9.650288824923258e+59,6.599229437832996e+59,137.77387700070224,137.96397520782128,138.11950833159557,137.73947337702157
2023-01-23,6.599229437832996e+59,7.098184043144692e+59,9.501828817930576e+59,2.153826725181666e+59,137.73947337702157,137.81235946941044,138.10400477387864,136.6197666188703
2023-01-24,2.153826725181666e+59,6.423165318167538e+59,9.335184901615622e+59,3.437363226381134e+59,136.6197666188703,137.7124315230592,138.08631107079657,137.08722516016067
2023-01-25,3.437363226381134e+59,5.428472828421954e+59,9.150177036461803e+59,5.1948833164826455e+59,137.08722516016067,137.5441783339694,138.06629371399615,137.50019465021282
2023-01-26,5.1948833164826455e+59,4.843104035951303e+59,8.988863696322009e+59,5.891402159677855e+59,137.50019465021282,137.4300763315552,138.04850693073885,137.62601451365123
2023-01-27,5.891402159677855e+59,4.655340973111265e+59,8.900537914089964e+59,2.987399474671658e+59,137.62601451365123,137.39053564348384,138.03863220134576,136.94692375469472
2023-01-30,2.987399474671658e+59,3.9329749804789973e+59,8.784642525957468e+59,9.013744837925744e+59,136.94692375469472,137.22191661864386,138.02552551604919,138.0512711032085
2023-01-31,9.013744837925744e+59,5.304958603027814e+59,8.852095222977825e+59,4.087960674510973e+59,138.0512711032085,137.5211624552964,138.03317466600714,137.26056671976582
2023-02-01,4.087960674510973e+59,5.435078092653782e+59,8.590342907324488e+59,9.004095095523839e+59,137.26056671976582,137.5453943755922,138.0031591412107,138.05019997111273
2023-02-02,9.004095095523839e+59,6.19692044846202e+59,8.797196559174631e+59,9.207912001981787e+59,138.05019997111273,137.67657295344154,138.02695358455668,138.0725836013308
2023-02-03,9.207912001981787e+59,6.860222416922806e+59,8.54759777292675e+59,4.984568410826776e+59,138.0725836013308,137.77826035015286,137.9981707678893,137.4588673087471
2023-02-06,4.984568410826776e+59,7.25965620415383e+59,8.320016690995304e+59,1.6980590870430904e+60,137.4588673087471,137.8348529595644,137.97118474760904,138.68459146494948
2023-02-07,1.6980590870430904e+60,8.853025410654861e+59,8.673512390662031e+59,5.299948645461282e+59,138.68459146494948,138.03327974156093,138.01279431543242,137.5202176176242
2023-02-08,5.299948645461282e+59,9.095423004844924e+59,8.299962813826782e+59,1.1310050583641659e+60,137.5202176176242,138.06029180714086,137.96877152117938,138.27821224923724
2023-02-09,1.1310050583641659e+60,9.556614102468486e+59,8.252651282047946e+59,1.6162895126684375e+60,138.27821224923724,138.10975397759583,137.96305500288878,138.63523867757448
2023-02-10,1.6162895126684375e+60,1.0947610727409005e+60,8.121731017640237e+59,7.390379828891271e+59,138.63523867757448,138.24564172069233,137.9470637976151,137.85269961797286
2023-02-13,7.390379828891271e+59,1.1428773011021904e+60,7.724568316571536e+59,1.8130234091502012e+60,137.85269961797286,138.28865461057612,137.89692642652113,138.75010142316341
2023-02-14,1.8130234091502012e+60,1.1658701655236125e+60,8.142624047530881e+59,1.0325775517797177e+60,138.75010142316341,138.30857331104832,137.94963297927637,138.18716373335766
2023-02-15,1.0325775517797177e+60,1.2663867029703306e+60,8.047906854695282e+59,1.1166147572887686e+60,138.18716373335766,138.39127330930677,137.93793252621833,138.26540714972103
2023-02-16,1.1166147572887686e+60,1.263508642755251e+60,8.304144455732567e+59,1.1396984742594815e+60,138.26540714972103,138.38899806779412,137.96927520884248,138.28586931080022
2023-02-17,1.1396984742594815e+60,1.1681904350734599e+60,8.439878958800101e+59,8.83664667201015e+59,138.28586931080022,138.31056149448588,137.98548845377934,138.0314279555868
2023-02-20,8.83664667201015e+59,1.1971157719358373e+60,8.472375294853474e+59,1.4191707995301908e+60,138.0314279555868,138.33502071995088,137.98933139222603,138.5051783367014
2023-02-21,1.4191707995301908e+60,1.1183452500118354e+60,8.80698850037274e+59,1.6972650930048046e+60,138.5051783367014,138.2669557170898,138.028066040734,138.68412376642607
2023-02-22,1.6972650930048046e+60,1.2512827582568525e+60,9.27850765910979e+59,4.22922212847753e+59,138.68412376642607,138.3792748113724,138.08022120791915,137.29453856881938
2023-02-23,4.22922212847753e+59,1.1125442493686494e+60,9.372843813805055e+59,1.5232415226487015e+60,137.29453856881938,138.2617550886234,138.09033703885856,138.57594622446842
2023-02-24,1.5232415226487015e+60,1.1892528590464935e+60,9.908982541082596e+59,4.198342510318173e+59,138.57594622446842,138.32843084004537,138.14596215979864,137.28721029364658
2023-02-27,4.198342510318173e+59,1.096486775812654e+60,9.863685231711484e+59,1.3030242688871471e+60,137.28721029364658,138.24721680808344,138.14138034118562,138.41979350300505
2023-02-28,1.3030242688871471e+60,1.0732574696840452e+60,1.0188177983038466e+60,2.0215568392190494e+60,138.41979350300505,138.22580396761438,138.1737485134836,138.85897350669418
2023-03-01,2.0215568392190494e+60,1.1381158189268943e+60,1.0971276570198413e+60,6.9155300561259145e+59,138.85897350669418,138.2844796842692,138.24780112337226,137.78629010191895
2023-03-02,6.9155300561259145e+59,1.191841977479862e+60,1.0875903171025693e+60,6.664171213247585e+59,137.78629010191895,138.3306055702695,138.23907011038423,137.74926608344725
2023-03-03,6.664171213247585e+59,1.0204770972150733e+60,1.0993003650059175e+60,4.0926798519145545e+59,137.74926608344725,138.17537583994928,138.24977952528022,137.26172046265717
2023-03-06,4.0926798519145545e+59,1.018363844047001e+60,1.076975750262239e+60,6.099251771648803e+59,137.26172046265717,138.17330284457032,138.22926246155816,137.66068658991912
2023-03-07,6.099251771648803e+59,8.797440257025477e+59,1.0628454764879981e+60,6.013466206627355e+59,137.66068658991912,138.02698128593562,138.2160553029496,137.64652180881674
2023-03-08,6.013466206627355e+59,5.957019819912848e+59,1.0675222846507283e+60,1.0154580887218843e+60,137.64652180881674,137.63709081245318,138.2204459210965,138.17044540926054
2023-03-09,1.0154580887218843e+60,6.604829986131433e+59,1.0364949665452188e+60,1.760161395209099e+60,138.17044540926054,137.74032168411478,138.1909503763213,138.7205110863118
2023-03-10,1.760161395209099e+60,8.792318533900114e+59,1.0924116270298993e+60,2.6693156353779988e+60,138.7205110863118,138.02639893306417,138.24349333376804,139.13692770286244
2023-03-13,2.6693156353779988e+60,1.3312413834273202e+60,1.1623348350759825e+60,1.1724087807816229e+60,139.13692770286244,138.44121745755453,138.30553635067417,138.31416599904762
2023-03-14,1.1724087807816229e+60,1.4437381041506686e+60,1.1421584381720365e+60,9.862710922806612e+59,138.31416599904762,138.52234123534745,138.28802541870704,138.14128155893488
2023-03-15,9.862710922806612e+59,1.5207229984742536e+60,1.1533963067807425e+60,3.9146866595605836e+59,138.14128155893488,138.574291458303,138.29781647980866,137.21725577701628
2023-03-16,3.9146866595605836e+59,1.3959251139210886e+60,1.0887801820900998e+60,4.952301823092498e+59,137.21725577701628,138.48866293922106,138.24016355022502,137.4523729699096
2023-03-17,4.952301823092498e+59,1.1429388713411188e+60,1.0643553016596238e+60,1.3564024052504118e+60,137.4523729699096,138.28870848213384,138.21747484495117,138.4599414841709
2023-03-20,1.3564024052504118e+60,8.803562253156013e+59,1.0752547402033348e+60,2.642903953226587e+60,138.4599414841709,138.02767692771783,138.22766318078098,139.12698387454654
2023-03-21,2.642903953226587e+60,1.1744552598045943e+60,1.1435822619745669e+60,7.542386653215397e+59,139.12698387454654,138.3159100110622,138.28927125029816,137.87305915083948
2023-03-22,7.542386653215397e+59,1.12804877441277e+60,1.1376992618891362e+60,6.081709168568417e+59,137.87305915083948,138.27559497151142,138.28411361143145,137.65780625637322
2023-03-23,6.081709168568417e+59,1.1713892245929268e+60,1.1008356308585294e+60,8.05756219009691e+59,137.65780625637322,138.31329599553138,138.25117513546493,137.9391315396133
2023-03-24,8.05756219009691e+59,1.233494431933015e+60,1.060312500222388e+60,1.0664576341364083e+60,137.9391315396133,138.36495672258093,138.21366925584888,138.21944811357895
2023-03-27,1.0664576341364083e+60,1.1755054777102141e+60,1.0895641102809633e+60,6.0719638631426015e+59,138.21944811357895,138.31680382852798,138.24088329707814,137.65620257533146
2023-03-28,6.0719638631426015e+59,7.683639643277487e+59,1.047925694993034e+60,8.843911594520515e+59,137.65620257533146,137.8916138334326,138.20191826130375,138.0322497534972
2023-03-29,8.843911594520515e+59,7.943944631538513e+59,1.0690419181030448e+60,6.025815826850727e+59,138.0322497534972,137.92493044352065,138.22186842336126,137.6485733638049
2023-03-30,6.025815826850727e+59,7.932765963194975e+59,1.0372036141847686e+60,6.83173158325162e+59,137.6485733638049,137.9235222588562,138.1916338388782,137.77409865419742
2023-03-31,6.83173158325162e+59,7.687599841825916e+59,9.763679923259555e+59,9.690153685161112e+59,137.77409865419742,137.89212910725158,138.13118985732905,138.12363077260736
2023-04-03,9.690153685161112e+59,7.492715310585322e+59,9.889799179124792e+59,8.039848107526892e+59,138.12363077260736,137.86645174325935,138.1440243266297,137.93693067756246
2023-04-04,8.039848107526892e+59,7.886292159462179e+59,9.952329947046578e+59,5.795505107284509e+59,137.93693067756246,137.9176465692827,138.15032717593905,137.609603122245
2023-04-05,5.795505107284509e+59,7.276610862014978e+59,1.002973109501794e+60,6.117981094654075e+59,137.609603122245,137.83718569952745,138.15807427819513,137.66375264225397
2023-04-06,6.117981094654075e+59,7.295043915575648e+59,1.0030582427881815e+60,6.315050018151365e+59,137.66375264225397,137.83971568856086,138.15815915551906,137.69545616295048
2023-04-07,6.315050018151365e+59,7.191707602555595e+59,1.0044290782951089e+60,5.369160717032925e+59,137.69545616295048,137.82544912706211,138.15952487843606,137.53319209189942
2023-04-10,5.369160717032925e+59,6.327509008929959e+59,9.826771684306274e+59,5.17707545597501e+59,137.53319209189942,137.69742712385883,138.13763095225,137.49676079969404
2023-04-11,5.17707545597501e+59,5.754954478619582e+59,9.26201993448282e+59,1.482148289651058e+60,137.49676079969404,137.6025816189076,138.07844264699202,138.5485981620042
2023-04-12,1.482148289651058e+60,7.560150036464797e+59,8.722398413697848e+59,1.3540365364656625e+60,138.5485981620042,137.87541152273644,138.01841473419339,138.45819573786451
2023-04-13,1.3540365364656625e+60,9.044626890465307e+59,8.80495648446332e+59,8.090967211617036e+59,138.45819573786451,138.05469135428197,138.02783528644534,137.94326876701496
2023-04-14,8.090967211617036e+59,9.39981032915844e+59,8.724422679409248e+59,1.1747802014436043e+60,137.94326876701496,138.09320999797197,138.01864678399886,138.3161866471393
2023-04-17,1.1747802014436043e+60,1.0675538588639064e+60,9.080473377358133e+59,7.814185771875922e+59,138.3161866471393,138.22047549775897,138.05864681197323,137.90846125723445
2023-04-18,7.814185771875922e+59,1.1202960651819249e+60,9.210559011393743e+59,1.6735491986414017e+60,137.90846125723445,138.26869857392947,138.07287103120794,138.67005221953022
2023-04-19,1.6735491986414017e+60,1.1585762469799934e+60,9.354716644753284e+59,1.4637478389407226e+60,138.67005221953022,138.3022974576284,138.08840115673945,138.53610573918593
2023-04-20,1.4637478389407226e+60,1.1805185074750055e+60,8.818736592805163e+59,1.0218054547661865e+60,138.53610573918593,138.32105933472104,138.02939910296095,138.17667669593234
2023-04-21,1.0218054547661865e+60,1.223060254195902e+60,8.940357860734549e+59,1.2318707937881605e+60,138.17667669593234,138.35646170266966,138.0430961041979,138.36363956408235
2023-04-24,1.2318707937881605e+60,1.2344783726648132e+60,9.22385780479424e+59,4.0096571016401412e+59,138.36363956408235,138.36575409018732,138.0743138537111,137.24122621349798
2023-04-25,4.0096571016401412e+59,1.1583877992600978e+60,9.039862118955296e+59,3.5336180609124743e+59,137.24122621349798,138.3021347898299,138.0541644086085,137.11484277912908
2023-04-26,3.5336180609124743e+59,8.943503207500668e+59,8.71572765166204e+59,2.8862089289338136e+59,137.11484277912908,138.04344785674022,138.01764965630184,136.91246433832802
2023-04-27,2.8862089289338136e+59,6.593249315405986e+59,8.570920609198005e+59,5.373094041796085e+59,136.91246433832802,137.7385667812334,138.00089563579917,137.53392440090295
2023-04-28,5.373094041796085e+59,5.624257214232829e+59,8.413156174983257e+59,1.5627190393194523e+60,137.53392440090295,137.57960937521665,137.9823171785757,138.60153285761058
2023-05-01,1.5627190393194523e+60,6.285953705295413e+59,8.849582291635249e+59,3.6674399493932285e+60,138.60153285761058,137.69083806026507,138.03289074586937,139.45459943682678
2023-05-02,3.6674399493932285e+60,1.2818902183753844e+60,1.0206067196666188e+60,2.883078958450667e+60,139.45459943682678,138.40344130138197,138.1755028533043,139.21396438552392
2023-05-03,2.883078958450667e+60,1.787833648847268e+60,1.1076096101181895e+60,2.494133292469291e+60,139.21396438552392,138.73611021450836,138.25730976844395,139.06904687072878
2023-05-04,2.494133292469291e+60,2.22893612876245e+60,1.1844345411053076e+60,6.285609989389754e+59,139.06904687072878,138.95662997897574,138.32437105984113,137.6907833787769
2023-05-05,6.285609989389754e+59,2.2471864477143236e+60,1.1866622905694224e+60,8.432499330333843e+59,137.6907833787769,138.96478454568944,138.32625014810938,137.98461369518745
2023-05-08,8.432499330333843e+59,2.1032926264571097e+60,1.1971828280043307e+60,7.5197364795562255e+59,137.98461369518745,138.89860961383354,138.33507673307182,137.87005158138425
2023-05-09,7.5197364795562255e+59,1.5201993661695886e+60,1.202658675556171e+60,6.882286032610834e+59,137.87005158138425,138.57394706785362,138.33964024865972,137.78147135558558
2023-05-10,6.882286032610834e+59,1.0812292951316719e+60,1.2095365178997068e+60,7.640109859373087e+59,137.78147135558558,138.23320420971217,138.34534282281356,137.88593246922284
2023-05-11,7.640109859373087e+59,7.352048338252754e+59,1.2207321288242434e+60,5.814236309634854e+59,137.88593246922284,137.8474994465244,138.35455636399018,137.61282993289143
2023-05-12,5.814236309634854e+59,7.257773602301775e+59,1.1797900988838992e+60,2.111574004271045e+59,137.61282993289143,137.83459360210404,138.3204421199956,136.59995412962485
2023-05-15,2.111574004271045e+59,5.993588537089215e+59,1.127841047245783e+60,7.926670087841909e+59,136.59995412962485,137.64321080738935,138.27541080722682,137.92275352084638
2023-05-16,7.926670087841909e+59,6.074975258746352e+59,1.1270942421377142e+60,3.8010604742191204e+59,137.92275352084638,137.65669840323267,138.27474843333175,137.18780058661056
2023-05-17,3.8010604742191204e+59,5.458730147068009e+59,1.0909726896821828e+60,6.284523361580433e+59,137.18780058661056,137.54973667555896,138.2421752538084,137.69061048835772
2023-05-18,6.284523361580433e+59,5.187612847509478e+59,1.0840196787262943e+60,2.1750826464644145e+60,137.69061048835772,137.49879412570567,138.23578163630197,138.9321722418359
2023-05-19,2.1750826464644145e+60,8.374930878511335e+59,1.1068166536273403e+60,7.485408483310283e+59,138.9321722418359,137.9777633110137,138.25659359510576,137.86547607661976
2023-05-22,7.485408483310283e+59,9.449697774319184e+59,1.0743072449632632e+60,1.7458810030652327e+59,137.86547607661976,138.0985032460894,138.22678161020244,136.40977978771443
2023-05-23,1.7458810030652327e+59,8.213539957363849e+59,1.0357973652150967e+60,4.53905453409813e+59,136.40977978771443,137.95830449347605,138.1902771109274,137.3652392246131
2023-05-24,4.53905453409813e+59,8.361138769339652e+59,1.0004353042888082e+60,1.2368022738902838e+60,137.3652392246131,137.97611512089688,138.15554078921411,138.36763481701914
2023-05-25,1.2368022738902838e+60,9.57783864480413e+59,1.038427875367275e+60,3.152054907692543e+60,138.36763481701914,138.1119724419879,138.19281349078716,139.30316017143986
2023-05-26,3.152054907692543e+60,1.1531783167260388e+60,1.1656411981673339e+60,8.457677731066468e+59,139.30316017143986,138.2976274635478,138.3083768999473,137.9875951227109
2023-05-29,8.457677731066468e+59,1.1726237016811626e+60,1.1909660563588459e+60,1.2484846413009289e+60,137.9875951227109,138.31434929791595,138.32987036949126,138.37703610858344
2023-05-30,1.2484846413009289e+60,1.3874030098800439e+60,1.223292203500724e+60,8.67804843789558e+59,138.37703610858344,138.48253924104873,138.35665133135933,138.0133171556981
2023-05-31,8.67804843789558e+59,1.4701828879559928e+60,1.1917051946130017e+60,9.612294073435668e+59,138.0133171556981,138.54049238627016,138.33049079774173,138.11556339846146
2023-06-01,9.612294073435668e+59,1.4150683146466493e+60,1.0686956245198351e+60,4.961850374748826e+60,138.11556339846146,138.50228338847478,138.221544441975,139.75688431023536
2023-06-02,4.961850374748826e+60,1.777027408057906e+60,1.1631852343515696e+60,1.0653018323484183e+60,139.75688431023536,138.73004755247678,138.30626771336992,138.21836374930672
2023-06-05,1.0653018323484183e+60,1.82093421990626e+60,1.098238349800621e+60,1.3764362375216113e+60,138.21836374930672,138.75445525667496,138.24881297549356,138.4746033019921
2023-06-06,1.3764362375216113e+60,1.8465245391503967e+60,1.1322326788271042e+60,1.737452665276709e+60,138.4746033019921,138.7684108244129,138.27929708496896,138.70752563472223
2023-06-07,1.737452665276709e+60,2.020454103447827e+60,1.1728782575654373e+60,2.8910234863186814e+60,138.70752563472223,138.85842786947833,138.31456635668607,139.21671616658676
2023-06-08,2.8910234863186814e+60,2.40641291924285e+60,1.2701077956728493e+60,2.1964318653415215e+60,139.21671616658676,139.03324280310304,138.39420735499382,138.94193974394656
2023-06-09,2.1964318653415215e+60,1.8533292173613886e+60,1.3386624894037783e+60,2.0008344997714376e+60,138.94193974394656,138.7720891783865,138.44677655289388,138.84866992306388
2023-06-12,2.0008344997714376e+60,2.040435750845993e+60,1.3948817400326023e+60,1.31181910781517e+60,138.84866992306388,138.8682689680448,138.48791521715236,138.4265203855181
2023-06-13,1.31181910781517e+60,2.027512324904704e+60,1.4280815344349514e+60,1.654514659934858e+60,138.4265203855181,138.86191516549962,138.5114375388734,138.65861328862664
2023-06-14,1.654514659934858e+60,2.0109247238363342e+60,1.4936886825943946e+60,1.2567129290155494e+60,138.65861328862664,138.85370025752795,138.5563542661887,138.38360510529716
2023-06-15,1.2567129290155494e+60,1.6840626123757078e+60,1.5147816789685476e+60,1.8926182917471205e+60,138.38360510529716,138.67631467551735,138.57037690192837,138.7930667895655
2023-06-16,1.8926182917471205e+60,1.6232998976568278e+60,1.5835322355287841e+60,1.2302019151041883e+60,138.7930667895655,138.63956663093103,138.6147635235706,138.36228389417582
2023-06-19,1.2302019151041883e+60,1.4691733807233775e+60,1.6108844891172454e+60,1.5677803088392127e+60,138.36228389417582,138.5398054962303,138.63188897991202,138.6047663825961
2023-06-20,1.5677803088392127e+60,1.5203656209281864e+60,1.583279837407009e+60,1.3604133301152304e+60,138.6047663825961,138.57405642566013,138.61460412154955,138.46289415241898
2023-06-21,1.3604133301152304e+60,1.461545354964261e+60,1.6110922229426545e+60,2.5474959549586203e+60,138.46289415241898,138.53459991789103,138.63201792797355,139.09021647790877
2023-06-22,2.5474959549586203e+60,1.719701960152875e+60,1.718951670881386e+60,1.780882288497884e+60,139.09021647790877,138.69725657647268,138.69682019097772,138.73221448883953
2023-06-23,1.780882288497884e+60,1.6973547595030274e+60,1.7792687997490256e+60,5.38262968329478e+59,138.73221448883953,138.6841765950208,138.73130807289294,137.5356975301206
2023-06-26,5.38262968329478e+59,1.5589669701480858e+60,1.7475170131326256e+60,2.2415811132410577e+60,137.5356975301206,138.5991289829308,138.7133015104194,138.96228705063731
2023-06-27,2.2415811132410577e+60,1.6937271310284545e+60,1.706131840657558e+60,9.947344400434246e+59,138.96228705063731,138.68203708322164,138.68933430629926,138.1498261077678
2023-06-28,9.947344400434246e+59,1.6205913530140937e+60,1.712903052791048e+60,8.316215047765209e+59,138.1498261077678,138.63789669500355,138.69329520239836,137.97072771582972
2023-06-29,8.316215047765209e+59,1.2774164629776736e+60,1.693954728403575e+60,7.439792328874494e+59,137.97072771582972,138.39994522958486,138.68217145084228,137.85936342231844
2023-06-30,7.439792328874494e+59,1.0700358518555868e+60,1.688326291544388e+60,2.2074655564673348e+60,137.85936342231844,138.22279773396232,138.6788432578143,138.9469506300577
2023-07-03,2.2074655564673348e+60,1.403876369483158e+60,1.744973389231832e+60,4.502933692593194e+59,138.9469506300577,138.49434282544553,138.71184488545697,137.3572496026972
2023-07-04,4.502933692593194e+59,1.0456188206868103e+60,1.5399026162550362e+60,5.3820361624812926e+60,137.3572496026972,138.19971446270037,138.58682475787074,139.83817235107784
2023-07-05,5.3820361624812926e+60,1.923079165174384e+60,1.736117813079258e+60,5.559537173438359e+60,139.83817235107784,138.8090332129394,138.7067570582552,139.87062044225306
2023-07-06,5.559537173438359e+60,2.8686622989067517e+60,1.926258764711837e+60,3.820321333415873e+60,139.87062044225306,139.20895140281496,138.810685237427,139.4954401174187
2023-07-07,3.820321333415873e+60,3.483930719012436e+60,2.0209346132636176e+60,2.809236963905188e+60,139.4954401174187,139.4032667529624,138.85866566388603,139.18801848301965
2023-07-10,2.809236963905188e+60,3.604285000500007e+60,2.0172170440630037e+60,3.043756473411138e+60,139.18801848301965,139.43722899520233,138.85682444019443,139.2681980142773
2023-07-11,3.043756473411138e+60,4.12297762133037e+60,2.0557317989752594e+60,3.8487867802635366e+60,139.2681980142773,139.5716812055891,138.87573747075734,139.5028635562716
2023-07-12,3.8487867802635366e+60,3.81632774488682e+60,2.1397296299067186e+60,4.476694198397469e+60,139.5028635562716,139.49439421656555,138.9157850595297,139.65399045154243
2023-07-13,4.476694198397469e+60,3.599759149878642e+60,2.2835875885695503e+60,4.520094048978229e+60,139.65399045154243,139.43597252005523,138.9808532897077,139.66363838056648
2023-07-14,4.520094048978229e+60,3.739713692991113e+60,2.4138411971624303e+60,3.509019181218237e+60,139.66363838056648,139.4741146354627,139.03632491604586,139.41044214252076
2023-07-17,3.509019181218237e+60,3.879670136453722e+60,2.516218754080735e+60,2.679055105515396e+60,139.41044214252076,139.5108557132859,139.07786285988453,139.14056973942832
2023-07-18,2.679055105515396e+60,3.806729862874574e+60,2.5519658819792925e+60,2.4608912824365556e+60,139.14056973942832,139.49187609652037,139.09196957590555,139.0556291739022
2023-07-19,2.4608912824365556e+60,3.529150763309178e+60,2.607906307767128e+60,2.2623524462910864e+60,139.0556291739022,139.41616284467844,139.1136532981259,138.97151075699904
2023-07-20,2.2623524462910864e+60,3.0862824128879012e+60,2.6394777685603947e+60,4.627271733558682e+60,138.97151075699904,139.28207284361815,139.12568666229376,139.68707301564928
2023-07-21,4.627271733558682e+60,3.107717949803992e+60,2.7879713323532786e+60,4.65142562765841e+60,139.68707301564928,139.28899425828882,139.180419789975,139.69227933884716
2023-07-24,4.65142562765841e+60,3.3361992390920265e+60,2.883604499294178e+60,5.7499157505276365e+59,139.69227933884716,139.3599377863043,139.21414665349434,137.60170568926847
2023-07-25,5.7499157505276365e+59,2.9153865329995e+60,2.828791285046673e+60,2.5341457147771905e+60,137.60170568926847,139.22510799202647,139.19495509230404,139.0849621637468
2023-07-26,2.5341457147771905e+60,2.9300374194676273e+60,2.919513228067023e+60,2.76370255673261e+60,139.0849621637468,139.23012077373951,139.22652247930972,139.171676866419
2023-07-27,2.76370255673261e+60,3.030307441555932e+60,2.9432460209530027e+60,2.550386284241258e+60,139.171676866419,139.26376965987674,139.23461864069512,139.0913504113567
2023-07-28,2.550386284241258e+60,2.614930351692447e+60,3.0139574684165405e+60,1.8939814417669718e+60,139.0913504113567,139.11634304265291,139.25835956840592,138.79378677592513
2023-07-31,1.8939814417669718e+60,2.0634415145141595e+60,3.062246556461561e+60,3.913215578745326e+60,138.79378677592513,138.87948080659436,139.27425439501525,139.51946501431163
2023-08-01,3.913215578745326e+60,2.7310863152526716e+60,3.2063027540005554e+60,5.248559352127833e+60,139.51946501431163,139.15980502736633,139.3202240629338,139.8130592094707
2023-08-02,5.248559352127833e+60,3.2739690427228e+60,3.344534290166942e+60,2.3018756965901844e+60,139.8130592094707,139.34110860305609,139.36243303787003,138.98882989047848
2023-08-03,2.3018756965901844e+60,3.1816036706943156e+60,3.428697123227436e+60,3.2688211768015176e+60,138.98882989047848,139.3124909482793,139.38728592120472,139.33953500316647
2023-08-04,3.2688211768015176e+60,3.325290649206368e+60,3.332641896605628e+60,1.6413097205872307e+60,139.33953500316647,139.3566626632254,139.3588709314336,138.65060011287363
2023-08-07,1.6413097205872307e+60,3.2747563049704194e+60,3.1545406487487585e+60,9.980325412755114e+59,138.65060011287363,139.3413490352653,139.3039484703446,138.153136182929
2023-08-08,9.980325412755114e+59,2.691719697476456e+60,3.0262547945605604e+60,1.2650703679641984e+60,138.153136182929,139.1452858617381,139.26243139323563,138.39023332712426
2023-08-09,1.2650703679641984e+60,1.895021900643729e+60,2.9560654038359697e+60,2.8301753848078436e+60,138.39023332712426,138.79433597517829,139.23896470827418,139.19544426280794
2023-08-10,2.8301753848078436e+60,2.000681838287261e+60,2.94635717253582e+60,4.06679550520231e+60,139.19544426280794,138.84859362124658,139.2356751301631,139.5579609238191
2023-08-11,4.06679550520231e+60,2.1602767039674196e+60,2.9562666600330368e+60,3.8137170487385324e+60,139.5579609238191,138.92534189682286,139.2390327884141,139.49370989653315
2023-08-14,3.8137170487385324e+60,2.5947581695976802e+60,2.92613133504854e+60,4.3775207181332824e+60,139.49370989653315,139.10859890101156,139.22878676675916,139.63158809767825
2023-08-15,4.3775207181332824e+60,3.270655804969234e+60,2.9196507291010426e+60,4.420568291985373e+60,139.63158809767825,139.3400960964224,139.22656957544712,139.64137384031494
2023-08-16,4.420568291985373e+60,3.901755389773469e+60,2.9610847795904575e+60,2.3529707396298166e+60,139.64137384031494,139.51653213145568,139.24066126043283,139.0107842539642
2023-08-17,2.3529707396298166e+60,3.806314460737863e+60,2.9462627629592953e+60,3.447784992166777e+60,139.0107842539642,139.49176696747304,139.23564308683513,139.3928375732397
2023-08-18,3.447784992166777e+60,3.6825123581307566e+60,2.9911215679470324e+60,4.911617913823732e+60,139.3928375732397,139.45870080489962,139.25075400304735,139.7467089811884
2023-08-21,4.911617913823732e+60,3.902092531147797e+60,3.111542725562153e+60,5.774421688857625e+60,139.7467089811884,139.5166185353369,139.29022423607557,139.90854369057865
2023-08-22,5.774421688857625e+60,4.1814727252926656e+60,3.163685905348468e+60,8.340777794785325e+60,139.90854369057865,139.585769090752,139.30684335323878,140.2762620524305
2023-08-23,8.340777794785325e+60,4.965514625852656e+60,3.331383731126965e+60,8.119911313395087e+60,140.2762620524305,139.75762252249413,139.35849333219736,140.249424811761
2023-08-24,8.119911313395087e+60,6.11890274060571e+60,3.674334628324343e+60,6.974354378900284e+60,140.249424811761,139.96648836934176,139.4564776423982,140.0973453409012
2023-08-25,6.974354378900284e+60,6.824216617952412e+60,3.876162294875392e+60,1.0415470875200272e+61,140.0973453409012,140.0755831328735,139.50995114453755,140.4983978645867
2023-08-28,1.0415470875200272e+61,7.92498721022772e+60,4.223969945714832e+60,7.047452373303571e+60,140.4983978645867,140.2251262855534,139.59588101089705,140.1077717656698
2023-08-29,7.047452373303571e+60,8.179593347116908e+60,4.42838204067221e+60,3.555741565112528e+60,140.1077717656698,140.25674801595528,139.64313986914863,139.42366921892577
2023-08-30,3.555741565112528e+60,7.222586101182351e+60,4.503916591733371e+60,4.056326198113116e+60,139.42366921892577,140.1323186541736,139.66005295159937,139.55538326629573
2023-08-31,4.056326198113116e+60,6.409869078125955e+60,4.510421619886453e+60,2.8244511069552896e+60,139.55538326629573,140.0129444257374,139.66149621435022,139.19341962693986
