,RV_d,RV_w,RV_m,RV_next,logRV_d,logRV_w,logRV_m,logRV_next,pred_rv,sigma_dyn,ss_dyn,ss_cls
2015-04-06,2.7326414995275806e-06,6.912682830839326e-06,4.157819338108511e-06,7.632663464040987e-07,-12.810241834328835,-11.882152742157919,-12.390519818700751,-14.085658788719492,1.9411007407527265e-06,0.5851582441261346,1.9251706231749828,3.3160418681987163
2015-04-13,7.632663464040987e-07,4.603473095351914e-06,4.204301658053334e-06,9.19662078554505e-08,-14.085658788719492,-12.288699518625311,-12.379402352515907,-16.201844633289728,9.250412366571737e-07,0.40395206911999526,1.3290023074047843,3.3160418681987163
2015-04-20,9.19662078554505e-08,2.411617234330909e-06,4.189583436000548e-06,3.349900152484257e-09,-16.201844633289728,-12.935212983926563,-12.382909247588207,-19.5143352967822,2.6861319477000876e-07,0.21767720954989647,0.7161580194191594,3.3160418681987163
2015-04-27,3.349900152484257e-09,8.978059884849035e-07,4.1493656532132425e-06,4.4171999917723845e-08,-19.5143352967822,-13.923311840443834,-12.392555090052541,-16.93517473462416,3.8694702670434586e-08,0.08261807036638329,0.27181345150540104,3.3160418681987163
2015-05-04,4.4171999917723845e-08,2.2568861358243934e-07,4.07920648078145e-06,2.016960375454045e-08,-16.93517473462416,-15.304109603742278,-12.409608078468384,-17.719089130461292,1.8779559577572025e-07,0.18200863467109754,0.5988084080679109,3.3160418681987163
2015-05-11,2.016960375454045e-08,3.9914427920049765e-08,3.952871831718206e-06,2.5860759595831002e-08,-17.719089130461292,-17.036527976406582,-12.441068197216547,-17.47053909064542,1.2435514027214097e-07,0.14810890163661897,0.4872782863844764,3.3160418681987163
2015-05-18,2.5860759595831002e-08,2.3388065855144887e-08,3.743042406261191e-06,4.88656457133014e-07,-17.47053909064542,-17.57103995087054,-12.495611799621472,-14.531606136019846,1.4487618274073453e-07,0.1598629370287734,0.5259490628246646,3.3160418681987163
2015-05-25,4.88656457133014e-07,1.4471470510027732e-07,3.445507554138855e-06,2.1659370818334364e-06,-14.531606136019846,-15.748501583729658,-12.57843933368635,-13.042657457899052,7.62594695763068e-07,0.36677200592821313,1.2066798995038213,3.3160418681987163
2015-06-01,2.1659370818334364e-06,6.751559755792054e-07,3.1033379804276624e-06,5.6616520806473485e-06,-13.042657457899052,-14.208322097835426,-12.683032257892007,-12.08179482129975,1.7017176829556828e-06,0.5478895867539211,1.8025567404204004,3.3160418681987163
2015-06-08,5.6616520806473485e-06,2.0855265948024073e-06,2.8396739815885567e-06,9.19041810073647e-06,-12.08179482129975,-13.080489171147898,-12.771821307595932,-11.597349127448041,2.8268854956592034e-06,0.7061604643664806,2.323267927765721,3.3160418681987163
2015-06-15,9.19041810073647e-06,4.376665930087568e-06,2.777390351771843e-06,1.1105464890950507e-05,-11.597349127448041,-12.339223326614517,-12.793998793521743,-11.408073238283812,3.6502775904990246e-06,0.8024393852273379,2.640025577397942,3.3160418681987163
2015-06-22,1.1105464890950507e-05,7.03086803854194e-06,2.9501653701573072e-06,1.0797045690482695e-05,-11.408073238283812,-11.865200383442518,-12.733649331503276,-11.436238008432483,4.080610268100776e-06,0.848421859273426,2.7913079170095716,3.3160418681987163
2015-06-29,1.0797045690482695e-05,9.188645190704256e-06,3.3146615860762444e-06,8.495185349194603e-06,-11.436238008432483,-11.597542054585796,-12.617155025185735,-11.676010984456317,4.098371711692421e-06,0.8502662935472293,2.7973761057703843,3.3160418681987163
2015-07-06,8.495185349194603e-06,9.897028507841069e-06,3.7579341898967846e-06,5.773511295444142e-06,-11.676010984456317,-11.523275996601098,-12.491641169128258,-12.062230119127188,3.6634183765046797e-06,0.8038824550986453,2.644773277274543,3.3160418681987163
2015-07-13,5.773511295444142e-06,9.042801806517986e-06,4.14333764751525e-06,3.434789038454801e-06,-12.062230119127188,-11.613541497230583,-12.394008899875733,-12.581555049472959,2.997123574653797e-06,0.7271125075041206,2.392200149688557,3.3160418681987163
2015-07-20,3.434789038454801e-06,7.1251328433940605e-06,4.400477865253661e-06,1.6048608709334733e-06,-12.581555049472959,-11.851882187296484,-12.333797417197767,-13.342473489916289,2.2550768840931734e-06,0.630710363284159,2.075037095204883,3.3160418681987163
2015-07-27,1.6048608709334733e-06,4.827086638506754e-06,4.523671016852199e-06,4.1484219123743083e-07,-13.342473489916289,-12.24126745271968,-12.306186721883284,-14.69536765111215,1.4649605636751475e-06,0.5083493320860135,1.6724693025629844,3.3160418681987163
2015-08-03,4.1484219123743083e-07,2.807000849017462e-06,4.552184108492176e-06,1.2259865727180699e-08,-14.69536765111215,-12.783393958120213,-12.29990341633157,-18.2169348586043,6.690981851906267e-07,0.3435533726622787,1.130290596058897,3.3160418681987163
2015-08-10,1.2259865727180699e-08,1.366687991588222e-06,4.551575667105456e-06,1.2399431633138628e-08,-18.2169348586043,-13.503120269442718,-12.300037084486844,-18.205615201423132,8.450535203110303e-08,0.12209317793507782,0.401686555406406,3.3160418681987163
2015-08-17,1.2399431633138628e-08,5.110905898828062e-07,4.550540180339096e-06,1.0947657005520129e-14,-18.205615201423132,-14.48671898284078,-12.300264611094542,-27.631021115928547,8.814178553014333e-08,0.12469246556034283,0.4102382116935279,3.3160418681987163
2015-08-24,1.0947657005520129e-14,1.0987537488635222e-07,4.512951222940222e-06,1.981439249400497e-07,-27.631021115928547,-16.023919069011946,-12.308559245300968,-15.434272176674487,3.4125528729755935e-10,0.007758700450416259,0.025526124481869493,3.3160418681987163
2015-08-31,1.981439249400497e-07,5.570080831200693e-08,4.361582518563807e-06,1.3246567443344033e-06,-15.434272176674487,-16.703271178233248,-12.342675603485105,-13.53435719296785,4.909611576550591e-07,0.2942882060333924,0.968208197849861,3.3160418681987163
2015-09-07,1.3246567443344033e-06,3.8380002796381256e-07,4.027967492693581e-06,2.7901463191310396e-06,-13.53435719296785,-14.773144180512437,-12.422248653474789,-12.789416519373157,1.3886224652300124e-06,0.4949272702797596,1.628310719220409,3.3160418681987163
2015-09-14,2.7901463191310396e-06,1.0782367498382879e-06,3.5356388941085476e-06,3.3633175613405463e-06,-12.789416519373157,-13.740183490074267,-12.552616541110615,-12.602582701671158,2.013431689209567e-06,0.5959608627893006,1.960711238576799,3.3160418681987163
2015-09-21,3.3633175613405463e-06,1.9190661374365102e-06,2.940089099523166e-06,2.7007368662137174e-06,-12.602582701671158,-13.163671877000807,-12.73707067111264,-12.821985908775593,2.0991297621198917e-06,0.6085117008225469,2.0020034957061794,3.3160418681987163
2015-09-28,2.7007368662137174e-06,2.544714372754927e-06,2.317296113040937e-06,1.247993965526026e-06,-12.821985908775593,-12.881492145004755,-12.975109520489479,-13.593973123344412,1.7125725117946141e-06,0.5496342339052126,1.8082966295481495,3.3160418681987163
2015-10-05,1.247993965526026e-06,2.525548678052833e-06,1.759819852758739e-06,2.751436428426292e-07,-13.593973123344412,-12.889052220604048,-13.250299110540066,-15.105972538041083,1.006390563269939e-06,0.421339881047139,1.3862082086450873,3.3160418681987163
2015-10-12,2.751436428426292e-07,1.8967980089807303e-06,1.336868494866315e-06,7.585316463195816e-09,-15.105972538041083,-13.175343351868515,-13.52518062304673,-18.69705150277555,3.846698823668573e-07,0.26049139573028823,0.8570166919526483,3.3160418681987163
2015-10-19,7.585316463195816e-09,1.0578649477613927e-06,1.073237439328499e-06,3.589912751373199e-08,-18.69705150277555,-13.759257881294666,-13.744830833307851,-17.14255284498617,4.377578960071748e-08,0.08787519152506333,0.28910938011745835,3.3160418681987163
2015-10-26,3.589912751373199e-08,3.916555130863963e-07,9.525480744500574e-07,9.33405580062292e-08,-17.14255284498617,-14.752883176667968,-13.864125259355639,-16.187011118231457,1.1085298100497567e-07,0.13983728347360624,0.46006466262816453,3.3160418681987163
2015-11-02,9.33405580062292e-08,1.0299216120644708e-07,9.278171795861188e-07,7.062227037293447e-08,-16.187011118231457,-16.088612956404667,-13.890431128324535,-16.46592029781349,2.039505278735172e-07,0.18967570513085866,0.624033069880525,3.3160418681987163
2015-11-09,7.062227037293447e-08,5.1861818089023394e-08,9.323065953281e-07,6.79639534431743e-09,-16.46592029781349,-16.774682999814004,-13.88560411141361,-18.806873461739038,1.7732015898782107e-07,0.17685948107311533,0.5818676927305495,3.3160418681987163
2015-11-16,6.79639534431743e-09,5.16645878093038e-08,9.318755925366521e-07,5.8781535016637306e-08,-18.806873461739038,-16.77849324545372,-13.88606651557339,-16.649438061688976,4.404927077505945e-08,0.08814925617791955,0.29001105282535533,3.3160418681987163
2015-11-23,5.8781535016637306e-08,5.7385189685030125e-08,9.36397248234266e-07,5.022207854477762e-07,-16.649438061688976,-16.673479586338193,-13.88122603999879,-14.50422600229452,1.5858442202721597e-07,0.16725517045999175,0.5502695108133728,3.3160418681987163
2015-11-30,5.022207854477762e-07,1.5960524654541687e-07,9.597877759656295e-07,1.5810185344665827e-06,-14.50422600229452,-15.650562279379427,-13.856553643625844,-13.357441276550386,5.512225014538862e-07,0.3118263126428966,1.02590856859513,3.3160418681987163
2015-12-07,1.5810185344665827e-06,5.372043125688289e-07,9.79507913668105e-07,2.338805798681113e-06,-13.357441276550386,-14.436887344465015,-13.83621552030083,-12.965870101307662,1.049419068261108e-06,0.4302528601197898,1.4155319097941084,3.3160418681987163
2015-12-14,2.338805798681113e-06,1.1202066634030278e-06,9.447894120950336e-07,1.9298515558752604e-06,-12.965870101307662,-13.701997368783596,-13.87230377863004,-13.158067472059786,1.2778389796270288e-06,0.4747744685702969,1.562008001596277,3.3160418681987163
2015-12-21,1.9298515558752604e-06,1.5879741686176837e-06,8.345227962900116e-07,7.040674176961546e-07,-13.158067472059786,-13.353051461885181,-13.996405776913843,-14.16639172160048,1.0892560611465814e-06,0.43834320935342086,1.4421491587727546,3.3160418681987163
2015-12-28,7.040674176961546e-07,1.638435826679778e-06,6.809328387117376e-07,1.211582557899307e-08,-14.16639172160048,-13.321768535470317,-14.199802157228993,-18.22875333980836,5.659879317994194e-07,0.31597511162972564,1.0395581172617974,3.3160418681987163
2016-01-04,1.211582557899307e-08,1.2462101494578807e-06,5.858652894850427e-07,1.3126048288766288e-06,-18.22875333980836,-13.595403492544401,-14.350175955221026,-13.543496976049752,4.900859055032261e-08,0.0929791125633973,0.3059012803335771,3.3160418681987163
2016-01-11,1.3126048288766288e-06,9.896599070067597e-07,6.656699961030427e-07,3.581201619774027e-06,-13.543496976049752,-13.825904481113131,-14.222471790554165,-12.539812165887275,8.299214447808938e-07,0.38262010252906165,1.258820137320613,3.3160418681987163
2016-01-18,3.581201619774027e-06,1.4024974229814514e-06,9.405635578961836e-07,5.420924091811281e-06,-12.539812165887275,-13.477256036997629,-13.876786611651688,-12.125244260401473,1.6312602253837936e-06,0.5364273517986394,1.7648459874175237,3.3160418681987163
2016-01-25,5.420924091811281e-06,2.5817115915102327e-06,1.3547962474575335e-06,6.011163570220639e-06,-12.125244260401473,-12.867057971426163,-13.511859485819492,-12.021892222462371,2.2485977567108214e-06,0.6298036553433053,2.0720540260794746,3.3160418681987163
2016-02-01,6.011163570220639e-06,4.081473527670644e-06,1.8100134022432572e-06,5.2553229961915865e-06,-12.021892222462371,-12.409052476007519,-13.222176308159668,-12.156269090977778,2.5389251685861957e-06,0.6692282120014106,2.201760817484641,3.3160418681987163
2016-02-08,5.2553229961915865e-06,5.067153069499384e-06,2.2088365349985384e-06,3.9099533449900434e-06,-12.156269090977778,-12.192731422828823,-13.023044635812363,-12.4519851162658,2.4511543771913654e-06,0.6575588430981344,2.163368593792862,3.3160418681987163
2016-02-15,3.9099533449900434e-06,5.149341000803388e-06,2.509079377278979e-06,2.364944440519267e-06,-12.4519851162658,-12.17664181248539,-12.895594654062103,-12.954756028677188,2.124832564883005e-06,0.6122258279796452,2.0142229740530326,3.3160418681987163
2016-02-22,2.364944440519267e-06,4.385346087980385e-06,2.686476523856104e-06,9.475951855169356e-07,-12.954756028677188,-12.337242009831455,-12.82728006537663,-13.869338445387081,1.6135045143160686e-06,0.5334999496957376,1.7552148344989766,3.3160418681987163
2016-02-29,9.475951855169356e-07,3.1194539918044586e-06,2.720736093092193e-06,1.0820301019056505e-07,-13.869338445387081,-12.677852574084406,-12.814608091807656,-16.039256650305813,9.511674826080467e-07,0.4096168257433518,1.3476393566956273,3.3160418681987163
2016-03-07,1.0820301019056505e-07,1.8326739953042033e-06,2.607442591224807e-06,1.4238675866976938e-08,-16.039256650305813,-13.209734458004526,-12.857140667102042,-18.067303922155727,2.6367712948630724e-07,0.21566790591412666,0.7095474104574767,3.3160418681987163
2016-03-14,1.4238675866976938e-08,8.587453280234366e-07,2.4286297356237194e-06,7.044270323742197e-08,-18.067303922155727,-13.967793433863154,-12.92818335446534,-16.46846617760073,7.958215520558767e-08,0.1184832991533645,0.3898100542145692,3.3160418681987163
2016-03-21,7.044270323742197e-08,2.851198937029753e-07,2.285598285420809e-06,1.1891787904361108e-08,-16.46846617760073,-15.070356065479078,-12.988882736196034,-18.24741776712256,2.1096334277737916e-07,0.1929091331843303,0.6346710481764467,3.3160418681987163
2016-03-28,1.1891787904361108e-08,5.1194044299831686e-08,2.232354006206056e-06,1.1609813685970087e-07,-18.24741776712256,-16.78764263393582,-13.012453921090612,-15.968829996091392,7.740473578493596e-08,0.1168511676983277,0.38444034172749814,3.3160418681987163
2016-04-04,1.1609813685970087e-07,5.316782596711565e-08,2.240352645535341e-06,6.285692807561839e-07,-15.968829996091392,-16.74981239860323,-13.008877273445728,-14.279819583080009,3.001221872895296e-07,0.23009031669732,0.7569971419341828,3.3160418681987163
2016-04-11,6.285692807561839e-07,2.0675047718941738e-07,2.187734526449153e-06,8.031888527860746e-07,-14.279819583080009,-15.391753194994887,-13.032644012370406,-14.034675966608647,7.757065525086089e-07,0.3699116595384885,1.2170093598816272,3.3160418681987163
2016-04-18,8.031888527860746e-07,3.8993701457658055e-07,1.974041236680849e-06,3.956582230997785e-07,-14.034675966608647,-14.757280611951115,-13.13542772726193,-14.74271507133421,8.537279201152117e-07,0.3880690725996125,1.2767472488527252,3.3160418681987163
2016-04-25,3.956582230997785e-07,4.858786233754349e-07,1.5874823237030411e-06,8.978362457600458e-11,-14.74271507133421,-14.53730699037876,-13.353361240916804,-23.133618511636453,5.24759238751819e-07,0.3042491244290127,1.0009796193714517,3.3160418681987163
2016-05-02,8.978362457600458e-11,4.568765350666537e-07,1.1250920324264209e-06,6.982576797051649e-07,-23.133618511636453,-14.598852646521001,-13.697645719052606,-14.174677633677971,3.2622925924908117e-09,0.023988922721026453,0.07892355575217704,3.3160418681987163
2016-05-09,6.982576797051649e-07,4.74298634803899e-07,7.745485465428499e-07,1.8673368203575528e-06,-14.174677633677971,-14.561428682405834,-14.070985497913972,-13.190997302414443,6.093127889213388e-07,0.3278456587568671,1.0786122173100927,3.3160418681987163
2016-05-16,1.8673368203575528e-06,7.403356266967684e-07,6.174241984941969e-07,2.323190635362414e-06,-13.190997302414443,-14.116162203980494,-14.297709531454334,-12.972569043245885,1.0139844669284859e-06,0.42292654204505176,1.3914283233282203,3.3160418681987163
2016-05-23,2.323190635362414e-06,1.2222187297624275e-06,6.142123673282851e-07,1.7173236882740478e-06,-12.972569043245885,-13.61484271997331,-14.302925093472782,-13.274743474146153,1.1324515072381733e-06,0.4469501603946617,1.470466027698437,3.3160418681987163
2016-05-30,1.7173236882740478e-06,1.6515272059247953e-06,6.734222521557552e-07,5.658354135557761e-07,-13.274743474146153,-13.313810118787858,-14.210893286281053,-14.384962589801194,9.589237648892637e-07,0.41128354225092223,1.3531228540055342,3.3160418681987163
2016-06-06,5.658354135557761e-07,1.618421639387448e-06,7.086247447223099e-07,8.911029067081503e-09,-14.384962589801194,-13.33405918032991,-14.159939724545705,-18.535976106388535,5.024552050239962e-07,0.2977131138633851,0.979476144610537,3.3160418681987163
2016-06-13,8.911029067081503e-09,1.1538151915648302e-06,7.082149257377026e-07,2.7611442808501725e-07,-18.535976106388535,-13.672436548660786,-14.160518221893826,-15.102450462638886,4.303699683274386e-08,0.0871305126881279,0.28665938674394076,3.3160418681987163
2016-06-20,2.7611442808501725e-07,6.420461397454809e-07,7.240358276490561e-07,1.2253916731188897e-06,-15.102450462638886,-14.258605667076454,-14.138424960081956,-13.61225003191306,3.4092795721695084e-07,0.245233952896148,0.8068197050283269,3.3160418681987163
2016-06-27,1.2253916731188897e-06,5.190631359566915e-07,8.173819726655583e-07,2.7050054533437854e-06,-13.61225003191306,-14.471240311937011,-14.017159320542484,-12.82040662964428,8.608178688986044e-07,0.3896771382487223,1.2820377848382964,3.3160418681987163
2016-07-04,2.7050054533437854e-06,1.0538556459036936e-06,1.0165286893181802e-06,3.7160612370416132e-06,-12.82040662964428,-13.763055075570396,-13.799116980647977,-12.50284625785847,1.4236535624315577e-06,0.5011312087796237,1.648721676884962,3.3160418681987163
2016-07-11,3.7160612370416132e-06,1.9806431978973264e-06,1.2540280705709054e-06,2.887335264594276e-06,-12.50284625785847,-13.132088918586438,-13.589149731178798,-12.755176534966607,1.776811595779912e-06,0.55984780565398,1.8418992806015941,3.3160418681987163
2016-07-18,2.887335264594276e-06,2.633448407024641e-06,1.4143470253253826e-06,8.842012035351618e-07,-12.755176534966607,-12.847216389244059,-13.468842599578512,-13.938581194398033,1.5623491518958264e-06,0.5249746569068109,1.7271666212234078,3.3160418681987163
2016-07-25,8.842012035351618e-07,2.5481507896287095e-06,1.451927254589643e-06,1.231843249924521e-07,-13.938581194398033,-12.880142642402296,-13.442618742961598,-15.909584026145819,7.7901596767298e-07,0.3706999011296249,1.219602674716466,3.3160418681987163
2016-08-01,1.231843249924521e-07,1.9026955075408762e-06,1.461396065464095e-06,3.841312260241445e-06,-15.909584026145819,-13.172238988999771,-13.43611836989886,-12.469696515304676,2.441302406903578e-07,0.20752005796495704,0.6827409907047086,3.3160418681987163
2016-08-08,3.841312260241445e-06,1.9340082633408342e-06,1.7031694947361165e-06,9.191985804514584e-06,-12.469696515304676,-13.155915888273823,-13.283019634086417,-11.597178561749454,1.9663929012958177e-06,0.5889581545310177,1.9376723284070483,3.3160418681987163
2016-08-15,9.191985804514584e-06,3.510170898320911e-06,2.2666040319789646e-06,1.1259197622533176e-05,-11.597178561749454,-12.559845832691453,-12.997227867782577,-11.394325196891852,3.487612759408384e-06,0.784356354445885,2.5805324061269617,3.3160418681987163
2016-08-22,1.1259197622533176e-05,6.103920003070415e-06,2.953989184838254e-06,8.636215757313327e-06,-11.394325196891852,-12.006579369724877,-12.732354035053984,-11.659546062146106,4.136557353553096e-06,0.8542181906086794,2.8103778471025556,3.3160418681987163
2016-08-29,8.636215757313327e-06,8.232177861150633e-06,3.4862116516874297e-06,3.3518376387579816e-06,-11.659546062146106,-11.707459953598072,-12.566694897939739,-12.60600181364226,3.6510755495357566e-06,0.8025270879777875,2.640314119446921,3.3160418681987163
2016-09-05,3.3518376387579816e-06,8.109809205779768e-06,3.7005195151645223e-06,5.006433250006488e-07,-12.60600181364226,-11.722436215911497,-12.507037338666661,-14.507371915547717,2.1132962246566793e-06,0.6105615890550585,2.0087476279911427,3.3160418681987163
2016-09-12,5.006433250006488e-07,5.936973585901284e-06,3.7383450763901814e-06,1.4864356195528766e-08,-14.507371915547717,-12.034311051750601,-12.496867537410528,-18.02429969152314,6.914434933307842e-07,0.3492429415515084,1.1490092777044627,3.3160418681987163
2016-09-19,1.4864356195528766e-08,3.125890269316872e-06,3.718248917014067e-06,7.669191818056634e-09,-18.02429969152314,-12.675791429166873,-12.502257721736015,-18.68605459634236,8.720114442765924e-08,0.12402532756271636,0.40804332768133683,3.3160418681987163
2016-09-26,7.669191818056634e-09,9.687536279430545e-07,3.624577956914003e-06,3.594424507533703e-07,-18.68605459634236,-13.847255511312392,-12.527772702114527,-14.838711753953326,6.094833086243799e-08,0.10368840612206393,0.34113485614159034,3.3160418681987163
2016-10-03,3.594424507533703e-07,2.2065483094190154e-07,3.444150033637817e-06,1.6234053226940273e-06,-14.838711753953326,-15.326666207330934,-12.578833408573617,-13.330984563892404,6.256022866779024e-07,0.3321991020005653,1.0929350455818598,3.3160418681987163
2016-10-10,1.6234053226940273e-06,5.013453303652462e-07,3.2831765017649253e-06,2.0630356506779143e-06,-13.330984563892404,-14.505970691141233,-12.626699158549137,-13.091332043036633,1.4706538783493818e-06,0.5093361798859678,1.675716031824834,3.3160418681987163
2016-10-17,2.0630356506779143e-06,1.0133881539858426e-06,3.2197688391559746e-06,1.0401229439968848e-06,-13.091332043036633,-13.802211233349436,-12.646200990066912,-13.77617163641626,1.6450362228811631e-06,0.538687655062038,1.772282385154105,3.3160418681987163
2016-10-24,1.0401229439968848e-06,1.2715015920305498e-06,3.231762819191492e-06,7.53290829084118e-10,-13.77617163641626,-13.575311999996503,-12.642482805149394,-21.006569735491837,1.0866986578961871e-06,0.43782832623402457,1.4404551933099408,3.3160418681987163
2016-10-31,7.53290829084118e-10,1.181829302049478e-06,3.2223450473327714e-06,1.8747649210305492e-06,-21.006569735491837,-13.648447063918894,-12.64540118790274,-13.187027281852432,1.4750959410551221e-08,0.05101048166819478,0.16782448468836084,3.3160418681987163
2016-11-07,1.8747649210305492e-06,1.2446692016336085e-06,3.0710721750857795e-06,4.461424772807128e-06,-13.187027281852432,-13.59664076485161,-12.693483814637254,-12.320042387161084,1.5233953205071024e-06,0.5183887870483436,1.7054991093890504,3.3160418681987163
2016-11-14,4.461424772807128e-06,1.844266482165912e-06,2.7071828649544365e-06,3.2198895473102162e-06,-12.320042387161084,-13.203428930165726,-12.819601996989217,-12.64616350107386,2.4333273151075687e-06,0.6551632913899977,2.1554872286730924,3.3160418681987163
2016-11-21,3.2198895473102162e-06,2.389208132994245e-06,2.0887745514757474e-06,1.6573714131680325e-07,-12.64616350107386,-12.944548572028156,-13.078933002958312,-15.612862789672313,1.8542226346894189e-06,0.5719133437499194,1.881594900937235,3.3160418681987163
2016-11-28,1.6573714131680325e-07,2.430454095616175e-06,1.4371992733221688e-06,3.913523979769617e-06,-15.612862789672313,-12.927432447446018,-13.452814287327708,-12.451072316271814,2.8743404434487484e-07,0.2251740780428243,0.740822716760892,3.3160418681987163
2016-12-05,3.913523979769617e-06,2.940143860300942e-06,1.4804059149384485e-06,1.691618217023044e-05,-12.451072316271814,-12.737052045735668,-13.423194240942225,-10.987239869304048,1.8873679733360047e-06,0.5770023487789899,1.8983377274828768,3.3160418681987163
2016-12-12,1.691618217023044e-05,6.05383320965677e-06,2.743139672263817e-06,2.464407451408096e-05,-10.987239869304048,-12.014818898180875,-12.806407427777705,-10.61097407119694,5.1696012284656405e-06,0.9549437976663019,3.141765094322133,3.3160418681987163
2016-12-19,2.464407451408096e-05,1.1409879451349456e-05,4.637694299793465e-06,2.040828298936087e-05,-10.61097407119694,-11.381030959321434,-12.28129323337881,-10.799569710631289,7.2600924758470195e-06,1.1316714685541092,3.7231991315430193,3.3160418681987163
2016-12-26,2.040828298936087e-05,1.6470515913360474e-05,6.206972284219835e-06,7.828233947525442e-06,-10.799569710631289,-11.013938689835424,-11.989837335788444,-11.757773622887568,6.916351214705254e-06,1.1045561797726753,3.6339898314521015,3.3160418681987163
2017-01-02,7.828233947525442e-06,1.7449193405299427e-05,6.781494707048457e-06,2.281091426635908e-07,-11.757773622887568,-10.956217133576173,-11.901313022042588,-15.293441626637357,3.995324379598826e-06,0.8395089163083576,2.7619843346544966,3.3160418681987163
2017-01-09,2.281091426635908e-07,1.3277175148407717e-05,6.6741642316615e-06,5.284208734167752e-07,-15.293441626637357,-11.229464151271307,-11.91726657025708,-14.45337276201871,4.903428041703838e-07,0.29410282327046045,0.9675982885598149,3.3160418681987163
2017-01-16,5.284208734167752e-07,7.24826173824167e-06,6.556116941102951e-06,2.971194043731018e-07,-14.45337276201871,-11.834748878087302,-11.935112059977747,-15.02913174401183,8.221989010901222e-07,0.380835773204537,1.2529496938429268,3.3160418681987163
2017-01-23,2.971194043731018e-07,2.220470841994728e-06,6.498962822670352e-06,1.0514234799114152e-06,-15.02913174401183,-13.017791293579585,-11.943867959537673,-13.765365616766083,6.077673940250301e-07,0.3274296387103881,1.0772435113571768,3.3160418681987163
2017-01-30,1.0514234799114152e-06,5.262682250912216e-07,6.579783606445916e-06,1.4389048519412433e-05,-13.765365616766083,-14.457454820547172,-11.931508699726194,-11.149043160209219,1.3621008861908694e-06,0.4901781271375431,1.6126860382825168,3.3160418681987163
2017-02-06,1.4389048519412433e-05,4.066503069278432e-06,7.542420806321445e-06,3.482883790656581e-05,-11.149043160209219,-12.412727124568335,-11.79496736562739,-10.265064838869773,6.220442257693393e-06,1.0475142071862866,3.446321741642883,3.3160418681987163
2017-02-13,3.482883790656581e-05,1.2641607327565693e-05,9.878375662764423e-06,3.983918011319345e-05,-10.265064838869773,-11.278517015339007,-11.525162466323536,-10.130659704947753,1.0848823006722338e-05,1.3833771641840198,4.551310870165425,3.3160418681987163
2017-02-20,3.983918011319345e-05,2.2527122504770782e-05,1.2695244167832362e-05,2.547862952661703e-05,-10.130659704947753,-10.700790530062482,-11.27428310960682,-10.577670514946362,1.2297632832075108e-05,1.4728551970842378,4.845693598407142,3.3160418681987163
2017-02-27,2.547862952661703e-05,2.8633924016447184e-05,1.464238973593238e-05,5.363992823222356e-06,-10.577670514946362,-10.460918388642595,-11.131589829423504,-12.135801930498317,9.703529470228606e-06,1.3083205259218118,4.304374530282761,3.3160418681987163
2017-03-06,5.363992823222356e-06,2.6377660092399664e-05,1.4753964262351821e-05,4.104768616178333e-08,-12.135801930498317,-10.542993114669853,-11.123998747739622,-17.008531368975632,3.85935235021769e-06,0.8250998452177775,2.714578490766488,3.3160418681987163
2017-03-13,4.104768616178333e-08,1.7680712537298658e-05,1.345587699434654e-05,2.4995253993024804e-06,-17.008531368975632,-10.943036199683467,-11.216094596099294,-12.899409684391074,2.1050680371318482e-07,0.1927002858716245,0.6339839405176446,3.3160418681987163
2017-03-20,2.4995253993024804e-06,8.345798858825914e-06,1.175245013936358e-05,3.2973915529975166e-06,-12.899409684391074,-11.693752276393752,-11.351448816612873,-12.622378840538659,2.4052877579565476e-06,0.6513775867371665,2.1430322603652776,3.3160418681987163
2017-03-27,3.2973915529975166e-06,2.800489365421036e-06,1.0436227721181785e-05,8.203935586368572e-07,-12.622378840538659,-12.785716382689545,-11.470227370193692,-14.01348166226992,2.859058706968634e-06,0.7101675548131349,2.3364512553352137,3.3160418681987163
2017-04-03,8.203935586368572e-07,1.664589549274661e-06,9.897163075882662e-06,6.477954846937947e-07,-14.01348166226992,-13.305931981874322,-11.523262399880966,-14.249690800449907,1.2556613989841128e-06,0.4706364528814119,1.5483939299798453,3.3160418681987163
2017-04-10,6.477954846937947e-07,1.816276498907664e-06,9.929446640654216e-06,7.260518210203261e-06,-14.249690800449907,-13.218722032267365,-11.52000580747664,-11.83305935285904,1.0885584350354063e-06,0.4382028159884937,1.4416872646021444,3.3160418681987163
2017-04-17,7.260518210203261e-06,3.006524701632859e-06,1.0447300281945483e-05,2.1993826711954178e-05,-11.83305935285904,-12.714725730424417,-11.469166959155901,-10.72474874798471,4.562129917781189e-06,0.897084008048634,2.9514063864800058,3.3160418681987163
2017-04-24,2.1993826711954178e-05,7.680633491372025e-06,1.2116277767144027e-05,4.593660394790276e-05,-10.72474874798471,-11.776808528350733,-11.32096073941466,-9.988248287077456,8.867959208783549e-06,1.2507229926843983,4.114878645931671,3.3160418681987163
2017-05-01,4.593660394790276e-05,1.89596860886885e-05,1.5568983956989516e-05,7.552904644029356e-05,-9.988248287077456,-10.87319561777823,-11.070229830703056,-9.490993254631977,1.421364146633774e-05,1.5834413012997914,5.209521881276314,3.3160418681987163
2017-05-08,7.552904644029356e-05,3.7679998827588445e-05,2.0272060720134218e-05,8.873102243257664e-05,-9.490993254631977,-10.186381139371068,-10.806266939118952,-9.329900984219632,1.9984105844379404e-05,1.8775506040979368,6.177141487482213,3.3160418681987163
2017-05-15,8.873102243257664e-05,5.804762488318179e-05,2.4418382606750436e-05,7.660706784706107e-05,-9.329900984219632,-9.754246765675818,-10.620174323794974,-9.476821215930423,2.2744254292919856e-05,2.0030193352214707,6.589933612878639,3.3160418681987163
2017-05-22,7.660706784706107e-05,7.17009351669585e-05,2.724668166320179e-05,4.540992477871691e-05,-9.476821215930423,-9.543006767668881,-10.510578818097512,-9.999779869347377,2.1289617982918015e-05,1.937908308508619,6.375718334993357,3.3160418681987163
2017-05-29,4.540992477871691e-05,7.156926537466204e-05,2.8779858221055627e-05,1.2263220023255584e-05,-9.999779869347377,-9.544844830697606,-10.455834782818242,-11.308906017303787,1.5825460749473617e-05,1.6708115621479118,5.49697003946663,3.3160418681987163
2017-06-05,1.2263220023255584e-05,5.5752808770402555e-05,2.931056800567357e-05,2.6662423548019213e-07,-11.308906017303787,-9.794582767361268,-10.43756242418416,-15.137425527556317,7.3641936096960685e-06,1.1397560057970242,3.7497972590722095,3.3160418681987163
2017-06-12,2.6662423548019213e-07,3.363670922112844e-05,2.9327920047928833e-05,1.0604271415681195e-06,-15.137425527556317,-10.299892551035496,-10.436970593005091,-13.756838767264874,7.690230800163968e-07,0.3683146363028388,1.2117551534363395,3.3160418681987163
2017-06-19,1.0604271415681195e-06,1.4750049044755203e-05,2.9217220181949264e-05,1.2409317475069985e-06,-13.756838767264874,-11.124264150115824,-10.440752290255233,-13.599648051234105,1.799329797362556e-06,0.5633842172574192,1.8535340747769091,3.3160418681987163
2017-06-26,1.2409317475069985e-06,3.707800786952727e-06,2.9059030966142303e-05,6.682487306484815e-08,-13.599648051234105,-12.505071636905445,-10.446181246347077,-16.52119047443916,2.073572115602986e-06,0.6047959335117645,1.9897786212537054,3.3160418681987163
2017-07-03,6.682487306484815e-08,6.58701999405043e-07,2.9001064144175224e-05,5.3115096642408185e-06,-16.52119047443916,-14.232994605924011,-10.4481780340243,-12.145634457234292,3.8789214053150263e-07,0.26158014754517794,0.8605986854236355,3.3160418681987163
2017-07-10,5.3115096642408185e-06,1.9199233565951995e-06,2.9359811388755766e-05,1.3210593459161356e-05,-12.145634457234292,-13.163225291161346,-10.435883778327295,-11.234491515445848,5.0567702926150855e-06,0.9444650759119159,3.107290099750203,3.3160418681987163
2017-07-17,1.3210593459161356e-05,4.957464935993509e-06,2.9817509484829467e-05,1.6879631514523403e-05,-11.234491515445848,-12.214616049498602,-10.42041477039757,-10.989402898743064,8.437324885441706e-06,1.2199770939619796,4.013724639134913,3.3160418681987163
2017-07-24,1.6879631514523403e-05,8.86713987774761e-06,2.9424109854257864e-05,1.3963042489996256e-05,-10.989402898743064,-11.633158262598057,-10.433696156617643,-11.179096540966789,9.525812949414245e-06,1.2962844611722664,4.264775877256756,3.3160418681987163
2017-07-31,1.3963042489996256e-05,1.2341194281980461e-05,2.6964605126726594e-05,6.9639614802474986e-06,-11.179096540966789,-11.302567762810202,-10.520985473201216,-11.874762067341937,8.216936245777319e-06,1.2039383513100324,3.9609571758100066,3.3160418681987163
2017-08-07,6.9639614802474986e-06,1.275430723598213e-05,2.169036782210767e-05,2.1869288257171473e-06,-11.874762067341937,-11.269641520979016,-10.738642275126924,-13.033012361052924,5.122801890809885e-06,0.9506115155724044,3.1275118862332105,3.3160418681987163
2017-08-14,2.1869288257171473e-06,9.998391077621079e-06,1.5033129852349244e-05,2.528576943688024e-07,-13.033012361052924,-11.513086370152665,-11.105254135535803,-15.19043897931667,2.3552704307815355e-06,0.6445693942391796,2.120633307046901,3.3160418681987163
2017-08-21,2.528576943688024e-07,5.8416976225824296e-06,9.159729071372918e-06,8.563950005542729e-08,-15.19043897931667,-12.05048911456758,-11.60069395707669,-16.273119210988032,5.837867853643333e-07,0.3209049531220551,1.0557772957715612,3.3160418681987163
2017-08-28,8.563950005542729e-08,2.372346875097222e-06,5.673245588398958e-06,8.216292676434448e-07,-16.273119210988032,-12.951630850127009,-12.079749189811407,-14.01197655622622,2.790743822699952e-07,0.2218754628894938,0.7299702729064347,3.3160418681987163
2017-09-04,8.216292676434448e-07,8.367638219462088e-07,4.793123222582639e-06,1.4861311941983558e-06,-14.01197655622622,-13.993723978382253,-12.248328329253772,-13.419334328756635,1.063938555689281e-06,0.4332190683979517,1.4252907350292612,3.3160418681987163
2017-09-11,1.4861311941983558e-06,6.61564414066511e-07,4.886931450176345e-06,1.1761133912353242e-06,-13.419334328756635,-14.228658482370191,-12.228945966748986,-13.653295292017583,1.534390334736999e-06,0.5202561436904005,1.7116427127414178,3.3160418681987163
2017-09-18,1.1761133912353242e-06,8.923783382831414e-07,4.895830392458436e-06,2.420956742095171e-07,-13.653295292017583,-13.92937564823358,-12.227126655417527,-15.233932840945933,1.3213290346987895e-06,0.4827861242008375,1.5883663486207553,3.3160418681987163
2017-09-25,2.420956742095171e-07,9.314923818216639e-07,4.818996848358631e-06,3.121722717294392e-07,-15.233932840945933,-13.886477825336854,-12.242944774309482,-14.979710648538324,5.130278320784431e-07,0.3008290371267996,0.9897275321471707,3.3160418681987163
2017-10-02,3.121722717294392e-07,8.041281328431624e-07,4.837869725178984e-06,3.160471739407698e-06,-14.979710648538324,-14.033507211257454,-12.239036073551352,-12.664789256884605,6.005837488915313e-07,0.32548882208835705,1.0708582246706948,3.3160418681987163
2017-10-09,3.160471739407698e-06,1.222713269145498e-06,4.67240526942259e-06,5.790894794303711e-06,-12.664789256884605,-13.614438177523839,-12.273836571889076,-12.059223736989132,2.323399314830225e-06,0.6401934388417705,2.106236413789425,3.3160418681987163
2017-10-16,5.790894794303711e-06,2.376408619912595e-06,4.101659218279694e-06,5.4059740021353685e-06,-12.059223736989132,-12.94992019317272,-12.404118978732575,-12.128005919197541,3.1422783585287968e-06,0.7445118551403193,2.4494440034116503,3.3160418681987163
2017-10-23,5.4059740021353685e-06,3.6673782018940575e-06,3.21907017886523e-06,2.371749238740569e-06,-12.128005919197541,-12.516033537598245,-12.646418004435972,-12.951882799642984,2.7855211874681235e-06,0.7009749906161966,2.3062077191272867,3.3160418681987163
2017-10-30,2.371749238740569e-06,4.18227244364684e-06,2.3274322364609464e-06,2.0580343837788992e-08,-12.951882799642984,-12.384655812344533,-12.970744942521511,-17.698929399304514,1.5588694608390543e-06,0.5243897147084496,1.7252421613907993,3.3160418681987163
2017-11-06,2.0580343837788992e-08,3.397299594754363e-06,1.793325995198661e-06,1.0163839595435354e-06,-17.698929399304514,-12.59252967875229,-13.231438564363721,-13.799259367262541,8.703605786306201e-08,0.12390787144908968,0.4076568970675051,3.3160418681987163
2017-11-13,1.0163839595435354e-06,2.2036718860643187e-06,1.7032840824160756e-06,2.0497964544964823e-06,-13.799259367262541,-13.025385549777779,-13.282952357267634,-13.097770060233104,8.873985551769028e-07,0.39564770330839233,1.3016809438846109,3.3160418681987163
2017-11-20,2.0497964544964823e-06,1.3646274991545974e-06,1.8415101408874354e-06,1.2544662881670232e-06,-13.097770060233104,-13.504629060962039,-13.204924594213876,-13.588800344225586,1.3989681701770318e-06,0.4967675363982921,1.634365194750381,3.3160418681987163
2017-11-27,1.2544662881670232e-06,1.085306761511211e-06,1.931419893819097e-06,7.739839625110092e-09,-13.588800344225586,-13.733647881428885,-13.157255129260005,-18.676884869829458,1.0665748624188414e-06,0.4337554676666147,1.4270554886231623,3.3160418681987163
2017-12-04,7.739839625110092e-09,1.0820966354580413e-06,1.8688130147407633e-06,1.1113178806114006e-06,-18.676884869829458,-13.736610069644467,-13.190207080113314,-13.709963967069259,5.12466187044524e-08,0.09507840732503571,0.3128079600993675,3.3160418681987163
2017-12-11,1.1113178806114006e-06,1.1058301157250074e-06,1.8399812213879205e-06,2.4577614380814317e-06,-13.709963967069259,-13.71491426908081,-13.205755192162894,-12.916259606827008,9.791153429255485e-07,0.4155910808620257,1.3672946560360646,3.3160418681987163
2017-12-18,2.4577614380814317e-06,1.2078213616212449e-06,1.938569532683775e-06,1.9883083322556276e-06,-12.916259606827008,-13.626692348839507,-13.153560211155128,-13.12822636504808,1.586729959447245e-06,0.5290549733690195,1.7405908623840742,3.3160418681987163
2017-12-25,1.9883083322556276e-06,1.3912818726433959e-06,2.0728935833027065e-06,3.422434902885167e-07,-13.12822636504808,-13.485285025261735,-13.086565060462787,-14.887743393299088,1.4164569592543269e-06,0.4998629888404055,1.644549233284934,3.3160418681987163
2018-01-01,3.422434902885167e-07,1.4749077853092475e-06,2.0752067539610972e-06,5.164562789515985e-07,-14.887743393299088,-13.426915088561259,-13.085449768782214,-14.476275200659652,4.963814164436562e-07,0.2959082321610214,0.9735380838097605,3.3160418681987163
2018-01-08,5.164562789515985e-07,1.3261923848942972e-06,1.871820949310628e-06,3.0838064638570545e-06,-14.476275200659652,-13.53319859007737,-13.18859883121909,-12.689345859142527,6.193921283773347e-07,0.3305461714280803,1.0874969039983842,3.3160418681987163
2018-01-15,3.0838064638570545e-06,1.4827036413382027e-06,1.663583385430116e-06,5.487994710745582e-06,-12.689345859142527,-13.421643352042123,-13.306536616245754,-12.11294763132658,1.7313487167677146e-06,0.5526390446193834,1.8181824567977714,3.3160418681987163
2018-01-22,5.487994710745582e-06,2.3576252359606915e-06,1.6698926707078248e-06,6.133918926668816e-06,-12.11294763132658,-12.957855701491017,-13.302751202638184,-12.001676709400837,2.401485652626742e-06,0.6508625577826377,2.141337815104878,3.3160418681987163
2018-01-29,6.133918926668816e-06,3.805544095055766e-06,1.9592903390099973e-06,4.699783860370816e-06,-12.001676709400837,-12.479051582114987,-13.142928222219393,-12.267994037460848,2.6305882396538528e-06,0.6812017068937362,2.241153615680392,3.3160418681987163
2018-02-05,4.699783860370816e-06,4.851375990410571e-06,2.3192290710509993e-06,2.6982097338923093e-06,-12.267994037460848,-12.236248183889769,-12.9742757244697,-12.822922066397869,2.3268915991037038e-06,0.6406743931841613,2.1078187535758905,3.3160418681987163
2018-02-12,2.6982097338923093e-06,4.7549768079193844e-06,2.448600284462444e-06,1.1907156359514382e-06,-12.822922066397869,-12.256318739387988,-12.919994009133099,-13.64095605684506,1.6979983013558315e-06,0.5472905081939287,1.8005857719580254,3.3160418681987163
2018-02-19,1.1907156359514382e-06,3.6806570392208485e-06,2.3825171445743633e-06,2.7057387117559277e-07,-13.64095605684506,-12.512419278453851,-12.94735300540014,-15.12272068472034,1.0458208208539396e-06,0.429514601380017,1.413103038540256,3.3160418681987163
2018-02-26,2.7057387117559277e-07,2.2148207753475427e-06,2.3068331124980998e-06,4.3905186718916325e-09,-15.12272068472034,-13.020339071805209,-12.97963492100867,-19.243818468343637,4.37390235127725e-07,0.2777690362090971,0.9138601291279295,3.3160418681987163
2018-03-05,4.3905186718916325e-09,1.0409724399228116e-06,2.3065754724247748e-06,3.7363295844637294e-07,-19.243818468343637,-13.775355243299757,-12.979746612860302,-14.799991915943208,3.871856814705806e-08,0.08264354434038415,0.2718972608798639,3.3160418681987163
2018-03-12,3.7363295844637294e-07,4.598282460613275e-07,2.2498304784120805e-06,1.1397865042813973e-06,-14.799991915943208,-14.592412795313788,-13.004655687514331,-13.68466959004253,5.571803119527971e-07,0.3135069489317157,1.0314378619853446,3.3160418681987163
2018-03-19,1.1397865042813973e-06,4.470959631438173e-07,2.1484477911966936e-06,2.0548139392053136e-06,-13.68466959004253,-14.620492582725504,-13.050764934144514,-13.095325254647811,1.0698254405296343e-06,0.4344159385996645,1.4292284379928961,3.3160418681987163
2018-03-26,2.0548139392053136e-06,8.931559801512475e-07,2.1535636071159e-06,2.919808588486839e-06,-13.095325254647811,-13.928504601500684,-13.048386596266246,-12.743992495720772,1.482583829878891e-06,0.5113978760130281,1.6824990120828625,3.3160418681987163
2018-04-02,2.919808588486839e-06,1.6220104976049846e-06,2.351837845438848e-06,3.557370516156903e-06,-12.743992495720772,-13.331844130279059,-12.960313473570386,-12.546488905070834,1.8304025512383889e-06,0.568227956051488,1.8694699754093955,3.3160418681987163
2018-04-09,3.557370516156903e-06,2.4179448870326168e-06,2.5857543252238713e-06,3.7874430742987097e-06,-12.546488905070834,-12.932592598821914,-12.865493283974487,-12.483819417129865,2.0806236385615625e-06,0.6058234147358945,1.993159034481093,3.3160418681987163
2018-04-16,3.7874430742987097e-06,3.0798590295369446e-06,2.639880218334768e-06,3.558798179052322e-06,-12.483819417129865,-12.690626731657115,-12.844777013678273,-12.546087660250562,2.1526417743174075e-06,0.6162191241673619,2.0273609185106207,3.3160418681987163
2018-04-23,3.558798179052322e-06,3.4558550894986973e-06,2.491480485127594e-06,2.9173904327938624e-06,-12.546087660250562,-12.575440638023462,-12.90263345183536,-12.744821028660112,2.0344563454343425e-06,0.599064353249814,1.970921722191888,3.3160418681987163
2018-04-30,2.9173904327938624e-06,3.4552505505754528e-06,2.244055216367982e-06,2.0441196326726603e-06,-12.744821028660112,-12.575615585117681,-13.007225964381961,-13.10054335863073,1.7583918339607735e-06,0.5569383444427941,1.8323271532167926,3.3160418681987163
2018-05-07,2.0441196326726603e-06,3.076937829704392e-06,2.039773352698893e-06,1.3539569789964615e-06,-13.10054335863073,-12.691575666669442,-13.102671857898581,-13.512479157245988,1.393423983325232e-06,0.4957822008287217,1.6311234407264945,3.3160418681987163
2018-05-14,1.3539569789964615e-06,2.46856630587883e-06,1.9363692946299816e-06,9.059927389116808e-07,-13.512479157245988,-12.911873018810656,-13.154695835942155,-13.914234545381817,1.0842714703029998e-06,0.43733909882544136,1.4388456351357022,3.3160418681987163
2018-05-21,9.059927389116808e-07,1.80536494584367e-06,1.914467533319231e-06,6.306444982776533e-07,-13.914234545381817,-13.224747800553303,-13.16607102448091,-14.276523527343036,8.608588204185984e-07,0.3896864071556009,1.282068279541927,3.3160418681987163
2018-05-28,6.306444982776533e-07,1.2336784622146176e-06,1.9421652738655435e-06,4.761564107665777e-07,-14.276523527343036,-13.605510231900432,-13.151707086739256,-14.557519442642759,7.062133668561941e-07,0.3529533084041466,1.1612163846496424,3.3160418681987163
2018-06-04,4.761564107665777e-07,8.416876567380969e-07,1.9784549578728274e-06,4.024785697030018e-07,-14.557519442642759,-13.987856845517296,-13.133194342175969,-14.725623984479158,6.087567424682223e-07,0.3276960319738315,1.0781199451939056,3.3160418681987163
2018-06-11,4.024785697030018e-07,6.03818054414732e-07,1.980673851046414e-06,3.8581964369298335e-07,-14.725623984479158,-14.319992918804491,-13.132073442345224,-14.767895820992917,5.576213683538215e-07,0.31363100831648344,1.0318460173612305,3.3160418681987163
2018-06-18,3.8581964369298335e-07,4.737747806100576e-07,1.9226764002319203e-06,4.2220365315589183e-07,-14.767895820992917,-14.562533774561436,-13.161792384128612,-14.6777780489029,5.442623653330491e-07,0.30985138573959914,1.0194110590832812,3.3160418681987163
2018-06-25,4.2220365315589183e-07,4.2166456932961724e-07,1.7970909936127345e-06,5.185135879898477e-07,-14.6777780489029,-14.679055698387126,-13.229341315043754,-14.472299603275276,5.664649650258336e-07,0.31610824068751675,1.03999611186193,3.3160418681987163
2018-07-02,5.185135879898477e-07,4.322538636354348e-07,1.6123759935745042e-06,6.018244929500303e-07,-14.472299603275276,-14.654252773995116,-13.337801694443296,-14.32329997409374,6.214999336539976e-07,0.3311081217617067,1.0893457205960149,3.3160418681987163
2018-07-09,6.018244929500303e-07,4.820903444471919e-07,1.385026299481668e-06,4.483818373943764e-07,-14.32329997409374,-14.545134303847426,-13.489791429709829,-14.617620651933676,6.498410149511728e-07,0.33857341159250365,1.113906524139337,3.3160418681987163
2018-07-16,4.483818373943764e-07,4.977308928725401e-07,1.1281754351044114e-06,1.4304171057495204e-07,-14.617620651933676,-14.51320628173531,-13.694908889406733,-15.760129566875205,5.161217772438775e-07,0.30173478670153364,0.9927074482480457,3.3160418681987163
2018-07-23,1.4304171057495204e-07,4.279404072273052e-07,8.654249375292292e-07,9.63914639630908e-09,-15.760129566875205,-14.664281886508991,-13.96004519338265,-18.45743328034529,2.45210058017753e-07,0.2079784946438733,0.6842492473783431,3.3160418681987163
2018-07-30,9.63914639630908e-09,3.0072179682892054e-07,6.417517616524942e-07,5.33937624850333e-07,-18.45743328034529,-15.01708026261882,-14.259064272122973,-14.442986812205111,4.612010409965169e-08,0.09019748534842065,0.29674972679630396,3.3160418681987163
2018-08-06,5.33937624850333e-07,2.837500798039962e-07,5.255839148969307e-07,1.5218611748788388e-06,-14.442986812205111,-15.075171986903275,-14.458755973560644,-13.395576514985244,4.776520977065852e-07,0.29027199319852,0.9549948576231307,3.3160418681987163
2018-08-13,1.5218611748788388e-06,5.521199141751118e-07,5.384996222724982e-07,2.0861722288229582e-06,-13.395576514985244,-14.409500578437124,-14.434479041794043,-13.08017964064102,8.75164211181943e-07,0.3929108892007127,1.292676825470345,3.3160418681987163
2018-08-20,2.0861722288229582e-06,1.0379025437371133e-06,6.292826599579811e-07,1.8491466332809389e-06,-13.08017964064102,-13.77830866612827,-14.278685301285478,-13.20078630460367,1.0753610418134861e-06,0.43553838840669257,1.4329212978580186,3.3160418681987163
2018-08-27,1.8491466332809389e-06,1.4977794154582707e-06,7.230135934197721e-07,9.610738895058515e-07,-13.20078630460367,-13.411526936410073,-14.139837813553918,-13.855214542788415,1.024629818311576e-06,0.425140800147624,1.398713232485683,3.3160418681987163
2018-09-03,9.610738895058515e-07,1.6045634816221504e-06,7.603149379381778e-07,2.2204587040042017e-07,-13.855214542788415,-13.342658812441146,-14.089533097478778,-15.320381852992496,7.017334697114332e-07,0.35183203955452497,1.157527410134387,3.3160418681987163
2018-09-10,2.2204587040042017e-07,1.2796096555025459e-06,7.46435499530287e-07,1.5927736510837984e-08,-15.320381852992496,-13.568955483180115,-14.107956627544416,-17.955203812835283,2.944772198799939e-07,0.22791617228014105,0.7498442068016641,3.3160418681987163
2018-09-17,1.5927736510837984e-08,7.620485324245157e-07,7.179822759008912e-07,5.788514521515076e-10,-17.955203812835283,-14.08725559244212,-14.146820953577679,-21.269975230596348,6.193826504739785e-08,0.10452707761322412,0.34389408534750737,3.3160418681987163
2018-09-24,5.788514521515076e-10,2.9990658696731887e-07,6.855495988467574e-07,4.267281172228974e-10,-21.269975230596348,-15.019794787553627,-14.193044986299258,-21.574874033312398,8.80706532009024e-09,0.03941530568781522,0.12967635571291208,3.3160418681987163
2018-10-01,4.267281172228974e-10,5.974479662016173e-08,6.4569676347194e-07,3.4903371076518634e-08,-21.574874033312398,-16.63318373578202,-14.252935849759664,-17.17068241995239,7.66388738875042e-09,0.036768325164135154,0.12096778979000467,3.3160418681987163
2018-10-08,3.4903371076518634e-08,1.2959171789186356e-08,6.020874464047468e-07,3.250252852726325e-08,-17.17068241995239,-18.161462053219676,-14.322863142378225,-17.241947949798178,1.0920930258188815e-07,0.138796689353331,0.456641107972459,3.3160418681987163
2018-10-15,3.250252852726325e-08,1.7102869793292673e-08,5.700967303380458e-07,5.2761184732953e-09,-17.241947949798178,-17.884019563349536,-14.377459788168181,-19.06007514720788,1.0215156864065908e-07,0.13423686791717193,0.44163929544749564,3.3160418681987163
2018-10-22,5.2761184732953e-09,1.827718654857862e-08,5.594993770994569e-07,3.271008968724153e-07,-19.06007514720788,-17.817612191486653,-14.396223422511483,-14.932997160515232,3.43803029476434e-08,0.07787609029711427,0.25621233707750596,3.3160418681987163
2018-10-29,3.271008968724153e-07,9.994572873737672e-08,5.83919511751465e-07,1.6935002976441218e-06,-14.932997160515232,-16.118638510906354,-14.353502685959938,-13.288712988931811,3.809871343414427e-07,0.25924145212104965,0.8529043774782533,3.3160418681987163
2018-11-05,1.6935002976441218e-06,5.145949603792775e-07,6.731166404279102e-07,3.996530983616635e-06,-13.288712988931811,-14.479885730424456,-14.211347208161477,-12.430083827222628,9.916963002116688e-07,0.41825258798642045,1.3760510144753233,3.3160418681987163
2018-11-12,3.996530983616635e-06,1.5056020741516203e-06,8.634758564846638e-07,5.996924784323251e-06,-12.430083827222628,-13.40631769049163,-13.962299899814651,-12.02426375607379,1.6980898251181896e-06,0.5473052577409143,1.8006342979676082,3.3160418681987163
2018-11-19,5.996924784323251e-06,3.003514240614109e-06,1.1643029761385327e-06,6.997222010279353e-06,-12.02426375607379,-12.71572754132763,-13.663387953745467,-11.869997343351393,2.281724665833111e-06,0.6344259066691403,2.0872612329414717,3.3160418681987163
2018-11-26,6.997222010279353e-06,4.6710445189658435e-06,1.56030877436918e-06,6.710572452658286e-06,-11.869997343351393,-12.274127845561475,-13.370626824000903,-11.911826297257772,2.659289672928005e-06,0.684907802776768,2.2533466711355667,3.3160418681987163
2018-12-03,6.710572452658286e-06,5.925312557719385e-06,2.002577894611675e-06,5.239108006284226e-06,-11.911826297257772,-12.036277119976734,-13.121075260077946,-12.159359301930074,2.746883506224319e-06,0.6960964376420625,2.290157279842386,3.3160418681987163
2018-12-10,5.239108006284226e-06,6.235956813386283e-06,2.388505751218121e-06,3.0479086612182436e-06,-12.159359301930074,-11.98517853216375,-12.944842596240658,-12.701054887380803,2.4790596581334484e-06,0.661291254814957,2.1756482283412084,3.3160418681987163
2018-12-17,3.0479086612182436e-06,5.498702782610031e-06,2.6217350531186916e-06,9.272510193898223e-07,-12.701054887380803,-12.110998351251919,-12.851674225356685,-13.891041521208404,1.8491834756604118e-06,0.5711356801203167,1.8790363875958418,3.3160418681987163
2018-12-24,9.272510193898223e-07,3.981210034887648e-06,2.6930175275754344e-06,3.572925677270506e-09,-13.891041521208404,-12.433924756009095,-12.824848235587321,-19.44988105933321,9.282328232048632e-07,0.4046483288156988,1.331293001803649,3.3160418681987163
2018-12-31,3.572925677270506e-09,2.304460153142394e-06,2.6932595427723616e-06,1.5153517551054367e-06,-19.44988105933321,-12.980664115826032,-12.824758371960208,-13.399862964365168,3.4673992144064754e-08,0.07820800607490913,0.257304339986451,3.3160418681987163
2019-01-07,1.5153517551054367e-06,1.373521090347697e-06,2.8071401876976633e-06,3.9125751791882195e-06,-13.399862964365168,-13.498132976343172,-12.783344319652167,-12.451314787154631,1.3061109157235018e-06,0.4799978807595151,1.5791930276988047,3.3160418681987163
2019-01-14,3.9125751791882195e-06,1.5896877198401909e-06,3.105607314671583e-06,4.329374641053867e-06,-12.451314787154631,-13.351972963637886,-12.682301269217726,-12.350087451079002,2.346108579242852e-06,0.6433145058044619,2.11650472409668,3.3160418681987163
2019-01-21,4.329374641053867e-06,2.440218625256202e-06,3.4382302779470116e-06,2.353245859130169e-06,-12.350087451079002,-12.923422922158213,-12.580553673041043,-12.959714966159355,2.5203204136075273e-06,0.6667717157771225,2.193678944906733,3.3160418681987163
2019-01-28,2.353245859130169e-06,3.027636858619427e-06,3.5940875827360696e-06,1.2224066861396434e-07,-12.959714966159355,-12.707728157381704,-12.536220400746778,-15.917274041860859,1.7605680410138631e-06,0.557282874700852,1.8334606577658032,3.3160418681987163
2019-02-04,1.2224066861396434e-07,2.679359086996559e-06,3.473221457426057e-06,8.83568000625204e-07,-15.917274041860859,-12.829932938684703,-12.570428020780025,-13.939297580830774,3.016532206491976e-07,0.2306764576685676,0.7589255457295874,3.3160418681987163
2019-02-11,8.83568000625204e-07,1.9221072923558046e-06,3.2337627664267162e-06,2.8523554784890904e-06,-13.939297580830774,-13.162088425688177,-12.641864155583315,-12.767365421352903,9.717716989591225e-07,0.41402962176200536,1.3621574555969977,3.3160418681987163
2019-02-18,2.8523554784890904e-06,1.5528525017146105e-06,2.991872819824089e-06,3.4545381288708515e-06,-12.767365421352903,-13.375416994667175,-12.719611005498766,-12.575821791628524,1.9265541332067305e-06,0.5829615331200397,1.9179434439649308,3.3160418681987163
2019-02-25,3.4545381288708515e-06,1.8281755691497812e-06,2.7193586751003585e-06,2.137433471983321e-06,-12.575821791628524,-13.212192045151625,-12.815114486670232,-13.055904760838194,2.0929895206785676e-06,0.6076210590883921,1.9990732844008101,3.3160418681987163
2019-03-04,2.137433471983321e-06,2.3319737699921203e-06,2.367578753509976e-06,6.602436166247186e-07,-13.055904760838194,-12.968795537398583,-12.953642748021274,-14.230656953934469,1.5032785470256124e-06,0.5149546928568746,1.6942009394991173,3.3160418681987163
2019-03-11,6.602436166247186e-07,2.276142673991999e-06,2.0153584158438598e-06,8.058282417063088e-08,-14.230656953934469,-12.993028357376668,-13.114713504515388,-16.333980309762744,7.168659188160105e-07,0.35560532628061725,1.1699415234632307,3.3160418681987163
2019-03-18,8.058282417063088e-08,1.5831995104123842e-06,1.7871025822248128e-06,1.063822323475492e-08,-16.333980309762744,-13.356062751897376,-13.23491491872007,-18.358812356191926,2.0133202753861717e-07,0.1884541579743256,0.6200141797355312,3.3160418681987163
2019-03-25,1.063822323475492e-08,7.2222453400336e-07,1.7165939055975e-06,1.2191926703015944e-07,-18.358812356191926,-14.140929757476297,-13.275168517943847,-15.919906756917884,6.143782100467301e-08,0.10410394625192802,0.34250198316884317,3.3160418681987163
2019-04-01,1.2191926703015944e-07,2.1834598276506957e-07,1.7256974703169527e-06,2.0214476106185667e-07,-15.919906756917884,-15.33718495532895,-13.269879258582025,-15.41428175728818,2.7409698274169785e-07,0.21988794363410538,0.7234313345562067,3.3160418681987163
2019-04-08,2.0214476106185667e-07,1.0382126887435408e-07,1.624681547698216e-06,1.4835146292775046e-07,-15.41428175728818,-16.080594984753837,-13.330198732034582,-15.723681628931944,3.7433954131654906e-07,0.2569698330315044,0.8454307506736495,3.3160418681987163
2019-04-15,1.4835146292775046e-07,1.2076342856363396e-07,1.3351258772166415e-06,2.273770820239381e-08,-15.723681628931944,-15.929432340960343,-13.52648498050717,-17.599241136359318,2.940765405920893e-07,0.22776106287169576,0.7493338968478791,3.3160418681987163
2019-04-22,2.273770820239381e-08,1.2378829980554368e-07,1.0038461131511434e-06,6.432542356822695e-08,-17.599241136359318,-15.904692990002676,-13.8116718221962,-16.559310893985252,8.928925474691655e-08,0.12550149217183068,0.41289990924532294,3.3160418681987163
2019-04-29,6.432542356822695e-08,1.0938983894006057e-07,8.277753104156096e-07,6.547850777893961e-07,-16.559310893985252,-16.02834783116189,-14.004524083619442,-14.238958780668487,1.5823879008479882e-07,0.16707280619825152,0.5496695323922475,3.3160418681987163
2019-05-06,6.547850777893961e-07,2.2254991812194544e-07,8.687402649675657e-07,1.7764926683892798e-06,-14.238958780668487,-15.318114409393196,-13.956221645922925,-13.240869548491155,6.212034360821649e-07,0.3310291318372054,1.0890858437444058,3.3160418681987163
2019-05-13,1.7764926683892798e-06,6.295852194873277e-07,9.374267778724947e-07,2.9607944932048896e-06,-13.240869548491155,-14.27820461615543,-13.880127185754763,-12.730052915777271,1.1054763836603126e-06,0.4415948755111173,1.452847140431576,3.3160418681987163
2019-05-20,2.9607944932048896e-06,1.3640994157379517e-06,9.457682405429407e-07,3.887745131689065e-06,-12.730052915777271,-13.505016115760638,-13.871268286764447,-12.457681226063853,1.4602875980209172e-06,0.5075379121709922,1.6697997310425643,3.3160418681987163
2019-05-27,3.887745131689065e-06,2.319954342768161e-06,9.790918561443418e-07,4.356966467964681e-06,-12.457681226063853,-12.973963052321016,-13.836640372316472,-12.343734506987875,1.700065312754304e-06,0.5476235213811211,1.8016813853438887,3.3160418681987163
2019-06-03,4.356966467964681e-06,3.2454996903119826e-06,1.1498251635275233e-06,4.522723890194656e-06,-12.343734506987875,-12.638241231893634,-13.675900658862306,-12.306396115054982,1.8753182584572722e-06,0.575157492163549,1.892268149218076,3.3160418681987163
2019-06-10,4.522723890194656e-06,3.932057495763326e-06,1.446939030725211e-06,4.807794267717494e-06,-12.306396115054982,-12.446347733262527,-13.446060246154108,-12.245272151223096,2.0233168118841684e-06,0.5974220330857971,1.9655184888522725,3.3160418681987163
2019-06-17,4.807794267717494e-06,4.393807439391477e-06,1.8105706802288158e-06,5.269240254822427e-06,-12.245272151223096,-12.335314408496163,-13.221868469436817,-12.153624369973974,2.2172601856097695e-06,0.6253996296301777,2.0575647814832845,3.3160418681987163
2019-06-24,5.269240254822427e-06,4.739181220174818e-06,2.2150785288124827e-06,5.928052606349493e-06,-12.153624369973974,-12.259646175538021,-13.020222701907144,-12.035814795794362,2.4627768046378206e-06,0.6591159445333662,2.168491457514775,3.3160418681987163
2019-07-01,5.928052606349493e-06,5.131952754771021e-06,2.661704170298585e-06,6.553314307197468e-06,-12.035814795794362,-12.180024317260465,-12.836543974783428,-11.935539635193651,2.7648487778863145e-06,0.6983690460058678,2.297634161359305,3.3160418681987163
2019-07-08,6.553314307197468e-06,5.639600359021724e-06,3.1502556738474787e-06,6.105753898528422e-06,-11.935539635193651,-12.085697353294359,-12.668026942119752,-12.006278969323263,3.0578713810943593e-06,0.734444355703715,2.4163219302652226,3.3160418681987163
2019-07-15,6.105753898528422e-06,5.964090266724456e-06,3.6085173996629146e-06,4.4948016888948885e-06,-12.006278969323263,-12.029754025910648,-12.532213562590945,-12.312589009168565,3.0327362805225165e-06,0.7314196332367432,2.406370593348885,3.3160418681987163
2019-07-22,4.4948016888948885e-06,5.770480625242571e-06,3.952522321254645e-06,2.2786585053199583e-06,-12.312589009168565,-12.062755183644214,-12.441156620502476,-12.991923663018005,2.5920802625634936e-06,0.6761974255468592,2.224689530049167,3.3160418681987163
2019-07-29,2.2786585053199583e-06,4.858132099985188e-06,4.122855635235547e-06,4.343338103353222e-07,-12.991923663018005,-12.234856535496856,-12.398964519347913,-14.649452450250857,1.760602401674955e-06,0.5572883128645908,1.8334785493245038,3.3160418681987163
2019-08-05,4.343338103353222e-07,3.3283869757696515e-06,4.105897845431388e-06,1.4366722351110449e-08,-14.649452450250857,-12.613022762988226,-12.403086119016681,-18.058351252564968,6.650555363871627e-07,0.34251393638609146,1.126870850710241,3.3160418681987163
2019-08-12,1.4366722351110449e-08,1.8055401817253235e-06,3.970349695736144e-06,3.252217165280758e-07,-18.058351252564968,-13.224650741297742,-12.436656382576095,-14.93875868251075,8.868230671624981e-08,0.1250742135883591,0.41149416270570144,3.3160418681987163
2019-08-19,3.252217165280758e-07,7.631451886336203e-07,3.767613328299466e-06,4.6934369409225253e-07,-14.93875868251075,-14.085817537219423,-12.489068826393998,-14.571930513659542,5.77181557132256e-07,0.3190843566803769,1.04978753347844,3.3160418681987163
2019-08-26,4.6934369409225253e-07,3.108164858266938e-07,3.5046593715612497e-06,2.1522620052985117e-07,-14.571930513659542,-14.984063176659228,-12.56141722577774,-15.351576266395643,7.275428004910101e-07,0.3582437019775982,1.178621779506298,3.3160418681987163
2019-09-02,2.1522620052985117e-07,2.560395833753261e-07,3.186063966373955e-06,4.336698505701303e-10,-15.351576266395643,-15.177933781859817,-12.656724269347784,-21.558737584289126,4.4929733235070683e-07,0.2815245094599486,0.926215636123231,3.3160418681987163
2019-09-09,4.336698505701303e-10,2.52556320250191e-07,2.8381954878859482e-06,1.1760496416116114e-07,-21.558737584289126,-15.191631562607254,-12.772342099327398,-15.955934590118025,1.0858428528925152e-08,0.043765589136928074,0.14398878826049336,3.3160418681987163
2019-09-16,1.1760496416116114e-07,2.0065213215846236e-07,2.4774116953046925e-06,3.342418405923896e-07,-15.955934590118025,-15.421693114032967,-12.908296214039565,-14.911401032354641,2.9605092044431776e-07,0.22852435836553103,0.7518451390225971,3.3160418681987163
2019-09-23,3.342418405923896e-07,1.6687666878349661e-07,2.0977964326716127e-06,4.688701707621674e-07,-14.911401032354641,-15.60601080764117,-13.074623081929643,-14.572939928224876,5.309575477201704e-07,0.3060407022241291,1.0068739103173847,3.3160418681987163
2019-09-30,4.688701707621674e-07,2.302876613415757e-07,1.677859322241818e-06,4.856188876899979e-07,-14.572939928224876,-15.28393660801368,-13.29799179,-14.537841702385052,6.051464260807348e-07,0.32672286354132246,1.074918221050951,3.3160418681987163
2019-10-07,4.856188876899979e-07,3.515839658014326e-07,1.2111135207412437e-06,6.78485863990712e-07,-14.537841702385052,-14.860817275697922,-13.623970356464513,-14.203402192095284,5.583906702589649e-07,0.31384727851883853,1.0325575463269787,3.3160418681987163
2019-10-14,6.78485863990712e-07,4.918041907588203e-07,7.936313642383428e-07,1.3097789823350641e-06,-14.203402192095284,-14.525185185934214,-14.046646760287015,-13.545652150760082,6.020620884650544e-07,0.3258891719668446,1.0721753757709187,3.3160418681987163
2019-10-21,1.3097789823350641e-06,7.35688476194489e-07,5.486296175798948e-07,2.7501491082799338e-06,-13.545652150760082,-14.122459073859986,-14.41584227233202,-12.803855426563008,7.9608109203516e-07,0.3747381814480641,1.2328886169641309,3.3160418681987163
2019-10-28,2.7501491082799338e-06,1.3060082105739307e-06,5.84898125499893e-07,5.535433013553572e-06,-12.803855426563008,-13.548535240319742,-14.351828149324087,-12.104340762965965,1.2330081807465786e-06,0.46637178632899357,1.534363177022389,3.3160418681987163
2019-11-04,5.535433013553572e-06,2.5684617420398245e-06,9.772903719012967e-07,8.185898890294147e-06,-12.104340762965965,-12.872203382209463,-13.838482021383193,-11.713097531510272,2.0890701911309903e-06,0.6070518772852175,1.9972006762683656,3.3160418681987163
2019-11-11,8.185898890294147e-06,4.445314998615683e-06,1.6058697694353765e-06,7.54508809415095e-06,-11.713097531510272,-12.323659825678972,-13.34184503574301,-11.794613789980822,2.946986258032137e-06,0.721005115042098,2.3721068284885023,3.3160418681987163
2019-11-18,7.54508809415095e-06,6.0041422765696545e-06,2.161244106175598e-06,3.962902737269742e-06,-11.794613789980822,-12.023060947510194,-13.044826526996887,-12.438533786759717,3.003706279039165e-06,0.727910562928241,2.394825752033913,3.3160418681987163
2019-11-25,3.962902737269742e-06,6.307330683817107e-06,2.4299794171892507e-06,3.5852029728359635e-07,-12.438533786759717,-11.973798000419382,-12.92762777094018,-14.841280561260907,2.108397605913071e-06,0.6098535378950144,2.0064181396745973,3.3160418681987163
2019-12-02,3.5852029728359635e-07,5.0131025047496116e-06,2.4410020400164614e-06,1.2143577840586534e-06,-14.841280561260907,-12.20345557210628,-12.923101930823993,-13.621295193706837,5.096538331869601e-07,0.29983818331590084,0.9864676231093138,3.3160418681987163
2019-12-09,1.2143577840586534e-06,3.270217228190739e-06,2.534380818032469e-06,5.104798704149423e-06,-13.621295193706837,-12.63065414462216,-12.885561203997439,-12.185329538241737,1.0801178599161302e-06,0.4365006191166347,1.4360870368937282,3.3160418681987163
2019-12-16,5.104798704149423e-06,2.6601448806903567e-06,2.918011105723873e-06,7.487732925645881e-06,-12.185329538241737,-12.837129970228963,-12.744608301934024,-11.802244486406117,2.6537963645351934e-06,0.6842000282841327,2.2510180930547965,3.3160418681987163
2019-12-23,7.487732925645881e-06,3.5413524277843915e-06,3.468279650727987e-06,6.391988475934606e-06,-11.802244486406117,-12.551001862030954,-12.571851864832187,-11.960465152390755,3.4527682757739484e-06,0.7804282951344886,2.567609090992468,3.3160418681987163
2019-12-30,6.391988475934606e-06,5.049719472447144e-06,3.923904135741252e-06,2.8189951928282114e-06,-11.960465152390755,-12.196177866230432,-12.448423446798813,-12.779130051109307,3.2053956506907943e-06,0.7519519883488945,2.473922041667863,3.3160418681987163
2020-01-06,2.8189951928282114e-06,5.450878824639534e-06,4.103394620751884e-06,4.7182014406983484e-07,-12.779130051109307,-12.119733710061427,-12.403695970539792,-14.566667974678625,1.98744685460684e-06,0.5921027150356993,1.948017932467451,3.3160418681987163
2020-01-13,4.7182014406983484e-07,4.2926341846196365e-06,4.0874972576810475e-06,2.5796748136612486e-08,-14.566667974678625,-12.358609984414185,-12.407577692644846,-17.473017394179273,6.914309493651125e-07,0.3492397736054785,1.1489988551620243,3.3160418681987163
2020-01-20,2.5796748136612486e-08,2.4271501402423194e-06,3.9887293935119355e-06,7.353940360034496e-07,-17.473017394179273,-12.92879277065183,-12.43203782551912,-14.122859377979612,1.2444162914639093e-07,0.14816039747997223,0.4874477077091086,3.3160418681987163
2020-01-27,7.353940360034496e-07,1.0130015302595304e-06,3.833748234106052e-06,1.9653959814240408e-06,-14.122859377979612,-13.802592822077417,-12.471667582135975,-13.139816815680783,9.325557210556362e-07,0.4055894835843432,1.3343894009924893,3.3160418681987163
2020-02-03,1.9653959814240408e-06,7.996017274084878e-07,3.559130000865319e-06,3.0592151956510097e-06,-13.139816815680783,-14.03915207398172,-12.545994424745833,-12.697352146904029,1.6551774716339495e-06,0.5403455431445963,1.7777368369457218,3.3160418681987163
2020-02-10,3.0592151956510097e-06,1.4464504903037814e-06,3.1647697166620007e-06,3.319122118885e-06,-12.697352146904029,-13.446397940351533,-12.663430264363724,-12.615810232024135,2.0437205777711142e-06,0.6004267731529171,1.9754040836730975,3.3160418681987163
2020-02-17,3.319122118885e-06,2.2697818329908786e-06,2.8396954108723124e-06,2.6055764205410085e-06,-12.615810232024135,-12.995826839904302,-12.771813761235666,-12.857856632556725,2.051216190045118e-06,0.601526837243326,1.9790232945305426,3.3160418681987163
2020-02-24,2.6055764205410085e-06,2.7373274291252684e-06,2.7352856942008716e-06,1.2724601228262496e-06,-12.857856632556725,-12.808528504397676,-12.809274668971387,-13.57455842667387,1.746819966342205e-06,0.5551027310892687,1.826287985283694,3.3160418681987163
2020-03-02,1.2724601228262496e-06,2.5640934644758205e-06,2.8055887577041525e-06,1.645669903148027e-07,-13.57455842667387,-12.873905566966556,-12.783897145219948,-15.619948113682794,1.1508222751221346e-06,0.4505608164627108,1.4823450861623184,3.3160418681987163
2020-03-09,1.645669903148027e-07,1.8404314131417687e-06,2.7248356197238564e-06,1.984355592568334e-07,-15.619948113682794,-13.205510550161684,-12.81310245470569,-15.43280142803027,3.422866890239397e-07,0.2457221437799674,0.8084258530360927,3.3160418681987163
2020-03-16,1.984355592568334e-07,1.060259773234727e-06,2.347423070116734e-06,1.9873782846674465e-06,-15.43280142803027,-13.756996610775458,-12.96219239738426,-13.12869423271209,3.752206446281057e-07,0.25727207721087386,0.8464251340237751,3.3160418681987163
2020-03-23,1.9873782846674465e-06,9.057102392663364e-07,1.924318866964547e-06,6.20049327929769e-06,-13.12869423271209,-13.914546406267442,-13.160938488182115,-11.990881707901003,1.4101901582562715e-06,0.49875599637137824,1.6409072280618344,3.3160418681987163
2020-03-30,6.20049327929769e-06,2.1377185283841965e-06,1.9095884672232454e-06,1.3082586496074657e-05,-11.990881707901003,-13.05577140585981,-13.16862280130783,-11.244228487135842,2.6848849186568813e-06,0.6881959747419872,2.264164756901138,3.3160418681987163
2020-04-06,1.3082586496074657e-05,5.36722340482416e-06,2.699095490549895e-06,1.6562653055831246e-05,-11.244228487135842,-12.135199839993245,-12.822593844580238,-11.00836021315374,4.436993651158904e-06,0.8846952470000224,2.910647362630074,3.3160418681987163
2020-04-13,1.6562653055831246e-05,9.458277778967762e-06,3.936851868377696e-06,1.1741949233249214e-05,-11.00836021315374,-11.568620244437378,-12.445129172217847,-11.352342723849834,5.526207755298876e-06,0.9873312757300469,3.248319897151854,3.3160418681987163
2020-04-20,1.1741949233249214e-05,1.1896920516113205e-05,4.838094367232512e-06,2.778271603285057e-06,-11.352342723849834,-11.339230971494707,-12.238989640544485,-12.793681549050163,4.716191211510069e-06,0.9121053281887876,3.0008265297411114,3.3160418681987163
2020-04-27,2.778271603285057e-06,1.1041365097110045e-05,4.995238795484943e-06,1.4014606593722083e-06,-12.793681549050163,-11.41386187465882,-12.207025340102579,-13.477995537108571,2.023153431101647e-06,0.5973979119869189,1.9654391304369634,3.3160418681987163
2020-05-04,1.4014606593722083e-06,8.121083637934434e-06,4.95185915532711e-06,1.6262391027273967e-05,-13.477995537108571,-11.721046959747149,-12.215747464964023,-11.026655415007504,1.3584192388960364e-06,0.4895152231966447,1.610505084316961,3.3160418681987163
2020-05-11,1.6262391027273967e-05,8.046018130795114e-06,5.967488065451952e-06,3.093812412779047e-05,-11.026655415007504,-11.730333231046833,-12.02918447865969,-10.383521344011283,6.136362063616375e-06,1.0404106247159959,3.4229509553156263,3.3160418681987163
2020-05-18,3.093812412779047e-05,1.284506185443043e-05,8.092026681521604e-06,3.256029564918966e-05,-10.383521344011283,-11.262551111965953,-11.724631341392634,-10.33241693673634,9.586556784457664e-06,1.3004109415020821,4.278351997541851,3.3160418681987163
2020-05-25,3.256029564918966e-05,2.029056786590658e-05,1.0396235852956116e-05,2.0185161206155955e-05,-10.33241693673634,-10.80535441704128,-11.474066754547788,-10.81056281725797,1.0385568362345267e-05,1.3535192126887985,4.453078209746147,3.3160418681987163
2020-06-01,2.0185161206155955e-05,2.498649300260252e-05,1.1851059013212247e-05,5.380269120463056e-06,-10.81056281725797,-10.597175158995746,-11.343093326172669,-12.132772162650756,8.028731680781282e-06,1.1900706989459988,3.915332599532336,3.3160418681987163
2020-06-08,5.380269120463056e-06,2.226596252589979e-05,1.2252266869377497e-05,4.520125184730691e-07,-12.132772162650756,-10.712451389678137,-11.309799587531852,-14.60955596176082,3.703840397657455e-06,0.8083052926628497,2.6593244128607756,3.3160418681987163
2020-06-15,4.520125184730691e-07,1.4644434623570438e-05,1.2271772789317208e-05,8.608488497510488e-09,-14.60955596176082,-11.13145018385345,-11.308208828070972,-18.570517085891055,8.619342651210082e-07,0.38992974286061566,1.2828688540114255,3.3160418681987163
2020-06-22,8.608488497510488e-09,6.506512833397401e-06,1.2119559728073368e-05,3.4867450877854295e-10,-18.570517085891055,-11.94270690833511,-11.320689904049466,-21.77688226850806,8.382258766805712e-08,0.12159894927442949,0.40006054311287303,3.3160418681987163
2020-06-29,3.4867450877854295e-10,1.4603097004856068e-06,1.1642625527704988e-05,8.63757506892248e-07,-21.77688226850806,-13.436862021118785,-11.360837580296597,-13.961973770854833,1.2993644559396206e-08,0.04787566083384637,0.15751092414335455,3.3160418681987163
2020-07-06,8.63757506892248e-07,3.3118179709290494e-07,1.0702715605460189e-05,3.5418732632917986e-06,-13.961973770854833,-14.92059837641397,-11.44501305379407,-12.550854800358474,1.4009706979794482e-06,0.4971229537283253,1.6355345177661904,3.3160418681987163
2020-07-13,3.5418732632917986e-06,1.1036469832975874e-06,9.701117159880231e-06,5.98273393937317e-06,-12.550854800358474,-13.71689042274979,-11.543269507964949,-12.02663291397971,3.0262737354395003e-06,0.7306399160540901,2.403805323817956,3.3160418681987163
2020-07-20,5.98273393937317e-06,2.5971783460165022e-06,9.258100598812843e-06,6.853926975556775e-06,-12.02663291397971,-12.861084953780802,-11.590011649264648,-11.890688788849797,3.959075130375454e-06,0.8356918409307525,2.749426156662176,3.3160418681987163
2020-07-27,6.853926975556775e-06,4.310572921278501e-06,9.571612550526053e-06,5.7751122256672466e-06,-11.890688788849797,-12.354439734311928,-11.556708866116605,-12.061952868729263,4.252092886304303e-06,0.8660653469248604,2.8493549913827905,3.3160418681987163
2020-08-03,5.7751122256672466e-06,5.5384116009722515e-06,9.9080472863949e-06,3.7627512484126566e-06,-12.061952868729263,-12.103802812941526,-11.522163273801628,-12.490360153132011,3.840516541010105e-06,0.8230839069221209,2.7079460537737776,3.3160418681987163
2020-08-10,3.7627512484126566e-06,5.5936310972524655e-06,8.9465365341748e-06,2.150050833331121e-06,-12.490360153132011,-12.093881911506266,-11.62424407999518,-13.05001907269438,2.896319828994752e-06,0.7147802584253948,2.351627050219549,3.3160418681987163
2020-08-17,2.150050833331121e-06,4.635460320741953e-06,6.732069357677927e-06,1.0124184374514433e-06,-13.05001907269438,-12.281775049801839,-11.908627979003414,-13.803168596814007,1.9390640836909155e-06,0.5848511813812788,1.9241603867444073,3.3160418681987163
2020-08-24,1.0124184374514433e-06,3.1750831862156204e-06,4.305309572159602e-06,3.1217288566049274e-07,-13.803168596814007,-12.660176725579971,-12.355661512760658,-14.97970868189841,1.1160522154565954e-06,0.44370216452767436,1.4597801212960486,3.3160418681987163
2020-08-31,3.1217288566049274e-07,1.809348351213932e-06,2.77661816289072e-06,2.0019155374706268e-08,-14.97970868189841,-13.222543804465431,-12.794276858952886,-17.72657625302493,5.037692246039537e-07,0.29810214896933807,0.9807560701091222,3.3160418681987163
2020-09-07,2.0019155374706268e-08,8.736653279544445e-07,2.3642912424993096e-06,1.784998503747238e-08,-17.72657625302493,-13.950568454584035,-12.955032266982018,-17.841263166957955,9.671666618692666e-08,0.13061707359826225,0.4297301721382828,3.3160418681987163
2020-09-14,1.784998503747238e-08,3.4061511588103227e-07,2.3308941245427248e-06,5.019247112849889e-08,-17.841263166957955,-14.89251268954689,-12.969258619558794,-16.807400799016424,9.310782038068835e-08,0.12815701118219566,0.42163656678942374,3.3160418681987163
2020-09-21,5.019247112849889e-08,1.0005862430029616e-07,2.334092892437416e-06,1.6822585931531758e-08,-16.807400799016424,-16.117509579728658,-12.967887225218623,-17.90054345274824,1.8006864234665043e-07,0.1782248818486048,0.5863598612819098,3.3160418681987163
2020-09-28,1.6822585931531758e-08,2.6221049368055922e-08,2.3353601163930126e-06,2.169714560582355e-08,-17.90054345274824,-17.456703337746717,-12.967344453298955,-17.646085123954137,9.863568834276429e-08,0.13190654048857328,0.4339725182074061,3.3160418681987163
2020-10-05,2.169714560582355e-08,2.6640546925835242e-08,2.270586242447903e-06,3.243397803840789e-07,-17.646085123954137,-17.440831461235895,-12.995472503228475,-14.941474165771774,1.1384267010539422e-07,0.1417104336546591,0.46622732672382844,3.3160418681987163
2020-10-12,3.243397803840789e-07,1.0326299576248687e-07,2.0230836668396167e-06,1.2218609575519352e-06,-14.941474165771774,-16.085986746076824,-13.110887642828827,-13.615135486379335,5.255903482924714e-07,0.30448996278825347,1.001771977573354,3.3160418681987163
2020-10-19,1.2218609575519352e-06,3.9618011736834593e-07,1.656862668237983e-06,3.072661883783293e-06,-13.615135486379335,-14.741396887261867,-13.310584702714383,-12.692966308925659,1.0456552326364714e-06,0.4294805968109311,1.4129911635079633,3.3160418681987163
2020-10-26,3.072661883783293e-06,1.1601399418312862e-06,1.3659961227169463e-06,6.3004309452473325e-06,-12.692966308925659,-13.666969920612631,-13.50362663524068,-11.974892522898722,1.654618633372733e-06,0.5402543168980236,1.7774367025944977,3.3160418681987163
2020-11-02,6.3004309452473325e-06,2.7298233917416633e-06,1.4064052549923374e-06,1.0321209965380162e-05,-11.974892522898722,-12.811273642529722,-13.474473573537598,-11.4813095600761,2.478391346650554e-06,0.6612021124808645,2.175354950062044,3.3160418681987163
2020-11-09,1.0321209965380162e-05,5.229040937990685e-06,1.910902079374453e-06,1.1809708401886285e-05,-11.4813095600761,-12.1612826737603,-13.167935134534702,-11.346588618839988,3.5209297339564347e-06,0.7880939062509715,2.5928289515656964,3.3160418681987163
2020-11-16,1.1809708401886285e-05,7.876002799074271e-06,2.6539526615710044e-06,9.727679507402996e-06,-11.346588618839988,-11.751690041794586,-12.839460458848222,-11.540535178657043,4.09925300923656e-06,0.8503577075733066,2.797676857916179,3.3160418681987163
2020-11-23,9.727679507402996e-06,9.539757204979197e-06,3.324357359259585e-06,5.138553287369178e-06,-11.540535178657043,-11.560042523039765,-12.614234177947207,-12.178738979716279,3.84956872794531e-06,0.8240533499777503,2.7111355214267983,3.3160418681987163
2020-11-30,5.138553287369178e-06,9.249287790509659e-06,3.6956173901602536e-06,1.0434353945885584e-06,-12.178738979716279,-11.590964005024833,-12.508362929521686,-13.772992024575258,2.71107114701904e-06,0.6915438889428195,2.275179394621876,3.3160418681987163
2020-12-07,1.0434353945885584e-06,6.929844147811758e-06,3.774341716253627e-06,5.016232348010886e-08,-13.772992024575258,-11.879673234508607,-12.487284570269575,-16.808001620320766,1.0670235952719554e-06,0.4338467035785485,1.4273556547734245,3.3160418681987163
2020-12-14,5.016232348010886e-08,3.989957628210214e-06,3.776827280749214e-06,3.638462746761517e-08,-16.808001620320766,-12.431729946615077,-12.486626244496085,-17.129119473825167,1.7895539539547553e-07,0.177673103613805,0.5845445108894185,3.3160418681987163
2020-12-21,3.638462746761517e-08,1.567133908226369e-06,3.775765138929146e-06,8.485290180907688e-07,-17.129119473825167,-13.366262143087441,-12.486907509992234,-13.979761553574923,1.5288929006389191e-07,0.16422445240362513,0.5402984484079266,3.3160418681987163
2020-12-28,8.485290180907688e-07,4.946278409067666e-07,3.839742556787549e-06,5.699827913610879e-06,-13.979761553574923,-14.519460193700548,-12.47010523611533,-12.075074574174097,1.0424347184597927e-06,0.4288187080064341,1.4108135493411682,3.3160418681987163
2021-01-04,5.699827913610879e-06,1.6587259706623468e-06,4.276521846634092e-06,1.3977217820593553e-05,-12.075074574174097,-13.309460737817977,-12.362370531407326,-11.178081852366471,3.188333695695222e-06,0.7499480408139202,2.4673290542777973,3.3160418681987163
2021-01-11,1.3977217820593553e-05,5.140489844940707e-06,5.326743234342512e-06,1.567167515097126e-05,-11.178081852366471,-12.17836218246589,-12.142770531990337,-11.063655605524913,5.530717234433354e-06,0.9877340331050883,3.2496449689157405,3.3160418681987163
2021-01-18,1.567167515097126e-05,9.049312475816619e-06,6.438267403067076e-06,9.01772728238443e-06,-11.063655605524913,-11.612821772661295,-11.953251090835728,-11.616318219897002,6.098396822813673e-06,1.0371871574331857,3.412345747955181,3.3160418681987163
2021-01-25,9.01772728238443e-06,1.1091612041890035e-05,6.895580126036394e-06,7.863886936892859e-07,-11.616318219897002,-11.409321407211717,-11.884629913052196,-14.055814645519344,4.437165209899451e-06,0.8847123504429352,2.9107036329572566,3.3160418681987163
2021-02-01,7.863886936892859e-07,9.863252236909636e-06,6.471423029762698e-06,3.7642761354620692e-06,-14.055814645519344,-11.526694602263904,-11.948114530859026,-12.489954976694486,1.026548938286393e-06,0.42553875583044104,1.400022506682151,3.3160418681987163
2021-02-08,3.7642761354620692e-06,7.3100168156267654e-06,5.967043504384383e-06,1.3710492013240763e-05,-12.489954976694486,-11.826264983845894,-12.02925897862061,-11.197349177853765,2.578311542915403e-06,0.6743991074803384,2.218773063610313,3.3160418681987163
2021-02-15,1.3710492013240763e-05,6.8197210311941415e-06,6.113257628334728e-06,1.5638938865787413e-05,-11.197349177853765,-11.895691991462504,-12.0050507634683,-11.065746672604899,5.612605278248172e-06,0.9950193822649777,3.2736137676517765,3.3160418681987163
2021-02-22,1.5638938865787413e-05,8.475023927044888e-06,6.567969886671991e-06,7.1609425842973516e-06,-11.065746672604899,-11.67838708145161,-11.933305770679715,-11.84686893980469,6.137453143283629e-06,1.0405031160334082,3.423255251749913,3.3160418681987163
2021-03-01,7.1609425842973516e-06,1.0068662399696904e-05,6.723538294128005e-06,6.230461981708473e-08,-11.84686893980469,-11.506082690275296,-11.909896010134194,-16.59123025953497,3.8561816428641436e-06,0.8247608391535299,2.7134631608151136,3.3160418681987163
2021-03-08,6.230461981708473e-08,9.143169520785657e-06,6.648066696068661e-06,2.935847698302292e-06,-16.59123025953497,-11.60250345790764,-11.921184467960149,-12.738514322432742,2.293953709907667e-07,0.20115999463802747,0.6618163823591104,3.3160418681987163
2021-03-15,2.935847698302292e-06,6.449508442051039e-06,6.8700424941319055e-06,7.83376744302851e-06,-12.738514322432742,-11.951506640595486,-11.888340266285987,-11.757067008758847,2.318620903510291e-06,0.6395347741751151,2.1040694070361288,3.3160418681987163
2021-03-22,7.83376744302851e-06,4.498215586361314e-06,7.469841172251973e-06,9.045034847710022e-06,-11.757067008758847,-12.311829776193486,-11.804636821126985,-11.613294586420178,4.305659516046012e-06,0.871503493183198,2.8672464925727215,3.3160418681987163
2021-03-29,9.045034847710022e-06,4.969238652214481e-06,8.100341620684224e-06,5.672386322497873e-06,-11.613294586420178,-12.212243918279562,-11.723604321782124,-12.07990066059937,4.774361324050881e-06,0.9177131019891649,3.0192761055443524,3.3160418681987163
2021-04-05,5.672386322497873e-06,6.371759077884678e-06,8.098230729060145e-06,2.2367937166236864e-06,-12.07990066059937,-11.963634976128338,-11.723864948655956,-13.010467094002566,3.584572870556071e-06,0.7951846668328627,2.6161575538801185,3.3160418681987163
2021-04-12,2.2367937166236864e-06,6.196995582465027e-06,7.195121182600926e-06,6.692667721976757e-07,-13.010467094002566,-11.991445966835126,-11.842107375153724,-14.217083093675551,1.999359437532538e-06,0.5938745699057502,1.9538473349899181,3.3160418681987163
2021-04-19,6.692667721976757e-07,4.405870414757318e-06,6.041089768849111e-06,1.2999279022965432e-07,-14.217083093675551,-12.33257272110213,-12.016926136986095,-15.855786847800669,9.428489480154595e-07,0.40782171892866015,1.341733455275292,3.3160418681987163
2021-04-26,1.2999279022965432e-07,2.1771099003872264e-06,5.357417884837207e-06,1.4688955973124079e-08,-15.855786847800669,-13.037512294493078,-12.137028436858053,-18.03616991987005,3.534465955810971e-07,0.2496957738138664,0.8214990958476205,3.3160418681987163
2021-05-03,1.4688955973124079e-08,7.626855587560394e-07,5.298056366551348e-06,5.697821752223205e-09,-18.03616991987005,-14.086420002325426,-12.148170527957827,-18.983181883876114,1.0002952315114868e-07,0.13283526596451195,0.43702802502324434,3.3160418681987163
2021-05-10,5.697821752223205e-09,2.0491158503817356e-07,5.008934957804437e-06,3.276719464928531e-08,-18.983181883876114,-15.400687243338076,-12.204287248739094,-17.23383798518475,5.882942302577116e-08,0.10187006538599076,0.3351525151199096,3.3160418681987163
2021-05-17,3.276719464928531e-08,4.578669065107596e-08,3.956802279451246e-06,1.8784663915293676e-07,-17.23383798518475,-16.899272385195882,-12.440074364094901,-15.487639956207392,1.6519690148271818e-07,0.17070657111415333,0.5616246189655645,3.3160418681987163
2021-05-24,1.8784663915293676e-07,6.025015288189658e-08,2.768256723556286e-06,6.928715890514187e-07,-15.487639956207392,-16.62476072712,-12.797292777560058,-14.182421152110251,4.2064685367294207e-07,0.27240063323697866,0.8961980833496598,3.3160418681987163
2021-05-31,6.928715890514187e-07,2.2979581115147025e-07,2.27071280084506e-06,1.723674136456268e-06,-14.182421152110251,-15.286074699933444,-12.995416766578682,-13.271052419565187,8.269415965132782e-07,0.38193258256522483,1.2565581966395898,3.3160418681987163
2021-06-07,1.723674136456268e-06,6.592898898274815e-07,2.3985104559711516e-06,2.182381128470146e-06,-13.271052419565187,-14.232102505652028,-12.940662656634537,-13.035094016479933,1.3890514943212533e-06,0.4950037207923483,1.628562241406826,3.3160418681987163
2021-06-14,2.182381128470146e-06,1.1966933732826965e-06,2.3405514890609866e-06,1.3831151417172983e-06,-13.035094016479933,-13.635948326874797,-12.965123977276725,-13.491172253709346,1.554336535868089e-06,0.5236267419900658,1.7227319811473163,3.3160418681987163
2021-06-21,1.3831151417172983e-06,1.495510498923787e-06,1.8443474658832008e-06,1.691684793352428e-07,-13.491172253709346,-13.413042938557496,-13.20338502005833,-15.592370699473763,1.1038451187816673e-06,0.44126894174991077,1.4517748183572063,3.3160418681987163
2021-06-28,1.691684793352428e-07,1.3645847214947428e-06,1.1615885144697563e-06,6.137376821281979e-07,-15.592370699473763,-13.504660408952885,-13.665722080605757,-14.303698227891307,2.80843581372134e-07,0.22257764432674823,0.7322804498350017,3.3160418681987163
2021-07-05,6.137376821281979e-07,1.0871006079127253e-06,7.724616959797813e-07,3.446734977074213e-06,-14.303698227891307,-13.73199639853072,-14.073683413896054,-12.57808315848132,5.472815997141553e-07,0.31070963002388097,1.0222346827785684,3.3160418681987163
2021-07-12,3.446734977074213e-06,1.4031890700637421e-06,8.655341006298218e-07,5.522919530082248e-06,-12.57808315848132,-13.476763004652058,-13.959919063187387,-12.106603937116558,1.5599053441919677e-06,0.5245639167112651,1.7258152859800622,3.3160418681987163
2021-07-19,5.522919530082248e-06,2.4381401671549796e-06,1.2388920050824811e-06,5.0494595762635835e-06,-12.106603937116558,-12.924275035877368,-13.601293122084316,-12.196229335004746,2.2252151644111462e-06,0.6265205144303945,2.061252492475998,3.3160418681987163
2021-07-26,5.0494595762635835e-06,3.6582129413870646e-06,1.6173125270850912e-06,2.3799616868501867e-06,-12.196229335004746,-12.518535797172916,-13.334744720172639,-12.94842616837257,2.2305781120395193e-06,0.6272750425162563,2.0637348898784835,3.3160418681987163
2021-08-02,2.3799616868501867e-06,4.099768942567562e-06,1.7992565833064036e-06,2.126842257354651e-07,-12.94842616837257,-12.404579941313367,-13.228136987648195,-15.363457279523903,1.4605298271763441e-06,0.507580005037538,1.6699382165735,3.3160418681987163
2021-08-09,2.126842257354651e-07,3.291256254732875e-06,1.8151786143820376e-06,1.579365217210813e-07,-15.363457279523903,-12.624241225725127,-13.219326684961574,-15.661072645906101,3.507469939418826e-07,0.24874036610761047,0.8183558044940384,3.3160418681987163
2021-08-16,1.579365217210813e-07,1.9500105026425835e-06,1.8248070241567912e-06,8.707457650645938e-07,-15.661072645906101,-13.147675799432568,-13.214036316708766,-13.95391579126126,2.9984794883782236e-07,0.22998516946749384,0.7566512075480547,3.3160418681987163
2021-08-23,8.707457650645938e-07,9.053320498428359e-07,1.8773377261499956e-06,1.3118822083852525e-06,-13.95391579126126,-13.914964054636311,-13.185655887855733,-13.544047651667027,8.575126685563516e-07,0.3889283156744189,1.279574158568838,3.3160418681987163
2021-08-30,1.3118822083852525e-06,6.383121802266024e-07,1.9249539276372136e-06,1.1394404279613996e-06,-13.544047651667027,-14.264438362575062,-13.160608524205896,-13.684973268730914,1.115525667763845e-06,0.44359748398017573,1.4594357222947782,3.3160418681987163
2021-09-06,1.1394404279613996e-06,8.70001230783086e-07,1.8800128731376086e-06,1.0380052166396303e-06,-13.684973268730914,-13.95477121060558,-13.184231933732239,-13.778209747568821,1.0081217193990843e-06,0.4217021120435591,1.3873999486233095,3.3160418681987163
2021-09-13,1.0380052166396303e-06,1.0900184045127232e-06,1.7919839568429532e-06,1.3919697629446365e-06,-13.778209747568821,-13.729315976991712,-13.232187196106212,-13.484790718310505,9.341077894379952e-07,0.405926858013685,1.3354993628650236,3.3160418681987163
2021-09-20,1.3919697629446365e-06,1.220324403982734e-06,1.7926650815527484e-06,2.407308615374619e-06,-13.484790718310505,-13.616393829661671,-13.231807173007327,-12.937001191605537,1.1078541290311837e-06,0.4420695288765114,1.4544087500037226,3.3160418681987163
2021-09-27,2.407308615374619e-06,1.4941810057300755e-06,1.9648297074019316e-06,4.520393378703167e-06,-12.937001191605537,-13.41393232348519,-13.140104979298275,-12.306911537220543,1.5608295472119066e-06,0.5247192888851908,1.7263264604322779,3.3160418681987163
2021-10-04,4.520393378703167e-06,2.3394192434155175e-06,2.2653416840615443e-06,7.215470460076897e-06,-12.306911537220543,-12.965607845972613,-12.997784956516274,-11.839283162032384,2.319770765909617e-06,0.639693335205594,2.104591072826404,3.3160418681987163
2021-10-11,7.215470460076897e-06,3.883785554274834e-06,2.555244413523289e-06,8.83390351740018e-06,-11.839283162032384,-12.45870022165606,-12.877362678013643,-11.63691356658377,3.105508332913914e-06,0.7401430064021509,2.4350704910630765,3.3160418681987163
2021-10-18,8.83390351740018e-06,5.74426899288872e-06,2.8099354894708223e-06,8.828993159507065e-06,-11.63691356658377,-12.067307897076565,-12.78234903236584,-11.637469574820633,3.5414576278178247e-06,0.790387958882892,2.600376384724715,3.3160418681987163
2021-10-25,8.828993159507065e-06,7.349690128921832e-06,3.1006688420280136e-06,7.219907202180072e-06,-11.637469574820633,-11.820852404958622,-12.683892714252135,-11.838668458025785,3.601353662666922e-06,0.7970437792834502,2.622274033842551,3.3160418681987163
2021-11-01,7.219907202180072e-06,8.024568584791057e-06,3.4729723432072353e-06,4.4354097093853164e-06,-11.838668458025785,-11.733002649297797,-12.570499747606565,-12.325890565548432,3.281747615013679e-06,0.7608549660010198,2.503212838143355,3.3160418681987163
2021-11-08,4.4354097093853164e-06,7.329553397118163e-06,3.7977973804110694e-06,1.3603543647480273e-06,-12.325890565548432,-11.823595972009468,-12.481089296020178,-13.507765329842051,2.522842349496752e-06,0.6671052319171444,2.194776213007405,3.3160418681987163
2021-11-15,1.3603543647480273e-06,5.461166108955124e-06,3.890291060643912e-06,2.1786289714881193e-08,-13.507765329842051,-12.117848217942237,-12.457026580345365,-17.64198497716099,1.2702734061016467e-06,0.4733669072044755,1.5573771247027244,3.3160418681987163
2021-11-22,2.1786289714881193e-08,3.2593643915070786e-06,3.824986485617011e-06,3.381408279952129e-06,-17.64198497716099,-12.6339783535255,-12.47395562386404,-12.59721828437081,1.101258934785705e-07,0.13937793085571273,0.4585533925152949,3.3160418681987163
2021-11-29,3.381408279952129e-06,2.2997396609500928e-06,3.984180798814464e-06,1.4477883914975231e-05,-12.59721828437081,-12.982714632327006,-12.433178838043089,-11.142888320154531,2.266870660715128e-06,0.632357481611587,2.0804561145021214,3.3160418681987163
2021-12-06,1.4477883914975231e-05,4.810358212347572e-06,5.010214913200142e-06,2.4668546791311527e-05,-11.142888320154531,-12.244739004198005,-12.204031746941208,-10.609981535063522,5.570462492229913e-06,0.9912767442189676,3.2613004884804035,3.3160418681987163
2021-12-13,2.4668546791311527e-05,1.0637406318988448e-05,6.827948880482596e-06,2.2035981807107096e-05,-10.609981535063522,-11.451133870779147,-11.894486239808408,-10.722833903952843,8.0655690679416e-06,1.1927977127681366,3.9243044750071694,3.3160418681987163
2021-12-20,2.2035981807107096e-05,1.6140955198336502e-05,8.415949806956631e-06,8.72277343063434e-06,-10.722833903952843,-11.034150714820592,-11.685381865989006,-11.64957331664,7.850885103768026e-06,1.176816099611439,3.8717249677216343,3.3160418681987163
2021-12-27,8.72277343063434e-06,1.7476296486007054e-05,8.90175479274584e-06,6.825096632249431e-08,-11.64957331664,-10.954665081694717,-11.62926213293693,-16.50007424441023,4.577916038214664e-06,0.898634736219932,2.956508282163576,3.3160418681987163
2022-01-03,6.825096632249431e-08,1.387388824884387e-05,8.55928229948579e-06,1.4256116757363532e-05,-16.50007424441023,-11.185502027751502,-11.668494214843703,-11.158324497218606,2.5501941926949007e-07,0.21209767928748785,0.697801364855835,3.3160418681987163
2022-01-10,1.4256116757363532e-05,1.127078074035687e-05,9.100870476200145e-06,3.0388183577352163e-05,-11.158324497218606,-11.393296956326534,-11.607140492290991,-10.401456723228208,6.266043864809044e-06,1.0513468208694576,3.4589310406605156,3.3160418681987163
2022-01-17,3.0388183577352163e-05,1.3358831182918137e-05,1.0758892019273375e-05,2.78404783995741e-05,-10.401456723228208,-11.223332879991448,-11.439777980719125,-10.489019538752949,1.0210967643024095e-05,1.3420933992198345,4.415487283433255,3.3160418681987163
2022-01-24,2.78404783995741e-05,1.8138257425153078e-05,1.2221313960816994e-05,9.651925578065356e-06,-10.489019538752949,-10.917487180452056,-11.312329084566164,-11.54835312075076,9.914354731536819e-06,1.322456870617373,4.350883104331157,3.3160418681987163
2022-01-31,9.651925578065356e-06,2.0534176078088792e-05,1.2408392297423554e-05,2.289657237032561e-07,-11.54835312075076,-10.793419934171077,-11.297137516098568,-15.289693522746784,5.276745708348357e-06,0.9647890665594476,3.174156028980583,3.3160418681987163
2022-02-07,2.289657237032561e-07,1.7027388319673724e-05,1.2084819683140317e-05,6.084616450990242e-06,-15.289693522746784,-10.980687432673546,-11.323560464636707,-12.009746865394655,5.696770318280942e-07,0.3170031993757726,1.0429405259462918,3.3160418681987163
2022-02-14,6.084616450990242e-06,1.0951496538083244e-05,1.2448224459005104e-05,2.9400478066827367e-06,-12.009746865394655,-11.42203444089569,-11.293932558958392,-12.737084715969448,4.105498786065854e-06,0.8510052795735268,2.7998073697969033,3.3160418681987163
2022-02-21,2.9400478066827367e-06,4.726388889860402e-06,1.2672706114156478e-05,3.2395750079535862e-06,-12.737084715969448,-12.262349095267918,-11.27606000205224,-12.64006840714832,2.758354378236083e-06,0.6975483584102575,2.294934099169747,3.3160418681987163
2022-02-28,3.2395750079535862e-06,3.1233012473324594e-06,1.2661795862464283e-05,5.5641784818161026e-05,-12.64006840714832,-12.676620023434033,-11.27692129803325,-9.796576113455133,2.9655343027755992e-06,0.7232705240846026,2.3795600242383426,3.3160418681987163
2022-03-07,5.5641784818161026e-05,1.69765060209469e-05,1.5828249778093958e-05,0.00013168959819267098,-9.796576113455133,-10.983680168516933,-11.053714253791416,-8.935062933407321,1.606386623914074e-05,1.683349638246442,5.538220309830794,3.3160418681987163
2022-03-14,0.00013168959819267098,4.837775145636708e-05,2.40606383474293e-05,0.00015501917590530175,-8.935062933407321,-9.9364705305808,-10.634933316288842,-8.771961733179085,2.884337441926944e-05,2.255653175370524,7.421098946969024,3.3160418681987163
2022-03-21,0.00015501917590530175,8.639753348102183e-05,3.42901148165212e-05,0.0001103000708263081,-8.771961733179085,-9.356551430235115,-10.2806534430984,-9.112305989580744,3.417569530642305e-05,2.4553192566452586,8.078000354362901,3.3160418681987163
2022-03-28,0.0001103000708263081,0.00011316265743561047,4.2103753077726874e-05,3.3912417309934096e-05,-9.112305989580744,-9.086684327928861,-10.075373674509917,-10.291729318318088,2.9180269204682917e-05,2.2687881099181713,7.464312881630783,3.3160418681987163
2022-04-04,3.3912417309934096e-05,0.00010773031555855373,4.470715048877392e-05,3.100319189730692e-07,-10.291729318318088,-9.135879531901098,-10.015377102946168,-14.986590580338436,1.4723538834625878e-05,1.6115930784251975,5.3021412280188995,3.3160418681987163
2022-04-11,3.100319189730692e-07,7.488542399012926e-05,4.3634374731974654e-05,8.112860953687604e-06,-14.986590580338436,-9.499551292652665,-10.03966530695838,-11.722059983403058,9.076585100699771e-07,0.40013867743114256,1.316456248748459,3.3160418681987163
2022-04-18,8.112860953687604e-06,3.815884525222572e-05,4.192088837630815e-05,1.8407861324290816e-05,-11.722059983403058,-10.17375297252796,-10.079726325993114,-10.902732738707499,6.417027979780243e-06,1.06393784387681,3.5003555063547047,3.3160418681987163
2022-04-25,1.8407861324290816e-05,1.5185792876721395e-05,4.1195302447440195e-05,1.4145161736121458e-05,-10.902732738707499,-11.095150246360056,-10.097186326375384,-11.166137919121185,1.075091082983619e-05,1.3771204269718405,4.5307262047373555,3.3160418681987163
2022-05-02,1.4145161736121458e-05,1.0243978983268238e-05,4.15409359980599e-05,2.9842869828616853e-06,-11.166137919121185,-11.488820441242899,-10.088831207318067,-12.72214970636591,9.343528527401075e-06,1.2838218070408174,4.223773745164289,3.3160418681987163
2022-05-09,2.9842869828616853e-06,1.091254274924039e-05,4.175288378722593e-05,2.6245252981900493e-07,-12.72214970636591,-11.425597719350062,-10.083742036304896,-15.15319561005278,3.6989777194789593e-06,0.8077745166295408,2.657578159711189,3.3160418681987163
2022-05-16,2.6245252981900493e-07,8.94994064327324e-06,4.1305025024058914e-05,7.470344146948535e-06,-15.15319561005278,-11.623863657736011,-10.094526394113918,-11.80456948933879,8.746745354484703e-07,0.3928009522049433,1.2923151327542635,3.3160418681987163
2022-05-23,7.470344146948535e-06,6.215561348937671e-06,4.165350935792552e-05,2.421035334945227e-05,-11.80456948933879,-11.98845451544919,-10.086124934607422,-10.628730191934848,6.511685387012027e-06,1.0717561766880197,3.526077821303585,3.3160418681987163
2022-05-30,2.421035334945227e-05,8.731859252270374e-06,4.326664615342542e-05,4.863275448367086e-05,-10.628730191934848,-11.648532238019587,-10.0481285164744,-9.9312132934979,1.3077527964537449e-05,1.5188403250323603,4.996984669356466,3.3160418681987163
2022-06-06,4.863275448367086e-05,2.0143976127472668e-05,4.2727489973849253e-05,6.467497350836048e-05,-9.9312132934979,-10.812605265756677,-10.060668051577123,-9.646136239504008,1.9152116201864468e-05,1.8380514949284996,6.047189418314764,3.3160418681987163
2022-06-13,6.467497350836048e-05,3.624710637210804e-05,3.75725188442869e-05,5.8883049478985117e-05,-9.646136239504008,-10.225151004067422,-10.189237656593622,-9.739957293461801,2.1475170463858144e-05,1.946335035348379,6.403442266296167,3.3160418681987163
2022-06-20,5.8883049478985117e-05,4.9100282705117184e-05,3.0177432196108698e-05,3.488387045561816e-05,-9.739957293461801,-9.921645765438681,-10.408416191209584,-10.263486000182334,1.895922979617873e-05,1.8287723029524283,6.016660876713489,3.3160418681987163
2022-06-27,3.488387045561816e-05,5.1768661981658654e-05,2.4376186013747935e-05,7.891739481924926e-06,-10.263486000182334,-9.868725572822774,-10.621903885289802,-11.749693980748543,1.3099591562662722e-05,1.5201210319095333,5.001198194982365,3.3160418681987163
2022-07-04,7.891739481924926e-06,4.1583408231222174e-05,2.2374595411593388e-05,2.1201766825302851e-07,-11.749693980748543,-10.087809310850743,-10.707584376130264,-15.366596224930879,5.331858196202928e-06,0.9698143048079857,3.190689062818273,3.3160418681987163
2022-07-11,2.1201766825302851e-07,2.546766927119531e-05,2.2367055853845686e-05,6.469343584408577e-06,-15.366596224930879,-10.578100781947086,-10.707921402485162,-11.948435909867552,6.309953764092506e-07,0.33362791309869716,1.0976358340947137,3.3160418681987163
2022-07-18,6.469343584408577e-06,1.2364242797551176e-05,2.2240631440824226e-05,1.1368588445934124e-05,-11.948435909867552,-11.300701896427562,-10.71358969686155,-11.38465640514408,4.941179640690721e-06,0.9336081022666004,3.0715706564571152,3.3160418681987163
2022-07-25,1.1368588445934124e-05,6.485422295130168e-06,2.1699148911719862e-05,8.626061896764163e-06,-11.38465640514408,-11.945953623560385,-10.73823751884508,-11.660722484159896,7.026993291573204e-06,1.113356015223124,3.6629412900840785,3.3160418681987163
2022-08-01,8.626061896764163e-06,6.6690028988399765e-06,2.1274602770230844e-05,1.8895084516776396e-06,-11.660722484159896,-11.91804019964034,-10.757996554878636,-13.179193841196435,5.92571978366808e-06,1.0223976573912175,3.3636882928171055,3.3160418681987163
2022-08-08,1.8895084516776396e-06,7.08837559469613e-06,2.1190389037062838e-05,5.155463666427359e-07,-13.179193841196435,-11.857054355843061,-10.761962826387624,-14.478038592543447,2.3933606564810468e-06,0.6497605865264964,2.137712329672173,3.3160418681987163
2022-08-15,5.155463666427359e-07,5.599926290254669e-06,2.1209857793741585e-05,1.0115709980017635e-05,-14.478038592543447,-12.09275712276432,-10.761044494089953,-11.501420899000347,1.11487036352402e-06,0.44346717141817515,1.4590069939657964,3.3160418681987163
2022-08-22,1.0115709980017635e-05,5.286706673775547e-06,2.1413347473208443e-05,3.593398190209517e-05,-11.501420899000347,-12.150315062905348,-10.751496116663688,-10.233827139096945,6.580835643223744e-06,1.0774318574576625,3.5447508110357093,3.3160418681987163
2022-08-29,3.593398190209517e-05,1.2113686675108299e-05,2.231516505418097e-05,8.183956130796465e-05,-10.233827139096945,-11.321174614433072,-10.71024406335288,-9.410749796697383,1.3725675099850654e-05,1.5560234855597956,5.119317267491728,3.3160418681987163
2022-09-05,8.183956130796465e-05,3.2101199889180054e-05,2.486953480989588e-05,0.00011814913530950057,-9.410749796697383,-10.346617148801673,-10.601867005193386,-9.043562872940445,2.2251310741445407e-05,1.9811943909649474,6.518129546274677,3.3160418681987163
2022-09-12,0.00011814913530950057,6.150959712489452e-05,2.898293187152204e-05,0.00010642294299908857,-9.043562872940445,-9.69631734451517,-10.448803457399375,-9.14808937461079,2.8157176483834025e-05,2.228660120284904,7.3322917957373335,3.3160418681987163
2022-09-19,0.00010642294299908857,8.558640537966224e-05,3.2639846757683844e-05,5.545368039071376e-05,-9.14808937461079,-9.365984103087271,-10.329976722803291,-9.79996247322868,2.6979387040139345e-05,2.1815507956223668,7.177302117597587,3.3160418681987163
2022-09-26,5.545368039071376e-05,9.04663300018169e-05,3.4222139829614276e-05,5.532505843866417e-06,-9.79996247322868,-9.310532820662818,-10.282637759906024,-12.10486970874225,1.8499821490581957e-05,1.806479590512624,5.943317852786533,3.3160418681987163
2022-10-03,5.532505843866417e-06,7.138956613579234e-05,3.404066031899439e-05,1.1135797704267485e-05,-12.10486970874225,-9.547358831849065,-10.287954856121912,-11.40534562046147,4.728820402963132e-06,0.9133257464249523,3.004841705738093,3.3160418681987163
2022-10-10,1.1135797704267485e-05,4.4636231734484064e-05,3.4880951090995495e-05,4.65052625652623e-05,-11.40534562046147,-10.016964658004415,-10.263569691778175,-9.975945078328094,7.338957270915516e-06,1.1378014161484846,3.7433666591285144,3.3160418681987163
2022-10-17,4.65052625652623e-05,2.9656811626027496e-05,3.796063716644578e-05,6.112945312022324e-05,-9.975945078328094,-10.425818724469451,-10.178960799156732,-9.702516760140277,1.7825609980926026e-05,1.7732562140410932,5.834012944195197,3.3160418681987163
2022-10-24,6.112945312022324e-05,3.107575480840487e-05,4.178839598754495e-05,3.9400326943916536e-05,-9.702516760140277,-10.37908263097014,-10.082891864927255,-10.141736443625867,2.1476814391156707e-05,1.9464095300321673,6.4036873538058305,3.3160418681987163
2022-10-31,3.9400326943916536e-05,3.9542710083417394e-05,4.415564714501821e-05,6.4477996338228605e-06,-10.141736443625867,-10.13812920227171,-10.027789730939423,-11.951771627401744,1.6635418078813616e-05,1.7130346608001608,5.635884034032529,3.3160418681987163
2022-11-07,6.4477996338228605e-06,3.837071056580624e-05,4.4506284928260155e-05,7.106502805324598e-07,-11.951771627401744,-10.168216135091212,-10.019880144421785,-14.157085398006723,5.6853511022667846e-06,1.001446920430564,3.2947603682165556,3.3160418681987163
2022-11-14,7.106502805324598e-07,2.692205749462378e-05,4.4521292921636284e-05,8.136515111103174e-06,-14.157085398006723,-10.522564626144632,-10.019542990612129,-11.719148588648036,1.5508233429128796e-06,0.5230346429155835,1.72078397519227,3.3160418681987163
2022-11-21,8.136515111103174e-06,1.3673822992343765e-05,4.436904716248902e-05,1.2076264511592987e-05,-11.719148588648036,-11.200027283390174,-10.022968467618353,-11.324268642451571,6.771102415542689e-06,1.0928963656732191,3.595629043064891,3.3160418681987163
2022-11-28,1.2076264511592987e-05,6.842807384262877e-06,4.2533838132450386e-05,7.712700429324453e-06,-11.324268642451571,-11.89231247424001,-10.065210607474324,-11.772642181475696,8.683197569808932e-06,1.2376251659182984,4.071786795871202,3.3160418681987163
2022-12-05,7.712700429324453e-06,7.159032583138275e-06,3.6831771911016524e-05,2.8478748615751486e-06,-11.772642181475696,-11.847135700207284,-10.209149718129236,-12.768937504433563,6.3918685800923525e-06,1.0618500918341962,3.4934868021345054,3.3160418681987163
2022-12-12,2.8478748615751486e-06,7.693338728398948e-06,2.796244418425303e-05,9.284364719433817e-07,-12.768937504433563,-11.775155703727703,-10.484648227242891,-13.8897638785877,3.277259547567408e-06,0.7603345212410725,2.5015005748831283,3.3160418681987163
2022-12-19,9.284364719433817e-07,5.891319068608999e-06,1.9847482143703402e-05,3.888810892991859e-07,-13.8897638785877,-12.042030634846112,-10.827433403022399,-14.75999222309406,1.551712291120102e-06,0.5231845259118297,1.72127709024992,3.3160418681987163
2022-12-26,3.888810892991859e-07,2.969473213035549e-06,1.5611728351286893e-05,4.427119242875241e-07,-14.75999222309406,-12.72712599022977,-11.067488108791721,-14.630346562202817,8.895724292335555e-07,0.3961320190502141,1.3032743426752045,3.3160418681987163
2023-01-02,4.427119242875241e-07,1.151976086776317e-06,1.5220205742088519e-05,9.240354596664272e-07,-14.630346562202817,-13.674031753912695,-11.092886687745063,-13.894515389778709,9.876220131950143e-07,0.4173925288353884,1.3732214198684278,3.3160418681987163
2023-01-09,9.240354596664272e-07,6.710162362991365e-07,1.44346855694269e-05,1.3895447443972215e-06,-13.894515389778709,-14.214472503100358,-11.145876527599476,-13.486534386485111,1.5384823190742447e-06,0.5209494035745668,1.7139235377603246,3.3160418681987163
2023-01-16,1.3895447443972215e-06,7.862933044125964e-07,1.0964245737052664e-05,1.5987036279682973e-06,-13.486534386485111,-14.055935953294115,-11.420870966690932,-13.346317489654128,1.8134159424668885e-06,0.5655851591503787,1.8607751736047458,3.3160418681987163
2023-01-23,1.5987036279682973e-06,1.0887489390798744e-06,6.384957314571512e-06,1.4851410172713944e-06,-13.346317489654128,-13.730481283218865,-11.961565753768912,-13.420000829092615,1.6890826025815475e-06,0.545851784915452,1.7958523723718374,3.3160418681987163
2023-01-30,1.4851410172713944e-06,1.3493562123258419e-06,3.468404550983424e-06,1.1130138266007934e-06,-13.420000829092615,-13.515882959015887,-12.57181585331665,-13.708439062926113,1.365532564704912e-06,0.490795216372314,1.6147162618649131,3.3160418681987163
2023-02-06,1.1130138266007934e-06,1.3966008040594334e-06,3.058036411966342e-06,8.084884354197681e-07,-13.708439062926113,-13.481469270808283,-12.697737543410456,-14.028099461779517,1.1112354672784185e-06,0.4427436464003894,1.4566265966572811,3.3160418681987163
2023-02-13,8.084884354197681e-07,1.2513367268150702e-06,3.0655624238807505e-06,6.758323778213073e-07,-14.028099461779517,-13.59129819657904,-12.695279506590781,-14.207320753453859,9.230335487532327e-07,0.40351346693768503,1.3275593062249837,3.3160418681987163
2023-02-20,6.758323778213073e-07,1.0206189142783226e-06,2.4916637520898376e-06,6.79451198072706e-07,-14.207320753453859,-13.79510133597962,-12.90255989708615,-14.201980426283637,7.913035683805045e-07,0.37361203067128473,1.2291835809085268,3.3160418681987163
2023-02-27,6.79451198072706e-07,8.191964594786506e-07,1.61498580489597e-06,7.900692415094762e-07,-14.201980426283637,-14.014941904595982,-13.336184390866382,-14.05114524784581,7.136071383590795e-07,0.354796137530472,1.1672792924752529,3.3160418681987163
2023-03-06,7.900692415094762e-07,7.384603132058211e-07,1.082475713525587e-06,7.265190045917302e-07,-14.05114524784581,-14.118698476153847,-13.73625981286363,-14.135001195170537,7.050089737668076e-07,0.35265221248769285,1.1602257790845094,3.3160418681987163
2023-03-13,7.265190045917302e-07,7.179679554988116e-07,9.192944937576318e-07,3.876055453513152e-07,-14.135001195170537,-14.146840899118642,-13.899659315697999,-14.763277650140205,6.430421482228051e-07,0.3367976171924362,1.1080641605631152,3.3160418681987163
2023-03-20,3.876055453513152e-07,6.459112473813137e-07,8.776921147890114e-07,3.9585416714244936e-08,-14.763277650140205,-14.252603730557022,-13.9459699713365,-17.044805051303904,4.387939003626354e-07,0.2782143850054646,0.9153253266679785,3.3160418681987163
2023-03-27,3.9585416714244936e-08,4.859448020416985e-07,8.50823216897862e-07,1.7343142162729188e-07,-17.044805051303904,-14.537170795542053,-13.977061465678283,-15.567483580093072,1.1315647544211385e-07,0.14128270335744883,0.46482009404600666,3.3160418681987163
2023-04-03,1.7343142162729188e-07,3.317853470711523e-07,8.301093320778442e-07,1.0928898036284132e-06,-15.567483580093072,-14.91877762209666,-14.001708419435802,-13.726685173954653,2.744860670417602e-07,0.2200439552138765,0.7239446126536537,3.3160418681987163
2023-04-10,1.0928898036284132e-06,4.233780468303231e-07,8.430981277672277e-07,1.885612085924321e-06,-13.726685173954653,-14.675000329305707,-13.986182482673517,-13.181258075754279,8.167437319780662e-07,0.37957027586592035,1.248786207598878,3.3160418681987163
2023-04-17,1.885612085924321e-06,7.978796819735745e-07,8.81257154038543e-07,1.868088858620227e-06,-13.181258075754279,-14.04130802533342,-13.941916364794963,-13.190594650434473,1.1172736198207461e-06,0.44394489132816883,1.4605786924696755,3.3160418681987163
2023-04-24,1.868088858620227e-06,1.25500554245007e-06,9.019790948579223e-07,1.0495922061637454e-06,-13.190594650434473,-13.588370569095403,-13.918674493584824,-13.767108844314125,1.099816734088323e-06,0.4404630198929079,1.4491233354476671,3.3160418681987163
2023-05-01,1.0495922061637454e-06,1.4740457385841835e-06,8.684753401573339e-07,1.8377538023022063e-07,-13.767108844314125,-13.427499734431485,-13.956526645269586,-15.509551584689785,7.682637656440063e-07,0.36813275901446574,1.2111567771575924,3.3160418681987163
2023-05-08,1.8377538023022063e-07,1.2467671327346353e-06,7.969954596672898e-07,7.246578496766277e-09,-15.509551584689785,-13.594956650697906,-14.042416854951231,-18.74273641095505,2.6797616647621946e-07,0.21741894067998102,0.7153083148371375,3.3160418681987163
2023-05-15,7.246578496766277e-09,7.771757558777466e-07,7.353614706732127e-07,1.8669971478119077e-07,-18.74273641095505,-14.067599314116826,-14.1229036617917,-15.493764314085007,3.898702736253296e-08,0.08292955822112412,0.27283824654749833,3.3160418681987163
2023-05-22,1.8669971478119077e-07,3.568284699179876e-07,6.977358812085884e-07,3.743017947465917e-07,-15.493764314085007,-14.846010647052758,-14.175425199476964,-14.798203427106055,2.73221536648861e-07,0.21953650963987534,0.7222751167151898,3.3160418681987163
2023-05-29,3.743017947465917e-07,1.8800586706369912e-07,6.742628501835027e-07,3.9416807000148943e-07,-14.798203427106055,-15.48679266681778,-14.209645816623196,-14.746488444997292,4.1911630259143344e-07,0.2719046078629946,0.8945661598692521,3.3160418681987163
2023-06-05,3.9416807000148943e-07,2.4060403950651634e-07,6.438089139136575e-07,2.894565260002225e-07,-14.746488444997292,-15.24011324424288,-14.25586387239679,-15.055260720466464,4.231907451316318e-07,0.2732230726736303,0.8989039090962436,3.3160418681987163
2023-06-12,2.894565260002225e-07,3.1115652638238036e-07,6.101887232527724e-07,1.5230199123185389e-07,-15.055260720466464,-14.982969751115386,-14.30949754524632,-15.697400502725946,3.440216256162897e-07,0.24634409828269377,0.8104720833500625,3.3160418681987163
2023-06-19,1.5230199123185389e-07,3.0255709549504616e-07,5.920884498589676e-07,3.462448556445203e-08,-15.697400502725946,-15.010995831847525,-14.339609804677197,-17.178704729893624,2.3316577738368816e-07,0.2028064178730116,0.6672331148022081,3.3160418681987163
2023-06-26,3.462448556445203e-08,2.1763776819951124e-07,5.91706839770522e-07,5.437984000353546e-09,-17.178704729893624,-15.340433769932307,-14.340254527806284,-19.02985743293363,9.772997344076196e-08,0.13129953280552983,0.4319754629301932,3.3160418681987163
2023-07-03,5.437984000353546e-09,1.2045524669922725e-07,5.787842676453729e-07,1.0100023103866898e-07,-19.02985743293363,-15.931987549687443,-14.362336023544371,-16.108143032596193,3.299744775130082e-08,0.07629383843620312,0.25100672845510824,3.3160418681987163
2023-07-10,1.0100023103866898e-07,7.334117295883888e-08,5.024850697538541e-07,1.7656979468153845e-07,-16.108143032596193,-16.428143680991816,-14.503699909387217,-15.549549601448609,1.8404315254004174e-07,0.18018105368784854,0.5927956666330216,3.3160418681987163
2023-07-17,1.7656979468153845e-07,7.940812382126003e-08,3.7102027811979386e-07,1.354083376562992e-07,-15.549549601448609,-16.34866515879794,-14.807009117827835,-15.814970900400276,2.361728579648723e-07,0.2041100001102432,0.6715219003627001,3.3160418681987163
2023-07-24,1.354083376562992e-07,1.0460408684422183e-07,2.3773716112256867e-07,2.5888545260782904e-08,-15.814970900400276,-16.07308321491038,-15.252100138566563,-17.469465233993663,1.775494842664947e-07,0.17697380886619823,0.5822438311697922,3.3160418681987163
2023-07-31,2.5888545260782904e-08,1.0971672715932917e-07,1.5899072566849466e-07,3.041911909102024e-08,-17.469465233993663,-16.025364000347338,-15.654419965556354,-17.308194508752173,5.956453909128284e-08,0.10250455938982565,0.3372400003925264,3.3160418681987163
2023-08-07,3.041911909102024e-08,9.207144917241698e-08,1.4719409019624845e-07,2.235150103993439e-07,-17.308194508752173,-16.20070093987244,-15.731513779580904,-15.313787264524498,6.464915150964591e-08,0.10679002915207739,0.35133919591033463,3.3160418681987163
2023-08-14,2.235150103993439e-07,1.0380775310186834e-07,1.6383012341952367e-07,4.503812521207079e-07,-15.313787264524498,-16.080725176307755,-15.62443577877555,-14.613171385941296,2.1689448093545776e-07,0.1956021125576479,0.6435309503146616,3.3160418681987163
2023-08-21,4.503812521207079e-07,1.8255098171797053e-07,1.841133185994865e-07,5.918540166052829e-07,-14.613171385941296,-15.516236351056046,-15.50771440694884,-14.340005826043758,3.3251159910129935e-07,0.24218803868372446,0.7967986472694535,3.3160418681987163
2023-08-28,5.918540166052829e-07,3.2404234955409553e-07,2.008481048963089e-07,5.961659043299313e-07,-14.340005826043758,-14.942391621195398,-15.420716911603563,-14.332746845647161,3.920777507163618e-07,0.2629876712440456,0.86522943839291,3.3160418681987163
2023-09-04,5.961659043299313e-07,4.654790458638233e-07,2.163863998446506e-07,6.84863128289597e-07,-14.332746845647161,-14.58019875549848,-15.346200139247346,-14.194046831365323,3.963865864232651e-07,0.2644288067610334,0.8699707742438,3.3160418681987163
2023-09-11,6.84863128289597e-07,5.808160753363866e-07,2.4680229232844863e-07,1.2397607129906014e-06,-14.194046831365323,-14.358831695898076,-15.214678256755523,-13.600592170363766,4.4214519662103335e-07,0.2792747977959169,0.9188140847485666,3.3160418681987163
2023-09-18,1.2397607129906014e-06,7.7816094055386e-07,3.304529632329677e-07,2.6874646542733773e-06,-13.600592170363766,-14.066332469696407,-14.922801507804403,-12.826912316495259,6.726237186560921e-07,0.34445728903731254,1.1332644809327583,3.3160418681987163
2023-09-25,2.6874646542733773e-06,1.3020635999708835e-06,5.345175915951927e-07,5.7748994202055296e-06,-12.826912316495259,-13.551560167467013,-14.441901194777458,-12.061989718122712,1.1877670572541238e-06,0.45773585057282484,1.5059509483845936,3.3160418681987163
2023-10-02,5.7748994202055296e-06,2.596746978939783e-06,9.783223174571295e-07,1.0415023042583135e-05,-12.061989718122712,-12.861251058239654,-13.837426653255108,-11.472261270811815,2.142124306927543e-06,0.6147119062959645,2.0224021717137233,3.3160418681987163
2023-10-09,1.0415023042583135e-05,5.029286957513168e-06,1.7717086875759345e-06,1.3346486997213014e-05,-11.472261270811815,-12.200232341850903,-13.243566116826651,-11.224257354023251,3.4748455463479374e-06,0.7829193792312055,2.575804757670666,3.3160418681987163
2023-10-16,1.3346486997213014e-05,8.05596852856877e-06,2.7847792416168174e-06,1.3045591731668686e-05,-11.224257354023251,-11.729097309138467,-12.79134195465076,-11.247060279601847,4.461420473455166e-06,0.8871271450685586,2.918648307275558,3.3160418681987163
2023-10-23,1.3045591731668686e-05,1.0645500297917598e-05,3.7778702719254624e-06,9.669328477388847e-06,-11.247060279601847,-11.450373262327956,-12.48635012723908,-11.546551694820561,4.722571639411254e-06,0.9127221029383178,3.0028557186670657,3.3160418681987163
2023-10-30,9.669328477388847e-06,1.1619107562213427e-05,4.5196733436276214e-06,4.83668450371062e-06,-11.546551694820561,-11.362859611364843,-12.307070835840605,-12.239281091863566,4.13028528755164e-06,0.8535703396464227,2.8082464174367305,3.3160418681987163
2023-11-06,4.83668450371062e-06,1.0224522927495299e-05,4.889386065521436e-06,1.8075607036518326e-06,-12.239281091863566,-11.490721514581574,-12.228443811332546,-13.223532299161066,2.805536898339948e-06,0.7034889543320256,2.3144786597523646,3.3160418681987163
2023-11-13,1.8075607036518326e-06,7.3397913541050035e-06,5.011235734233166e-06,6.458079454778978e-07,-13.223532299161066,-11.822200141613125,-12.20382801974193,-14.252763675387458,1.591214678075567e-06,0.5298021038204076,1.743048921569141,3.3160418681987163
2023-11-20,6.458079454778978e-07,4.239845407557306e-06,5.026268556799104e-06,3.3283854600627427e-07,-14.252763675387458,-12.370983749866875,-12.200832686764802,-14.915608311370201,8.805295662660296e-07,0.3941134550980563,1.2966332672726053,3.3160418681987163
2023-11-27,3.3283854600627427e-07,1.905722924711663e-06,5.006344289829949e-06,4.335763643288398e-07,-14.915608311370201,-13.170649133335365,-12.204804591884146,-14.651197898618433,6.103102115441293e-07,0.3281138846747946,1.0794946805800743,3.3160418681987163
2023-12-04,4.335763643288398e-07,8.049458898662179e-07,4.993837402137558e-06,8.044331065544406e-07,-14.651197898618433,-14.032490779344542,-12.207305925279597,-14.03312802306435,7.363288531941866e-07,0.36040034642526986,1.185717139739138,3.3160418681987163
2023-12-11,8.044331065544406e-07,5.541639905918699e-07,5.003035092773316e-06,1.2329593273174007e-06,-14.03312802306435,-14.405805182103324,-12.20546581113675,-13.60609332109224,1.0784907501604643e-06,0.4361717188542901,1.4350049550306145,3.3160418681987163
2023-12-18,1.2329593273174007e-06,7.009518360517456e-07,5.002511909259992e-06,1.659165872606667e-06,-13.60609332109224,-14.170826659759099,-12.205570389829688,-13.309195568265936,1.3786610400766797e-06,0.493148869480126,1.6224597805896146,3.3160418681987163
2023-12-25,1.659165872606667e-06,1.0325336677018438e-06,4.923412002977937e-06,2.045055585620922e-06,-13.309195568265936,-13.783494904699177,-12.221508771277433,-13.100085587606188,1.6153819137613826e-06,0.5338102374322807,1.7562356811522035,3.3160418681987163
2024-01-01,2.045055585620922e-06,1.4354034730248643e-06,4.6365009387791215e-06,2.2179784890266913e-06,-13.100085587606188,-13.45406458240142,-12.281550584230335,-13.01891436744801,1.7793543247547893e-06,0.5602482511233255,1.8432167461957412,3.3160418681987163
2024-01-08,2.2179784890266913e-06,1.788789818642927e-06,4.00595905004401e-06,1.633380972852079e-06,-13.01891436744801,-13.23397124572649,-12.427727542928658,-13.32485847488886,1.7825130548389124e-06,0.5607453101663751,1.844852070447374,3.3160418681987163
2024-01-15,1.633380972852079e-06,1.8888952300265965e-06,3.1049508943239387e-06,5.636615225424399e-07,-13.32485847488886,-13.179518434177009,-12.682512657736439,-14.388811902938945,1.3865282472258415e-06,0.4945539230565646,1.6270824068560976,3.3160418681987163
2024-01-22,5.636615225424399e-07,1.6150191425105398e-06,2.1448024166988425e-06,8.400482509717308e-09,-14.388811902938945,-13.336163748412197,-13.052463123254109,-18.59497669111384,6.715580510638419e-07,0.3441843113909489,1.132366384476222,3.3160418681987163
2024-01-29,8.400482509717308e-09,1.1058553667327387e-06,1.401654109400448e-06,1.488032166380176e-06,-18.59497669111384,-13.714891434904855,-13.477857512058222,-13.418056004596044,4.983274500405815e-08,0.09375764618800889,0.3084626559585492,3.3160418681987163
2024-02-05,1.488032166380176e-06,9.233687860711099e-07,1.1440654680673369e-06,4.520159948561427e-06,-13.418056004596044,-13.895237130703356,-13.680922439312502,-12.30696317789636,1.0342106698696742e-06,0.42712382533055976,1.4052373853375417,3.3160418681987163
2024-02-12,4.520159948561427e-06,1.645063529998447e-06,1.3527269484449982e-06,5.696159513221603e-06,-12.30696317789636,-13.317731554432829,-13.513388041082527,-12.075718379818767,2.0504160358538254e-06,0.6014095016913308,1.9786372605644782,3.3160418681987163
2024-02-19,5.696159513221603e-06,2.928188027668238e-06,1.7412155305791293e-06,3.936266361144971e-06,-12.075718379818767,-12.74112674682723,-13.260927107839215,-12.44527790800886,2.4632015901333505e-06,0.6591727850112769,2.168678462687101,3.3160418681987163
2024-02-26,3.936266361144971e-06,3.910154497327051e-06,2.018402285589798e-06,8.60610292539822e-07,-12.44527790800886,-12.451933671364756,-13.113204307243175,-13.965624056887863,2.034339415276806e-06,0.5990471374231151,1.9708650821220488,3.3160418681987163
2024-03-04,8.60610292539822e-07,3.7532990288669624e-06,2.051251049298335e-06,7.757992215482609e-08,-13.965624056887863,-12.492875363696099,-13.09706068300131,-16.371957178353163,8.281461453174985e-07,0.38221064877107586,1.2574730344568397,3.3160418681987163
2024-03-11,7.757992215482609e-08,2.6426540222653123e-06,1.9953392658829804e-06,1.0435934712882843e-06,-16.371957178353163,-12.843726834329068,-13.124696463993978,-13.772840539655606,1.9893625715117607e-07,0.1873295378776862,0.6163141796175876,3.3160418681987163
2024-03-18,1.0435934712882843e-06,1.4795125117819825e-06,1.9807726615730483e-06,1.596338239719134e-06,-13.772840539655606,-13.423797908378145,-13.13202355626127,-13.347798151741992,9.516617859061082e-07,0.4097232468799366,1.3479894822349914,3.3160418681987163
2024-03-25,1.596338239719134e-06,8.945304814255233e-07,1.9759397667355457e-06,1.0114779468501333e-06,-13.347798151741992,-13.926966858082395,-13.134466441524479,-13.8040979829983,1.2470884421769942e-06,0.4690270793888363,1.5430990911892715,3.3160418681987163
2024-04-01,1.0114779468501333e-06,9.322473950031011e-07,1.8964337945224081e-06,1.8657101932177763e-07,-13.8040979829983,-13.885667612202889,-13.175535385721602,-15.494453869695745,9.389663264962607e-07,0.40698115434739773,1.3389679978029385,3.3160418681987163
2024-04-08,1.8657101932177763e-07,9.59495169294839e-07,1.7401716814681843e-06,7.168577025322137e-08,-15.494453869695745,-13.856858556118064,-13.261526782094704,-16.45097357133525,3.3543553836640385e-07,0.24325054772360458,0.8002943020106591,3.3160418681987163
2024-04-15,7.168577025322137e-08,7.165182440360733e-07,1.6200412812682717e-06,4.8077322546733e-07,-16.45097357133525,-14.148862127286272,-13.333058926780284,-14.547870142739974,1.8829878728924127e-07,0.1822523143277532,0.5996101141383081,3.3160418681987163
2024-04-22,4.8077322546733e-07,4.3762699047312234e-07,1.6136652584163403e-06,2.915815952237233e-06,-14.547870142739974,-14.641898909328603,-13.33700240837733,-12.745360862326518,5.940381423109597e-07,0.32371025362761263,1.0650067344348455,3.3160418681987163
2024-04-29,2.915815952237233e-06,9.137114918198973e-07,1.837312602241534e-06,1.0371140568552373e-05,-12.745360862326518,-13.905750969785625,-13.207206596234936,-11.47648355444676,1.7493520368854294e-06,0.5555049048447634,1.8276111369392718,3.3160418681987163
2024-05-06,1.0371140568552373e-05,3.459853879127546e-06,2.5206286331778566e-06,1.9231908268238197e-05,-11.47648355444676,-12.574284201252443,-12.891002229940058,-10.858939769369202,3.855799037072195e-06,0.82471992223999,2.7133285441695674,3.3160418681987163
2024-05-13,1.9231908268238197e-05,8.24990950362379e-06,3.6523015808453007e-06,2.2368291711893082e-05,-10.858939769369202,-11.705308326935569,-12.520153019001057,-10.707866150514853,5.950763908150937e-06,1.0245558810517976,3.370788848660414,3.3160418681987163
2024-05-20,2.2368291711893082e-05,1.3721789125230228e-05,4.934773288435414e-06,1.8149456054076832e-05,-10.707866150514853,-11.196525541454657,-12.219203825660847,-10.91686996717486,6.920492281728847e-06,1.1048867989513536,3.6350775685499532,3.3160418681987163
2024-05-27,1.8149456054076832e-05,1.753019915069013e-05,6.028095572507096e-06,8.983817318421843e-06,-10.91686996717486,-10.951585498531479,-12.019079422563419,-11.620085674837517,6.386197126921136e-06,1.0613789018012787,3.491936586926207,3.3160418681987163
2024-06-03,8.983817318421843e-06,1.7183368338157495e-05,6.652957651421098e-06,2.0196062528280013e-06,-11.620085674837517,-10.971568599033324,-11.920449042560556,-13.112607989893952,4.316909486211375e-06,0.8726412970789811,2.8709898673898477,3.3160418681987163
2024-06-10,2.0196062528280013e-06,1.2880292834304946e-05,6.802344292242111e-06,1.2783088278150012e-07,-13.112607989893952,-11.259812101963833,-11.898243256335313,-15.872557674887956,1.8055598998322224e-06,0.5643587213204063,1.8567401931441367,3.3160418681987163
2024-06-17,1.2783088278150012e-07,7.320177627027052e-06,6.731901016203127e-06,1.3501697640555711e-08,-15.872557674887956,-11.824875964298165,-11.908652985219282,-18.120450408255767,3.557821244636865e-07,0.2505193939705952,0.8242088061632582,3.3160418681987163
2024-06-24,1.3501697640555711e-08,2.7861890379179826e-06,6.61014435912016e-06,4.86684807856607e-12,-18.120450408255767,-12.79083583210239,-11.926905064835351,-26.04857460015943,9.625706148904742e-08,0.13030635305566635,0.42870790155314226,3.3160418681987163
2024-07-01,4.86684807856607e-12,5.402359250245415e-07,6.53233873758154e-06,3.2563503729584753e-07,-26.04857460015943,-14.431259894606722,-11.938745526028333,-14.937488600204915,9.107277583093942e-10,0.012674871855990385,0.04170032840620837,3.3160418681987163
2024-07-08,3.2563503729584753e-07,1.167431211415031e-07,6.543035969733391e-06,1.1803715087224365e-06,-14.937488600204915,-15.96328986169209,-11.93710928465431,-13.649681331137382,7.149966911719244e-07,0.35514140327864824,1.1684152167867528,3.3160418681987163
2024-07-15,1.1803715087224365e-06,3.798782776267372e-07,6.628319488077178e-06,2.004780114188237e-06,-13.649681331137382,-14.783414957574943,-11.92415925677393,-13.119976171953843,1.4792581227844346e-06,0.5108239744365708,1.6806108758963179,3.3160418681987163
2024-07-22,2.004780114188237e-06,8.776978817636575e-07,6.745550787209556e-06,2.4316970533754983e-06,-13.119976171953843,-13.94596340074574,-11.90662741304547,-12.926921168488077,1.9760646053595666e-06,0.5904047733423465,1.9424317042963202,3.3160418681987163
2024-07-29,2.4316970533754983e-06,1.4856209283955124e-06,6.708310871912498e-06,2.305956494563499e-06,-12.926921168488077,-13.419677739503433,-11.912163371619698,-12.9800150024864,2.1717320233860934e-06,0.6189454975402171,2.036330686907314,3.3160418681987163
2024-08-05,2.305956494563499e-06,1.9807012927124254e-06,6.0879120969902785e-06,1.7062050617365806e-06,-12.9800150024864,-13.13205958772908,-12.009205376242658,-13.28123891580374,2.029840351873253e-06,0.5983843564720269,1.9686845327929685,3.3160418681987163
2024-08-12,1.7062050617365806e-06,2.112159680965961e-06,4.739781081105539e-06,8.706506946440743e-07,-13.28123891580374,-13.067799588460314,-12.259519608744641,-13.954024979975964,1.5846610263837486e-06,0.5287099441604,1.7394557162877158,3.3160418681987163
2024-08-19,8.706506946440743e-07,1.8286273260799207e-06,3.0861163874709993e-06,1.5991787970092794e-07,-13.954024979975964,-13.21194496761128,-12.688597090064686,-15.64860540534061,9.531973184928947e-07,0.41005366353947703,1.3490765530448794,3.3160418681987163
2024-08-26,1.5991787970092794e-07,1.260682532661278e-06,1.7023057586728526e-06,8.597864955303106e-08,-15.64860540534061,-13.58385729107504,-13.283526897253823,-16.269166832526036,3.0129050193970014e-07,0.23053772910776038,0.7584691287645317,3.3160418681987163
2024-09-02,8.597864955303106e-08,7.056880714086611e-07,1.0178566302983284e-06,9.67657900941496e-07,-16.269166832526036,-14.164092522286879,-13.797811484431554,-13.848387220251489,1.8568860882523505e-07,0.18098472476087993,0.595439744463295,3.3160418681987163
2024-09-09,9.67657900941496e-07,5.2105128120989e-07,9.369375263070589e-07,1.5451891485796658e-06,-13.848387220251489,-14.467417371610912,-13.880649231096168,-13.380364228842893,7.753345553672077e-07,0.36982295164953655,1.2167175109269752,3.3160418681987163
2024-09-16,1.5451891485796658e-06,6.896858946937879e-07,1.04596508521461e-06,1.0007065765229507e-06,-13.380364228842893,-14.187029568082966,-13.770570572214583,-13.81480423094899,1.0438531769437656e-06,0.4291103592467563,1.4117730819218282,3.3160418681987163
2024-09-23,1.0007065765229507e-06,8.998830688992936e-07,1.1219039220517175e-06,6.420794670048308e-08,-13.81480423094899,-13.921001005508112,-13.70048338550026,-16.5611388535293,8.133235001181343e-07,0.37877468951982374,1.24616872852022,3.3160418681987163
2024-09-30,6.420794670048308e-08,8.944403931861565e-07,1.1268426205019024e-06,8.303724765239653e-07,-16.5611388535293,-13.927067573237371,-13.696090977287932,-14.001391469925172,1.5896385679908657e-07,0.167455141274787,0.5509274147940493,3.3160418681987163
2024-10-07,8.303724765239653e-07,8.601190370817738e-07,1.165668577365604e-06,3.816420210951295e-06,-14.001391469925172,-13.966195042065994,-13.66221574940556,-12.476197692266975,7.364603155442929e-07,0.3604325174869954,1.1858229825322149,3.3160418681987163
2024-10-14,3.816420210951295e-06,1.4279268026746812e-06,1.3684415544601314e-06,7.110145081070807e-06,-12.476197692266975,-13.459286953991827,-13.501838017115983,-11.853987909143411,1.8692071386942639e-06,0.5742195915028223,1.8891824560442854,3.3160418681987163
2024-10-21,7.110145081070807e-06,2.9552864288116454e-06,1.7611619365280215e-06,9.304288121921117e-06,-11.853987909143411,-12.731914981579736,-13.249536775535459,-11.585035175695031,2.818054054584565e-06,0.7050565475397823,2.3196360414058836,3.3160418681987163
2024-10-28,9.304288121921117e-06,5.2653064726168034e-06,2.2898227879546077e-06,9.658350525578501e-06,-11.585035175695031,-12.154371204648545,-12.987036128565173,-11.547687677365513,3.471250214581556e-06,0.7825142413095026,2.5744718539082636,3.3160418681987163
2024-11-04,9.658350525578501e-06,7.472300984880437e-06,2.8553915595711456e-06,8.081437529069882e-06,-11.547687677365513,-11.804307576146604,-12.76630157554889,-11.725940789242136,3.7149853513746485e-06,0.8095204852148511,2.66332239635686,3.3160418681987163
2024-11-11,8.081437529069882e-06,8.538555314410085e-06,3.345794057058323e-06,5.103323034365936e-06,-11.725940789242136,-11.670918731405038,-12.607806506290176,-12.185618655051188,3.4672244828130154e-06,0.7820603549395762,2.5729785677512056,3.3160418681987163
2024-11-18,5.103323034365936e-06,8.036849802733868e-06,3.671384237036928e-06,1.8476492764490652e-06,-12.185618655051188,-11.731473367133544,-12.514941790706557,-13.201596388227609,2.7090006153348372e-06,0.691279761417232,2.2743104150626934,3.3160418681987163
