Date,ALICORC1.LM,BACKUSI1.LM,CONTINC1.LM,CPACASC1.LM,CREDITC1.LM,FERREYC1.LM,LUSURC1.LM
2015-01-05,0.008438849041840557,0.0016394231724354835,-0.021506044081581077,-0.028301944884620567,0.0,-0.024691084638289174,0.0
2015-01-06,0.0,0.0,-0.010988677281305481,-0.029126167708836914,0.001883154018958555,-0.03797489132114251,0.0018472712804677993
2015-01-07,0.0,0.01472987481425192,-0.004444376978203102,0.033999930081132446,0.03383442708370055,0.013157901458521026,0.0
2015-01-08,0.0,-0.004032143112920217,0.0,-0.029013387543298852,0.009091314270502915,0.0,0.0
2015-01-09,-0.020920577013318065,0.003238866773620508,0.0,-0.001992131307226641,-0.0018022242423967327,-0.0129870195352364,0.0018430625385961186
2015-01-12,0.005697988438280843,-0.00322841038250099,0.0,0.0,0.0018054781188316937,-0.01315800362803965,0.002759628034251005
2015-01-13,-0.008498501143677117,-0.004858300160430762,-0.006696615248132698,-0.021955971463795465,0.00720698099708228,-0.013333341615876515,0.00917440354832233
2015-01-14,-0.035714375781930485,-0.004068309751837917,0.0,-0.01632655503310576,-0.0017888279897766424,-0.020270335497567515,0.0027272522156103207
2015-01-15,-0.0029628946306035076,0.0,-0.011235727699929088,0.0,0.001792033629692158,0.0,0.0009066904661070296
2015-01-16,0.0,0.013071739913278257,-0.004545737885579104,0.006223918055857869,0.01073356865326991,-0.02068972312669748,0.0009053169563806307
2015-01-20,0.008915217619397398,0.007258104827068124,0.004566495979356766,0.0,0.008849751250877613,-0.0281687075556053,0.006335269554540446
2015-01-21,-0.013254835531482101,0.008807162376385236,-0.002272868942789552,0.010309452369080097,0.0087718256085898,-0.04347828044078872,0.00809330770498251
2015-01-22,-0.004477508978731337,0.03174603415971822,-0.00455597540770547,0.03673460771338144,0.008695647095661174,0.00757570231602922,0.01248914646739796
2015-01-23,-0.0029985517927189065,0.011538425542899633,0.0022883544500464925,0.0,-0.02068968179147046,0.03759406309849456,0.014096962673471047
2015-01-26,0.0,0.0007605656335358812,0.0,-0.005905480301835686,0.02112678831906778,0.021739083953126626,0.0
2015-01-27,-0.0075187443717412705,0.0,-0.00228312983971779,0.0,-0.001724638702038872,0.014184404193345435,0.0
2015-01-28,0.007575704154716423,0.0,0.0,0.0,-0.0034537865267817436,0.0,0.000868803091525594
2015-01-29,0.030075098151765234,0.0,-0.03890149275930732,0.0,-0.0034661444930738083,0.020978976931563587,0.019965427719524476
2015-01-30,0.01459867353367228,0.0,-0.021428679240400927,0.01188134342099234,0.0034782004383691056,0.02739716847670004,-0.020425669421009873
2015-02-02,-0.007194193936469029,-0.01747724004529061,-0.014598573232255663,0.01761231897824489,0.003465756509920759,-0.033333405805586525,-0.0008688787514656848
2015-02-03,0.01594212522207572,0.005413729589878624,0.04938274444427204,0.0,0.0,0.0068967171780458525,-0.004348020339932868
2015-02-04,0.002852886282325162,0.0,0.011764590564717459,0.01730749387539743,0.0,0.0,-0.004366627898168329
2015-02-05,0.019914763038141325,0.0,-0.01162779432530947,0.0,0.0,0.013698531054215923,-0.004385931742939442
2015-02-06,-0.01673646161065445,0.0,-0.007058656927660167,-0.01701304077635868,-0.0017268449329981284,-0.020270335497567515,-0.013216065550224254
2015-02-09,0.0,0.0,-0.004739387346382684,0.0,-0.0017299289127610251,0.0,-0.013393146985220095
2015-02-10,0.007092148533681231,-0.007692529334271336,0.007143057364826344,0.019230773322156836,-0.0034661444930738083,-0.006896288770605552,-0.002714518821906431
2015-02-11,-0.007042204175662814,-0.0007751568972366174,0.004727815403674063,-0.009433912048887216,0.0,-0.00694450136295266,-0.0009075132280483844
2015-02-12,0.014184410885926146,-0.0007757582315803813,0.0,0.007618795952081259,-0.013913580418748683,0.013985803621432868,0.0009083375563962992
2015-02-13,0.006992845323783081,0.009316921021794045,0.011764590564717459,0.007561711628953693,-0.029982204201482565,0.020689723126697368,0.0
2015-02-17,-0.02777758584065748,0.0,-0.01162779432530947,-0.005628591230087188,0.027273026994618643,-0.013513417090552426,0.002721907491022302
2015-02-18,-0.050000103168393095,0.0,-0.01176459056471757,0.018867824097774433,0.0,-0.02054790294959208,0.0199102279529082
2015-02-19,-0.03759384252350639,0.0,0.0,-0.0055555265319569,0.0,0.0,-0.009760736091078526
2015-02-20,-0.01562507640237143,0.0,0.0,-0.039106145826863115,0.0,-0.02097908553132921,0.0
2015-02-23,-0.04603182821468421,0.0,-0.011904643825139116,-0.0077520044655524645,0.0,0.007142916567987934,0.004480097110258097
2015-02-24,0.0,0.0,0.007228743339022348,0.015625135047770078,-0.008849454083241781,0.0,-0.015164765111958856
2015-02-25,-0.009983464921688223,-0.003846264667135668,-0.009569234047154929,-0.00961543984911617,0.0,-0.00709225716676698,0.00815211218010603
2015-02-26,-0.008403236116767743,0.003861115539410598,0.004831094503715994,-0.009708686766659258,0.0,0.007142916567987934,0.0
2015-02-27,-0.008474584915479588,0.0,-0.002403995820468241,0.0,0.0,0.021276661360112303,0.0
2015-03-02,0.0,0.0,0.012048071829043439,0.0,0.0,-0.00694450136295266,0.0008985440909810016
2015-03-03,-0.02564118918506675,0.0,0.0,0.0,-0.008928566074626998,0.0,0.010772067482901049
2015-03-04,-0.008771869933177356,-0.03846139391243175,0.023809287650278232,0.0,0.009009003558162698,0.0,0.007992834005557725
2015-03-05,0.008849496566028625,0.0,0.004651334356733594,-0.001960773892878076,0.0,-0.013986020820964229,0.0008812040293082468
2015-03-06,-0.007017312938230158,0.03999984365570963,0.0046297996107393935,-0.01571711731821479,0.0,0.014184404193345435,-0.010563605129987108
2015-03-09,-0.04593639751306233,0.0,-0.00921692669784091,-0.03193617931339365,0.0,-0.02097908553132921,0.0008895955516814436
2015-03-10,0.0,-0.015384690210035301,-0.01162779432530947,0.0,0.008928466134331403,0.0,-0.00977762770841839
2015-03-11,-0.018518462106900113,0.028973800260723603,0.0,0.0,0.0,-0.007142916567987934,-0.012567386005755576
2015-03-12,-0.007547070687067503,0.01153850210260754,0.011764590564717459,0.00618553455819848,0.010619384522241537,0.0,0.0
2015-03-13,0.019011193388053016,0.04942949402392638,-0.004650732616150788,0.0,0.015761991304499512,0.007194304887564451,0.0
2015-03-16,-0.0018656286294201907,0.0,0.009345530536566171,-0.02663920536016895,0.0,-0.01428561128215422,0.0
2015-03-17,0.028037260526112107,-0.0036232244031793037,0.030092619351445915,0.0,0.0,-0.0072465488752679885,0.0
2015-03-18,0.009091064932999604,0.0,0.0,-0.02105251880263126,0.0,0.007299444657742571,0.0
2015-03-19,0.0,-0.0181816556385207,-0.0022472153148351826,0.0,0.0,0.0,0.0
2015-03-20,0.019819795071834845,0.0,-0.002252276665451025,0.010752510374342439,0.0,0.021739083953126626,0.0
2015-03-23,0.0017668145096407795,0.0,-0.04288944760893687,0.0,0.0,-0.01418451433353396,-0.013635944406773737
2015-03-24,0.005290741344168071,0.0,0.01886800858239246,0.0,-0.012069286609612928,-0.007194081437658872,0.0
2015-03-25,0.003509113989894397,0.0,0.0,0.0,-0.005235171003800221,0.0,-0.010138730125657025
2015-03-26,0.00349642231854852,0.0,0.0,0.0,0.0,-0.0072465488752679885,-0.0027931941676989647
2015-03-27,0.008710809552470833,-0.022222580213613452,0.0,0.0,0.0,-0.00729933130176752,-0.028944936351810724
2015-03-30,0.003454151488462953,0.0,0.0,-0.010638123837417024,-0.014035529732824514,0.022058895737466555,0.014423135698740763
2015-03-31,0.03270224287002055,0.022727647176050025,0.0046297996107393935,0.010752510374342439,0.0,0.014388609775128902,0.00473938304650301
2015-04-01,0.03333336676753773,0.0,0.009216390122895435,0.021276718445562226,0.014235330132150947,0.0,0.0018868601921793182
2015-04-02,0.0,0.0,0.0,0.0,0.0,0.0,0.0
2015-04-06,0.008064394534297303,-0.018518560024766817,0.0,0.008333288197377886,0.0087718256085898,0.0,0.003766285309437345
2015-04-07,-0.0031998622660445175,-0.003773907521817388,0.002283247989678383,0.0,-0.008695549762502197,0.0,0.0009381609463956497
2015-04-08,-0.02086667764467709,-0.003787487516040522,0.013667336819068954,-0.028925693035920075,-0.008772120169435293,-0.01418451433353396,0.0074976000726059144
2015-04-09,0.0,-0.019011592760818097,0.006741762235921156,0.0,-0.0035398608779996232,-0.007194081437658872,0.0
2015-04-10,0.0,0.007752088561119308,0.006696268710162601,0.010638359222781002,0.0,0.0,0.0
2015-04-13,-0.01639358818436709,0.0,-0.0022172040715866537,-0.00421062021433094,-0.0017764168191581886,0.0,0.0004690417080959186
2015-04-14,0.008333475428701664,-0.007692455961255118,-0.008152528598307174,0.01057088584072452,0.0,-0.0072465488752679885,0.00844292211857578
2015-04-15,0.008264469934751828,0.0,0.009323794191527623,-0.008368272013683065,0.0,0.02189788054932751,0.013953244878769144
2015-04-16,0.0,0.0,-0.004619061803184721,-0.008438774249134973,0.0,-0.007142916567987934,0.020183624563455682
2015-04-17,-0.01639358818436709,0.015504103822674864,0.002320132865229141,-0.042553083813078096,-0.00711721693505063,0.0,0.0
2015-04-20,0.016666817120586153,0.0,-0.00462975489702222,0.0,-0.01433717172420279,0.0,-0.01079124181870117
2015-04-21,-0.01639358818436709,-0.007633662170713595,-0.0046508265263452975,-0.015555655806461455,0.015854723763168987,-0.007194081437658872,-0.009091168749317369
2015-04-22,0.0,0.0,-0.002336395106446898,0.0,0.0,0.0,-0.013761231052066392
2015-04-23,-0.008333475428701775,0.0,0.0023418666321863846,-0.006771910658752711,0.009058007126242718,0.04545461195222544,-0.004651135154952302
2015-04-24,0.008403505838118663,0.0,-0.004673022643764013,0.0068180821016088355,0.023339687942496523,-0.043478536993984296,-0.0046727886333928215
2015-04-27,0.008333475428701664,0.0,-0.002347481154472697,0.02257336850470626,0.0,0.007575939165616941,-0.0009389290098347214
2015-04-28,0.004958695224004606,0.0,-0.011764672836950152,0.015452517605886396,-0.0017547414833827268,0.0,0.0
2015-04-29,-0.004934227891723819,0.0,0.0,0.054347779032131616,-0.01230235268234392,0.0,0.0
2015-04-30,0.0,0.0,0.007143168442155456,0.02886605604367576,-0.0017790320577995011,0.030075009940269126,0.0028196776475202245
2015-05-01,0.0,0.0,0.0,0.0,0.0,0.0,0.0
2015-05-04,-0.006611748368797854,0.0,0.007091917535219094,0.002003997352834519,0.008912590263310927,0.00729955340898103,0.002811344945383265
2015-05-05,-0.008319409460916694,-0.007692455961255118,0.004694962308945394,0.0,0.0,0.007246225489172531,0.005607491562908518
2015-05-06,0.0,0.007752088561119308,-0.004673022643764013,0.01399992565588759,0.0017663612372362802,-0.00719409545134142,0.011152285442803667
2015-05-07,-0.00503357545755323,0.0,0.0,-0.009861772188469176,-0.0035267859711446414,0.0,0.0
2015-05-08,-0.013490752166756326,0.0038460461413523106,-0.002347481154472697,-0.007968304848210095,-0.003539953263848261,0.007246225489172531,0.0018380817309717745
2015-05-11,-0.0017092937351638193,0.0,0.002353004788870905,0.0,0.0,-0.014388618372034312,-0.0009168399698514795
2015-05-12,-0.0068492938937079195,-0.0038313107434512217,0.0,0.014056373669302458,0.0,0.00729955340898103,0.0
2015-05-13,0.0,0.0,0.004694962308945394,0.0,0.0035525290506559504,0.0,0.0009176813367806069
2015-05-14,0.0,0.0,0.0,0.0,0.07787584014192706,-0.007246656056063228,0.010091891469840686
2015-05-15,-0.008620904930080386,0.0038460461413523106,-0.002336395106446898,0.0,0.018062521711071255,0.0,0.0
2015-05-18,-0.008695731657580641,0.0,0.0070253669213669045,0.0,0.0,0.0,0.0018166138793942466
2015-05-19,0.003509113989894397,0.0,-0.002325066238360929,-0.029702920409457767,-0.0016130519599468762,0.0,0.0
2015-05-20,0.0,0.0,0.0,-0.0020409181569128743,-0.014539582998170819,0.00729955340898103,-0.0027198231567164832
2015-05-21,-0.0034968431686109858,-0.0038313107434512217,0.0,-0.0020450920223538116,0.0,0.0,0.0
2015-05-22,0.0,0.0,0.0,0.0,-0.008196843905090678,0.0,0.0
2015-05-26,0.017544162193227963,0.0,0.0,-0.028688488354826625,-0.024793213950069393,0.0,0.009091011812916827
2015-05-27,0.0,0.0,-0.006993309421709282,0.012658394772702586,0.0,0.0,0.0
2015-05-28,-0.025862299744989325,0.0,0.0,0.0,0.0,0.0,-0.009909740936768219
2015-05-29,0.010619651517786544,0.0,0.007042560224480132,0.031249715499429787,-0.0474577907274788,0.036231665654475664,0.0009096453985153463
2015-06-01,-0.0017515540580468336,0.0,0.0,-0.016161644832475397,-3.935476291516693e-07,0.0,0.0
2015-06-02,-0.017543739866354713,0.0030770114787861402,0.0023304847698182307,-0.012320151984925976,0.0,-0.013986036505031385,0.0
2015-06-03,0.0,0.0,-0.002325066238360929,-0.0020788760798035044,0.003544389730370634,0.0,0.0
2015-06-04,0.021428795062474526,0.0,0.0,-0.004166759339426229,-0.0021978485241385126,0.0,0.0
2015-06-05,-0.0017483514426284152,-0.002300896929954832,0.0,-0.010460311086372132,0.0022026897024503,0.0,0.019090685385203532
2015-06-08,0.0,0.0,0.0023304847698182307,-0.01691311328498546,0.0,-0.028368840651013305,-0.009812349102677809
2015-06-09,0.0,0.026243882358122805,-0.002325066238360929,-0.010752867248863818,-0.010989340660148672,0.029197129361332008,0.0009007865708150486
2015-06-10,0.0035026865289486953,-0.0076334623624660924,-0.0023311804369137157,0.021739135663096487,0.004444638736924356,0.0,-0.0054007876032050595
2015-06-11,0.0017451602506493025,0.0,0.0,0.017021304140840465,0.006637308971598088,0.0,0.0
2015-06-12,0.019163669179776965,0.0,-0.004673022643764013,0.006276117218067201,0.0,0.0,0.009174703209044788
2015-06-15,0.0,0.0,-0.004694962308945283,-0.006236973242908728,-0.010989340660148672,0.0,0.0
2015-06-16,-0.035897294510974564,0.0,0.002358554478854469,0.002092039072689067,0.0,0.0,0.004545027421564818
2015-06-17,0.019503307211500953,0.0,0.011764555801148768,0.0020877870635036544,-0.024443877427615113,-0.007092052135506455,0.0
2015-06-18,0.026087055421264438,-0.0038464113125898924,-0.006976355464455075,0.0,0.0,0.007142708597267067,-0.0018096621596683793
2015-06-19,0.01016952909928448,0.0,-0.00936758301634144,0.014583023863936617,-0.0022781550033497133,0.0,-0.002719723230935167
2015-06-22,0.015100793689848402,0.0038612633195029833,-0.007092505480828959,0.03696125104511783,-0.004566408154415225,0.007092262838502172,0.004545027421564818
2015-06-23,0.008264469934751828,0.0,-0.002380898241943985,0.009900936957900619,0.002293831414645231,0.0070422122666446985,-0.0036197095833577775
2015-06-24,0.0,-0.007692679893253618,-0.009546440500260656,0.0,0.018306408641488803,0.0,0.0
2015-06-25,0.004917787057650003,0.007752315978507562,0.0,-0.019607847390662014,0.0,-0.013986036505031385,0.004541209681809821
2015-06-26,-0.004893720780929756,0.0,0.002409763175491575,0.0,0.011235792865893934,0.007092262838502172,0.006329244990264993
2015-06-29,0.0,0.0,0.0,0.0,0.0,0.0,0.0
2015-06-30,-0.01639358818436709,-0.0007693964480589566,0.0,0.020000004425244855,-0.0022217741599724894,0.0,-0.002695210974539286
2015-07-01,0.006666646606144022,-0.003079384131744134,0.009615103516112056,0.007842987109630828,-0.008908972068967236,0.0,-0.0036039400029592716
2015-07-02,-0.008278154163525064,0.0023166003803447577,-0.002380898241943985,-0.027237213386797854,0.0,-0.02112674140951365,0.004520911273940609
2015-07-06,0.0,0.0015410928428920556,-0.016706478620968634,0.0,-0.013482730905337137,0.007194309186017156,0.005400968764046166
2015-07-07,0.0,0.0,-0.0024271895940576327,-0.010000168159301714,-0.04328057572086286,-0.007142920805252917,-0.0062669886409544295
2015-07-08,-0.0033387542515582735,0.0,0.0,0.006060686655068759,-0.045237781667403,0.021582713823375732,0.0
2015-07-09,0.0,0.0,0.0,0.0,0.04738120214518604,0.0070422122666446985,0.0
2015-07-10,-0.02010064131164757,0.0007688255203541772,0.0,0.014056373669302458,-0.007142584032899468,-0.027971969132014718,0.0
2015-07-13,0.00854701733969887,0.0,0.004866190354706923,-0.009901046493656418,0.007193967550660041,0.0,0.006306511476743326
2015-07-14,-0.00508476454964224,0.0,0.016949128046843898,0.0,0.0,-0.00719409545134142,0.0
2015-07-15,0.0,-0.0007682348817714679,0.0,-0.0019999893794124812,0.002381215375726553,-0.007246656056063228,-0.009848342792852516
2015-07-16,-0.011924904609990294,0.0007688255203541772,0.0,0.056112147585015704,0.009500857193111,0.014598673108125126,0.008137655689719248
2015-07-17,-0.008620904930080386,-0.0007682348817714679,0.0,-0.003794941533443952,0.0,0.0,0.0
2015-07-20,-0.017391323763683797,0.0,0.0,0.0,0.004705982620527793,-0.02158282069071349,0.0008969448132292168
2015-07-21,-0.019468722019561624,0.0,0.023809337706682365,0.0,0.04215452050466961,-0.014705906446628392,0.006272224236365087
2015-07-22,-0.00722048328180247,0.0,0.023256214780596363,-0.01904772742095384,-0.020224747934952214,0.0,0.0026717416034118813
2015-07-23,-0.009090846090915039,0.0,-0.011363714725010743,-0.0038834747066637254,0.03210995657885585,0.022388041501428146,0.005328261837282078
2015-07-24,0.0,0.0,-0.03678168279697758,-0.027290411980164464,0.0,0.0,0.011484045252928343
2015-07-27,0.0,0.0,0.0,0.0,0.0,0.0,0.0
2015-07-28,0.0,0.0,0.0,0.0,0.0,0.0,0.0
2015-07-29,0.0,0.0,0.0,0.0,0.0,0.0,0.0
2015-07-30,-0.02018331563712994,0.0,0.0023865804471348007,-0.00801621111698636,0.0,0.02189800966218769,0.0
2015-07-31,-0.007490688199793705,0.0,-0.009523533753235447,0.0,0.0,-0.02142876241575875,0.0
2015-08-03,0.0,0.0,0.004807402298319996,0.0,0.0,-0.00729922812660333,0.0
2015-08-04,0.0,0.0,0.16559719255757877,0.0,0.0,-0.014705906446628392,0.0
2015-08-05,0.0,0.0,-0.14114840546769125,-0.010100734680157597,0.0,0.0,0.0
2015-08-06,-0.018867941667942256,0.0,-0.008356238195670218,-0.0020409181569128743,0.0,0.0,-0.004366700523226297
2015-08-07,0.01923078703596537,0.0,0.0,0.022494881048357618,-0.06666650806056051,0.0,-0.004385926913566429
2015-08-10,0.0,0.0,0.0,0.01800001504583215,0.0,0.0,0.0
2015-08-11,-0.018867941667942256,0.0,-0.005618408183210133,-0.009823130402028868,-0.04761899704312955,-0.007462532693892521,0.0
2015-08-12,-0.01923078703596548,0.0,-0.05367187318708788,0.003968122874288493,0.0,0.0,-0.006167377219577608
2015-08-13,-0.013725644756958477,0.0,-0.029851250100155546,-0.021739235001064783,0.0,-0.007518975861899535,-0.007092257467967489
2015-08-14,-0.07554657950109511,0.0,-0.0769232334771105,0.0,0.0,-0.022727142289486357,-0.017856988100459992
2015-08-17,-0.0537634056052807,-0.0007693964480589566,-0.01666624822824514,-0.054545397655245687,0.0,-0.04651187293892978,-0.036363702508027895
2015-08-18,-0.011363829093846256,0.0,0.05084760596105187,-0.006409986681713775,-0.050000167279840246,-0.04065035937477257,-0.023584859815141024
2015-08-19,-0.011494081130664635,0.0,0.0,-0.043010993162760025,0.050000363907084955,-0.03389817599812284,0.0
2015-08-20,-0.018604873792263277,0.0,-0.016129375289724357,-0.03370768918668965,-0.010025273366236598,-0.035087580994005996,-0.01449262605426549
2015-08-21,0.0,0.0,0.0,0.0,0.0,0.0,0.0
2015-08-24,-0.07582916760512215,-0.003079384131744134,-0.09836082317509331,-0.09302339642136659,-0.0911393121249402,-0.045454612975268205,-0.034313585957966075
2015-08-25,0.012820524690643653,0.0038612633195029833,0.025454495233707464,0.0,-0.025069612962552057,0.0,-0.007106914819453469
2015-08-26,0.06835416783474768,0.0,0.01773088388844335,0.00512817821596534,-0.02857120826271997,0.0,0.0
2015-08-27,0.0165875828768296,0.0,0.08013959171037977,0.020408268378702132,0.05882358729405479,0.11428546772022741,0.007157784584793658
2015-08-28,0.0,0.0,0.0,0.0,0.0,0.0,0.0
2015-08-31,0.08391641353304702,0.0,0.03225799346750047,0.01750004511675285,0.0,0.10256434834966743,-0.005076441819514721
2015-09-01,-0.032258008850443276,0.0,0.0,-0.054054103643005114,-0.024999905517885557,0.0,0.010204165853967995
2015-09-02,0.0,-0.001538721530154774,0.0,0.0,0.0,-0.03100768498936346,0.011110857879045755
2015-09-03,0.02222215287721352,0.0015410928428920556,0.02500012001945917,0.0,-0.0028493801306682665,0.0,-0.005993546118510329
2015-09-04,-0.010869488426169194,-0.001538721530154774,-0.00914678274054026,0.0,-0.002856821315672331,-0.039999940581763926,-0.025125742522236982
2015-09-08,0.0,0.0010175315482312541,-0.009230824782200497,0.020779182154424758,0.0,-0.016666999862657184,0.0010306728304565471
2015-09-09,0.04615383394456929,0.0,-0.006210798183880373,0.0,0.002865006126243408,0.0,0.006179248178318719
2015-09-10,0.039915884046483496,-0.008593814318744397,0.0,0.0,-0.011428623501538948,0.0,0.0071649366392529945
2015-09-11,0.020202364061595146,0.010244154657379045,0.0,0.0,-0.002890041691041456,0.0,0.01117903924085395
2015-09-14,0.0,-0.0007800047865388349,-0.031249933322522683,-0.007633617870670406,-0.014492608396691753,-0.008474591206828808,0.008162631730363357
2015-09-15,0.0019797543719013433,0.0,0.0,0.0,0.01470573282369192,0.025641388622356764,-0.001012089048897713
2015-09-16,0.0,-0.0007804709738142845,0.0,0.012820587374690717,0.01449267304590629,0.0,-0.0070918008762879126
2015-09-17,0.01778670730997578,0.0,0.0,-0.015189862604553461,0.0,0.016666504710720842,-0.00510200938202221
2015-09-18,0.00970874694038093,0.0,0.0,0.0,0.0,0.02459026373663309,0.03589738561467515
2015-09-21,-0.009615393517982684,0.0,0.0,0.02827762637098874,-0.02857120826271997,0.0,0.0
2015-09-22,-0.011650527490431939,0.0,-0.012903252449687375,0.014999989282610482,0.0,0.0,0.0
2015-09-23,0.0019646699918001165,-0.015625110451963575,0.006535543016122913,-0.02709358834078801,0.00882312481455716,-0.007999952465411186,-0.004950464632777374
2015-09-24,0.0,0.0,0.0,-0.0050633342146478855,0.0,0.008064467824667299,-0.004975010215451103
2015-09-25,0.0,0.015079433471095083,-0.009740180118618769,0.0,0.0,0.0,-0.010000104824659739
2015-09-28,0.0,0.0007819056932552026,-0.016393657080427726,0.005089102039124382,-0.008745958134315224,-0.007999952465411186,0.0
2015-09-29,-0.00392171393318852,0.015625039048674072,0.0,-0.010126528389905465,0.0,0.008064467824667299,0.005050558527023297
2015-09-30,0.0,0.0038459523959339936,0.006667039823649912,-0.01534532751902229,0.0,0.008000071301883294,0.0
2015-10-01,0.013779684738592701,0.0,0.019867311979911095,0.025210102144131552,0.0,0.01587280254225143,0.005025178568554001
2015-10-02,0.0,0.0153260614621058,-0.019480290961911506,-0.0027322423516904504,0.0,-0.02343736400243146,-0.005000052412329925
2015-10-05,0.03300964611137114,0.0,0.0,0.0,0.02941153124731244,0.0,0.0
2015-10-06,0.0,0.0,0.019867311979911095,0.0,0.0,0.03999988116352782,0.0
2015-10-07,0.015037624037754771,-0.03396247941516373,0.03896141322773561,0.019177814611648136,0.0,0.0,0.0
2015-10-08,0.0,0.0,0.0,0.0,0.0,0.0,0.0
2015-10-09,0.0,0.0,0.0,0.0,0.0,0.0,0.0
2015-10-12,0.0,0.0,0.0,0.008064799679559087,0.014285444817211168,-0.030769051459740515,0.0
2015-10-13,-0.009259268202564619,0.0,-0.031249933322522683,0.002666600100259986,0.0,0.0,-0.015075451424524045
2015-10-14,0.0,0.0,0.0,0.005319084718819367,0.0,0.007936106537832943,0.0
2015-10-15,0.0,0.0,0.0032255033848065384,0.07142862958346319,0.016901647020624022,0.007874205470900897,0.0
2015-10-16,-0.01308410990676323,0.002343741576643188,-0.0032151329625532687,-0.007407349712014177,0.0,-0.007812686769994026,-0.011224711582399016
2015-10-19,0.0,0.0,0.0,0.007462628007435912,-0.0027697714447376676,0.01574829397673172,-0.001031933691769571
2015-10-20,-0.0018940476176002585,-0.0007796103956886347,0.0,0.05432102893232593,0.0,0.0,-0.016528861182827925
2015-10-21,0.0,0.014040799076798338,0.016128618177776,-0.004683964248450301,0.02777761772610865,0.007751892459433751,0.0
2015-10-22,0.01518037342266032,0.0,-0.0031747126271723936,-0.02352925061005029,0.0,0.0,-0.0021008099864978647
2015-10-23,0.028037260526112107,0.0,0.0,0.0,0.01351349803595392,0.007692262864935184,0.021052679897027193
2015-10-26,0.0,0.0,0.01910873730502738,0.0,0.01333313983393003,0.0,0.012370781433591826
2015-10-27,0.0,0.0038459523959339936,0.0,0.0,0.0,0.0,0.0
2015-10-28,0.0,0.0,-0.012500226703422879,-0.024096463720769457,-0.013157706295991667,-0.0076335436406602675,-0.004073176615763008
2015-10-29,0.027272684167468197,0.0,-0.0031646657229410513,0.03703700185691927,0.0,0.0,-0.008179756220198953
2015-10-30,-0.012389238383872958,-0.0038312177149837368,0.0,0.023809786960403923,-0.013333318265756788,0.038461657122230486,-0.015464341325397202
2015-11-02,0.0,0.0038459523959339936,-0.025397023658650264,0.011627734290731606,0.005405459495403164,0.05925912721873461,0.0062829852113504
2015-11-03,-0.01433701807021659,0.0,0.0,0.0,0.0,0.0,0.0
2015-11-04,0.0,-0.0007661875146592889,-0.00977176986498185,0.011494143091522302,-0.005376397595967086,0.006993277947635601,0.004162183893010596
2015-11-05,0.0,0.0,0.0,0.0,0.01351349803595392,0.006944299022229705,0.010363068471456405
2015-11-06,0.036363530258383125,0.0,0.01973724152379841,0.01136364563657799,0.040000133229097345,0.0,0.008205266615043394
2015-11-09,0.008772010708801847,0.0,-0.02258051971605546,0.03370777710143247,0.038461776018674065,-0.006896408300809509,0.005165008297250084
2015-11-10,0.0,0.0,0.0,0.0,0.0,0.0,0.0
2015-11-11,0.008695871209057904,0.0,0.023102178922703498,-0.04347818814846138,0.01234549544057284,-0.020833619163203587,0.0
2015-11-12,0.0,0.0,0.0,0.0,0.0,0.014184420325506597,0.0
2015-11-13,0.0,-0.01073632198494645,0.0,0.0,0.002438749206168822,-0.03496483156745844,0.0
2015-11-16,0.0,0.007752171404344921,0.0,0.0,0.024331200761656513,-0.036231988579643826,0.0010276257161043745
2015-11-17,0.0,0.0,0.0,0.0,0.0,0.0,0.0
2015-11-18,0.0,0.0,0.0064512132546901135,0.004545458254631152,0.007125828319795469,0.015037616658550634,0.007187012913019153
2015-11-19,-0.017241671511743495,-0.01153863054032378,0.0,0.0,0.0,-0.022222420283009026,0.004077318539290387
2015-11-20,0.0,0.0,-0.006409861868841071,0.0,0.0023582245698909876,0.01515154072755176,0.005076371089685283
2015-11-23,0.017544162193227963,0.0,0.0,0.0,-0.011764641671583198,-0.02985068505025834,0.0030302721923145537
2015-11-24,0.0,-0.007003653430644352,0.0,0.0,0.0,0.0,0.0
2015-11-25,-0.008620904930080386,0.0,0.0,0.0,-0.00952401182748186,0.0,0.004028045629450805
2015-11-27,-0.017391323763683797,-0.004702248582911239,-0.016129375289724357,0.0,-0.01442263562752688,-0.015384639995721927,0.0
2015-11-30,0.010619651517786544,-0.023622033077654203,0.016393796993861898,-0.009049665060387735,0.0,0.0,0.005015188278495453
2015-12-01,0.0,0.0,0.0,0.0,0.0,0.0,0.0
2015-12-02,0.0070050919998008165,0.008064462037886244,0.0,0.0,0.03170754767583328,0.031249934721167216,0.0
2015-12-03,-0.017391323763683797,0.007999873653879996,0.0064512132546901135,-0.006849319881085503,0.0,0.0,0.0
2015-12-04,0.008849496566028625,0.0,-0.006409861868841071,-0.02758622641335895,0.0,-0.015151428192990868,0.0
2015-12-07,0.0,0.0,-0.016129375289724357,-0.007092264371085899,0.0,0.015384525729870369,0.0
2015-12-08,0.0,0.0,0.0,0.0,0.0,0.0,0.0
2015-12-09,0.035087902059582676,0.0039681917939540234,0.016393796993861898,0.02619068016875503,-0.01891292245590015,0.0,-0.011976008917331304
2015-12-10,0.0,0.0,0.0,0.0,0.0,0.0,0.0
2015-12-11,0.008474448911934163,0.00395279648610769,-0.016129375289724357,0.02088144494238864,0.0,-0.015151428192990868,-0.0010101463402589772
2015-12-14,0.0,0.007086516368124851,-0.0032787314160855896,0.022727407847280334,-0.06024084212083214,0.0,-0.024267024441369522
2015-12-15,0.0,0.0,0.0,0.0,0.0,0.0,0.0
2015-12-16,0.0,-0.0007820486114956671,-0.01315806743341108,-0.02000024164517511,-0.012820553879770769,0.0,0.005181323650324643
2015-12-17,-0.016806607094211,0.0,-0.0033328086850462624,-0.0022674594962762695,0.0,0.0,0.0
2015-12-18,0.0205129650646505,0.0,-0.03344545734343518,0.015909220465333496,0.0,0.0,-0.010309061565679567
2015-12-21,-0.015075228967149301,0.0,-0.020760860175995433,0.08501101471466743,0.0,-0.02307713139236023,-0.01041653136292664
2015-12-22,-0.013605602315665988,0.0,0.0,0.0,0.0,0.0,0.0
2015-12-23,0.0,0.0,0.0,-0.002061751656592836,-0.012987286849297397,0.01574829397673172,-0.01578983145494095
2015-12-24,0.0,0.0,0.0,0.0,0.0,0.007751892459433751,0.0
2015-12-28,-0.0034482651281400045,-0.02190899266691848,-0.017667396415312453,-0.01859494914030302,0.010526658072198769,0.0,0.0
2015-12-29,0.0,0.0,0.0,0.0,0.0,0.0,0.0
2015-12-30,0.0,0.023199940687515852,0.0,0.021052429250218774,0.0026041052557110866,0.02307701712650867,-0.014973494878267268
2015-12-31,0.0,0.0,0.0,0.0,0.0,0.0,0.0
2016-01-04,-0.013841134284289902,-0.02267390738111974,0.0,0.03092807273441034,0.0,0.015037616658550634,-0.03365843839285276
2016-01-05,0.0,0.0,0.0,0.0,0.0,-0.014814836821568922,0.0
2016-01-06,-0.008771869933177356,0.023999986546477947,-0.010792039996500136,-0.00200010381623128,0.0,0.0,0.0
2016-01-07,-0.01769892212134838,0.0,-0.0181812835273909,-0.03807607691095549,0.0,-0.022556480832033987,-0.0011240167984560845
2016-01-08,-0.009009162055758857,0.0,-0.014815082329588725,-0.0520833667269569,0.0,0.0,-0.001124631396881015
2016-01-11,-0.009090846090915039,0.0,-0.003759607775128737,0.0,0.0,0.007692262864935184,-0.0315317359542715
2016-01-12,0.009174247765349808,0.0,0.0,0.0,-0.02597411023934426,0.0,0.0
2016-01-13,0.0,0.0,-0.03773570321588271,0.0043956073687299035,0.0,-0.030534514743435603,-0.02325561297433265
2016-01-14,0.0,0.0,-0.019608266427828425,0.006564331367752807,-0.01066635722622733,0.007874205470900897,0.0
2016-01-15,0.0,0.0,-0.059999272841607,-0.021738926815691784,-0.02964973326313891,0.0,0.0
2016-01-19,-0.027272611220106602,0.0,-0.00425564562405123,-0.022222351403605067,-0.01388942841790286,0.0,-0.023809706384541607
2016-01-20,-0.018691607007549016,-0.06250008479140634,0.017094239985542048,0.0,0.0,0.0,0.0
2016-01-21,-0.01333340771647673,0.0,0.008402931173332684,-0.015909103891209253,0.014085061876599747,-0.007812686769994026,-0.023170868399244204
2016-01-22,0.0,0.0,0.0,0.004619059933111069,0.013888932774023921,-0.007873620645551305,0.0
2016-01-25,-0.015443892534766523,0.0,0.008333977141705917,0.0,0.013698428400914509,0.0,0.014981331327492242
2016-01-26,0.0,0.0,0.0,0.0,0.0,-0.007936578111101489,0.0
2016-01-27,-0.01960778297882848,-0.0008331526988617499,0.0,0.0,0.0,0.0,0.02091023796275593
2016-01-28,0.019999937411177005,-0.015846759897907625,0.0,0.0,0.0,0.0,-0.024096576139304493
2016-01-29,0.0,0.0,0.012396409670925923,0.0,0.0,-0.032000166371060956,0.0
2016-02-01,0.019607861647539915,-0.025423873220116633,0.03673420937857497,0.032183812901541486,0.0,0.008264537889321577,0.030864167323229497
2016-02-02,0.0,0.0,0.0,0.0,0.02702681522884265,-0.04098379318750378,0.0
2016-02-03,-0.009615393517982684,0.0,0.0078747089395248,-0.015590212912327206,0.0,0.0,0.0
2016-02-04,-0.009708746940381041,-0.0008695358461999758,0.03515569522262596,0.002262561323395973,-0.00789467073334793,0.025641388622356764,0.0
2016-02-05,0.009803930823770068,0.0,0.03773578373211417,-0.0022574536959739655,0.0742710739491157,0.05000000928409887,0.0023955158696251644
2016-02-08,-0.029126162916206177,0.0008702925968095965,0.09090905564164853,0.01809967826069303,0.0,0.0,0.0
2016-02-09,0.0,0.0,0.0,0.0,0.0,0.0,0.0
2016-02-10,0.010000249552871043,0.013043594017917659,-0.01666624822824514,-0.02666668490403834,-0.01234604615589141,0.02380938065335303,0.003584390644710833
2016-02-11,-0.00396085935274848,0.0,0.016948719799575906,0.015981629282786347,0.0,0.0,0.023809313146041733
2016-02-12,0.005964237229462155,0.004291778489753151,0.006667039823649912,-0.011235964121911413,0.0,-0.007752007611061984,0.0
2016-02-16,0.001976397722964096,-0.008546875682298283,0.00993362066413539,0.03409105348385855,0.025000195159813554,0.031249934721167216,0.0034884331683555647
2016-02-17,0.005917181302802277,0.0,0.016393796993861898,0.015384400328543268,0.0,0.01515154072755176,0.005793620567898339
2016-02-18,0.019607861647539915,0.0017242369617185282,-0.02903262773941173,0.006493623283917671,0.0,0.007462865258705431,0.02534609912695318
2016-02-19,0.0,0.015490399268515587,0.013289069044252422,0.02150550325608802,0.0,0.0,0.011235343081678506
2016-02-22,0.06730767747002875,0.0,0.00655711304858575,-0.02105275320352018,0.0,-0.022222420283009026,-0.01888855051430438
2016-02-23,0.0,0.0,0.0,0.0,0.09512199022824808,0.0,0.0
2016-02-24,0.0,0.05932219011994433,0.0,-0.004301078589878937,0.0,0.0,0.0
2016-02-25,-0.010810849886576768,0.0,0.0,-0.006479597449372321,-0.057906281782541535,0.0,0.00792778216812473
2016-02-26,0.0018213784801535127,0.023999986546477947,0.0,-0.021738926815691784,0.061465521595989836,0.0,0.0
2016-02-29,-0.005454566012438211,0.0,0.0,0.02222200945288577,0.002226721432111889,-0.015151428192990868,-0.01123636373421133
2016-03-01,0.0,0.0,0.0,0.0,0.0,0.0,0.0
2016-03-02,-0.0036562231892185437,0.004687554556575879,0.01954444324284954,0.008695882942215905,-0.04444410740646898,0.0,0.0
2016-03-03,0.0,0.0,0.012779785534539512,-0.008620916461809403,0.02093046585121261,0.0,0.014772923485781186
2016-03-04,0.031192898825101123,0.010886453646701488,0.00315407558258185,0.02391339932686254,0.0,0.0,0.019036883151951622
2016-03-07,0.0160140763444796,0.04615395972309755,0.009433750845755817,-0.0021232523080854104,0.025056351820293532,0.038461657122230486,0.030769160963573627
2016-03-08,0.0,0.0,0.0,0.0,0.0,0.0,0.0
2016-03-09,0.0017514135289984356,0.01628021643963562,0.012461292144925196,0.03191469624845866,0.0,0.014814616754027954,-0.010661108268935404
2016-03-10,0.001748211159274371,0.0,0.0,0.020618468387673117,0.0,0.05839436715012303,0.0075431768051696935
2016-03-11,-0.013961842159343818,-0.007353336476988659,0.015384883041511532,0.010101330385510199,-0.04444410740646898,0.013793021492088275,0.005347569495351756
2016-03-14,0.012389664448126503,0.0,0.00606016678519361,0.0,0.0,0.013605362435606283,0.0
2016-03-15,0.0,0.0,0.0,0.0,0.0,0.0,0.0
2016-03-16,-0.012238039248336552,0.0,-0.006023662386473894,0.0,0.0,-0.013422741177013586,0.0
2016-03-17,0.017699135153474987,0.0,0.009090702776453519,0.0,-0.02325599248179655,0.0,0.03085122429837006
2016-03-18,0.03478257775162885,0.007407808586079145,0.06606603258571231,0.06999983791537012,0.0,-0.0068024791149430275,0.12487064369775425
2016-03-21,0.0033616046262605614,0.0,0.014084932000522743,0.001869160312135243,0.0,-0.006849476743156835,0.004587363438811831
2016-03-22,0.0,0.0,0.0,0.0,0.023809710940420725,0.0,0.0
2016-03-23,0.00502500911796,0.0,0.013888590898223141,-0.03917903877644924,0.0,0.013793021492088275,-0.000913056879288221
2016-03-24,0.0,0.0,-0.013698340254444497,0.0,0.004650845782323332,0.0,-0.0036566975242430244
2016-03-28,0.0,0.0,0.0,-0.001941948121161663,0.0,0.0,-0.01100883887581039
2016-03-29,0.0,0.0,0.0,0.0,0.0,0.0,0.0
2016-03-30,-0.016666683383768865,0.0,-0.027778189367095085,-0.007782008365486814,0.0,-0.0068024791149430275,0.0
2016-03-31,0.016949169830959177,0.0,0.0,0.0,0.0,-0.006849476743156835,-0.026901804918862404
2016-04-01,0.0,0.007352675211669268,0.0,0.01960795948728311,0.006944799397875068,0.013793021492088275,-0.05624389800751295
2016-04-04,-0.003333189566254724,-0.003649536810261811,-0.09142861148950066,-0.04807715355221531,0.0,-0.013605362435606283,-0.02222213510069182
2016-04-05,0.0,0.0,0.0,0.0,0.0,0.0,-0.0030993976687335723
2016-04-06,0.0033443368750325497,0.0,-0.009433952136323587,-0.004040096944089244,-0.002299001448476501,-0.02068973712860145,0.0
2016-04-07,-0.008333475428701775,0.003662904715854731,0.0,-0.006085300538249849,0.0,-0.014084424533289619,-0.03626960785320488
2016-04-08,-0.016806607094211,0.0,-0.041269638492291594,-0.0510204455485499,0.0,-0.05000002122079861,0.0
2016-04-11,0.11111108825011606,0.003649668098009373,0.18543038824560187,0.16129044712046037,0.0023042990352963866,0.20300743398097731,0.11827985442102418
2016-04-12,0.0,0.0,0.0,0.0,0.10344819453168053,0.0,0.0
2016-04-13,0.015384693252683102,0.0,0.04748593529610412,0.027777796247337783,0.0,0.031249817219276332,0.03498529518492943
2016-04-14,0.022727234043070643,0.0036362002423653284,0.018666683356784786,0.009008829999021195,0.041666895127538295,0.012121233400475884,0.0
2016-04-15,-0.014814829784532746,0.0,-0.008767301657980897,-0.017857249171555623,0.0,-0.01796388064154275,-0.020657438647312065
2016-04-18,0.022556474444824337,0.0036234823710563635,-0.06849330043572832,0.027272939225705173,0.018000018913768123,0.036585331611291405,0.0
2016-04-19,0.0,0.0,0.0,0.0,0.040899874536874936,0.0,-0.0182165931920244
2016-04-20,0.0,0.0,0.011764777050451647,0.053097383695595246,-0.027505274175010586,0.1171103825774531,0.0
2016-04-21,-0.012841270770309832,0.0,-0.008720952479804311,-0.010084040567884145,0.010101270703925413,-0.08333352236368563,-0.003906280856933786
2016-04-22,-0.03458649294913552,0.0,0.0,-0.006791176208311045,0.0,-0.030302849299292944,0.029411757637831437
2016-04-25,-0.02180672841187692,0.0,0.0,-0.0290599371231528,0.0,-0.012499870204587538,0.001905243918533639
2016-04-26,0.0,0.0,0.0,0.0,0.0,0.0,0.0
2016-04-27,-0.0031848393520347296,0.0,0.026392788536149903,0.012323953678073263,0.020000082281938614,-0.025316635045712466,0.0
2016-04-28,0.0063899029374758776,0.0,0.01428589057928309,0.0,0.01960767013482667,0.025974214761426584,0.012357040579613843
2016-04-29,-0.007936537979146174,0.0036102053510049803,0.05633801837687158,0.008695837564230535,-0.009615548650560468,0.07594937047256067,0.014084693979400598
2016-05-02,0.0239999643872153,0.007194178508586946,-0.026666552585158265,0.027585958667181165,-0.009708405816156285,0.02941157957750229,-0.00925925435573971
2016-05-03,0.0,0.0,0.0,0.0,0.0,0.0,0.0
2016-05-04,0.0,0.0007143177411217394,0.0,-0.008389096842009947,-0.019607922224079255,-0.01714272014067275,-0.01869188423924617
2016-05-05,0.015624873851716847,0.0014273589455979785,-0.027397365253912676,-0.0016922221311896912,-0.03999999314317182,-0.011627866999794234,-0.028571421901496308
2016-05-06,0.0,0.0,0.014084910152122543,0.0254238378527345,-0.020833597458116637,0.005882249659027616,0.0
2016-05-09,0.0,-0.0021381149436132674,0.0,-0.016528853450733738,0.05319149421176861,-0.06432751523303304,-0.01960759811148649
2016-05-10,0.0,0.0,0.0,0.0,0.05050522802985524,0.0,0.0
2016-05-11,0.0,0.0,0.01944458187898701,0.01680664807374277,0.0,0.04374994170206059,0.029999903586153787
2016-05-12,0.0,0.0,0.0217978117227966,0.0,0.05769246776528125,0.017964265715128214,0.004854485996906854
2016-05-13,0.0,0.0,0.02666710105394854,0.0,0.08181808477423469,0.0,0.0
2016-05-16,-0.004615292892881873,0.0007143177411217394,0.051947914576520704,0.00495876625074998,-0.0016807872676186664,-0.005882332479618668,0.02415453750564045
2016-05-17,0.0,0.0,0.0,0.0,0.0,0.0,0.0
2016-05-18,-0.007728005274293848,-0.01498964400887326,0.024691143602799004,-0.004934298219269162,0.0016836170697531738,0.0,0.0
2016-05-19,-0.0031152026943364053,0.0,0.0,-0.011570341543514218,-0.008403576210550767,-0.005917139058891241,0.0
2016-05-20,-0.015624935955486974,-0.014492365447376088,0.0,-0.0016721564634101238,-0.008474504250835069,0.0,-0.004717017491389974
2016-05-23,0.0,0.0,0.0,0.0,0.0,0.0,0.0
2016-05-24,0.022222218016252793,0.02205881915339125,-0.02409618132931779,0.01507538854153978,0.0,0.0,-0.014217964698852947
2016-05-25,0.0,0.0,0.024691143602799004,0.0,0.008546935290284274,0.0,0.0
2016-05-26,0.0,-0.0035972186529752426,0.012048437587659944,0.0,-0.01694886322985012,0.0,0.0
2016-05-27,0.0,0.0,0.0,0.0,0.0,0.0,0.0
2016-05-31,0.00931658330721108,0.0,0.0,-0.00990099764130159,-0.018965557370332564,0.005952360000744283,0.0028843233377293664
2016-06-01,0.0,0.0,0.0,0.0,0.019332203382681712,0.005917139058891241,0.0067114630234210715
2016-06-02,0.0,0.0,-0.011905000927009857,0.003333506873338221,0.17586935969566908,0.0,0.0
2016-06-03,0.0,0.0,0.0,-0.003322431525013436,-0.20354001652490306,0.0,0.0009526997751432287
2016-06-06,-0.007692338266475307,0.010830356321339663,0.0,0.008333339744909907,-0.03777769046675683,-0.011764664959237336,0.000951637518540549
2016-06-07,0.0,0.0,0.0,0.0,0.0,0.0,0.0
2016-06-08,0.0,0.018922932181825836,-0.004819057848320152,-0.0033056180840285165,-0.006928327124549494,0.0,0.002851421617710459
2016-06-09,0.0,0.0,-0.016949074887480986,-0.0016583757801600374,0.0,0.0,0.0047393731976614895
2016-06-10,-0.0077517841674545895,0.0,0.004925882779430735,-0.001661300966166901,0.0,0.0,-0.004717017491389974
2016-06-13,-0.02187505938673029,0.0,-0.012255250882086899,-0.018302928022980502,0.002325444490983708,-0.005952611420385168,-0.0047395280917933436
2016-06-14,-0.009584727420861472,0.0,0.00744475077498441,0.0,0.0,-0.01796384417311747,0.0009526997751432287
2016-06-15,0.0,0.021428290881768675,0.0026783436437995967,0.01694925421403637,0.0,-0.0060975395129574395,-0.0009517930021640808
2016-06-16,-0.016128968150938894,0.0,-0.0028574197271497015,-0.016666764977506854,0.0,-0.018405101926939338,0.004831354319963843
2016-06-17,0.008196623040306328,-0.006992814490561328,0.0028656079718989425,-0.008474409765418911,0.0,0.031249807506803506,0.001922800664604818
2016-06-20,-0.0016258547418964708,-0.019718335071844617,-0.008571450801867053,-0.008546926862526671,0.009280691621001536,-0.006060245604591841,0.0
2016-06-21,0.0016285024503275292,0.0,0.0,0.0,-0.011494068064836438,0.0,0.006718085134340024
2016-06-22,0.024390470889722682,0.0,0.008645555757698986,-0.008620871862849211,0.0,-0.02439041560365729,0.0
2016-06-23,0.00793634871052551,0.0,0.005714031074717463,0.012174101226285927,0.009302355919249106,0.0,0.0038128381032902503
2016-06-24,-0.015747905817642294,0.0,0.0,-0.015464103329039802,0.0,-0.03125015949436283,0.0
2016-06-27,0.0,-0.007902358977480484,-0.011363635221893875,-0.008726010520446414,-0.006912607889348554,-0.012903275619475463,0.0
2016-06-28,0.0031999994912459417,0.007965303666417123,-0.0373561910073672,-0.005281604129561135,0.002320296465485372,-0.013071670479942732,-0.002849091755439792
2016-06-29,0.0,0.0,0.0,0.0,0.0,0.0,0.0
2016-06-30,0.02870793924745141,0.0,0.0029849419528344967,0.0389381721601505,0.0023147607872322506,0.03311284459931274,0.0009527431424123378
2016-07-01,0.0,0.0007184596772351615,0.04166692542538608,-0.01192504988358678,0.0,0.0,0.008562924915282322
2016-07-05,-0.003100713666981836,0.012921658961648319,0.0,-0.006896732864489441,0.0,-0.0256411135800374,0.0009432991002757962
2016-07-06,-0.01244167924221451,0.0,0.0,-0.010416585965396852,-0.002309415043847407,-0.019737050518912946,0.0
2016-07-07,0.0,0.027639869820225815,0.005714031074717463,0.0,0.0,0.03355703049110059,0.0009430933065728286
2016-07-08,0.011023652998635614,0.0,0.036931789352820044,0.014035007836070923,0.004629685940067629,0.03896109357877742,0.0
2016-07-11,0.004672804041504719,-0.013793149205949984,0.0027397016045882516,0.024221472632240282,0.009216374230734958,0.0,0.021656830294096263
2016-07-12,0.00155060332291157,-0.003496407245280664,0.010929347741010398,0.013513524051166792,0.031963458845809534,0.018750201292885516,0.001843499202733856
2016-07-13,0.0,0.0035086750019788226,-0.0027029644000720054,0.008333339744909907,0.02876125952934827,0.012269549687504266,0.0009197200636787972
2016-07-14,0.0030957900798866955,0.0,-0.0027099068401233994,0.0,0.002150563741344147,0.01212134451251723,0.0
2016-07-15,0.0030864197530864335,0.003496777575097587,0.0,-0.0033056180840285165,-0.0021459487417893053,0.0,0.0
2016-07-18,0.030769291917565944,-0.0034845927293831735,0.019021565462584267,0.019900339237199915,-0.02150525566108208,0.017964265715128214,0.002757365119956834
2016-07-19,0.008955282672354459,0.003496777575097587,-0.01333302525082003,0.009756104884132588,0.0,-0.011764664959237336,0.0009167911791976291
2016-07-20,0.03550295440498452,-0.0013939847075006284,-0.02432448113607477,-0.009661842931122488,0.021977895931992286,0.005952360000744283,0.021062236684242563
2016-07-21,0.022857140261458797,0.011863254479431928,0.0027698619271883107,-0.008130004000823643,0.032257921666859035,-0.03550291766399927,0.004484420245861154
2016-07-22,-0.0013965646220061023,-0.00896558654956281,0.0,-0.0016393453650654921,0.0,-0.018405101926939338,0.0017852422467157236
2016-07-25,0.0013985177424082895,0.0020880060620045438,0.0027628948690170407,0.001642037231189608,0.03124986593928969,0.0,0.0071306121528997846
2016-07-26,-0.0013965646220061023,0.006944189908255405,0.0055092006261545645,-0.0016393453650654921,0.010101207158662806,0.012500134195257084,0.00884942758933649
2016-07-27,0.048950900453531565,0.0,0.02739730673040275,0.009852139162823681,0.0,0.006172904957287839,0.0
2016-07-28,0.0,0.0,0.0,0.0,0.0,0.0,0.0
2016-07-29,0.0,0.0,0.0,0.0,0.0,0.0,0.0
2016-08-01,0.04000015686585412,0.00689660503812517,0.016000139580240713,-0.0032520349613774924,0.0,-0.018405101926939338,0.013157950512061145
2016-08-02,0.0,-0.0068493676546501625,0.0,-0.008156529319333639,0.0,-0.012499870204587538,0.004328836491396482
2016-08-03,-0.030769326411479114,0.0006899039850141175,-0.010498684984033502,0.0,0.0,0.012658094745949144,0.006896604874412571
2016-08-04,0.0,0.006202421977471895,0.005304803892616006,0.01644729515858523,-0.018000148828458684,0.0,0.0
2016-08-05,0.01851835884744646,0.0,0.007915683742180102,-0.011326786304607261,0.0,-0.006249979100738656,0.005993153459661116
2016-08-08,-0.018181664264159014,0.0,-0.010471110151542229,0.0,0.008146595626004283,0.0,0.0
2016-08-09,-0.015873119353222775,0.0,0.005291050834637989,-0.00490998693087874,0.0,-0.006289198462801737,0.012766080826346782
2016-08-10,0.0,0.0,-0.002631834155172652,0.0032894759042851884,-0.030302904244090656,0.0,-0.01260516230552522
2016-08-11,0.008064569551636813,0.0013696921707979648,0.0026387789838302478,-0.0049181201814378905,0.020833145340153347,-0.006329270149881605,-0.0008510446374145886
2016-08-12,0.0,0.002052180800551584,0.013157774725494509,0.008237238554501536,0.010204136343618941,0.0,-0.011925116451150575
2016-08-15,0.01333327963150932,-0.023890907533248962,0.005194942151703019,0.0032679763212519752,0.00606089643085328,0.012738900912764306,-0.017241269179144925
2016-08-16,0.0013158156226433793,0.006993308263650633,-0.005168094201292717,0.0016286657196189491,-0.036144731202603864,0.018868038140042787,0.0
2016-08-17,0.014454742880899651,0.0,0.007792137643552799,0.006504069922754985,0.01249993158280982,0.006172904957287839,0.0
2016-08-18,0.016839402246887403,0.0,0.007732163148022497,-0.00484653027030546,0.0,0.012269549687504266,0.02631590102412229
2016-08-19,0.0,0.006944189908255405,-0.015345399708709406,-0.003246755679886526,0.00823033513129845,0.0,-0.004273544869742962
2016-08-22,0.0,0.03448284257972478,0.0,0.0016286657196189491,0.0,0.0,0.0
2016-08-23,-0.0063693499967848455,0.0,0.010389516858070547,0.0211383106515739,-0.014285530042839834,0.0,0.008583565480407618
2016-08-24,-0.006410484409878459,0.0,0.0231363133965925,0.007961625289541807,0.0,0.024242774355367702,-0.0025531339122438768
2016-08-25,0.006451843854321515,0.0006665540836734429,-0.017587781847703043,0.017377824314773527,0.0,-0.04142014003354255,0.0034130295595462545
2016-08-26,0.0,0.0026649107578307074,-0.002557521392275719,0.009316616086904927,0.0,0.012345723004078657,0.0008501154021556268
2016-08-29,-0.012820764992014566,0.0,-0.01282066744769439,0.004615387893255551,0.0,-0.0060975395129574395,-0.001699128778236747
2016-08-30,0.0,0.0,0.0,0.0,0.0,0.0,0.0
2016-08-31,-0.0259739240773178,0.0,0.010389516858070547,0.01531402505671453,0.0,0.0,0.002552859735492019
2016-09-01,0.0,0.003986624533956373,-0.01542384526405094,-0.03469089823175897,0.004140837579111656,-0.006135033975646409,-0.015279864666380427
2016-09-02,0.01333327963150932,0.0033092095701883206,0.0,0.015625011270348876,0.0,0.012345723004078657,0.015516961741828927
2016-09-06,0.026315998665357165,0.038918272013026334,0.013054525055577804,0.030769094798290153,0.0020617344717319686,0.006097196110520953,0.005168403677384692
2016-09-07,0.02564091850080219,0.0,0.0025772965649353274,0.000779494651366841,-0.00205749246858411,0.0,0.0068550686547541595
2016-09-08,-0.0012500247173011791,0.0,0.0,0.0077881101620187465,-0.002061954077747008,0.0,0.0
2016-09-09,-0.011264004641824088,0.0006429951356750063,0.0,0.0,-0.00826441794924837,-0.006060245604591841,-0.0017020484908514266
2016-09-12,0.012658175625608559,0.01221084931929095,0.0,-0.0015454330366370117,-0.010416572670076674,-0.03048795511661473,-0.011082549780220718
2016-09-13,-0.012499949074907146,-0.015873077348249054,-0.007711831715272788,-0.00928801489986919,0.0,0.0,-0.004310725018977002
2016-09-14,0.0,0.0,-0.015544082277756166,0.015624972423156525,0.0,0.0,-0.00432870057131618
2016-09-15,-0.007594985874427085,0.006451818197253045,0.0,0.0,0.0,0.0,-0.00869586764754704
2016-09-16,-0.01785729313740647,0.0,-0.010526685130518576,-0.007692256547371379,0.0,0.01257866257658602,-0.01315794512630264
2016-09-19,0.006493532638056632,-0.0032053412597501385,0.0026599274438687814,0.0046511316261266256,0.010526219803602022,0.012422492781850591,-0.008888829307030499
2016-09-20,-0.012903072280221806,0.0,0.0,0.0,-0.02083336723374285,-0.012270067951292929,-0.00986533294083769
2016-09-21,-0.019607918524530032,0.0,0.0,0.0,0.0,0.012422492781850591,0.0018116535981997917
2016-09-22,0.01333327963150932,0.0,0.010610076838416527,0.0015431995843167012,0.0,0.006134947598348317,0.0072330791614589884
2016-09-23,-0.002631526649450211,-0.0032154243533005777,0.01049859215828497,0.0,0.0,0.0,0.014363058647808291
2016-09-26,-0.007915514431357296,0.0,0.0,-0.01694919101937442,0.0,-0.012195164876524056,0.008849142888773365
2016-09-27,-0.005319042665343776,-0.0006450693795336804,0.005194942151703019,0.0,0.0,0.006172904957287839,0.0
2016-09-28,-0.006684623400113998,0.0,0.0,0.01567403138254808,0.0,0.006134947598348317,0.0008773959450951718
2016-09-29,-0.01076705230852848,0.0,-0.0025839557140605596,-0.007715922133371467,-0.010638126705889595,-0.012195164876524056,0.0035054636646854043
2016-09-30,-0.00272125015060376,0.0,0.0,0.0,0.010752513304833178,0.018518193408881833,0.0
2016-10-03,0.002728675559380722,0.0006454857626341237,0.002590649838513759,0.0,0.0,-0.006060245604591841,0.02183426093673213
2016-10-04,0.0,0.0,-0.005168094201292717,-0.004665750900013754,-0.03191460673240665,-0.012195164876524056,0.0
2016-10-05,0.0013604628450556433,0.0006452942599168843,0.0,0.004687622177407036,0.0,0.006172904957287839,-0.008546881557517705
2016-10-06,0.012228178543914003,0.0,0.0,-0.006221026659196993,0.0,-0.006135033975646409,0.00862056046678683
2016-10-07,0.024161126531890842,0.0,-0.0025972873531837637,0.0015650117389329754,-0.01098929909422186,0.012345723004078657,-0.004273746075411533
2016-10-10,-0.003931925799746883,0.0006446533884025829,0.0,0.007812524579360547,0.006666669822486648,0.0,0.0008586359067610516
2016-10-11,0.0,0.0,0.0,0.0,0.015452493649042776,-0.0060975395129574395,0.012006777690261705
2016-10-12,0.0,-0.0012887007468647127,0.0,0.007751886043544376,-0.004347956958043242,0.0,-0.008474518123615993
2016-10-13,0.0,0.0,0.0,0.0,-0.01746707931776914,-0.006135033975646409,-0.008546881557517705
2016-10-14,0.006579078113216674,0.0,0.0,0.0,-0.02222218014462174,0.006172904957287839,0.0
2016-10-17,0.0,-0.03225796658434921,0.0,0.007692407657410527,0.034091165827290215,0.0,0.00862056046678683
2016-10-18,0.00915029963079994,0.0,0.013020622509428481,-0.0015267822331523906,0.010988674866265091,0.018404583663150564,0.0034187119167867763
2016-10-19,-0.0025908277633436283,0.0,0.0025709439331842443,0.00152911686160917,0.0,0.0,0.0
2016-10-20,0.0,0.0006665716247302722,0.0,-0.007633686230993031,0.004347956958043131,-0.012047899490661207,-0.0008517153270828359
2016-10-21,0.002597557587658672,0.0,0.01282030471325335,0.0,0.008658114446366882,0.006097196110520953,0.0
2016-10-24,-0.006476709013415793,0.0,0.0,-0.0030769026189485515,0.0,0.01212134451251723,0.0
2016-10-25,0.010430143266392466,-0.0006661276029716889,0.0,0.0030863991686336245,0.0,0.0,-0.0025575271039406378
2016-10-26,-0.005161085312123781,0.0006665716247302722,0.0,-0.00923063230182597,0.0042915927370679174,0.011976261451821069,0.0
2016-10-27,0.0,0.0006662437137618937,0.0025318915095500216,-0.006211290486537346,-0.006410032231089824,-0.005917139058891241,0.004273406856908579
2016-10-28,0.011673175420654713,0.00532616896192506,-0.015151554393617594,0.0015625663043239424,-0.010752895057192569,0.0,0.0
2016-10-31,0.0,0.0,0.005127976791525102,0.014040466958266551,0.0021739398888294126,-0.005952611420385168,-0.0017020484908514266
2016-11-01,0.0,0.0,0.0,0.0,0.0,0.0,0.0
2016-11-02,0.0064101786682648765,0.0,0.0,-0.007692256547371379,-0.023861157333863625,-0.01197617714341892,0.0
2016-11-03,0.0063694512615308785,0.001986702837362131,-0.017857073580334837,-0.0015503010679953633,0.006666669822486648,-0.018181504786775715,-0.0025575271039406378
2016-11-04,-0.005063290375008855,0.0,-0.010389516858070436,-0.006211290486537346,0.015452493649042776,-0.006172904957287839,-0.005128305328132132
2016-11-07,-0.013995085806232654,0.008592359891937962,-0.002624648039571298,-0.0015625663043239424,0.0021739398888294126,0.0,0.0034364708760916685
2016-11-08,-0.012903072280221806,0.015727320175744186,0.023683994505890205,-0.006259508966134586,0.01952278609487834,-0.018633476821817485,0.001712384973663772
2016-11-09,-0.020915133875269998,-0.0064513684364865265,0.0,0.0,0.006383057315323848,-0.006329270149881605,-0.008546881557517705
2016-11-10,-0.014686221408449551,0.019480455546651676,0.028278019429455625,0.009448676519391963,-0.004228381541816817,0.0,-0.00862076575244064
2016-11-11,-0.005420053908634537,0.0,0.0,-0.0015601285000992338,0.0,0.0,0.004347519682248446
2016-11-14,0.0,0.0031845921156701262,-0.005000307247368663,0.0,0.0,0.025477801825528612,-0.00432870057131618
2016-11-15,-0.0013624248216040913,0.0,0.0,-0.0015625663043239424,0.04033951999676777,0.02484446086178438,0.017391252129981716
2016-11-16,-0.005457025772921398,0.012698373354263381,0.017587781847703043,-0.010954621038590462,-0.004081248789094771,0.030303361281293073,0.007692186617395791
2016-11-17,0.0,0.0,0.0,0.0,0.0,0.0,0.0
2016-11-18,0.0,0.0,0.0,0.0,0.0,0.0,0.0
2016-11-21,-0.009602167264698536,0.0,-0.012345220825682235,-0.007911262442721223,0.0,0.0,-0.0076334685527500445
2016-11-22,-0.008310193799559107,0.0,0.00249962312463059,-0.003189927829899797,-0.004098628406884353,0.0,-0.0008547627838224603
2016-11-23,0.019553014943097136,-0.003134568111541558,-0.0024933905878584683,0.008000261505002104,0.0,0.0,0.00171085225307821
2016-11-25,0.0,0.0,-0.017499925951173778,-0.015873140846207834,0.0,0.0,0.007685753851299326
2016-11-28,0.012328793675593808,-0.006918347777934208,0.0,0.008064382620336152,0.0,-0.005882332479618668,-0.0016950381622390376
2016-11-29,-0.002706413511586625,0.0,0.005088650929759186,0.0,0.00205771162276136,-0.005917139058891241,0.0
2016-11-30,-0.004070529234595055,0.0,0.0,0.008000261505002104,0.0,0.017856996195685593,0.00254680690950404
2016-12-01,0.0,-0.024699076105282436,0.0,-0.0015874466056986503,0.006159948111712055,0.0,-0.002540337161269335
2016-12-02,-0.005449590985556196,0.0,0.0050635144118957864,-0.006359413931402935,0.0,0.005848015811198426,0.00254680690950404
2016-12-05,-0.005479451756454035,0.0,0.0025186904057075132,0.0,-0.020407982866985974,0.0,0.0
2016-12-06,0.0,0.0,0.010050161055830342,-0.007999868618881134,0.0,-0.011627866999794234,-0.0008591012169368861
2016-12-07,0.0,0.0,0.02487619264460572,-0.0032257847324949074,0.0,-0.029412076501048712,-0.0025793851801594325
2016-12-08,0.0,0.0,0.0,0.0,0.0,0.0,0.0
2016-12-09,-0.008264517104590752,0.0,-0.004854666459503054,0.0,0.002083137019143644,0.0,0.0
2016-12-12,-0.013888833685530733,0.022727084967465228,0.0,0.0032362240947707566,0.0,0.0,0.008620500115530838
2016-12-13,-0.00845064777140725,0.0006351621096367666,0.034146115504238184,0.0,0.008316259671609982,0.018182187429442553,0.017948741266484713
2016-12-14,-0.0014203696981023306,0.0,-0.009433711241754406,-0.008064541042138273,0.0020617344717319686,0.017856996195685593,0.026028518097336084
2016-12-15,-0.004267509283019999,0.0,0.0,-0.0016260053531527152,0.00823033513129845,-0.005847851138661153,0.0024552328149707314
2016-12-16,0.011428683691910413,-0.016497760705391884,0.0,0.0016286535525475987,0.012245267923607361,0.0,0.004081414991011112
2016-12-19,0.0,0.0,-0.00476211367349666,-0.0016260053531527152,0.0,-0.011764664959237336,0.01626018949167718
2016-12-20,0.014124234474620412,0.032258303904924235,0.0,0.008143507717587761,0.028225503685830766,-0.011905055227676375,0.004799970258359876
2016-12-21,0.016712978432202208,0.012499959152596052,-0.004784476865157372,0.009692748389123818,0.019607877261609286,0.024096647144218553,0.027070208207886637
2016-12-22,0.0,0.0,-0.0024040791300631303,-0.007999868618881134,0.0,0.005882249659027616,0.007751828443938402
2016-12-23,0.0,0.0,0.0,0.0,0.019230802055267393,0.0,0.003846009644632886
2016-12-27,0.0,0.0,-0.01204799974092885,-0.008064541042138273,0.047169990794681205,0.0,0.0007663388349503641
2016-12-28,0.006849450813429359,0.0,-0.012195441744467406,-0.0016260053531527152,0.0,-0.005847851138661153,0.003062768422047668
2016-12-29,-0.006802854992765561,0.0,0.0,0.0016286535525475987,0.0036031996172076752,0.017646914618264953,-0.0007632944075680603
2016-12-30,0.0,-0.012345639167292255,-0.012345220825682235,0.024390399716866407,0.0,-0.023121228748293143,0.0
2017-01-03,-0.0013698901626858495,0.012499959152596052,-0.012500326035876808,0.0,-0.003590263182283504,-0.005917139058891241,0.0
2017-01-04,0.0013717693360046912,0.0,0.01265856219040229,0.00634900688704243,0.00900867072082856,-0.017857499034967583,-0.005347441130005515
2017-01-05,0.013698792732569354,-0.006173034746934647,0.02499985632317303,0.009463736814651291,0.0017857999864707708,0.024242774355367702,-0.015361006362774265
2017-01-06,0.00675656731532448,0.0,-0.0048782629578078,0.007812524579360547,0.0017826798749560613,0.0,-0.0015603577234045707
2017-01-09,0.00671143589239076,-0.006210944798409557,0.004902177066604452,-0.0015503010679953633,-0.012455415972295047,0.005917139058891241,0.003906593326666208
2017-01-10,0.0026667195205671845,0.0,0.0,0.00931663069405464,-0.0018018237012069616,0.011764664959237336,0.023346033911530117
2017-01-11,0.0013298135206094575,-0.03125022466072147,0.0048783492178285925,0.0,-0.0036102804298909774,0.0,0.0
2017-01-12,-0.01726419477410157,0.0,0.0,-0.015384588649762332,-0.0018116165740245105,0.0,0.0
2017-01-13,-0.004054241172832707,0.0,0.004853979729445568,0.0,-0.0018147111839211805,0.0,-0.030418244842826514
2017-01-17,-0.02306651209606958,0.0,0.0,-0.009375014148119698,0.0,0.0,0.0
2017-01-18,0.002777832981135875,0.0,-0.00724648204725864,0.004731907138210589,0.0,0.005813851642332946,-0.004705915126627325
2017-01-19,0.0,0.0,0.002433584551036372,-0.010988860183979599,0.0,-0.00578024614876782,-0.003151884262686533
2017-01-20,0.006925234900215571,0.0,0.0,-0.007936765307042015,0.0036362143478352316,0.0,-0.0007903233596986414
2017-01-23,0.011004234988675865,0.0,0.004853979729445568,-0.0032000574556663164,0.0,0.005813851642332946,0.008702166155253988
2017-01-24,0.008163209684323824,0.0006452942599168843,0.0,0.004815535462270759,0.0,0.01156065506635029,-0.007059026091005283
2017-01-25,0.005398002659630308,-0.0006448781237653467,0.0072463111940621605,0.019169279696536368,0.0054349783560474485,0.0,0.026856576835142754
2017-01-26,-0.013422658381201491,0.0,0.004796289575728752,-0.004701932300734568,-0.0018018237012069616,0.0,-0.019230890748904828
2017-01-27,-0.00952399698987183,0.0,0.0023866974955459863,-0.012598570498174033,0.0,0.0,0.0
2017-01-30,0.009615575703932011,-0.012258117254206002,-0.002381014733644382,-0.007974662921612308,0.010830008187472151,0.02857149523356517,-0.002352865522675107
2017-01-31,0.021768703362859965,0.0,0.0023866974955459863,0.012862046827827323,0.05357159046321436,0.0,0.0
2017-02-01,0.007989187282757548,0.0058788119843389275,0.00476194526108098,0.03174581397096454,0.0,0.01111123017850546,0.0
2017-02-02,-0.001320925170570919,0.0058440008596416515,0.004739041380604991,0.0,0.0,0.0,0.017295429602324885
2017-02-03,-0.0013226723217331093,0.0,0.0,0.0,0.0,0.016483536461071147,0.0
2017-02-06,-0.005298012268848296,0.0,0.0,-0.006153729682877418,-0.010169376275888209,0.021621393716783288,0.0007730951988109691
2017-02-07,-0.001331689987736251,-0.0025823931016170087,-0.009433711241754406,0.0015478250966762808,0.010273854972911556,0.015873187329132454,-0.012355195141074082
2017-02-08,0.0,-0.0064723593919769895,0.009523553697330378,-0.00309109378934036,0.0,0.0,-0.016419157463711365
2017-02-09,0.006666798801417739,-0.002606059277999062,-0.016509370026308923,0.0,0.0,-0.010416850757363538,-0.005564228933393478
2017-02-10,0.006622331081177046,0.0,0.0,-0.015503695946375018,0.0033898723246776896,0.0,0.007194011100671416
2017-02-13,0.009210604762666774,0.0006534163543965299,0.021583048654707504,-0.015748309797424698,0.005067449955048486,-0.005263140734123151,0.0
2017-02-14,0.016949280776447084,-0.0013055243154472818,0.0,-0.007999868618881134,0.0,0.005290987948317616,0.0
2017-02-15,0.012820459250401095,0.0,-0.00234781111444482,-0.016129002873375486,-0.0033612072492668066,0.0,0.0
2017-02-16,0.006329037500890422,0.006536040776127905,0.011764933990913828,-0.0032787468609369874,0.0,0.0,-0.00396810539359449
2017-02-17,-0.012578565413399745,0.0,0.0,-0.004934177446061172,0.003372543065466971,0.0,-0.023904294302450668
2017-02-21,0.0,0.0,0.01162804756331881,-0.0016528814256049351,0.0016809318034314291,0.0,-0.020408416118226747
2017-02-22,0.0063694512615308785,0.0,0.011493983734126356,-0.013245106344711544,0.0,-0.015789348099719103,-0.004166901913577714
2017-02-23,0.006329037500890422,0.0,-0.011363373306180313,0.006711447001619186,0.0,-0.010695075637793927,-0.010878531520997603
2017-02-24,-0.006289232711209403,0.0,-0.004597821140757574,0.0,0.006711490953176025,-0.016216235551103186,-0.0016917724327799588
2017-02-27,-0.006329138124718026,0.0,0.004619058746713645,0.0,0.0,-0.010989127453904124,-0.008474721795044826
2017-02-28,-0.020382163025101985,-0.032467652251675805,0.0,0.0,0.0,0.0333332994382356,-0.0008548293310238764
2017-03-01,0.007802184636507503,0.00671138820043482,0.0022988292678405298,0.10000006548101292,0.008333138067014856,0.0,0.0
2017-03-02,-0.002580696513167169,0.0,0.009174064857486286,0.022727342064085,0.0016528541515534734,0.0,-0.0034217742872424406
2017-03-03,0.0,0.0,0.006818281195442921,0.0,0.0016501267327326818,0.005376401875631931,0.0
2017-03-06,-0.027166704407770137,0.006666529564606893,-0.038374528248940054,-0.014814859007756143,0.00494257583628821,-0.010695075637793927,-0.008583505376593914
2017-03-07,-0.005319042665343776,0.01986783630482747,0.0,-0.015037639517010093,-0.0032787282161643727,0.0,-0.0008657955290621855
2017-03-08,-0.010695184892538623,0.0,0.0,0.0,0.0,0.0,0.0
2017-03-09,-0.0013514853394295256,-0.02532490908747287,0.0,-0.007633686230993031,0.001644581639545839,0.005405234271086412,0.0008665457805248078
2017-03-10,-0.028416696463031688,-0.0006661276029716889,-0.018779666228928904,0.020000093688224307,0.0,-0.010752803751263973,0.0
2017-03-13,0.001392674393191795,0.0,0.0,-0.03469086185084447,-0.001641881431489245,0.016304524984309676,0.0
2017-03-14,-0.0194713207230508,0.006666529564606893,-0.03827759171290834,0.0,0.0,-0.021390452441400698,-0.0216449559620846
2017-03-15,0.004255289880418012,-0.006622381264121513,0.019900760567030717,0.04687491726946935,0.0,0.0,0.0
2017-03-16,0.01694892418035665,0.007104094274164918,0.012194924184342426,0.04477619051458559,-0.008223842486403732,0.010929156403888696,-0.013274392038078786
2017-03-17,0.03472224982390126,0.0,-0.024096510806418503,0.0,-0.004974891212524923,0.010810696858391644,-0.0017936407321405001
2017-03-20,0.01342297848657159,0.0,0.012346006750570737,0.00857137144258302,0.014999766863850184,0.037433103543818014,0.0035939381947225346
2017-03-21,-0.019867519686054935,0.01333326411217528,-0.0048782629578078,0.03682743903291574,0.0,0.005154767116320569,0.0008951794645368771
2017-03-22,0.0,0.0,-0.019607494706059603,-0.006830755622610929,0.0,-0.005128331760400395,0.0017892475104730465
2017-03-23,0.01351334947610483,0.0,0.00249962312463059,0.0,-0.003284112645984827,0.0,0.0008924321668428714
2017-03-24,0.021333438193210652,0.013815769924338417,0.012469334232697804,0.01788165360457783,0.0,-0.020618633016752597,0.0
2017-03-27,-0.0013055087696358658,-0.03309544266676223,0.0,0.013513423829869753,-0.016474316959578905,-0.02105256293649238,0.0
2017-03-28,-0.019607918524530032,0.032885977986507164,0.0,-0.021333128159459425,0.0,0.04301076082755384,0.003568150936127612
2017-03-29,0.0,0.003898581775763521,0.02216701780647301,0.001362321705034475,0.005025246359101843,0.0,0.0
2017-03-30,0.006666798801417739,-0.012944918208695144,0.012048425844729538,0.006802675634447475,0.024999769230714675,0.04639174285080605,0.0
2017-03-31,0.01986730910904555,0.0,0.04285691790627322,-0.013513490195766087,0.008130238997945627,0.004926300046129484,0.0
2017-04-03,0.0,0.00983610017505021,0.004566249865457506,0.0,0.008064442241478842,0.0,0.0008891616782582545
2017-04-04,-0.006493326163148017,0.0,0.02272730926303046,0.013698606176021366,0.007999927289913389,-0.0049021505814936805,0.0008876769717376387
2017-04-05,0.0,0.0,0.011111403649755713,0.0,0.0,0.009852183949325521,0.007098796777513794
2017-04-06,0.0,-0.019480587341540012,0.0,-0.0067567119149348764,-0.015872872751929057,0.0,0.0
2017-04-07,0.0,0.006622540084383344,0.0,-0.0068027424518096735,0.019354730094973904,0.0,0.0
2017-04-10,-0.006536076753700049,0.0,-0.03736298842346186,0.0,0.012658158161925614,0.019512199477300207,0.0008897368700397923
2017-04-11,0.0,0.0,0.0,0.0,0.0,0.028708106573618997,0.010666593758591247
2017-04-12,0.0,0.0,-0.018264676479045172,-0.00684920217548568,0.00781276263187558,0.0,0.000879632131287611
2017-04-13,0.0,0.0,0.0,0.0,0.0,0.0,0.0
2017-04-17,0.006579078113216674,0.0,0.0,0.009655242488594507,0.015503732600243847,0.0,0.010544538594569053
2017-04-18,0.006535765017129824,0.000657942599033845,-0.03157613102621315,0.008196531036452903,-0.02290088004006685,-0.04651160658593323,0.0008696885936794185
2017-04-19,0.0,0.0,0.0,0.0,0.0,0.0,0.0
2017-04-20,0.0,0.0,0.0,0.0,0.0,0.0,0.0
2017-04-21,0.025827017179848033,0.03221560047421734,0.019850698720712767,-0.010840102810519725,-0.05468745232754735,-0.024390232176499604,0.0425719228928243
2017-04-24,0.0,0.0,0.0,0.0,0.0,0.0,0.0
2017-04-25,0.01552405667222656,0.0,-0.002432842018164627,-0.0410958858030811,-0.008264270757767256,0.015000020767266697,-0.03749988378555391
2017-04-26,0.0025478567975649735,-0.012738788210798324,0.0,-0.0028570536559630044,-0.03333349901384597,0.004926300046129484,0.004328744434032972
2017-04-27,-0.015247697237317448,0.0,0.0,0.002865239799808128,-0.00862061155707472,-0.03431388077879782,0.004310421117797558
2017-04-28,-0.006451829850365742,0.0,0.0,0.0,0.0017391515889153553,0.015452861112071892,-0.02575106125908233
2017-05-01,0.0,0.0,0.0,0.0,0.0,0.0,0.0
2017-05-02,0.024675351573017368,0.012903158818234006,-0.0024389421322245086,-0.014285759387434482,0.0069443438561218596,0.03208558332702238,0.004404954360315072
2017-05-03,-0.00506968274895947,0.005095360969625373,0.002444905114317164,0.0,-0.00862061155707472,-0.005181373297146963,0.017544106457366482
2017-05-04,0.0,0.0012676292197144612,0.036585133739445164,0.02173934241256137,0.0,-0.010416788055677806,-0.002586172522773489
2017-05-05,-0.003821586996674453,0.012658053159223082,0.0,0.0,0.0,-0.010526231935509056,0.0034569699813802313
2017-05-08,0.0,0.03187537679572161,0.0,-0.00709235914687445,0.0,0.0,0.007752103522249865
2017-05-09,0.010230225587829933,0.005451112983608564,0.023529750952226314,0.011428705731471478,0.0,0.01063821222476613,0.00512807099214041
2017-05-10,0.0012658654147252868,-0.004819314537495845,0.011494178713533865,0.009886938439668036,0.03478235259105,0.0210526716830175,0.02040848863789302
2017-05-11,-0.001264265025354594,0.013922273269801,0.0,0.02797197705765142,0.0,0.0257730573938586,0.008333027732382314
2017-05-12,0.0012658654147252868,0.0,0.0,-0.01360535126889506,0.008403704315199212,0.005025350629698222,-0.008264162239257744
2017-05-15,0.0,0.0,0.0,-0.006896572746578289,0.0,0.014999878585854942,0.008333027732382314
2017-05-16,-0.013906521886438816,0.017910514376360043,-0.018181671092018847,0.005555586249779143,0.0,-0.03448261330172864,-0.039669348990806874
2017-05-17,0.0038462835017625263,-0.002932359040269783,-0.025463287946035917,0.0,-0.01666692702175787,0.0,0.015490462412252493
2017-05-18,-0.016603069191277964,0.029411561114240703,-0.0142518720403787,-0.005524892234449852,-0.016949060750707456,-0.010204200173180134,-0.012711631822019842
2017-05-19,0.012987149443600465,0.02857163199691315,-0.009638561371231091,0.020833260860861014,-0.018965627000868013,0.0051544622254859895,0.0
2017-05-22,0.0,0.038888927345087865,0.009732367391622532,0.006802675634447475,0.03514956954980164,0.0,0.01287529786811814
2017-05-23,-0.006410173297686672,0.005882225015951814,0.004819363159529466,0.013513423829869753,-0.03225821618005997,0.0,0.0
2017-05-24,0.002580531183091539,-0.06698564461243328,0.011990661782129486,0.0,-0.003508877488073492,0.010256734922284405,0.0
2017-05-25,0.0,-0.002849111568049678,0.02132677954922846,0.0,-0.003520795526774534,0.005075900329937433,-0.0008472495249650658
2017-05-26,0.009009012616942869,0.0017143117640492367,0.0,0.016000157154456573,0.003533235325904993,0.0,0.0008479679654209704
2017-05-30,0.010204128208232133,0.0,-0.002320266501086854,-0.02230969064861521,0.003521233063500162,-0.010100797256786254,0.0
2017-05-31,0.0,-0.02966332469516575,-0.011627915306653858,-0.0067114961101641946,0.017543951438904415,0.0,0.008474596302409765
2017-06-01,-0.002525239379118638,0.0,-0.011764392276014224,-0.009459330315012338,0.04310342505750864,-0.015306132384457327,-0.008403381040516078
2017-06-02,-0.0012659638873363521,0.002351423754375137,0.004761906702191787,0.025920898717472163,0.0033057083031069467,0.020725424994677555,-0.008474464986612307
2017-06-05,-0.0012672727910921777,0.0,-0.0023699125249228015,0.0,-0.0115318581017968,-0.010152602370993802,0.0017093128513334666
2017-06-06,-0.002538156508594458,0.021114284255624227,0.002375542352497373,0.0,0.0,0.0,0.0
2017-06-07,0.0025446151400740913,0.008041544634190823,-0.004739338414830208,-0.002659817631910699,0.0,-0.015384359943874215,0.011945367560678655
2017-06-08,-0.003807234762891687,0.0017094274985709479,0.02380920754274163,0.006667015898792483,0.12269281010480704,0.01562473651444063,0.01180468676865809
2017-06-09,0.0,0.0011378376242021648,-0.020930167955062084,-0.006622861178023132,-0.10999992410468828,0.0,-0.0041669335294688414
2017-06-12,0.0025478567975649735,0.0,0.0,0.004000104769637858,0.0,-0.005128029988618388,0.0
2017-06-13,-0.012706513212417225,-0.034091023059098946,0.021377604814302398,-0.0013278819734674485,0.0,-0.005154530067888574,-0.01924686794689956
2017-06-14,-0.0025738891817960186,0.0,0.0,-0.002659817631910699,-0.007490516047806484,-0.005181373297146963,0.01962457963973918
2017-06-15,0.0,0.0,0.0,-0.003999842845543333,-0.0075472263252619465,-0.020833370464089618,-0.023769150914013104
2017-06-16,-0.01032262662500294,-0.014706136842493112,-0.011627915306653858,-0.0026773582171703003,-0.011406719752094618,-0.02659574058466274,-0.026086752664843504
2017-06-19,0.003911170325574753,0.0316418260794189,0.011764714409413513,0.0,-0.003846516856173765,0.0,0.026785499361696274
2017-06-20,0.0,0.0,0.0,0.004026950402484131,-0.013513420291021205,-0.016393382492815745,-0.021738938416601905
2017-06-21,0.01948057261986369,0.006944550154505791,0.011628233694313206,0.002673515909783264,-0.0019568539116130435,0.0222221881000102,0.00888899871677884
2017-06-22,0.01910833138271828,-0.02298838914389334,0.006896239709380136,-0.006666492050603767,0.0,-0.010869620419493242,0.004405003844276445
2017-06-23,0.01500001993455058,-0.023529391405541777,0.004566447686288555,-0.004026818561520207,0.0,0.0,0.0
2017-06-26,0.016010008902167083,0.0,0.002272494969847161,0.004043099389186677,0.019608023076140846,0.01098906741101513,0.0
2017-06-27,0.0,-0.006024221358417292,0.009070611566224906,0.006711232428236347,0.0,-0.005434810209746677,0.006140414404780525
2017-06-28,-0.0060607152141830545,0.0,0.004494153009331203,-0.006666492050603767,0.0,-0.016393382492815745,0.002615431491928666
2017-06-29,0.0,0.0,0.0,0.0,0.0,0.0,0.0
2017-06-30,-0.007317034991359717,0.0,0.0,0.006711232428236347,0.05576917323027142,0.0055555104654896326,0.0008697355216364944
2017-07-03,0.0024569895422406063,0.0,0.0,-0.006666492050603767,-0.016393637144917594,0.0,0.02085173152640052
2017-07-05,-0.0012256267728139036,0.005993818759691072,0.006711413507099584,0.0,0.016666867726772727,0.0,0.021276397981019546
2017-07-06,-0.0024537842943487265,-0.02140671124986382,0.0,0.008053637123040414,0.0,0.005524817285241568,-0.004166845138153463
2017-07-07,0.0012299579246073389,0.0,-0.002222071455854957,-0.003994516335507958,-0.02550095733136104,0.0,-0.004184088652291695
2017-07-10,0.0,0.0,-0.0400892576526134,-0.01737982309623609,-0.005607740469288247,-0.016483601116522806,0.0
2017-07-11,0.0,0.0,0.03016251156738381,0.0027210034364169022,-0.011277956380639775,0.00558676839836969,0.0
2017-07-12,0.007370968626721597,0.0,-0.020270127034125895,0.01763902761217806,0.0,-0.016666677634520566,0.0
2017-07-13,0.013414706455758152,0.0,-0.00021511653981820533,0.0,0.007604620114382898,0.0,0.0
2017-07-14,0.010830220818925262,0.0,0.0,0.006667015898792483,0.0,0.0,0.0
2017-07-17,-0.001190423710825006,0.009374977361045866,0.04591821797961626,0.0,0.009433928490879318,0.011299269087337693,-0.008403401794086385
2017-07-18,-0.010726953461767441,0.0030961085544167766,-0.024390293453266043,0.009271329156772978,0.0,-0.0055863272332202785,0.012711893751915504
2017-07-19,-0.004819345088690086,0.0,0.025000052059340305,0.0,0.0,0.00561770959733221,0.0033472964863996424
2017-07-20,-0.007263978388138526,-0.01296311962531227,0.0,0.0,0.001868892172168346,0.00558676839836969,0.0
2017-07-21,-0.001219648136825291,0.000625439137267092,0.0,0.003937110384747422,0.0111942055245704,-0.005555729822567135,0.0008341916134824157
2017-07-24,0.0,0.0,0.0,-0.006536224221347364,0.005535082908386446,0.0,-0.004166845138153463
2017-07-25,-0.0109888126670028,0.0,0.0,0.007894943794340747,-0.003670013719178522,0.00558676839836969,-0.004184088652291695
2017-07-26,-0.009876587080540178,0.0006250482076552988,0.0,-0.00783310189514319,-0.001841358503031132,0.0,-0.008403401794086385
2017-07-27,0.034912826330782964,0.0,0.0,0.002631755630501109,0.0,0.0,-0.008474487961525501
2017-07-28,0.0,0.0,0.0,0.0,0.0,0.0,0.0
2017-07-31,0.0012047659769738317,0.0006246577664379416,-0.03658551542374744,0.003937110384747422,0.0,0.0,0.0
2017-08-01,0.012033537081406642,-0.0006242678127005297,0.012658333630768848,-0.006536224221347364,-0.0036900941689907985,0.027777917922577444,0.0059829018542727486
2017-08-02,0.010701629590710748,0.0,-0.01999981027262665,0.021052752655357887,0.0,0.010810650451034798,0.0025487678392335233
2017-08-03,0.01764701252436529,0.0,0.0,-0.019329705170243128,0.0,0.005347550299869441,0.000847623550549903
2017-08-04,0.0069363803151305525,0.0024983116566335006,0.017856861789600664,0.0,-0.0037038785197182067,0.0,0.0
2017-08-07,0.0034442545309725237,0.0062305858403231,-0.0075189679065086334,0.0,0.003717648237167692,-0.005319106112383065,0.0
2017-08-08,0.0011442034590458672,0.02167191550686609,-0.0025251026190548087,-0.015768875630921553,0.0,-0.01069503021778706,0.0076205345141553416
2017-08-09,-0.0011428957537711337,0.0,0.005063380313040655,0.001334973418554819,0.018518338497064413,-0.01081100616516617,-0.0067229781550702805
2017-08-10,-0.016017958342271266,0.0,-0.010075743305787532,0.0,0.0,-0.010928945635329645,-0.0016917975570347465
2017-08-11,0.011627662952185203,0.0,0.010178297215824195,0.0,-0.00181780798667186,0.0,-0.02288162881454059
2017-08-14,0.002298838652357915,0.0,0.0,-0.006666492050603767,-0.007286086553814464,0.0,0.0017352766771714379
2017-08-15,-0.0022935661139233954,0.0,-0.012594251739565854,-0.0067114961101641946,0.007339563246898662,0.0,0.008657782803260572
2017-08-16,-0.0068965159570734125,0.030302989605987873,0.00255063173190484,0.0067568446467276555,0.0018211184302991956,0.005524817285241568,0.021459098604313498
2017-08-17,-0.010416567249030395,0.0,0.0,0.02013402688711885,0.0,0.01098906741101513,0.007563029524702447
2017-08-18,0.008186954445667194,0.0,0.005089148607912097,0.006579227527671483,0.0,0.010869548890009018,-0.0033361294719400636
2017-08-21,0.002320263927088728,0.0,0.0,-0.006536224221347364,0.009090994812899655,0.005376371477125108,-0.000836792165892053
2017-08-22,-0.0046294253753664805,0.0,0.012658333630768848,0.01973697176925615,0.009009093193409479,0.01069510059973866,-0.0033500998236870583
2017-08-23,-0.011628115239083359,0.0,0.025000052059340305,0.012903139952048948,-0.016071509645819604,0.0,-0.0050420410764517865
2017-08-24,0.023529380539688338,-0.017058735115381474,-0.004877908202956416,-0.001273876982221589,-0.0036294765840220178,0.0,-0.011824252518717993
2017-08-25,0.0,0.005386003185554822,-0.012255378802514372,-0.01403051996086424,0.0018211184302991956,-0.005290962919179187,-0.008546983998377944
2017-08-28,0.005747051922063928,0.0,-0.007443880196711161,0.00129377949623799,0.0,0.0,-0.006896321057902943
2017-08-29,0.0,-0.017857199024209236,-0.010000252198581583,0.003875815776291036,0.01454591368079905,0.0,0.019965334636643517
2017-08-30,0.0,0.0,0.0,0.0,0.0,0.0,0.0
2017-08-31,0.0,0.0,0.0,0.02960102276799015,0.0035839442020011436,0.021276634472279676,0.0
2017-09-01,0.0,0.012121216503970578,0.010101267420310034,0.006250142728156938,0.0,0.010416582408411923,0.0
2017-09-05,0.011428601910871805,0.00598807712662941,0.012500026029670153,0.006211077056241354,0.014285711058872774,0.0,0.01702089738738133
2017-09-06,0.0033898570280945783,0.011904664065355952,0.037036960864250235,0.007407358004720699,0.0563380156226756,0.0,-0.004184088652291695
2017-09-07,-0.00225232821617094,0.0,0.004761768000651756,0.004901928331747074,0.008333410634113747,0.0051544622254859895,0.004201668807068071
2017-09-08,0.01580144953813467,-0.026470423380581254,-0.002369381199741283,-0.0048780166437583095,0.0,0.01538469741639803,0.0
2017-09-11,0.001111148567175757,0.015105666435063503,-0.002375448167350247,0.004901928331747074,0.0,0.03535358806101674,0.0
2017-09-12,0.009988892213022682,0.0005951824717240761,-0.007143019262654593,0.01829292176116004,-0.021487570993733995,-0.03414639063281355,-0.004184088652291695
2017-09-13,0.0,0.0,-0.004795878145958721,0.007185344456948517,-0.003378430712897673,0.005050465100248536,0.008403530153986871
2017-09-14,0.0021977052496671146,0.0005948284402625958,0.0,-0.004756094669677191,0.008474332807354656,0.005025350629698222,-0.004166845138153463
2017-09-15,0.0,0.0,0.0,0.0,0.0,0.0,0.0
2017-09-18,0.014254355661054374,0.01070156035961567,0.0,-0.008363028621305446,-0.02521000364170012,0.0,0.0
2017-09-19,0.010810924006134925,0.0,0.012048068278507351,-0.002409740354411549,0.008620770498878771,0.0050000253357429525,0.0
2017-09-20,0.013903879018422494,0.0,0.0,0.0,0.0,0.014925186468248253,0.0
2017-09-21,0.0052740283195709114,-0.02941172636757705,0.004761768000651756,0.00241556122978559,0.0017094824707233336,0.014705765653436842,0.0033472964863996424
2017-09-22,-0.0010492717748585845,0.004242337964694309,-0.016587422899709936,-0.0036145513620363667,0.0,0.014493021772436165,0.0
2017-09-25,-0.006302488562454522,0.025950560592885363,0.02409628523160312,0.003627663738944964,0.0,0.0,0.0
2017-09-26,-0.006342544089760094,0.0,0.0,0.0,0.0,-0.009523920545354336,0.0008461668748853679
2017-09-27,-0.0095743775785605,0.0,0.0,0.0,0.0017064571990723643,0.009615497782236249,0.005916760197335558
2017-09-28,-0.001074150026045273,0.0029412027175819144,0.03529404676682768,0.00843355871421192,-0.001703550163631773,0.009523920545354336,0.0
2017-09-29,-0.0032257478974669906,-0.002932577412925408,-0.022727111784700216,0.0035840880665662933,0.017064787847684837,0.004717128723689568,0.008403520317038282
2017-10-02,0.0,0.0,-0.023255932414731006,-0.005952108114782639,0.0,0.014084204180734972,0.002500046900192121
2017-10-03,0.0,0.0,0.0,0.0,0.0,0.0,0.0
2017-10-04,0.024811130811675852,0.0,0.02619038507460303,0.005987747837274071,0.015100747524249725,0.07870374094024735,0.009975186424138194
2017-10-05,-0.02421044235929104,0.0,-0.025521955239035887,-0.005952108114782639,-0.014876107185497811,0.0,-0.009876664851000805
2017-10-06,0.03559872858626556,0.0,0.011904787263306238,0.01796383166456761,0.031879214394386235,0.025750977927781582,-0.010806519761268452
2017-10-09,0.01666665991377103,0.0,0.009411639341810885,0.0,-0.0016260930133019658,-0.004184011939781684,0.0
2017-10-10,0.004098259389522907,0.0,0.002331223261549553,-0.011764743947444756,-0.011400469442607197,-0.01260510614634136,0.0
2017-10-11,0.010204028981998459,0.0,0.0,0.0,0.0,-0.012766023224148437,0.0
2017-10-12,0.0131314425091269,0.0,0.0,0.0,0.0,0.008620621187582778,0.002521245905086955
2017-10-13,-0.0029911276012010157,0.0,0.0,-0.005952108114782639,-0.011532251543954652,0.012820805585125106,0.0
2017-10-16,0.006000046987195029,0.0,0.0,0.0,0.0,0.008438638608954108,0.0008382386260006314
2017-10-17,-0.006958407769314667,0.0,0.0,0.005987747837274071,0.03333332630598962,-0.008368023879563369,0.0008375996285125975
2017-10-18,-0.00900892482387472,0.0,-0.009302200779973568,-0.00119035146471691,0.0,-0.008438971809562545,0.004183926165415963
2017-10-19,0.005050597123059664,0.0,-0.0023476395135726413,-0.0047674315692169955,-0.016129079972339033,-0.008510570137295503,0.0008334744521947268
2017-10-20,0.0,0.0,0.002353163894112331,0.0023950756087998126,0.0,0.0,0.003330557189861638
2017-10-23,0.003015020608595931,0.0,0.0,0.0035840880665662933,0.0,0.03004295821388725,0.0008299534531261976
2017-10-24,0.0010018819291539582,0.0,0.002347060171352,-0.0035712882549494562,0.0,0.020833438441933083,0.0
2017-10-25,0.017017359837591783,0.011764911139741319,0.0,0.0035840880665662933,0.008196797798289301,-0.004081760265695289,0.03648423518967503
2017-10-26,0.019684857294374858,-0.011628107488416806,-0.0046837067433730395,0.0011904683951162731,0.008130053709815233,0.03278672784643599,0.015999935430213164
2017-10-27,-0.005791475784449607,0.0,0.0,-0.001189052865260054,0.0,0.015873098774420447,-0.007873925187513842
2017-10-30,-0.019417374535921073,0.0,0.0,0.005952458905980507,0.0,0.019531350413710902,-0.045238275925738924
2017-10-31,0.00495019915869177,0.0,0.009411639341810885,0.005917120558614375,0.0,-0.026819957762416635,0.0016626040879970105
2017-11-01,0.0,0.0,0.0,0.0,0.0,0.0,0.0
2017-11-02,0.06600994237695024,0.02352952147124099,0.002331223261549553,0.010588512217660773,0.016129283991995536,0.05118125862811729,0.020746711927236428
2017-11-03,-0.00646950384796785,0.0005745609678251551,0.0,-0.010477570336145048,0.007936278472279845,-0.003745435401566355,0.0
2017-11-06,-0.023255731489989828,0.0034463653035605724,0.004650813413455301,-0.003529272963067487,-0.02362206685042234,-0.018796988388951608,-0.012194922637596806
2017-11-07,-0.009523908309035267,0.0,-0.004629283479752999,-0.0023613751708294606,-0.008064488981255336,-0.015325747780711496,0.004115488745659812
2017-11-08,0.0,0.0,0.0,-0.00591723679710876,-0.004877867683211301,-0.0038910705104174825,0.00819625440862648
2017-11-09,-0.009615260905508904,0.0,0.04651129087639916,0.0023810537206316873,-0.00326823086348782,0.0,0.020325340357907784
2017-11-10,-0.009708762795497705,0.0,-0.02222206835315088,-0.014251570057086327,-0.008196590434038309,0.0,0.0
2017-11-13,0.0,0.01422977913931689,-0.004545464425097623,-0.006024291716448027,0.0,-0.007812437341844336,0.003984198072075618
2017-11-14,-0.019607893982591662,0.0,-0.013698800914708986,0.006329156874774533,0.0,-0.015748111465041736,0.0
2017-11-15,-0.015000117467987684,0.0,-0.009258781195532695,-0.006289232280655921,0.0,-0.02800003916840421,-0.023809785593196575
2017-11-16,-0.005075998207514143,0.0,0.0,0.0,-0.009917509329320673,0.016460990939522135,-0.02032503429579058
2017-11-17,0.015306162544478141,0.0,0.0,0.0,0.0,0.032388829647672424,0.0
2017-11-20,0.02613043922211644,0.0,0.0,0.012658074129739516,0.0016695280510699018,0.00784296966307374,0.0
2017-11-21,0.00587686702208301,0.058957941827650906,-0.007009575168481885,0.0062501601866606915,0.016666610447917174,0.01167310910770647,0.0
2017-11-22,0.0029210762510509802,0.0,0.011764803235923438,0.012422326140478557,-0.003278532491489794,0.023077042230663203,0.012448427043573629
2017-11-24,0.004854381397748853,-0.010810763668711698,0.01162757161463479,0.018405031167828545,0.0032893166229128745,-0.0037594174694063343,0.00819625440862648
2017-11-27,-0.012560508767086476,0.0,0.011494421613089889,0.007228600554717746,0.0,-0.0037738026853081363,-0.0008127785586102831
2017-11-28,-0.003913722126642427,0.010928913570477983,0.0,-0.007176722891642173,-0.008196590434038309,0.003788098220545155,0.008950287243215671
2017-11-29,0.011787757098261853,0.0,0.0,0.006024022660116035,0.0,-0.007547108713071848,-0.008064666456944036
2017-11-30,-0.00485453245282319,0.0,-0.01136380128993597,-0.0011977028615557384,0.008264329760295341,-0.011407001277108475,-0.00406493340424996
2017-12-01,0.0009758704680329355,0.0,-0.011493925176511599,-0.01678659373116298,-0.03278677646465522,0.015384492336962152,0.006530672804042403
2017-12-04,-0.0009749190733007174,0.0,-0.004651028645853872,-0.003658492523523682,0.016949094401756293,-0.015151395804316237,0.0008107397956365059
2017-12-05,-0.006829044084861069,0.0,-0.01869184005240454,0.0024479508254753313,0.0016666399627607298,-0.01153841987359161,0.02917372751313363
2017-12-06,0.0029466718121344826,0.0,-0.01904765962129007,-0.010988993321208396,0.0016640773652329965,-0.03501932732311963,-0.03307100749082903
2017-12-07,0.0009795413314477308,0.0,-0.026699161981200814,-0.006172764962104171,0.0,0.00806434407868073,-0.018729502593195946
2017-12-08,0.0,0.0,0.0,0.0,0.0,0.0,0.0
2017-12-11,0.019569676295841942,-0.00540529098760234,0.00997531616427727,-0.009938001117905326,0.0,0.0,-0.004149517336111241
2017-12-12,0.012475978874848304,0.0,0.0,0.02760353494049772,0.0,-0.0040001259285255,-0.008333489667307292
2017-12-13,0.00853079757954256,0.0,-0.012345704403274538,-0.025640946135914167,-0.0033224155044936365,-0.020080110281136543,0.0
2017-12-14,-0.06484968480528996,0.0,-0.025000514809031316,-0.020049999770167526,-0.025000021082031032,-0.04918046935151821,-0.016806344664166417
2017-12-15,-0.004020079600984938,-0.02065208148045372,0.0,-0.008951597519750831,0.0,-0.021551609699245522,-0.008547166950714224
2017-12-18,0.01614530198739672,0.012208507986747552,0.0,0.0,0.0,0.03083681386358461,-0.008620720989233832
2017-12-19,0.022840115943784545,0.008771983169763464,0.012820941799742913,0.006451656358187341,0.0,-0.017093994980433957,0.004347580144944185
2017-12-20,0.0,0.0,0.012658333630768848,0.005127962107595918,0.0017094824707233336,0.03043505728196605,0.011423677541011035
2017-12-21,0.0,0.0,0.0,-0.007652790379369834,0.022184159444902152,0.033755331903902785,0.012163515023495997
2017-12-22,0.029126137331418667,0.0,0.03750007808901046,0.039845697364532695,0.0016695280510699018,0.03265279284328004,0.021459097928553383
2017-12-26,-0.0009433546849221264,0.0,0.0,-0.022249770734783403,0.0,-0.015810358927192847,0.0
2017-12-27,-0.005665913415322743,0.0,0.0,0.0,-0.0033333853356765086,0.0040161911990748145,0.0
2017-12-28,-0.0028488039470868642,0.0005433844879576544,0.0,0.01769925920447446,0.0033445339561204435,0.020000208476990355,0.008403573505787243
2017-12-29,0.009523760131196601,0.0,0.0,0.012422326140478557,0.0,0.0,0.004166616438538329
2018-01-02,0.014150907393599255,0.0,0.02409628523160312,-0.012269905374207246,0.0,0.019607630611385707,-0.004149327781196255
2018-01-03,-0.0046512476102961164,-0.00026958193711557055,0.002353163894112331,0.006211104651271393,0.016666610447917174,-0.003846376188590739,0.008333171057841371
2018-01-04,0.014018948431278266,0.007709218617949265,0.011736749212311937,-0.006172764962104171,0.011475537654030088,0.0,-0.007437989370850162
2018-01-05,0.027649767272384107,0.0,0.016241335341898644,0.006211104651271393,-0.001620821965438335,0.0,0.0016653208499022298
2018-01-08,0.004484037116711637,0.0,-0.006849470891104548,-0.006172764962104171,0.0016234532941974411,-0.0038607197604477728,0.005818716757127307
2018-01-09,0.004464575951065752,0.0,0.0,0.007453325581525672,0.0,0.0038756826851755743,-0.008264303205555712
2018-01-10,-0.004444732106991922,0.0,0.002299139632858216,0.0,0.004862158378866388,-0.0038607197604477728,0.0
2018-01-11,-0.004464020284068115,0.0,0.006880818820694579,0.004932238976018466,0.0,0.0038756826851755743,0.004166616438538329
2018-01-12,0.013452809048421166,0.013661313352427484,0.0,0.012269789969862055,0.016129283991995536,-0.0038607197604477728,0.0
2018-01-16,0.03982297534156798,0.00844940761085855,-0.002278119630022335,0.012121409039839826,-0.0079368808158784,0.0077518755031185105,-0.008298717125119204
2018-01-17,-0.011914898688205167,0.0,0.0,0.00598783846679618,-0.007999872900634197,-0.003846376188590739,0.00418411210671632
2018-01-18,0.0,0.0,0.0,0.0,0.0,0.003861227923735333,0.008333171057841371
2018-01-19,-0.018087863088493306,0.0,-0.020547990070813427,0.0,0.008064386971427195,-0.003846376188590739,0.0
2018-01-22,0.004386044824676638,-0.005434836085737249,0.0,0.0,0.0,-0.0038607197604477728,0.0
2018-01-23,0.002619971805510657,0.0,0.006992878759419341,-0.009523695421345901,-0.006399797126744766,-0.003875988764835969,0.0
2018-01-24,0.011324085905839887,0.0027322229031834233,0.01157402993748513,0.004807521107727419,0.0016102800457367117,0.0038910705104175936,0.0
2018-01-25,0.0,0.002724867089952232,0.0022885467967863615,-0.00956926387006607,0.004822971956154776,-0.003875988764835969,0.0
2018-01-26,0.0025839995856380416,0.0,0.0,-0.0036232583721611533,0.008000378869447156,0.04280167319104655,0.0
2018-01-29,-0.001718137383489582,0.010869494878219532,-0.004566079148236257,0.0,-0.006349303871503231,-0.011194085923866615,0.0
2018-01-30,-0.010327102343863137,-0.005376221975258,-0.011468054953434614,-0.006060533511637933,0.0031945334368710387,-0.02264182279676008,0.0008266816847581904
2018-01-31,-0.02956520068558277,0.0,0.011601096971018299,0.018292806719623966,0.011146723413597792,0.0,-0.009083475747279635
2018-02-01,0.00896080608427785,0.0005405546473329359,0.00917418923815494,-0.002395293082947725,-0.00787378988313514,0.0,0.0
2018-02-02,-0.005328982617055278,0.0,-0.006818406978434277,0.0,0.0,0.0,0.019999758904983622
2018-02-05,0.0,0.0,-0.027459667168855506,-0.009603951329652416,0.0,0.0,-0.007352914883681283
2018-02-06,-0.004464020284068115,0.004862099093379202,0.023529170942715893,-0.030303009574753736,-0.003175053498150615,-0.015443590470393564,-0.01152255831676785
2018-02-07,0.0,0.0,0.0,0.0,0.0031851665724185185,0.00784296966307374,0.0
2018-02-08,0.0,0.0,0.0,0.0,0.0,0.0,0.0
2018-02-09,-0.001793782294273405,0.02150541406169637,-0.013792993889858551,0.0,-0.003175053498150615,-0.0038910705104174825,-0.013322196192597557
2018-02-12,-0.011680117882457708,0.0,0.011655325282518225,0.0,0.0,0.0,0.0008440595715872856
2018-02-13,-0.0009090507908614542,0.0,-0.004608730272631978,0.0,-0.004776994530923839,-0.0039060644354622642,0.0042156753468372
2018-02-14,0.0009098779161007542,0.0,0.0,0.0,0.0,0.015685836099296857,0.007556771551962438
2018-02-15,0.0,0.0,-0.002314677445880986,0.0,0.0016002781614146144,0.003861227923735333,0.0016667083946502181
2018-02-16,0.0,0.0,0.0,-0.0012499850100555765,0.0015973172344769804,0.0,0.0016638116673073355
2018-02-20,0.0,0.0,0.0,-0.01126394485272042,0.0,-0.007692246168481076,0.0016611096101291078
2018-02-21,0.013636398354062162,0.005789539425141044,0.0,0.006329037064869869,0.0,-0.003875988764835969,0.0
2018-02-22,0.013452809048421166,0.0,-0.01392100142339392,0.0,0.02870827876214377,-0.00778193617374312,0.01990062788047675
2018-02-26,-0.008849718360473768,0.04657224052335107,-0.01647040514226339,-0.006289232280655921,-0.02790711356643194,0.0,-0.012195396294742311
2018-02-27,-0.004464020284068115,0.025000250781357147,0.016746222206608596,0.0,0.0,0.0,-0.004115177593114416
2018-02-28,-0.01345294858807844,0.0,0.0,0.0,0.012759167758090495,-0.007843382570476565,-0.00247930935416929
2018-03-01,0.009090932236041516,0.0,0.0,0.0,0.0,-0.007905075420697516,0.0
2018-03-02,-0.004504656037710886,-0.02439048259968668,0.023529170942715893,0.0,0.014173100670050065,0.003983979346104727,0.0
2018-03-05,-0.004524758180536215,0.0,-0.011493925176511599,-0.012658252714306872,-0.017080768216202635,0.019841373468025614,0.0
2018-03-06,0.0,0.0,-0.011628002079431932,0.0,0.0,0.0,-0.005799372289351679
2018-03-07,0.004545324675545137,0.0,0.023529170942715893,-0.006410299309886902,0.01105867579648634,0.0038910705104175936,-0.008333541973251424
2018-03-08,-0.004524758180536215,0.0,0.0,-0.006451717038539084,-0.004687523315818454,0.011627966294507797,0.0
2018-03-09,0.009090932236041516,0.0,0.009195778416809963,0.012987162896870519,-0.003139766211873951,0.0,0.0
2018-03-12,0.013513547608484888,0.0,-0.009111986607034606,-0.012820658911146254,-0.0015747778966560544,-0.01149431083553365,0.0
2018-03-13,0.01333315907621313,0.0,0.0,-0.0064933066136964035,0.004731884957954735,-0.003875988764835969,0.0
2018-03-14,0.0017544452257900467,0.0,0.0,0.0,0.0,-0.01167310910770658,0.0
2018-03-15,0.00700521767326312,0.01250024772304803,-0.03218355785032179,0.006535745211302402,-0.003139766211873951,0.003937131499528901,0.0
2018-03-16,0.0043478375574343975,0.002468878048733414,-0.002375448167350247,0.0,-0.00787378988313514,-0.003921691285238338,0.0
2018-03-19,-0.008657964047205646,0.0,0.0,0.006493611985628478,-0.0015873761631757244,0.0,0.0
2018-03-20,-0.0043668914430627925,-0.007389035901999796,-0.01904765962129007,-0.006451717038539084,0.0,-0.00787415936578928,0.0008404508586850046
2018-03-21,-0.01052633015574711,-0.007444283025546894,0.007281718966995809,-0.0168829147824201,-0.006359599729720999,0.003968274693605167,-0.009235825735639636
2018-03-22,-0.002659388480649949,0.0,0.02409628523160312,0.03038303181627633,0.0,0.003952693774697202,0.008474348245054664
2018-03-23,0.0,0.0,0.002353163894112331,0.03205131567531683,0.004799923740380629,0.003937131499528901,0.0
2018-03-26,0.0071111426433518865,-0.00499996860135854,-0.0023476395135726413,0.012422326140478557,0.0031851665724185185,0.0,0.0008404508586850046
2018-03-27,-0.0026479951629424514,0.0,0.011764803235923438,-0.006135010389276219,0.0,-0.003921691285238338,-0.0008397450941994844
2018-03-28,-0.00442465264917391,0.011237201104327355,0.01162757161463479,-0.006172764962104171,0.01587285811635919,0.0,-0.004201568567312464
2018-03-29,0.0,0.0,0.0,0.0,0.0,0.0,0.0
2018-04-02,-0.008888911016777135,-0.011055348719473779,0.011494421613089889,0.006211104651271393,0.0,-0.00393713149952879,-0.0025316152988943408
2018-04-03,-0.01345294858807844,0.016260128618206693,0.0,-0.01234576215765304,0.0,-0.0039525897317982395,0.015228494891063482
2018-04-04,0.0,0.0,0.020454660026535176,0.0062501601866606915,0.0031250484845495308,0.007936653842979924,0.0
2018-04-05,0.0063634969785058,0.0,0.00222690125017988,0.0,0.0,-0.00393713149952879,0.0
2018-04-06,0.0072269129369184615,0.0,0.0,-0.01614910576917683,0.09034250020638712,0.007905387549394405,0.0
2018-04-09,0.0,0.0,0.0,-0.003787832904981414,-0.028571333056917836,-0.007843382570476565,0.0
2018-04-10,0.0035873552790608443,0.005000216541635627,-0.011111068454338846,0.003802235136343368,0.0,0.003952693774697202,0.0008331996492376703
2018-04-11,0.0,0.004975017780817659,-0.002246918849008517,0.003787832904981414,0.0,0.003937131499528901,0.007493727637364778
2018-04-12,0.008042819025796177,0.0,-0.004504860990627524,0.0,-0.04411758824433787,0.0,0.0
2018-04-13,0.0,0.0,0.0,0.0,0.0,0.0,0.0
2018-04-16,0.0,0.0,0.0,-0.006289232280655921,0.0,0.0,-0.007437989370850162
2018-04-17,0.013297976889575569,0.0,0.01809959046291465,0.0,0.007692378048899107,0.023529321896624156,0.019150602980060105
2018-04-18,0.013123325281754195,0.0,-0.0064302341939063146,0.006329037064869869,0.0045798852551950375,0.019157083872060943,0.0
2018-04-19,0.014680441242898912,0.0,0.002303952550624766,-0.0125786420227193,0.002878946969781415,0.00375951642748662,0.002475497304044394
2018-04-20,0.007168046588628352,-0.004950389505008146,0.0,0.00636952977698102,-0.0015598409623533982,0.01004704592597272,0.0
2018-04-23,0.004328973595325136,0.0,0.022988355405580974,0.0,-0.006250071394418688,-0.003906223310646273,0.0
2018-04-24,-0.003448303848690437,0.0,-0.013482884907633053,0.012658074129739516,0.0062893804713914925,0.00784308345671847,0.008230313846689485
2018-04-25,0.009515517072878454,0.0,0.02050083875129194,0.0,0.003124939704713725,0.011673072304794863,0.0
2018-04-26,0.011139765696876136,0.0,0.0044643107804134274,0.012500085236938796,0.0015573153582739696,0.01538451188676504,0.0
2018-04-27,0.0008474001544493959,0.0,0.0,-0.004938211969683359,0.0,-0.0037874750954771663,0.0
2018-04-30,0.011854328920725798,0.004975017780817659,0.0,0.011166234280288956,0.0031106476982478704,0.0,0.0
2018-05-01,0.0,0.0,0.0,0.0,0.0,0.0,0.0
2018-05-02,0.0,0.0,0.008889005122439286,0.0061348949849311385,0.0031005253329263738,0.0,0.0
2018-05-03,-0.022594200371860995,0.0,0.0,0.006097487539206137,0.0015457557567271074,-0.007604794299164275,-0.00408132451192067
2018-05-04,-0.02397267063803854,-0.004950389505008146,-0.008810686881616236,0.0,0.018518544853914465,-0.011494270480353341,0.0016392681612349413
2018-05-07,0.008772069452737119,0.00746260691862588,0.01333327477291868,-0.004848426809310413,0.007575892264981121,0.0,0.0008181724572409177
2018-05-08,0.013043585043857497,0.0024690034408494377,-0.0021929291710079957,0.0012181267060276113,0.0,0.0,0.0049058624575872845
2018-05-09,0.012017003809479565,0.0,0.00439582642965064,0.0,-0.006015014393852103,-0.0038759427150775183,-0.015459728166889675
2018-05-10,0.01357087019651182,0.009852325561531039,-0.004376587709724489,-0.009732356478149518,-0.00907716707326045,0.01556419363338235,0.008264810497065733
2018-05-11,-0.004184071176099202,0.0,0.0021977486781949995,0.0024568571016896357,0.007633441009075481,0.0038312001073019797,0.016393103079958893
2018-05-14,-0.025210034707295104,-0.004878180812058708,-0.0021929291710079957,0.0024510662743424394,-0.0075756130140254285,-0.022900517285661337,-0.00403201298888245
2018-05-15,0.004310379810863019,0.0004903754526999204,0.0021977486781949995,-0.015892343649553275,0.0,-0.003906223310646273,-0.012145662057925555
2018-05-16,-0.004291880177196505,0.0,0.0,-0.01614910576917683,0.0,0.003921541728359346,-0.016393705176543483
2018-05-17,0.017241388338287145,0.0,-0.01315783770734913,0.007575784565697186,0.0,0.023437242257098312,0.0
2018-05-18,0.016101568082779405,-0.015188577149335636,-0.011111106674716043,0.005012588339665225,0.006106940395661509,-0.0038165780331318455,0.010833506668623816
2018-05-21,-0.0075061903574737965,0.02039792598990986,0.011235950519530302,0.0012468675852894684,0.0015172349500081062,0.0038312001073019797,0.005770912161045194
2018-05-22,-0.001680749797012271,-0.00048758809124282987,-0.0022220350063510974,-0.0037361787856071693,0.01515150527900655,0.015267361219397646,0.008196340806174707
2018-05-23,-0.0025249537947131806,-0.002439051065227016,0.006681750654019325,-0.0062499250502779935,0.0,-0.011277931334045754,0.01626019027682757
2018-05-24,0.0075946766912418084,-0.0024450934546268455,0.006636738679780985,0.006289232280656032,0.014925546943011403,0.003801874600843913,0.0
2018-05-25,-0.011725198548013793,0.004902094113502065,-0.010989006649583355,0.007500145196716268,0.0,0.0,0.0
2018-05-29,-0.012711838778549533,-0.012195097962925394,0.0,-0.012406914012212611,0.0,0.0075758966811321216,0.0
2018-05-30,0.008583695182725393,0.03703712259023839,-0.011111106674716043,-0.01381922269124769,-0.022058850766038196,0.0,0.0
2018-05-31,-0.012765995942051411,0.0,0.002247203562632638,0.0,0.022556419456648547,0.0,0.0
2018-06-01,0.0025861624339353906,0.0,0.020179350368388693,0.02165620953819758,0.0,-0.018796959285294568,-0.0008000219074605353
2018-06-04,-0.0025794914500486543,0.0,0.019780462064928228,0.0,0.0,0.007663070373051362,0.0
2018-06-05,-0.007758683659553345,0.0,0.00215524849637605,0.003740602755868183,-0.022058850766038196,-0.011407143944315634,0.0008006624549650176
2018-06-06,0.0034753333130603803,0.0,-0.01075280935345202,0.0,0.022556419456648547,0.011538768335660698,-0.0199999600400399
2018-06-07,0.029437007301026163,0.0,-0.010869754146774269,-0.009938001117905326,0.0,-0.011407143944315634,0.0
2018-06-08,-0.007569193449708633,-0.006190589318018969,0.0,-0.003764070123861707,0.0,-0.00769225594338252,0.0
2018-06-11,0.0,0.042165832318366014,-0.002197682863542827,0.00755658375888868,0.0,-0.023255946840893604,0.016326737181841855
2018-06-12,0.008474516290222445,0.0,0.0044051125821715775,0.0062501601866606915,0.0,0.00396842591754365,0.0
2018-06-13,0.0,0.0,0.008772176376308893,-0.012422442978413994,-0.004411950844973367,-0.0039527397626242244,-0.012048460761922453
2018-06-14,-0.004201459776147609,-0.0096552183416444,-0.008695894456387632,-0.006289232280655921,0.004431502415801258,0.0,0.01300818805356485
2018-06-15,-0.012658456559793585,0.0,0.004385989682666569,0.006329037064869869,-0.014706051087163607,-0.027777494081123733,-0.01123573182853077
2018-06-18,-0.004273409429651376,0.0,0.008733869713854148,-0.0037735393683935303,0.0,-0.008163412669985215,0.00405801504925507
2018-06-19,0.004291749833861047,0.0,-0.004329027618389825,-0.005050503251175731,0.0,-0.016460999291922684,-0.00565871107064142
2018-06-20,-0.008546948645627772,0.0,0.010988169706227291,-0.01015228062867346,0.040298289038546375,0.0,-0.012396832657092016
2018-06-21,-0.003448303848690437,0.06778095588189603,-0.007091910417214575,0.00641017872714178,0.0,0.0041844906200247944,0.0
2018-06-22,0.014705739404390794,-0.06521760931484777,0.016666352136222695,0.0,9.695659419772795e-07,-0.008333586677089166,0.0025104644510409724
2018-06-25,-0.015345072042994401,0.0,-0.030444727793032755,0.012738879831895256,-0.016623720813228826,-0.004201651998855582,-0.0025041778016906546
2018-06-26,-0.012987249465599815,0.0,0.014492819414709368,0.0,0.001612753886837348,0.02109700726583208,-0.0041840872617996405
2018-06-27,-0.015789272128894027,0.0,0.011904685472474252,-0.016352003929705372,0.011272352529636986,0.0,0.004201667404866605
2018-06-28,-0.015151502847999376,0.0,-0.018823550975721304,0.0,0.01910827969114348,-0.028925732474842758,0.0025104644510409724
2018-06-29,0.0,0.0,0.0,0.0,0.0,0.0,0.0
2018-07-02,0.01357442714247803,0.0,0.007194342816578381,0.0,-0.01562511532279487,0.004255396972789205,0.0
2018-07-03,0.025893073042505765,0.0,0.0023806387769602644,0.0,0.0,0.016949461205253646,-0.006677787365048982
2018-07-05,-0.020017370899092057,0.023255922124755246,-0.02137725697634396,-0.0025576937926177212,-0.023809349490620635,-0.01666696512643384,0.004201667404866605
2018-07-06,-0.0008881066531737369,0.0,-0.004854456224082093,-0.0012819754540558392,0.0,0.0,-0.0025102225718183213
2018-07-09,0.0017778596642901157,-0.013636293651998144,0.0,0.0012836210247018087,0.0,-0.004237365301313356,-0.0016780770368364228
2018-07-10,0.01153473706307584,0.013824812859838831,0.0,0.0,0.0,0.012766084589266091,-0.0016804726455317276
2018-07-11,-0.009648936733486213,0.0,0.0,-0.012820658911146254,-0.00325218282813855,-0.03781507796731176,-0.0025251953855863762
2018-07-12,0.009742945801119118,0.0,0.034146294149882905,0.005194926233134556,-0.0016312610316815412,0.004366563978542404,0.004219150953572948
2018-07-13,-0.0043858682241506575,0.0,0.0,0.0025840088440436393,0.004902051588270062,0.0,-0.004201424509348017
2018-07-16,0.005286186425519146,0.015717028815762646,0.0,0.0051546373009643265,0.0,-0.008695377265930837,0.0
2018-07-17,0.016652332298707995,0.0,-0.02122651054503255,0.012820538328401243,0.0,0.013157803889541464,0.004219150953572948
2018-07-18,-0.008620759621725926,0.0,0.0,-0.006329215649437114,0.0,0.004329082998302924,0.004201667404866605
2018-07-19,-0.004347729637806053,-0.009091092171877091,0.0,0.0,0.0,0.017241260464523123,0.0
2018-07-20,-0.00436704648393349,0.004587249191150722,0.004819299249683606,0.0,0.0,0.016949461205253646,0.0
2018-07-23,0.013158137479549303,0.0,0.01918467467746532,-0.015286619853860817,-0.00325218282813855,0.008333066107727882,0.010041857804163667
2018-07-24,0.0,0.004566302424049429,-0.011764631237887624,0.0,0.0,0.016528812979702545,-0.00579911338175465
2018-07-25,0.004328973595325136,0.0,0.0,-0.006468227388124692,0.0032627940308573855,-0.004064810249603146,-0.0008334748954000881
2018-07-26,0.012931073980006591,0.0,-0.023809500648224513,-0.023437583239186988,0.0,-0.0040818083241067615,0.0008341701552829761
2018-07-27,0.004255288902673904,0.0,0.0,0.0,0.0,0.0,0.0
2018-07-30,-0.004237258145111222,0.0,0.012194976932003998,-0.0013333799843894267,0.0,-0.008196665910902068,0.0
2018-07-31,-0.0008511353209527117,-0.045454522487398896,0.0,0.014686197783163157,-0.00325218282813855,-0.024793425976462724,0.016666426799002876
2018-08-01,-0.0076660319319588055,0.023809397776659358,0.0,-0.006578745043649636,0.0,-0.004237365301313356,-0.014754120499328671
2018-08-02,-0.005150125869300415,0.0,-0.012048051225236667,0.0,-0.013050632188440825,0.004255396972789205,-0.0016636355351059562
2018-08-03,0.0,0.0009302809285909319,0.0024387030795127718,0.0013244249359136706,-0.003305846765230269,0.016949461205253646,0.0
2018-08-06,-0.012079475314454857,0.0,0.0,-0.002645532925373839,-0.004974940976604225,0.0,0.0
2018-08-07,0.0,0.005685563150277906,-0.002432770275151097,-0.0053050382988500955,0.0,0.0,-0.001667070226447298
2018-08-08,0.0,0.03286413741022165,0.0,0.0,-0.0033334877000592567,0.0,0.0
2018-08-09,0.0,0.0,-0.012195309098922191,-0.006666711812850057,0.02006717152957549,0.0,0.0016698539903170495
2018-08-10,-0.00436704648393349,0.0,0.0,0.006711455150181234,0.0032785666574470795,0.0,0.0
2018-08-13,-0.008771803049188454,0.0,-0.004938294520966613,0.0,-0.019607843137254943,-0.004167053623225225,0.0
2018-08-14,-0.00442468065138002,0.0,0.004962802300375158,0.005333331828460519,0.0,0.0,-0.0008334748954000881
2018-08-15,0.0,0.0,-0.004938294520966613,-0.011936382950205493,-0.03333339508002375,-0.029288506953171423,0.0008341701552829761
2018-08-16,-0.008889028365915319,0.0,0.007444406212546051,-0.010738315615517635,0.017241316535762552,-0.00862095334433921,-0.0008334748954000881
2018-08-17,0.0,0.0,0.007388859839829065,-0.016281967144075482,0.0,0.008695920468988483,0.0008341701552829761
2018-08-20,-0.004484205692346199,0.0,0.0,-0.006896727083839815,0.01694928025746245,-0.00862095334433921,0.0
2018-08-21,-0.007207197470863069,0.0,0.002445265719030143,-0.01388891791807112,0.0,0.0,0.0
2018-08-22,-0.0018148967874769273,0.0,0.0,0.001408632525614406,0.0,-0.008695377265930837,0.0008330533706355503
2018-08-23,0.0,0.0,0.0,-0.015471309794741539,0.0,0.0,-0.0008323599703565776
2018-08-27,0.009090914110743586,-0.00045473096742043584,0.012194976932003998,0.01857147396714498,-0.008333487700059261,0.013157803889541464,0.0
2018-08-28,0.0,0.0009094492458947556,-0.019277196998734647,0.009817619265747979,0.00840351831658781,0.0,0.0
2018-08-29,-0.004504472768952494,0.0004546664915128229,0.004913961011148826,0.0,-0.008333487700059261,-0.012986924484052031,0.0
2018-08-30,0.0,0.0,0.0,0.0,0.0,0.0,0.0
2018-08-31,0.0,0.0,0.0,0.0,0.0,0.0,0.0
2018-09-04,0.0,0.0,0.0,0.0,0.00840351831658781,0.0,0.0
2018-09-05,-0.049773815661120824,0.0,0.017115128541608016,-0.08055563248288855,0.0,-0.017543957706526614,0.0
2018-09-06,0.0,0.0,-0.00480771402783553,0.0,0.0,-0.017857132897267092,-0.0083337252510014
2018-09-07,0.0,0.0,0.004830939804903123,0.004531952123672411,0.0,-0.013636384287054493,0.004201667404866605
2018-09-10,-0.014285758704421614,0.00045396303125500026,0.0,0.0,0.0,-0.013824675720219726,0.0
2018-09-11,-0.0289854519624706,0.00998634401296461,0.0,-0.004511506193597303,0.0,-0.014018826903182235,0.0025104644510409724
2018-09-12,0.004975240517930857,0.0,-0.00961523163002842,-0.003020898866060051,-0.008333487700059261,0.0,-0.005842800051511943
2018-09-13,0.009900844218233118,-0.03370785885461458,-0.007281915724222987,-0.007575879030477295,0.0,0.02843594206633182,-0.009236050198069612
2018-09-14,-0.004902000921521044,0.0,-0.009779864151164497,-0.0030534700814641713,-0.00840333151984829,0.009216527246157069,0.0
2018-09-17,-0.003940844323446546,0.011627928953615863,-0.012345669048855035,-0.010719698069051486,0.0,0.0,-0.008620602020796397
2018-09-18,-0.0009889775823737068,0.0,0.0,0.021671928722379663,-0.008474545938852662,0.02283112473028792,0.0
2018-09-19,0.004950309349230464,0.0,0.0,0.0,0.008546977693958402,0.040178409580590824,0.0
2018-09-20,-0.004925924499128764,0.00229878301244546,0.012499989785865528,0.027272679986356296,0.0067798816447661725,0.00858374115603655,0.012174010587917117
2018-09-21,0.010890876018776252,0.0,0.0,0.007374541752897867,0.0,0.04255343808238443,0.0008589084502701461
2018-09-24,0.004897274433574239,0.02981657147711747,-0.012345669048855035,0.011713233881092133,0.0,-0.016326723350856387,0.0
2018-09-25,0.014619706044458614,-0.020044441873269703,-0.007500034728057492,0.03039043382413187,-0.0016838133779430997,-0.004149038583663778,0.0
2018-09-26,0.0038427099262725584,0.0,0.0,0.0070225861053283545,-0.005058929315278515,-0.012500223844825298,0.002575245786765157
2018-09-27,0.004784582271594395,-0.011363727586242378,0.002518972048089374,-0.0027893010264932183,-0.008474545938852662,-0.01687783776261087,0.0
2018-09-28,0.004762015980838585,0.03448282304436745,0.0,0.0139860411228796,-0.008546977693958513,0.00858374115603655,0.014554662988980338
2018-10-01,0.0,-0.0004445563862122137,0.0,0.0,0.0,0.00851079394557841,-0.0008440471268438277
2018-10-02,0.0047392307596536565,-0.01734096253405326,0.002512574334772477,0.00965524926786654,0.0,0.0,0.013513822417858368
2018-10-03,-0.004716876393957903,0.013574473435688406,-0.0025062771271868733,0.013660970307358467,0.0,-0.008438971597202083,-0.001666756054422125
2018-10-04,-0.004739446660102842,0.0,0.0,-0.002695321952394969,0.0,0.0,-0.015025078066176478
2018-10-05,-0.0095238873426301,0.006696511892959611,0.0,-0.0027027969977028166,-0.01724141234959864,-0.008510687616476886,-0.012711885579003046
2018-10-08,0.0,0.0,0.0,0.0,0.0,0.0,0.0
2018-10-09,-0.00480765896414781,-0.0022171605872987055,-0.012562940110271592,-0.001355124676121977,0.0,0.0,0.0
2018-10-10,-0.009661768415829552,-0.022222192893849524,0.00508908250831297,-0.0013566444855729332,0.0,0.0,0.01802580587254088
2018-10-11,-0.014634043361692273,0.0,0.0,0.0013584874701080274,-0.00877199567630138,-0.008583526672430564,0.0075886411105290374
2018-10-12,-0.004950610042260162,0.0,0.0,-0.005427216032920401,0.0,-0.004329191168588431,0.0
2018-10-15,0.0,0.022727242050644136,0.007595041277862924,0.0,0.0,0.0,-0.028451981737583232
2018-10-16,0.0,-0.022222192893849524,0.0,-0.008185632097516993,0.001769846222847704,-0.030434689555650096,0.0
2018-10-17,-0.004975089423405965,0.014521553899756734,0.0,0.0,0.0017670139526060336,-0.01345282435357864,0.0
2018-10-18,-0.005000040619872914,0.0,0.0,-0.02613474485018996,-0.003527500211702894,-0.009090847138836455,-0.0180877868387046
2018-10-19,0.0070351570136615305,0.0,0.002512574334772477,-0.025423820004046416,0.0,0.0,0.0
2018-10-22,-0.006986009341048316,0.0,0.01253152216571185,-0.00724622173319911,0.0,0.0,-0.008771964260600007
2018-10-23,0.0,-0.013636356952277495,0.0024749886919781527,-0.014598500056672958,0.0,-0.02752309036016143,0.0
2018-10-24,0.0010050333314561843,-0.01843317056326621,0.004938227267405004,-0.007407595774512998,0.0,0.0,0.0
2018-10-25,0.0,0.0,-0.017198963923641286,0.007462877756245767,0.0,-0.009434134613627965,0.0
2018-10-26,-0.006024221751612546,-0.046948477688747325,-0.0024999434817887245,-0.007407595774512998,0.0,-0.02380930849908769,0.0017700065240544571
2018-10-29,-0.005050470190538059,0.0,0.0,0.0,0.0,0.009755909672848118,0.0
2018-10-30,0.0,0.0,-0.0025062771271868733,0.014925404562670552,-0.017698954016357793,0.0,0.0
2018-10-31,-0.010152290915638629,0.009852288898278827,-0.005025080233135526,0.007353060168493242,0.01801785113507104,0.01932396686243898,0.0
2018-11-01,0.0,0.0,0.0,0.0,0.0,0.0,0.0
2018-11-02,0.0020515325988101907,0.0,0.005050459195808488,-0.007299387334231411,-0.008849329471814937,0.07582921831801359,0.0
2018-11-05,0.01842358278279299,0.0,-0.007537791440726749,0.051470729601885035,0.008928339287808784,0.02202661404722117,-0.001766879136455679
2018-11-06,0.0020101429694443507,0.0024389105693463087,-0.017721326259164116,0.00699285613043199,0.0,0.012930837644366422,-0.026548337661119525
2018-11-07,0.001002788663279297,0.004866178407100685,-0.005154732534323747,-0.006944295669885303,-0.02654857856090076,0.01702126890385225,-0.01818194851344279
2018-11-08,0.0020041767884162454,0.0,-0.002590826585595285,-0.0019193702687032577,0.0018180135405785336,0.0041844906200247944,0.0
2018-11-09,-0.002999948446927636,0.0029056575537584894,-0.012986720810016505,-0.016272280496242297,0.00725976517134197,-0.01666696512643384,0.0
2018-11-12,-0.017051138794921927,0.018831422321349933,-0.013158239923596882,-0.015037545632035743,-0.001801735048623021,-0.025423874172241567,-0.02777801347025244
2018-11-13,0.0010203389105662986,0.018957339051131283,-0.018666320348433296,0.0,-0.0036102752459964416,0.0,0.0
2018-11-14,0.0,0.023255948926291348,-0.0027176994339002114,-0.007633630877628805,-0.0036231552125705058,-0.004347579992353912,-0.00952391519281437
2018-11-15,0.0,0.0,0.0762943434505663,0.0,0.0,0.0,0.009615492326267017
2018-11-16,0.010193607966660467,-0.022727401634648703,-0.015190082555725959,0.0030769405796691185,0.0,0.03493447589829746,0.0
2018-11-19,0.004036360031301589,0.023255948926291348,-0.0102826166900859,0.0,-0.0018181145806241972,-0.008438971597202083,0.0
2018-11-20,-0.009045376289637641,0.0,-0.03896094064991118,-0.003067502058108351,0.0018214261420506084,0.012766084589266091,0.0
2018-11-21,0.0,0.0,0.0,0.0,0.0,-0.004201651998855582,-0.0009523644577069668
2018-11-23,0.0,0.0,0.035135077237629764,0.007692351449172907,0.019999866627139706,0.0,-0.0038130215631052566
2018-11-26,0.004056828869491991,0.0,0.0052218855083805416,-0.004580178526577328,0.01604288298590406,0.004219380366807801,0.0
2018-11-27,0.010101170456858322,0.0,-0.002597131920222817,-0.003067502058108351,0.01754389385781896,-0.012605165974178045,0.0
2018-11-28,0.01999993470450323,0.0,0.015624998891695663,-0.0030768720448201003,0.0,-0.008510687616476886,0.00478453742787055
2018-11-29,0.00980415071559304,0.0,0.0025638346641621013,0.0,0.0017238825376026945,0.00858374115603655,0.0
2018-11-30,0.0,0.0,0.0,0.003086368405486928,-0.018932657210046444,-0.004255396972789205,0.0
2018-12-03,-0.004854555005144423,0.0,-0.002557278225601367,0.007692351449172907,0.0017543211394333014,0.008547165527891698,0.0
2018-12-04,0.019512280035095975,0.013623892723039877,0.0,0.007633494854270451,0.01576192124674436,0.025423768293695304,0.0
2018-12-06,-0.01913883767483815,0.0,0.0,-0.015151467085864567,0.03448282469919728,-0.0330580389732229,0.0
2018-12-07,-0.009756177054132342,0.0,0.012820290764412379,0.0,-0.025000092620035552,-0.012820321157806625,0.0
2018-12-10,-0.0019704595632030752,0.0,-0.010126629762234884,-0.0076924885188707215,0.0,0.004329082998302924,0.0
2018-12-11,0.0,0.0,-0.002557278225601367,-0.015503621655688082,0.0,-0.00862095334433921,0.0
2018-12-12,0.002961599860531905,-0.011363739987515387,0.012820290764412379,0.007873849478055917,0.00683773414703448,0.013043500461342283,0.0
2018-12-13,0.0,-0.04551729785891667,0.0,0.0,0.018675689524693118,-0.01287555811315344,0.004761889942471065
2018-12-14,-0.00590541045569426,-0.007707068862797595,0.0,0.007812405923529608,-0.0016666049199762778,0.021739203649107752,0.0
2018-12-17,0.014851379087235772,0.0,0.0,0.0,-0.006678012388385168,0.0,0.05517910254404068
2018-12-18,-0.014634043361692273,-0.0009709860285284089,0.0,0.0,0.0,0.04255343808238443,0.0
2018-12-19,0.0,0.0,0.0,-0.0015501204340806485,0.00840351831658781,0.01224501701586389,0.0
2018-12-20,0.0,-0.0014576361658009684,0.0,0.0,-0.023333580320094804,-0.01209689038723305,0.0
2018-12-21,-0.009901069738005419,0.021897864742048245,-0.020253052655909598,0.0062111457523643665,0.0,0.0,0.004587012532206058
2018-12-24,0.0,0.0,0.0,0.003086368405486928,0.0,0.0,0.0
2018-12-26,-0.002000168097941457,-0.019047649375033116,0.0,0.0,0.0017067063497784307,-0.008163412669985215,0.0
2018-12-27,-0.003005884796808189,-0.00242720684997777,0.007752043829737598,0.0015384702898346703,0.0,0.008230602474507354,0.0
2018-12-28,0.0,0.0,0.012820290764412379,-0.001536107034799561,-0.0034072182472394408,-0.01224501701586378,0.0
2018-12-31,0.0,0.0,0.0,-0.0076924885188707215,0.0,0.04958685195292545,0.0
2019-01-02,-0.005025242963812793,0.0,-0.012658011378046674,0.0,0.003418867073517129,-0.03543302361499834,0.0
2019-01-03,0.0,-0.014598453232972597,-0.012820779645988267,-0.003100517132719194,0.0,-0.02040802172939271,0.0
2019-01-04,0.010101170456858322,0.012345717001978285,0.0,-0.0015552186808034385,0.0,0.0,-0.0009132389926180817
2019-01-07,0.0,0.0,-0.025974078345374352,-0.004673062237992021,0.0,0.016666340443200367,0.0
2019-01-08,0.0,0.004877944988114669,-0.013333179349555135,0.0,0.0017035144523709356,0.04098373918299192,-0.02650807547323364
2019-01-09,0.010000081239745828,0.0,0.027027225987526382,0.0172144971040189,-0.0051020412985216534,-0.003937079138035315,0.015023552795868422
2019-01-10,0.004950309349230464,0.0,0.0131575948204814,0.007692351449172907,0.005128205615358539,0.007905183232727264,0.008325530614881727
2019-01-11,-0.0029556145418450086,0.0,-0.012986720810016505,0.009160357053154655,0.0,-0.003921541728359235,0.0
2019-01-14,0.007905127961009395,0.0,0.0,0.007564136650077602,0.0,0.0,0.0009176832801309764
2019-01-15,0.0,-0.004854266144902142,0.005263037928192604,0.0,0.0,-0.01574811980147861,-0.010082774611875456
2019-01-16,0.0,-0.0004877500163658066,0.0,-0.007507350028581383,0.0,-0.00400017271246933,0.0
2019-01-17,0.0,-0.002440311030621256,0.007853225070882264,0.004538468511182003,0.0,-0.004015636254965593,0.0
2019-01-18,-0.003921526300941447,0.0,-0.012986720810016505,0.0030119982795482336,-0.011904983553798987,0.008064257740278968,0.0
2019-01-22,-0.0009843347150536585,-0.0004894048533614637,0.0,-0.024023961554705098,0.0068849069593983625,-0.00400017271246933,0.0
2019-01-23,0.004926148908007688,-0.0004894213134166714,0.0,0.0,-0.00341886707351724,-0.00803187461452759,0.0
2019-01-24,0.00784312703815826,0.0,0.005263037928192604,0.0,0.00857639424075507,0.0,0.009259292057112845
2019-01-25,0.026264732903155563,0.0,0.0,0.007692351449172907,-0.0051020412985216534,0.028340088343884018,-0.009174344125423173
2019-01-28,-0.009478677419756498,0.0,-0.005235483380588102,0.0,0.0,0.0,0.0
2019-01-29,0.0,0.0,0.0,0.0,0.001709243546923922,0.0,0.005555858607723119
2019-01-30,0.0019138183775389006,0.0,0.0,0.006106768678744601,0.015358460491507131,-0.007874256651402067,0.0
2019-01-31,0.008595913320775805,-0.005876526990113873,0.0131575948204814,0.024279282832787352,0.0,0.0,-0.005525161591137917
2019-02-01,0.07007575675872713,-0.0004925554794981135,0.012987286788097796,-0.004444469669781181,0.00840351831658781,0.023809663100252676,0.0
2019-02-04,0.02212400796930325,0.0004927982099567352,-0.005128228050125139,-0.0029762737347174273,0.020000000000000018,0.007751885430155037,0.0009260515715214801
2019-02-05,-0.017316157325000137,-0.002463002000992587,0.0,0.0,0.013071865156851104,0.0,-0.0009251947934291183
2019-02-06,-0.004405255696014243,0.0,0.005154662334095894,-0.004477504863174553,0.048387008587580604,-0.0038463201819847193,0.0
2019-02-07,0.014159408102125015,0.0,0.012820290764412379,0.023988142176600835,0.0,0.003861171483788839,0.018518712920341907
2019-02-08,0.0,0.0024690833582445837,0.0,-0.011713160907203979,-0.0307692057782597,-0.0038463201819847193,0.0
2019-02-11,-0.005235843168910459,-0.002463002000992587,-0.015190082555725959,-0.014814832902749986,-0.01587295846679071,-0.0077217641102267365,0.0
2019-02-12,-0.007894602764003444,0.0,0.0,-0.010526375726955695,-0.008064396860252399,0.00778185374921847,0.00727263782807408
2019-02-13,0.004420902696572693,-0.004938391874555692,0.0,-0.0015197655845535785,-0.0081300504458367,-0.0038607855788882484,0.015343031902779192
2019-02-14,0.0035209549653811845,-0.0074441623710777005,-0.023135800027951903,-0.01065441590328231,-0.016393562100541992,0.01162792499537546,0.022222266188035578
2019-02-15,-0.0043858682241506575,0.0,0.0026314472859723104,0.00923068466930932,0.0,0.01915705364264153,-0.02173917250981483
2019-02-19,-0.007929379979693563,0.0,-0.0026245409448261148,-0.016768389472546885,0.016666790160047462,0.0,-0.0044446139876122
2019-02-20,-0.005328842205881368,0.010000016717988336,0.0,0.0,0.0,0.0,0.0
2019-02-21,0.0,-0.009901006487587516,0.0,0.0,-0.014754460975144879,-0.033834545501001734,0.0
2019-02-22,0.005357390896604475,0.007499993540777128,0.0,0.0,0.011647473201518821,-0.0038910241015983615,-0.008928230416844318
2019-02-25,0.003552291754801873,0.0,-0.021052725137761796,0.0,-0.013157864670607311,-0.003906223310646273,0.0
2019-02-26,-0.0008848958161158382,0.00744423779624559,0.0,-0.004650913831357739,-0.008333487700059261,-0.015686264902985414,0.02702680008747671
2019-02-27,-0.00354291995030509,0.0,0.005376441712149349,-0.003115421084568748,0.005042017591582848,-0.011952009583986789,0.026315696347944284
2019-02-28,0.0,0.0,0.03743310289327595,0.020312617350880302,0.0033446370063812125,-0.008064862272456619,0.04017109890478343
2019-03-01,0.004444345460748345,0.0,0.005154662334095894,0.003062804478587422,0.0,0.00813043309558803,-0.005751885251260913
2019-03-04,-0.00442468065138002,0.012315234608464731,0.0,0.0,0.0,0.0,0.04132228174469055
2019-03-05,-0.023111163302514504,0.0,0.012820290764412379,-0.015267397778616187,-0.016666790160047462,-0.004032431136228309,-0.03968250989065247
2019-03-06,0.005459553150642282,0.07055974530380227,-0.012658011378046674,0.004651397294334059,-0.00677978745488772,0.004048757471921016,0.02479330006635916
2019-03-07,0.009049640998452846,0.0,0.010256316419800182,0.009259242709206639,0.0068260667365143135,-0.004032431136228309,-0.004032075762323228
2019-03-08,0.004484205692346199,0.0,-0.010152192322980924,-0.006116242529669025,-0.0016947584839649421,-0.012145867762575424,-0.004048511854811365
2019-03-11,0.0,0.0,-0.010256525940475436,-0.0015385388246835774,0.01188448681126908,0.0040985377696916014,0.004064968929712753
2019-03-12,0.0,0.0,0.007771703553156817,0.0,0.0,0.008163208691757129,0.0
2019-03-13,-0.0008926612171037407,0.0,0.002571126806125479,-0.004622454159844969,0.015100578368627326,0.008096907964060263,0.0
2019-03-14,-0.004468311626858235,0.0,0.0,0.0,0.0,0.0,-0.02024300983461047
2019-03-15,0.004488367049531261,0.0,0.010256316419800182,-0.007739913421704547,-0.0066116935304606494,-0.01606394993058735,-0.000826500819257836
2019-03-18,0.005361973952229926,0.0,0.0152283576156651,0.014040572139189411,0.0016640172090225391,0.008163208691757129,0.000827184487914856
2019-03-19,-0.0008889635765868542,0.011363601822343306,0.010000250586768011,0.0,0.004983389317690046,0.0,0.012396707516892258
2019-03-20,-0.003558883045981287,0.0,-0.014851685072218013,0.006153881159338237,-0.0016527396734311584,0.008096907964060263,0.0
2019-03-21,-0.0017854580145867383,0.0004493876708759892,0.002512574334772477,0.0076451669307398,0.009933866536434355,0.0,-0.0008164939499956114
2019-03-22,-0.0026835206568611714,0.0,-0.0025062771271868733,-0.0015174594019784493,0.0,-0.004015636254965593,0.0
2019-03-25,-0.008968479478867142,0.0,0.002512574334772477,-0.006078926935008333,0.0,-0.01209689038723305,0.0
2019-03-26,-0.004524923564830363,-0.011680060082613575,0.0025062088622980205,0.0,0.0,0.008163208691757129,-0.018790728778188326
2019-03-27,-0.009090983133468789,0.011363601822343306,-0.0024999434817887245,-0.0015290606324172007,0.0,0.008096907964060263,-0.004995819153454706
2019-03-28,-0.004586984699091801,0.0,0.0,0.003062804478587422,-0.016393562100541992,-0.00803187461452759,0.0
2019-03-29,0.0,0.0,0.0,0.0,0.016666790160047462,0.0,-0.004184376589003724
2019-04-01,0.0,0.0,-0.010025176773636124,-0.004580178526577328,0.01639328879555224,-0.012145867762575424,0.021008509946351284
2019-04-02,0.01843311813088766,0.0,-0.02531650544940056,-0.003067502058108351,0.001612753886837348,0.008196665910902068,0.01234603804394685
2019-04-03,0.009049640998452846,0.0,0.012987286788097796,0.0030769405796691185,0.0032207616392978533,0.012195040196095741,-0.008130164055459632
2019-04-04,0.004484205692346199,0.0022472115798986003,0.025640860889725392,0.006134867466980332,0.011235895923145334,0.008032376368357852,0.0
2019-04-05,-0.004464187357983818,-0.0022421729428971915,0.025000183854422264,0.021341450785400395,0.0,0.0039838372761058505,0.0
2019-04-08,-0.004484205692346199,0.0,0.007316773572374924,-0.019402964334016226,0.0,-0.007936356054526694,0.0
2019-04-09,-0.004504472768952494,0.0,-0.007263627256425376,0.0030441575750237426,-0.0031744858418796262,-0.007999745728864638,-0.016393610856645147
2019-04-10,0.0,0.0,0.0,-0.009104621214133801,-0.01273891212108047,0.0,0.0
2019-04-11,0.0,-0.011235921286733674,-0.0024393009799654752,-0.004594206717881244,0.0,0.008064257740278968,0.0
2019-04-12,0.004524854854427662,0.0,0.03222172682323565,0.0,0.0,0.004000072763123752,0.0
2019-04-15,-0.004504472768952494,0.0,-0.046454549882756546,-0.004615479404352696,0.00806439686025251,0.010288410585510999,0.0
2019-04-16,0.0,0.0,-0.010256594847047218,0.004636880832334711,-0.007999882631873567,0.004149407440771524,1.1592549697958532e-07
2019-04-17,-0.004524923564830363,0.0,0.010362882736725254,0.0030769405796691185,0.0,-0.004132261006205118,0.0016833539468164016
2019-04-18,0.0,0.0,0.0,0.0,0.0,0.0,0.0
2019-04-22,0.00454549156673445,0.0,0.0,0.0,0.0,-0.008298617806860253,0.0
2019-04-23,-0.004524923564830363,-0.0727273832594103,-0.005128162103319789,0.0,-0.02795066602621399,-0.004184030574056474,0.0
2019-04-24,-0.0007277756142988201,0.029411812912306212,-0.02061865485815184,-0.003067502058108351,0.02389095807265673,-0.004201809798535461,0.0
2019-04-25,-0.0009336596709997869,0.004761876157639122,0.015789342112481286,0.0,-0.005000022514510594,0.0,0.016806754782454192
2019-04-26,0.0,0.0,0.010362882736725254,-0.0076924885188707215,0.0,0.00843887860109005,-0.008264535239401405
2019-04-29,-0.004673075855433639,0.04265413357823267,0.0,0.004651397294334059,0.0016749891161007557,0.0,0.0
2019-04-30,0.004695016021444287,0.0,-0.020512919053686907,-0.012345817353811905,0.0,0.025104779615785278,-0.012499995696265587
2019-05-01,0.0,0.0,0.0,0.0,0.0,0.0,0.0
2019-05-02,0.0,0.0,0.002617675731904523,-0.0234374961934376,0.003344557156560679,-0.004081854599632284,0.003375580484786589
2019-05-03,0.0009345322060319017,0.0,0.007832937567578968,-0.023999924732281075,0.008333250780127699,0.004098584425320739,0.0
2019-05-06,0.0,0.009090784742254332,0.010362882736725254,0.0016393536004215559,0.008264560243119279,0.008163127628035616,0.0
2019-05-07,0.0,0.009009092271449415,-0.010256594847047218,-0.009820023112284137,0.0,-0.0040488036983021836,0.017661916830630897
2019-05-08,0.003734776829988906,0.0,0.0,-0.0033056568452219937,0.016393102817818583,0.016260376861246595,0.0
2019-05-09,0.0,0.004464123058493197,-0.015543913937554277,0.008291698889219434,-0.008064090204023322,-0.011999989361122121,-0.008264535239401405
2019-05-10,0.009302406880276948,0.022222159177953227,0.0,-0.006578838910765827,-0.011382193110780148,0.004048611410892633,0.0
2019-05-13,-0.00460826665273939,0.0,-0.0026317306203340607,-0.011589469790755147,-0.004934321471474878,-0.008064764013583137,0.0
2019-05-14,0.0,0.0,-0.023746612015644986,-0.00335010300059424,0.0,-0.02032515733925666,0.0
2019-05-15,-0.004629738083818613,0.0,0.013513366059943355,0.0,0.0,-0.012447926710290491,0.0
2019-05-16,-0.004651065808173538,0.0,-0.013333189785623478,0.0,0.0,0.008403420038295417,0.0
2019-05-17,-0.018691750321368605,0.013043600650693321,-0.013513508694769416,-0.016806669839657618,-0.008264381615582517,-0.00833339105293418,0.010000271996013499
2019-05-20,0.003809472813912418,0.0,-0.013698480596590401,-0.02735050740538103,-0.00999995497097883,-0.012605329616218519,-0.004125561516454934
2019-05-21,0.0009489996058995587,-0.01287565573911642,0.024999679319321455,-0.007029682831646289,0.0,-0.004255350109915512,0.0
2019-05-22,-0.004739517609932853,0.0,-0.013549989766819315,-0.03539842824860173,-0.00673424900829267,-0.004273434014622768,0.0
2019-05-23,-0.004761735335696127,0.0,0.010989137652561487,0.0,0.0,-0.021459076992759285,0.0
2019-05-24,0.0,0.0,-0.005434808718668194,0.00917436516932324,0.0,-0.013157883773085577,0.0
2019-05-28,0.009569389845475396,0.0,0.0,0.07272728598112033,0.0016948621662913332,0.004444370328801517,0.01905549307911092
2019-05-29,0.00568726686672516,0.013043600650693321,0.0,0.0,0.008460429491940813,-0.02212384173154147,0.0
2019-05-30,0.0,-0.02575085488081763,-0.005464579367256528,0.0,0.006711470243264683,-0.009049837936765948,0.0040651881192197425
2019-05-31,0.0028274478023446736,-0.01101331540261985,0.0,-0.013559173328428598,0.0,-0.00913226857791738,0.004048617759343287
2019-06-03,0.000939663063176388,0.0,0.01648352524640373,-0.0034363687758345307,0.008333250780127699,-0.004608327206771512,-0.004032292548122096
2019-06-04,0.0,0.0,0.0,0.0,0.0,0.024728179129997363,0.0
2019-06-05,-0.004694668710706118,-0.0022271918467948737,0.0,0.008620506909186032,-0.008264381615582517,0.0092592592592593,0.0
2019-06-06,-0.004716952162729715,-0.017857102874713426,0.0,-0.008546828911502824,0.0,0.00917431192660545,0.0016191794707669516
2019-06-07,0.0,-0.0004545634160177947,0.0,0.0,0.023333318323659702,0.0,0.0
2019-06-10,0.0028433880114626664,0.0,0.0,0.0,-0.0032574023751738013,0.0,0.0
2019-06-11,0.0,0.0,-0.013513508694769416,-0.008620814134322474,-0.00163420044520457,0.004545559883790684,0.009700930469465296
2019-06-12,-0.0009451320003361907,0.0,0.013698625185317503,-0.005217498286077538,0.0,-0.004524991265021927,0.0008007357683330607
2019-06-13,0.0009460261198952491,-0.017735344237495565,0.0054053606874600035,0.0,-0.0016363448073799525,0.0,0.0008000951035656012
2019-06-14,0.0009454816089773388,0.0,-0.005376299847619559,0.0,-0.13770518174480395,0.009090803752572985,0.0
2019-06-17,-0.0037772363807269116,-0.004629742338961629,-0.008108361959548671,-0.006993047294812538,0.16498922385011605,-0.009008905560100589,-0.0007994554631639561
2019-06-18,0.004739307248304403,0.0,0.008174644939609843,0.0035211471962819374,-0.01140677503833376,0.022727272727272707,0.0
2019-06-19,-0.010377392463707946,0.0,0.0,-0.0035087922223856483,-0.009615310856607273,0.0,0.019591643005541393
2019-06-20,0.0,0.023255958619692096,0.013513366059943355,-0.014084353498206692,0.0,0.0,0.0
2019-06-21,-0.00476648564472526,0.0,0.013333541618245626,0.0071428179363794975,0.0019415704204746032,-0.022222222222222254,0.054443675187694884
2019-06-24,-0.0038315077598094494,0.0,0.0,-0.005319179185820588,0.0019381675821921185,0.022727272727272707,0.0037966492991754475
2019-06-25,-0.011538307236932166,0.0,-0.005263252918763506,-0.0053475447493483985,0.015473911414189745,-0.013333436330817627,0.013615649252495476
2019-06-26,0.0,0.0,-0.015873024737530494,0.005376294725981223,0.007619059062108358,0.013513619313533454,0.007462763986437748
2019-06-27,0.003890997942024077,0.0,0.016129041410837264,0.0,0.0,-0.004444444444444473,0.007407383709834292
2019-06-28,0.0009688716645037676,0.004545357829834007,-0.01058185360623165,0.016042713655626484,0.0018902743067803485,0.008928467971276888,0.01249985114144736
2019-07-01,0.0,0.07692309808307751,0.0,0.007017662598553853,0.0,0.02654888037222647,0.02977504737255665
2019-07-02,0.001936225791269397,0.0,-0.0026740918381673584,-0.008710928353640623,0.009433889611265789,0.008620489014470323,0.0
2019-07-03,-0.0009661348195860731,0.0042017193089558535,0.005361957606195844,0.01757479426263764,-0.005607485872265339,-0.017094018786941056,0.0063468806361366426
2019-07-05,-0.005802701011154987,0.0,-0.00024002021489510916,-0.015544129950502139,-0.02255634115760896,-0.013043479575109762,-0.014015278767711026
2019-07-08,-0.012646067141626971,0.0,-0.005847806275554479,0.0,0.011538390867260828,0.008810573586696346,-0.004975194531487537
2019-07-09,0.009852449402883767,-0.000418490182046094,-0.014705900052298104,0.005263188333578528,0.003802199559968189,0.0,0.0
2019-07-10,0.0,-0.016324896556695112,0.00895532104450858,-0.03141356005731333,-0.003787797597609166,-0.008733625337977391,0.0
2019-07-11,0.029268255364283124,0.0,-0.020710424313373,0.003603624140140038,0.0076046636575803905,-0.004405286793348173,0.0214284068537971
2019-07-12,0.014217991865456137,0.0,0.03323277999544905,0.008976551699868773,0.007547094186272307,0.004424779214786456,0.0034966345081621775
2019-07-15,-0.014018674465934966,-0.025714854098196738,-0.005847806275554479,0.0,-0.005618073657643774,-0.030836905463409114,-0.024390214080969086
2019-07-16,0.009478474255523173,0.0,0.026470450180310356,0.0053382677128654965,0.01694909480326401,0.004545559883790684,0.0
2019-07-17,0.0,0.0,-0.014326735705974092,-0.005309921928078998,-0.018518294242096056,-0.013574764071703549,0.0
2019-07-18,0.0,0.00933329695707985,-0.01162768566294059,0.01779361800131163,0.013207392947550689,0.0,0.0007140617135572569
2019-07-19,0.009389754194298217,0.012769824779747418,0.0029408543422928535,0.031468557065624125,-0.022346148198692295,-0.00917431192660545,0.009992909755444312
2019-07-22,-0.004651065808173538,0.013043175880433466,0.002932725206627129,0.0,0.0,-0.01851851851851849,0.010600722554558573
2019-07-23,0.014018674465934966,-0.012875241836654783,-0.002924149479739846,0.033898348595812644,-0.001904941459846654,-0.004717199758811019,-0.0076925392892397415
2019-07-24,0.00460826665273939,0.0,-0.0029322310777951666,0.008196768002108001,-0.009542000780532134,0.0,0.0007049764757378618
2019-07-25,0.0,0.0,0.0,0.02439030927079333,-0.0019267855452834715,0.04739370483386951,0.007042232102343782
2019-07-26,0.0,0.0,0.0,-0.023809586102152336,0.003861099970711157,0.009049667945000506,0.0
2019-07-29,0.0,0.0,0.0,0.0,0.0,0.0,0.0
2019-07-30,-0.019266100250341478,0.0,0.0,-0.02439030927079333,0.0,-0.03139013452914796,0.0
2019-07-31,-0.008419004537036368,0.013043175880433466,-0.02058831671115935,0.0,0.0,0.0,-0.006992985872739554
2019-08-01,-0.05566035655323309,0.008583879163144958,-0.01801807011579659,-0.016666687703058458,-0.011538569260582832,-0.004629736918675742,0.02112679135288076
2019-08-02,0.013985824318181406,-0.00851082328449193,-0.012232329233561323,0.0,-0.007782024272003696,0.0,-0.01241381082062687
2019-08-05,-0.019704315734342726,0.0,-0.0030960089177934913,-0.02542364819011189,-0.0019607875235708727,-0.018604760956226873,0.0
2019-08-06,-0.015075210626780744,0.0,0.024844767392921963,-0.00869577882734629,-0.01768184900668146,0.004739557196876909,-0.011871556952540718
2019-08-07,-0.005102310797548526,0.0,0.0,0.0,0.04000016326559397,0.004717090445443217,0.012014184022401064
2019-08-08,0.010256500527058954,0.0021460338916821087,-0.009091007895256409,0.02631586351410986,-0.009615310856607273,0.004694726369804725,0.0
2019-08-09,-0.015228408859026321,0.006424059023077078,-0.003058137517400916,0.0,0.00970866266614423,0.004672788904514169,0.0
2019-08-12,-0.010309215451437703,0.0,0.0,-0.017093962422341402,-0.009615310856607273,-0.004651055503960944,0.0
2019-08-13,0.005208224165629938,0.0,0.0,0.00869577882734629,-0.009708842791426697,0.004672788904514169,0.0
2019-08-14,0.005181392431467424,0.012765853594671306,-0.01226985212868903,-0.01724162826864506,0.0,-0.03255803525618639,0.012569850567616836
2019-08-15,0.0,0.0,0.0031056239572604394,-0.008771746094616395,-0.01960796618132632,-0.004807692307692291,0.0
2019-08-16,-0.005154683990850617,0.0,0.0,0.017699056433512217,0.020000128015067897,0.004830917874396157,0.0
2019-08-19,0.0,0.0,0.006192017835586983,0.0,0.0,0.0,0.03448265270277395
2019-08-20,0.005181392431467424,0.0,-0.009230869047599621,-0.00869577882734629,-0.009803846672236216,0.0,0.01000010527279005
2019-08-21,-0.014433099921355441,0.0,0.0,-0.026315707206544636,0.0,-0.004807692307692291,-0.009901093297499441
2019-08-22,0.0,-0.00840341935265243,0.0,0.009009060350350095,-0.009901189250373532,0.004830917874396157,0.0
2019-08-23,-0.01150616080612843,0.0,0.0,0.0,0.01000020315434691,-0.024038572954009463,0.0
2019-08-26,-0.0052911295493028865,0.0,0.009316871871781318,0.0,0.0,-0.0049261089367477195,-0.0006662777871803138
2019-08-27,0.0,0.0,0.0,-0.005357173114315827,-0.02970301667474451,0.009901105959834178,-0.020680717319051856
2019-08-28,0.005319274519896,-0.004237127775172489,-0.0030771044791993996,0.005386026993317472,0.0,0.004901960784313708,0.02179824262201513
2019-08-29,0.0052909729838479524,0.0,0.0030866022768911705,0.026785706472829185,0.020408006790363364,0.0,0.0
2019-08-30,0.0,0.0,0.0,0.0,0.0,0.0,0.0
2019-09-03,0.0,0.0,-0.006153912698399822,-0.0034783580154432725,-0.009999924860720988,0.0,0.06666691860154916
2019-09-04,-0.010526407594948939,0.008510632618458525,0.0,0.012216630657960303,0.0020202991290816374,0.009756097560975618,0.015624992091889611
2019-09-05,-0.005318959723356831,0.0004217232334777776,0.006192017835586983,-0.01724162826864506,0.018145190135951506,0.009661723795004962,0.0338460040908124
2019-09-06,0.005347402341033369,0.008013521202848262,0.015384559551000265,0.0,0.0,0.004784800408224932,0.0
2019-09-09,-0.004255183518512395,0.004184254686547151,-0.006060453101750629,0.0,0.005940603334948946,0.0,-0.04761890224847043
2019-09-10,0.004273367481387735,0.008333203684838475,0.0,0.0,-0.00590552097733632,0.0,0.0
2019-09-11,0.0,0.004132383657171612,-0.00914643946266791,0.0,-0.00792071260053584,0.0,0.0
2019-09-12,0.0,0.0020575350120841662,0.015384559551000265,0.0,-0.0019962886787295853,0.0,0.03124981547742456
2019-09-13,0.0,0.0,0.021212059984371257,0.0,0.0,0.004761684053009807,0.0
2019-09-16,-0.0010637762048444355,0.0,0.0,0.0,0.020000128015067897,0.0,0.0
2019-09-17,0.0,0.0,-0.0029676771897494403,0.0,0.0,0.0,-0.0061535909470967765
2019-09-18,0.0010649090297305541,0.0,-0.017856770583525194,0.008772058709746622,0.0,-0.004739117871018106,0.0
2019-09-19,-0.01595719396660955,-0.0020533102543452975,-0.006060453101750629,0.017391247757994277,0.0,0.004761684053009807,-0.009288114255689983
2019-09-20,0.005405291710766313,0.0,-0.0060978464711514135,-0.008546828911502824,-0.0019607875235708727,0.0,0.015624932501474564
2019-09-23,0.005376390701307576,0.015911661458907655,0.012270073642150159,0.008620506909186032,0.007858559058839143,-0.009478565236430314,0.0
2019-09-24,-0.005347639700945539,0.0,-0.006060453101750629,0.0,0.0038987322361803134,-0.004784578643281967,-0.015384549946987347
2019-09-25,-0.004301017106625338,0.0,-0.00304903331692874,-0.008546828911502824,0.0,-0.00961549603093248,0.0
2019-09-26,-0.0010798589959956084,0.0,-0.00611605419875938,0.0,0.0,0.029126329366117254,0.009375192111187758
2019-09-27,0.005405291710766313,-0.012345696938368844,-0.0030771044791993996,0.01379287249972494,-0.001941930671039649,0.004717090445443217,0.009287620434707211
2019-09-30,0.0,-0.012499773350642007,0.0,0.008503374560622223,0.0,-0.009389996740347573,0.41104320493243174
2019-10-01,-0.023656071358543085,0.0,0.0,-0.013490652917642398,0.0019457091032240026,-0.01421779293891312,-0.11739150536130594
2019-10-02,-0.0033037984027118883,0.0,0.0,-0.01025639268337164,-0.0038835911541554857,-0.019230769230769273,0.039408873123550014
2019-10-03,-0.005524828007153815,0.0,0.0030866022768911705,-0.00690842526127311,0.0058478723198420735,0.0,0.018957443300875898
2019-10-04,0.0011110549432573613,0.0,0.0,0.0,0.007752041111948271,-0.019607843137254943,0.1162788828596708
2019-10-07,0.001109903975817561,0.0,0.0,0.026086871636991305,0.0019229908139926088,-0.010000115872169868,-0.0008331881364731508
2019-10-08,0.0,0.0,0.0,0.0,0.0,0.0,0.0
2019-10-09,-0.002217264894877724,0.012657995424522062,-0.009230869047599621,-0.01694894778441114,0.01727459041386248,-0.0050503885990198505,-0.0037529165670319165
2019-10-10,0.0,0.0,-0.003105698712314253,0.017241167430940507,0.0,-0.005076024495259013,-0.01632497637036845
2019-10-11,0.022222085227457278,0.0,0.028037542264142568,0.008474549396704001,-0.0018867079112911966,0.02040804261541429,-0.020425475786355785
2019-10-14,0.010869660485739008,0.0,-0.015151460997007038,0.07899175254443858,0.0,0.00999988412783015,-0.0169419515336805
2019-10-15,0.0,0.0,0.009230869047599732,-0.003115421084568748,0.0,0.02475259281218456,-0.019000950000511052
2019-10-16,-0.004301017106625338,0.0,0.0,0.0,0.0207936311284751,-0.0048310298281833974,-0.009009171369864233
2019-10-17,0.005399534646840953,0.0,-0.00914643946266791,0.0,0.0,0.0048544819754070545,0.0
2019-10-18,0.010740913580755018,-0.01041662072422922,0.015384559551000265,0.0,0.0,0.004830917874396157,0.00045452653264654863
2019-10-21,-0.0010626457875414497,0.00042105323104491,0.006060453101750518,0.0,0.0,-0.00961549603093248,0.022262466655216473
2019-10-22,-0.008510603134429195,0.001683565954681665,0.003012153890503688,0.004687666292396697,-0.018518294242096056,0.0048544819754070545,0.004444614582277406
2019-10-23,-0.009656641885103734,0.008403249221773823,0.003002818924185524,0.0031101602378220683,0.0,0.004830917874396157,0.01814148445234065
2019-10-24,0.0,0.0,0.005987874203400523,0.0,0.005660298761278604,-0.004807692307692291,0.03302901680316639
2019-10-25,-0.003250267295673126,0.0,0.011905182364999156,0.0,0.023134134119238592,0.004830917874396157,0.00967594092058377
2019-10-28,0.003260865981729033,0.0,0.014705829254870517,0.024806485310495452,-0.001851614647096822,-0.004807692307692291,0.0
2019-10-29,-0.003250267295673126,0.0,0.014492841595799888,0.018154211016343513,-0.012987221035323793,0.0,-0.0020828595743473954
2019-10-30,0.0,0.0,0.0,0.0,0.0,0.0,0.0
2019-10-31,0.0,0.0,0.0,0.0,0.0,0.02898561920016407,0.0
2019-11-01,0.0,0.0,0.0,0.0,0.0,0.0,0.0
2019-11-04,0.0,0.0,0.0,0.0,-0.0018797174233825542,0.03755868135961893,-0.019206876905073056
2019-11-05,0.0,0.014583416029720686,-0.005714141091039515,-0.011887074283639998,-0.0018831709200767266,-0.013574764071703549,0.0
2019-11-06,0.0,0.0,0.0,0.0,0.028301725738868022,-0.00917431192660545,-0.020859921610487664
2019-11-07,0.0,0.02669402186713432,-0.008620919823937756,-0.007518839804968369,0.0,-0.004629736918675742,0.005217289792540436
2019-11-08,-0.021738999331551878,-0.005200007339028256,-0.0028987218161993233,-0.007575666046486851,-0.0018347117759741627,-0.013953382088036093,-0.026816645699543562
2019-11-11,0.0,0.0,0.01744212327525796,-0.007633630877628805,-0.016544108024738824,-0.009433962264150941,0.0
2019-11-12,0.0,0.0,-0.01428579976276878,0.0,-0.01869168265664345,0.0,0.0008890883282375306
2019-11-13,0.0,0.0,-0.0028987218161993233,0.0,-0.04761889764716365,0.0,0.021314325357612462
2019-11-14,0.0,0.00522718875893724,0.0,0.0,0.019999823633092273,0.0,0.0
2019-11-15,0.0,0.004000123258039334,0.0,-0.0076924885188707215,0.029411780598231907,0.01904761904761898,0.0
2019-11-18,-0.00777771339023825,0.009960055053014116,0.0,-0.007751845360913778,0.0,0.03738306927834589,0.0217390349533797
2019-11-19,-0.008958610229957142,0.0,-0.01162768566294059,0.0,0.0019046929176953498,-0.03153153482308768,0.02127639115952995
2019-11-20,0.004519629027471828,0.009862062654127257,0.0,0.015625090269907993,-0.0019010719593981484,0.019652676636632505,0.0008335204369795957
2019-11-21,0.0011248026685708457,0.0,0.0,0.015384565828647556,0.0,0.0046729362202611036,-0.000832826259272057
2019-11-22,0.0,0.03515617956092587,-0.011765116507432616,0.0,0.0,0.013953393919778678,0.0
2019-11-25,0.0,0.0,-0.0029757941092630746,-0.02272740311813326,-0.009523639555674257,0.004587194520396132,0.0
2019-11-26,0.0,0.0,0.0,-0.007751845360913778,0.00961521136294663,-0.0228310346629943,0.0
2019-11-27,-0.011235804692248275,0.007547068904797838,0.0,0.0,0.0,0.0,0.0
2019-11-29,0.0,0.011236191390116446,0.002984675890195243,-0.007812336317817414,0.0,0.0,-0.0004164833014010938
2019-12-02,0.0,9.561469412711077e-05,0.0,0.015747769109888843,-0.009523639555674257,0.0046729362202611036,0.000416656832014084
2019-12-03,-0.017045518071825305,0.011236048041028068,0.002976510512101127,-0.007751845360913778,0.0,-0.013953393919778567,0.0
2019-12-04,-0.01734102068838117,-0.0037036622268663555,-0.0029676771897494403,-0.007812336317817414,0.0,-0.009434146486169692,-0.010416402441611239
2019-12-05,0.0,0.014869829413233893,0.002976510512101127,0.007873849478055917,0.0,0.0095239972715635,0.010526045972580444
2019-12-06,0.004705818870794909,0.0,0.00890217443710517,0.009933848819316582,0.0,0.0,0.0
2019-12-09,0.009367815594113038,0.0,0.0,0.0,0.0019229186179081648,-0.02358499273799819,-0.0008331881364731508
2019-12-10,0.038282929732927906,0.000732486043574232,0.0,-0.008196781758635252,0.0,-0.004830957998478547,-0.003378212464099639
2019-12-11,-0.01675967540961254,0.0,-0.008823624988291923,-0.008264385279015074,0.0038388969732157108,-0.004854299630777215,-0.004237496465508639
2019-12-12,-0.005681867378932393,0.0018303004272297585,0.0,-0.02500004379359,0.003823952746819348,-0.0048783098560464255,-0.01191481166588082
2019-12-13,0.0,0.010230170606235323,0.0,0.025641071709235463,-0.0019046929176952387,0.0,0.01636533075536928
2019-12-16,-0.005714420020608735,0.0,0.0,-0.008333394644359227,-0.0019083276959424023,0.029411904952270307,0.003389663467474602
2019-12-17,0.0,0.0,-0.005934640102713051,0.010084108428401573,0.0,0.004761837049600093,0.013513404152408759
2019-12-18,0.010345072124357868,0.0,0.0,0.01663891741617385,0.0,0.0,0.00833352657326114
2019-12-19,0.046643742440273694,0.0,0.00895532104450858,0.004909950974803179,0.0,0.014218129903413423,0.01652898030663441
2019-12-20,0.0,0.00940314967187228,0.0,0.001628745011125421,0.003823952746819348,-0.004672619088519014,0.016260002097982174
2019-12-23,0.0,0.0,0.011834090707257383,0.008130004047638417,0.0019046929176953498,0.00469455495561677,-0.020000042002335294
2019-12-24,-0.0010869017205886733,0.0,0.0,0.008064440116846594,0.0,0.0046729362202611036,0.04081641399903613
2019-12-26,0.0010880843613532143,0.0032246669731328392,0.023391999319814616,-0.007999925199138835,0.0,0.004651201452525955,0.05882344463196798
2019-12-27,0.0,0.017857152128083698,0.0,0.0,0.03612167698786095,-0.004629667934305082,0.0
2019-12-30,0.0,0.0,0.0,-0.008064440116846483,-0.009174233065448512,0.009302402905051688,-0.01851846090214404
2019-12-31,0.0,0.0,-0.019999940853808296,0.0,0.0,0.009216457268385048,-0.028301747544770328
2020-01-02,-0.0010869017205886733,0.0,0.005830755863441395,0.0,0.0,-0.004566248251438365,0.0
2020-01-03,-0.004352578937835805,0.05263170780573967,0.0,-0.011382265437440586,0.0,-0.0045869869785107875,0.0023299058617716195
2020-01-06,0.0,0.0,0.0,0.003289567397650961,0.005555694476268691,-0.013824998649973774,0.0
2020-01-07,-0.00218568207647718,0.00033318421772832174,-0.008695746820308825,0.0,-0.0036834456236710666,0.0046729362202611036,0.007361597032659484
2020-01-08,-0.005476660526210209,0.0016661412544440868,0.008772026138712308,-0.008196781758635252,0.0,-0.013953393919778567,0.0
2020-01-09,-0.008810373491920487,0.007984039851238744,0.0,0.0,-0.02033257611504058,0.0,0.0
2020-01-10,0.0,0.013201365099947626,0.0,0.0,0.00943396635180549,0.0,-0.011153840406485593
2020-01-13,-0.008888850530354708,0.04918554426901656,-0.014492702053036877,0.008264524260336303,0.009345712555746788,-0.009434146486169692,0.011279651842982963
2020-01-14,0.008968570815807375,0.0031047720898527142,0.014705829254870517,-0.004918137976241965,-0.01666665816131685,-0.004761837049600093,0.0
2020-01-15,0.0055555213068643194,0.0012378129727226295,-0.0028987218161993233,0.0,0.007533029660633961,-0.01913869901268217,0.01923070709714203
2020-01-16,-0.005524828007153815,0.0,-0.005813877818579005,0.0,0.009345712555746788,0.034146403367928624,-0.0018867369406668777
2020-01-17,0.0,0.0009275715034864351,0.0029242198631578287,0.003294986824347035,0.0018517847540924226,0.0,0.0018903034460076018
2020-01-21,0.01111120700744661,-0.011735687145075446,0.0029151323080158775,0.004926075727653689,0.016635937040233584,-0.004717233304838753,-0.0018867369406668777
2020-01-22,0.007692243282771738,0.0,0.01744212327525796,0.0,0.009090997152910063,0.0,0.0
2020-01-23,0.0032713721417947372,-0.0031250559327409277,-0.00857152112244619,0.0,-0.009009095491446906,-0.004739269420883652,0.0
2020-01-24,0.002173964261140471,-0.0031348525222137935,-0.008645696668701741,-0.008169995254491913,-0.016363711368168166,0.0,0.0
2020-01-27,-0.0032537923534395885,0.0,-0.005813877818579005,0.001647458781323774,-0.0018483619855476086,-0.014285618872921346,-0.01701322726090304
2020-01-28,0.0010880843613532143,0.0,0.008772026138712308,0.0,-0.001851614647096822,-0.009661806711627419,0.00038468481894371465
2020-01-29,0.010869660485739008,-0.03459108657910859,0.0,0.009868494749609047,-0.016697746059489704,0.0,-0.05805477622072297
2020-01-30,0.0,0.0,0.0,0.0,-0.001886723943741786,0.0,-0.020408206999518064
2020-01-31,-0.02150524462382808,0.042019405868695126,-0.014492702053036877,0.0,0.0,-0.024390335413459585,0.0
2020-02-03,-0.005494633688242212,0.0,-0.005882275064006182,-0.00651463768417615,0.007561422065849754,0.014999899331812117,0.0
2020-02-04,0.005524991492624753,0.0,-0.0029587541299246345,0.008196781758635252,0.0,0.03448282778957101,0.06250013672636401
2020-02-05,0.0054943085138856596,-0.009065096488420243,0.023738917549244842,0.004877947740004718,0.0318948085541122,0.004761837049600093,0.019607883508586665
2020-02-06,0.0,0.009148024210567485,-0.0028987218161993233,0.0,-0.018181827291680386,-0.004739269420883652,0.0
2020-02-07,0.0,0.0,0.0,0.0,0.0,-0.004761837049600093,-0.018461539393542892
2020-02-10,0.005464447739325973,0.0,0.0,0.009708809855806688,0.0,0.004784620633400571,-0.00117555507894207
2020-02-11,0.005434991062832628,-0.04001242560947926,-0.014535044417533949,-0.003205219117855651,-0.009259178930955736,-0.02380940069624249,0.00039227854928403083
2020-02-12,-0.010810983298114918,0.0,-0.011799045362940852,-0.011253900192649047,0.0,0.009756067954469039,0.0
2020-02-13,0.0,-0.023119389875167817,0.0,-0.009756168922900876,0.0,-0.009661806711627419,0.0
2020-02-14,0.0,0.0,0.005970070321458687,0.0016420482539620807,-0.009345798404130079,0.009756067954469039,0.019607883508586665
2020-02-18,-0.008743213402174987,-0.03000005039435516,0.00890217443710517,0.0,-0.00943405301007949,0.009661806711627419,-0.009615303064999026
2020-02-19,0.003307848587708717,-0.001718243786602458,0.0,0.008196781758635252,0.0,0.004784620633400571,0.0
2020-02-20,0.0,-0.0017211011484449257,0.0029408543422928535,0.0,0.0,0.004761837049600093,-0.00427190186951143
2020-02-21,0.0,0.0,0.0,0.0,0.0,-0.004739269420883652,-0.0074103030005804316
2020-02-24,-0.005494633688242212,-0.03448287270285444,-0.01466284954497088,-0.008130140769084138,-0.019047454078546577,-0.02380940069624249,0.0
2020-02-25,-0.005524828007153815,0.0,0.0,-0.008196781758635252,-0.021359427121477315,-0.009756288657518541,-0.017681826152433855
2020-02-26,-0.011111289204305597,0.0,0.002976510512101127,-0.008264385279015074,0.0019842374596583667,-0.014778227408383748,0.0
2020-02-27,-0.03146050249959764,-0.0003571908064485818,-0.005934640102713051,-0.008333394644359227,0.02970307475249112,0.0,-0.020000042002335294
2020-02-28,-0.013921182385228326,-0.03536964332660553,-0.014925391365967378,-0.016806706063529853,0.0,-0.004999928740496151,0.1020408206999519
2020-03-02,0.005882404136455799,-0.0003705277430628984,0.0,0.05128214341847093,-0.00769238106981085,0.005025053650666633,-0.03703692180428819
2020-03-03,0.01754366535183416,0.0,-0.0030304089078923013,-0.008130140769084138,0.007752012504049999,0.03999999547558697,-0.003846242386572496
2020-03-04,0.005747262291309951,0.0003706650847601356,0.00303962020002313,0.0,0.03846137540042038,0.009615356379634399,0.0034749229636215073
2020-03-05,0.004571536016487077,0.0,0.0,0.0,-0.037036885830818767,-0.004761837049600093,-0.003462889688721771
2020-03-06,-0.02161547289338439,0.0,-0.015151460997007038,-0.01639342567514901,0.007692204420266302,-0.04306223513784524,-0.034749026922240356
2020-03-09,-0.03372094503599421,0.0,-0.015384707680999643,-0.033333228228717426,-0.017175475166759546,-0.04000010858591052,-0.020799871472853892
2020-03-10,0.010830222389978994,0.007037012071171578,0.0,0.03448264614251606,0.0,0.005208495340325525,0.06209144964980373
2020-03-11,-0.02023813077985248,-0.0033099500059077247,-0.015624944758643733,-0.016666719218974557,0.0,-0.02072532665439375,-0.01923080806428623
2020-03-12,-0.1008505847882778,0.0,-0.07936517640161578,-0.03389841378242964,0.0,-0.05820082071405286,-0.03921576701717344
2020-03-13,-0.020270148686145184,-0.004059263073762365,0.05172420662390964,0.0,0.0,0.02808960418645312,-0.020408206999518064
2020-03-16,-0.03448285362110626,0.0,-0.08196747446211294,-0.03859626529678084,0.0,-0.0054645261333035045,-0.016666396859975174
2020-03-17,0.02142875939100719,0.0,-0.0035714684852981016,-0.01459856982547958,0.0,-0.016483715905162843,0.016948873512260043
2020-03-18,0.00699286011672462,-0.018154833301430195,-0.10394261027383633,-0.018518576189087366,-0.009708919692057116,-0.022346243393866372,0.0
2020-03-19,0.013889010186349582,0.0,-0.019999934526516938,0.0,0.0,-0.028571280835491097,0.0
2020-03-20,0.03424666765775819,0.0,0.02040809509217123,0.0,-0.019607673618859733,-0.05882361551649895,0.0
2020-03-23,0.026489998091291156,0.0,-0.03999996533756778,-0.05660371521423846,0.0,-0.07500013078380785,0.00041685133840885236
2020-03-24,0.01935471862186744,-0.06415100052925049,-0.02499967654415558,0.013999934246555101,-0.010000003674310531,-0.006756584798475185,0.02040802045973611
2020-03-25,0.0,-0.03225788488560566,0.04700823181027913,-0.025641049029500818,0.0,-0.034013734208607094,0.0
2020-03-26,0.012658244442885769,-0.02083340273661949,0.02040809509217123,0.0,0.0,-0.007042074016533562,0.020408206999517953
2020-03-27,0.0,0.021276668132721888,-0.06000009243315252,-0.010121532430477531,-0.010101106635545087,-0.134751763377721,-0.08000006300350304
2020-03-30,-0.05000006473003049,0.0,-0.034042014887229244,-0.018404787715732063,-0.020408266562261246,-0.008196788946638,-0.021739063441450157
2020-03-31,-0.03289463566140172,-0.010416731653380085,0.03524171383422536,0.0,0.0,0.041322283919797975,0.022222152218329905
2020-04-01,-0.0068026793224335025,0.0,-0.012765486703002149,-0.010416655718269219,0.0,-0.047618906551753715,-0.021739063441450157
2020-04-02,-0.0068493740669882675,-0.03157890162370014,0.0,0.0,0.0,-0.025000205012426613,-0.022222035545176322
2020-04-03,-0.03448285362110626,0.0,-0.02155164542735788,-0.033684280960965096,0.0,0.0,-0.013636258413591174
2020-04-06,0.0,0.0,-0.008811197249911418,-0.013071809218302755,0.0,0.04273520881858395,-0.01843347909341031
2020-04-07,0.0,0.0,0.07555555650651402,0.0,-0.010416576961799984,-0.016393392466538148,0.007042477881450404
2020-04-08,-0.001428605095738611,0.0,0.0,-0.011037608518773001,0.0,0.008333213153634889,-0.006527004852296736
2020-04-09,0.0,0.0,0.0,0.0,0.0,0.0,0.0
2020-04-13,0.00143064892808753,0.0,0.0,-0.011160703183703435,0.0,0.016528782696477062,0.24354763524983358
2020-04-14,0.0,0.03695648752673275,0.0,0.011286670361540851,0.0,0.0,0.0
2020-04-15,0.017142944103791358,-0.035639381180668894,0.0,-0.011160703183703435,0.0,-0.01626002428837503,-0.018867864717216798
2020-04-16,0.018258440099786055,0.0,0.0,0.0,0.0,0.016528782696477062,-0.009615303064999026
2020-04-17,0.04827577058708288,0.0,0.012396934252174363,0.0,0.0,-0.01626002428837503,0.0058250704966265054
2020-04-20,0.0,0.004347840651270474,0.0,0.01580137646719404,0.0021053802065833516,-0.03305793931136003,0.0
2020-04-21,-0.018420902525522642,-0.00432901876749292,-0.020408193341689085,-0.01777781556353686,0.008403152149360826,-0.017094064192334724,-0.011582975188417555
2020-04-22,-0.03485266841408807,0.004347840651270474,0.0,-0.04524891913450102,0.0,-0.026086783755861043,-0.001953170063615728
2020-04-23,-0.013888804694180856,-0.00432901876749292,0.0,-0.01658750279075205,0.00590712527430548,0.0,-0.0019568896571507954
2020-04-24,-0.01408462884557582,0.0,-0.020833464972339732,0.0,0.0,0.017857189745984492,0.0745097720282164
2020-04-27,-0.027142757047198596,0.0,0.0,-0.03614474064639894,0.0,-0.008772002063370143,0.0
2020-04-28,-0.0014684632366024353,0.0,0.004255571955795068,-0.012499883071102502,-0.0021279079069614903,0.0,0.0
2020-04-29,0.007352896380601326,0.0,0.016949033258549573,0.012658107940257235,0.0,0.02654879303784985,-0.01459858979843387
2020-04-30,0.0014598883840921673,0.0,-0.004166412164587574,0.012500093280356506,0.0,-0.0086209552828167,0.0
2020-05-01,0.0,0.0,0.0,0.0,0.0,0.0,0.0
2020-05-04,-0.008746345624400798,0.0,0.0,-0.012345770003692413,0.0,-0.008695430657267411,0.0
2020-05-05,0.038235322275050665,0.010869506822736685,0.0,0.03000011876822839,0.0,0.06140341912617919,0.0
2020-05-06,0.03399439869129561,0.0,0.012551833494680364,0.0,0.0,0.016528782696477062,0.0
2020-05-07,-0.020547919523781544,0.0,0.012396934252174363,0.02427171685837215,0.0,0.056910774706469436,-0.01851846090214404
2020-05-08,0.04755221443156987,0.0,0.02040809509217123,0.01895748761882432,0.0,0.04615370560257115,0.03773582849654322
2020-05-11,0.008010968772244498,0.0,0.0,0.0348835856414389,0.002132445554718476,-0.03676493154039051,0.0
2020-05-12,0.03443690933397825,0.0,0.04799995840508142,0.07865180003837624,0.0,0.0,-0.0003635111203091901
2020-05-13,-0.026888667662501198,0.0,-0.015266979199416109,-0.02083339902371828,0.0,-0.007633221978636806,-0.014186863767451596
2020-05-14,0.0,-0.0004299776920545506,0.0,0.0,0.0,-0.023077026817149737,-0.01107026690656554
2020-05-15,0.0,0.0,-0.011628034991585379,0.0,0.0,0.04724413376017189,-0.014925324888722669
2020-05-18,0.05131583020211927,0.05421688254238943,0.01568663802925574,0.019148988889054808,0.0,0.030075098448500537,0.0
2020-05-19,-0.005006282967990328,-0.020408229864706584,0.0038606737312472106,0.002087698064056287,-0.006382867611310683,-0.03649632746447595,-0.007575732716424088
2020-05-20,-0.0075471613838739016,-0.021666726732056163,0.0038463817385283594,-0.010416655718269219,0.0,0.015151556698007829,0.0
2020-05-21,-0.01774383474266583,-0.00979558535895575,0.003831090414656124,0.010526304609370651,0.0,0.0,0.0
2020-05-22,-0.0038710582696692697,0.0,-0.003816469176177395,0.008333307057179384,0.0,0.022387993558789177,-0.008015411007115003
2020-05-26,-0.01554411890547125,0.0,0.02298820256563161,-0.01033056792368603,-0.004282963154148001,0.021897829503599198,-0.003462889688721771
2020-05-27,-0.006578712987804103,0.0,0.0074910810589567944,0.0,-0.053763380898108726,0.00714299795367257,0.04208494161533438
2020-05-28,0.026489998091291156,0.0,0.0,-0.018789194806471454,0.011363744900499517,0.007092016521806688,0.00963318666947166
2020-05-29,0.006451572873955813,-0.002150576224503209,-0.007435382009618463,0.010638376855443221,-0.00898880874724517,0.014084705619209714,-0.02752289777585104
2020-06-01,-0.006410216892535736,0.002155211170405069,0.0,-0.010526393118519883,-0.0022676357646549405,-0.027777928329694612,0.0
2020-06-02,0.006451572873955813,0.0,0.0,0.010638376855443221,-0.011363643291521286,0.00714299795367257,0.01886786471721691
2020-06-03,0.015384596416109453,0.0,0.008047782372429202,0.031578913828111954,0.0,0.014184434144008051,0.0
2020-06-04,0.026515212724073978,0.0,0.0,0.0,0.01149425996162523,0.0,0.0
2020-06-05,0.06396049746507626,0.004301152449006418,0.007662731765663233,0.02040822805282594,0.0022727896236911516,0.06293702698337333,0.018518558129775986
2020-06-08,-0.005780226199125216,-0.014989312158738444,0.007604549576371689,0.0,0.0,0.013157705762724792,0.0
2020-06-09,-0.017442010499941207,0.010869506822736685,0.015094666033398818,-0.010000157236498719,0.0,-0.03896107425436235,0.0
2020-06-10,0.0,-0.010752631026432424,0.01115208990397365,-0.010100915730973603,0.004535271529309881,-0.02027013652494014,0.0
2020-06-11,-0.02603550326939752,-0.008695744506166947,-0.044117657154999046,-0.04081637030596341,0.01580117944193593,-0.048275874980488465,0.0
2020-06-12,-0.003645106557704225,0.008772023783792937,0.011538486745445997,0.010638376855443221,0.011111117734511122,0.014492710859361324,-0.012727280364061011
2020-06-15,-0.006097613785015166,0.0,-0.01140686874166319,0.0,0.0,-0.014285672734981825,0.0
2020-06-16,0.03680977362892368,0.0,0.01923078131630973,0.031578913828111954,0.0,0.021739230217045602,0.0
2020-06-17,-0.009467415940253021,0.0,0.0,0.04081628450627517,0.0219779366760533,0.028368707847858055,-0.0276241742393023
2020-06-18,-0.01194735865232488,0.0,0.0,0.0,0.0,-0.020689749856915407,-0.01401509558165126
2020-06-19,-0.004836872728131492,0.0,0.0,0.02745101918509718,0.0,-0.014084466653720096,0.018055917917964237
2020-06-22,0.0,0.0,0.0,0.030534416066019254,0.03225818237268285,-0.014285672734981825,-0.013207455770996912
2020-06-23,-0.004860291888972745,-0.00043465133751197094,0.007547068763591458,0.0,0.01041676562957261,0.014492710859361324,0.00038237781377459257
2020-06-24,-0.00488393937267162,0.0,0.011235980595941886,0.04629624583454861,0.014432922597920506,0.03571434342363622,0.0
2020-06-25,-0.024539909598979226,0.0004348403414480284,0.0,0.00884939948244634,0.0,0.006896687295128823,0.012996879829638486
2020-06-26,0.0,-0.001739174182683878,-0.014814444667109461,0.02280704161214131,-0.03455279104350806,0.08219175853521854,0.028301846606880066
2020-06-29,0.0,0.0,0.0,0.0,0.0,0.0,0.0
2020-06-30,0.010062757774420117,-0.00043547190262849256,0.015037212621437313,0.0,0.0,0.012658117293241622,-0.0073394265621424815
2020-07-01,0.008717516481574705,0.002178624811733698,-0.03703697619961144,-0.01715257096383438,-0.006315679499572235,0.0,0.007024133582953507
2020-07-02,0.0,0.0,0.023077242825793487,-0.003490280518915312,-0.008474901370213117,0.0,-0.02679865123021896
2020-07-06,0.002469102427611336,0.0,0.0,0.0035025052447383853,-0.027777682247961732,-0.012499892191725981,0.02791368094771407
2020-07-07,0.0,-0.004347903854896584,-0.015038002400225459,-0.005235714264226976,0.0,-0.018987498089473864,0.0
2020-07-08,-0.008620618970336058,-0.0017465785273170775,-0.0114499623983082,0.0,0.0,-0.012903188142243116,0.0
2020-07-09,0.006211141881326876,-0.0004374403956460826,-0.034749459971563756,0.0,0.010989115726871113,0.0,-0.009174331370494837
2020-07-10,-0.012345694797751383,0.0,-0.03999993650877831,-0.00877177454532474,-0.04347837918926811,-0.019607933010892475,-0.01851846090214404
2020-07-13,-0.018750070509497507,-0.004376509190459399,-0.008333222295026643,0.0,-0.011363643291521286,0.0,0.0
2020-07-14,0.010191134423609416,-0.028571430397090758,-0.012605264956835782,0.0,-0.01149425996162512,0.0,0.0
2020-07-15,-0.003783097791114187,0.004524902354895,0.0,-0.017699096606285436,0.0,0.0,-0.007547344011106016
2020-07-16,-0.002531611431777714,-0.004504519842452148,0.0,0.0,0.02325582846120633,0.013333521347840716,0.0
2020-07-17,-0.02284270631042218,0.0,0.0,0.0,-0.006817860826182631,-0.006579076125397321,0.00038049650002114355
2020-07-20,0.010389662793752974,0.0,0.004255560920435997,-0.003603630082357312,-0.02746049409328366,0.026490063744784687,-0.0060813380081081725
2020-07-21,0.041131120553608014,0.0,0.03813547587152044,0.02169982714186669,0.01176492617348135,0.0,0.0
2020-07-22,-0.002469102427611225,0.0,0.012244925180593613,-0.017699096606285436,0.0,0.03225811630441555,0.0
2020-07-23,-0.003712866754657984,0.0,0.0040325806614960324,0.009008999454819477,0.0,0.0,-0.004588834929234453
2020-07-24,-0.012422467556873928,0.0,0.0,0.026785686132692277,0.02325582846120633,0.0,0.0
2020-07-27,0.0,0.0,0.0040156343129182925,0.012174002944684181,0.0,0.031249977908140547,0.002689084850893586
2020-07-28,0.0,0.0,0.0,0.0,0.0,0.0,0.0
2020-07-29,0.0,-0.004524705022292297,0.01600034808128603,0.005154532309409765,0.011363744900499517,0.0909091656927754,0.0
2020-07-30,-0.0062892701355420355,0.0,-0.015748368700367665,-0.008546856214794896,-0.01123606116770326,-0.027777882509550933,0.005746957068808456
2020-07-31,-0.01265815080088728,0.0,-0.012000027637355304,-0.008620824628980728,-0.02272728658304246,0.0,0.03352396728497786
2020-08-03,0.0,0.0,-0.02833998952901351,-0.005217429833436094,-0.00930226900129505,-0.017142742647505593,0.0
2020-08-04,-0.012820623470130688,-0.01363640778748687,0.0041669029270055,0.0,0.007042446418940473,-0.017441939226354397,0.0
2020-08-05,0.012987126529322213,0.0,-0.0041496118970456575,0.0,0.0,0.05325481647515429,-0.03796533685081582
2020-08-06,-0.010256460839092707,0.0,0.0,0.0,0.020978966321165027,-0.022472217128023164,0.0003831103551943382
2020-08-07,-0.009067378738518594,0.004608042097596687,-0.004166319368021143,-0.02097895621701562,0.0,-0.04022989477100103,0.0
2020-08-10,0.010457665375015468,0.00917461108127049,-0.008368770082723742,0.0,0.0,0.017964153782080494,0.0026810470903511074
2020-08-11,0.008600874519220092,0.0,0.0,0.0,-0.018265031744170157,0.0,0.012222970926862864
2020-08-12,0.006666829869356183,0.0,0.0,0.0,0.0,0.0,0.0
2020-08-13,0.01986746727212263,0.016225615867771825,-0.004219058538415421,0.008928562044230759,0.0,0.0,0.0
2020-08-14,0.0,0.0,-0.004237527862465229,-0.008849548303142662,0.0,0.02941160815182009,0.0
2020-08-17,0.006493480087585324,-0.00045463030759917977,0.012766186115307443,0.0,0.0,-0.011428473553512841,0.0
2020-08-18,-0.009032405220624762,0.0,0.012605166879706475,0.008928562044230759,-0.0023253333133707033,0.0,0.0
2020-08-19,-0.01692683213401658,-0.045020350251881,-0.0041496118970456575,0.00884939948244634,0.0,0.0,0.0
2020-08-20,0.0066223948338175465,-0.007143032302802554,0.0,-0.00877177454532474,0.0,0.0,0.0
2020-08-21,0.003947352527439607,-0.004796167182723243,0.0,0.0,0.0,0.011560593490481663,0.0
2020-08-24,0.009174368401186461,0.0,-0.02083344477688931,-0.008849548303142662,0.0,-0.02285707637597101,0.0
2020-08-25,0.001298696017516976,0.0,0.012766186115307443,-0.005357182271373828,0.0,0.005848001955816251,0.0
2020-08-26,0.005188046374902333,0.0,0.021008415311919215,-0.01077199701948206,0.0,0.00581393590091106,0.0
2020-08-27,-0.006451586836926371,0.0,-0.01646068397907452,-0.010889372789798624,-0.020979070535477096,0.011560593490481663,0.026415208728322925
2020-08-28,-0.020779228700997132,-0.0024094682845146043,-0.016736856498256625,0.00917430343401704,0.0,0.005714269093992641,-0.007353110073706759
2020-08-31,0.05570288046975014,-0.033816517594574824,-0.004254964945235362,0.0,0.011904341183764044,0.022727399801118597,0.03703701903192003
2020-09-01,0.0,0.0,0.012820039630129454,-0.01999984406294908,0.01647093872095473,0.0,-0.03214257018492184
2020-09-02,-0.02763816916585382,0.0,-0.012657766561186112,0.0,0.00925930525508778,-0.016666553556351715,-0.005535375625360994
2020-09-03,0.005167937749372742,0.0,-0.008546792840401385,0.0,0.009174152000034352,-0.005649955439653298,-0.012986924434266411
2020-09-04,-0.005141367482277559,-0.000500093374127597,0.0,0.0,0.0022727896236911516,-0.02272714273218901,0.00037620512456126853
2020-09-08,-0.005167937749372631,0.0005003435926429489,0.017241041040577665,-0.0018553791722046853,0.027211122283029132,0.01744174194092296,0.03720366490400817
2020-09-09,-0.010389660560860658,0.0,0.03389844255050445,-0.007434843143658165,0.011037432386646895,0.011428796725876156,0.012681168380303864
2020-09-10,-0.013123306879080143,0.0,0.0163932199264869,0.0,-0.0021834655780575973,-0.022598991004983082,-0.005366569030638257
2020-09-11,0.005319127291406156,0.0,-0.012096800760358462,-0.001872672887442528,9.782919940803936e-07,-0.017340988308250815,-0.007194410365813142
2020-09-14,0.0013227459686699916,0.0,0.0,0.0,0.014453369610973654,0.023529339749837286,0.010869912590239394
2020-09-15,0.002641997246133343,0.0,0.0,-0.005628559112372811,-0.018691473423205873,-0.0057471092513059485,-3.641330626891204e-05
2020-09-16,-0.0026350354896262917,0.0,0.0,0.00566041911596793,0.0,0.03468184585313061,-0.016333797408181527
2020-09-17,0.013210080238539312,0.005000003933800956,-0.024489469261447794,-0.005628559112372811,0.0,-0.01117283734132557,0.0
2020-09-18,0.0,-0.004975128272865392,-0.0041843362079910795,0.009433952535706336,-0.004761874812300171,-0.005649955439653298,0.0
2020-09-21,-0.009126522277751348,0.0,-0.016806594941554343,-0.01869149110724555,0.0,-0.005681801749855331,-0.007380327945064491
2020-09-22,-0.006578827242275764,0.0,-0.004273645804321657,0.009523718766814238,0.0,0.0,-0.007434913070465621
2020-09-23,0.0,0.0,0.0,0.009433952535706336,0.0,0.011428796725876156,-0.0059925034724305215
2020-09-24,-0.005298085529455987,0.0,0.00858347557477801,0.0056074394738843125,0.0,0.015734345949584005,0.0
2020-09-25,0.010652419977267291,0.0,0.012766186115307443,0.0,-0.019138536290969177,0.0,0.0
2020-09-28,0.0,0.0,0.0,0.0,0.0,0.011627867472471909,0.0
2020-09-29,0.0,0.0,0.012605166879706475,0.0,0.012194840814633734,-0.01149421427221442,0.036171878029466864
2020-09-30,0.0,0.0,0.0,0.0,0.0,0.0,0.0
2020-10-01,0.014492788953103242,0.0,0.0,0.0037175778612310584,-0.012047918367988353,0.011627867472471909,-0.01818188159695211
2020-10-02,0.0,-0.001999944354598826,0.004148933903364682,0.018518342623283335,0.0,-0.01149421427221442,0.0
2020-10-05,0.0,-0.024048142438413134,-0.008264257940454933,0.0,0.0,-0.0058139651933416525,0.02000032835901422
2020-10-06,0.0,0.0,-0.008333222295026643,-0.0036361615575114525,-0.002439109099520831,-0.011695993399420512,0.011256110253440754
2020-10-07,0.0,-0.07597530098863459,0.0,0.00364943147996577,-0.002444971983939115,0.0,0.005385856871286565
2020-10-08,0.0,0.0,0.0,0.0,0.0,0.0,0.0
2020-10-09,0.0,0.0,0.0,0.0,0.0,0.0,0.0
2020-10-12,0.015584444630929006,0.0,0.0,0.0,0.0,-0.005916980173301334,-0.01785702216932683
2020-10-13,-0.015345296704098677,0.05555551582019613,-0.021008415311919104,0.0,0.0,-0.005952714515371271,0.0018181975862692212
2020-10-14,-0.012987052595894832,0.05263154328460695,0.0,0.0,0.0,-0.02395189093841721,0.0
2020-10-15,0.0,-0.09999993562871323,0.00858347557477801,-0.0036361615575114525,-0.022058883036751964,0.0,0.015970780221604253
2020-10-16,-0.013157935394922049,-0.05555567476163359,0.00851052586567147,0.00364943147996577,0.0025063530344466844,0.012269831126175523,-0.02107882812107109
2020-10-19,0.0,0.0,0.0,-0.018181648624597035,-0.02750002760218151,0.01212110718791748,-0.014233568079115022
2020-10-20,-0.0066666400987869245,0.11705889678547443,0.012658455998115992,0.0,0.0,0.01796424219324777,0.016290270149963204
2020-10-21,0.0,0.0005266159505350476,-0.01666654184988392,0.0,0.015424064694321338,0.01176479424961574,0.0
2020-10-22,-0.006711286948185569,-0.00578957591746021,-0.004237527862465229,0.009259093456373657,0.007595097282468988,-0.011627993300894812,0.0
2020-10-23,0.0,0.005823290298734074,0.0,0.00917430343401704,0.0,0.0,-0.008743113149281001
2020-10-26,-0.002702787693983133,0.0,-0.008510426536471272,0.009091053631490986,-0.0025126501028175374,0.017647095892847187,-0.00036755322447923344
2020-10-27,0.0,0.0,0.0,-0.009009150956967082,0.0,0.0,0.0
2020-10-28,-0.017615201238754263,-0.02368419071367045,-0.02390067015606523,-0.00909090075202934,-0.04282119456742983,-0.011560654954284932,-0.007353004947019182
2020-10-29,-0.03034470546512713,0.024258739322251976,0.0,0.00917430343401704,0.0,0.005847965058644489,0.0
2020-10-30,-0.004267610066490235,0.0,0.004878028253521682,-0.018181648624597035,-0.026315838065304353,0.017441769751602054,-0.03703697658540994
2020-11-02,0.007143032148117845,0.0,-0.014563045811638253,0.03703699666763871,0.0,-0.011428533620465253,0.0003848580108245514
2020-11-03,0.0,0.0,0.0,-0.017857274237912724,0.0,-0.017341076257250343,0.0
2020-11-04,-0.014184641284722299,0.05263154328460695,0.0,0.0,0.0,-0.011764539632078908,-0.00038470995211759007
2020-11-05,0.0071943190058587625,0.0,0.029556628291732334,0.0,-0.03513524638579402,0.005952199218062004,0.0
2020-11-06,-0.014285657645007555,0.0,0.004784769435300706,0.0,0.008403540109486629,0.005917172266415749,0.0
2020-11-09,0.04347818912266077,-0.000500093374127597,0.14285712854412358,0.018181954383520438,0.05555554281657615,0.02941176283369451,0.019230736635182488
2020-11-10,-0.04305548417194793,0.0,-0.008333472870363234,-0.035714248176922925,-0.028947291531959518,-0.03428572453277112,-0.018867893151132242
2020-11-11,0.015965102598496816,-0.024512113116580303,-0.05462171019043893,0.024074016691858047,-0.010840261784145544,0.011834408563869525,0.0003848580108245514
2020-11-12,0.0,0.015384479955222519,-0.013333369491200786,0.0,0.005479417356192506,0.011695866835157442,-0.00038470995211759007
2020-11-13,0.0014286674273078503,-0.04040393094022399,-0.03153158660372446,0.0036166631986578324,-0.002724778479603285,0.016115210604569885,-0.0003846586025286758
2020-11-16,-0.001426629248569511,0.0,0.0,0.0,0.0027322231825326337,0.011904740652415757,0.0
2020-11-17,0.0,0.026315809286329594,-0.009302286436948082,0.03603599781927813,0.0,0.005882251312104625,0.0
2020-11-18,0.02142868979312529,0.005128208890132768,0.004694716959251277,0.043478289480274324,0.008174447902838278,0.02339183443971793,0.0003848066217060353
2020-11-19,0.0,0.0,0.0046729762185437895,0.02500004379359,-0.0027025739654904513,-0.017142857818242097,0.007692274713243297
2020-11-20,0.006992878926421531,0.010203943113301861,0.0,0.008130004047638417,0.0,-0.011627827273600788,0.0
2020-11-23,0.013889031656104,-0.010100874365877699,-0.004651241079592139,-0.008064440116846483,-0.005420242746518755,0.011764624292816439,0.007633654251820277
2020-11-24,0.013698671534671192,-0.010204089079929979,0.04672897563807177,-0.00162609651453971,0.002724890943631708,-0.011627827273600788,0.02310600496309112
2020-11-25,-0.013513553799900269,0.005670055658670847,0.004464455122316524,-0.009772059234361752,-0.002717486090394572,0.0,-0.00037027485661922377
2020-11-27,-0.027397440554213226,-0.0005125067408566775,0.004444331814765334,-0.013157785556134893,0.0,0.011764624292816439,0.0
2020-11-30,0.0,0.0,0.017699133993391625,-0.013333361361230867,0.0,-0.017441981418132135,-0.01962962831391779
2020-12-01,0.0,0.0,0.01739123116472907,0.013513542304040893,0.0,0.005917364709844941,0.004911380672840471
2020-12-02,-0.0014081445057556596,0.0,-0.017093946391516734,0.0033333578577436906,0.002724890943631708,0.0,0.0
2020-12-03,0.0,0.0,0.008695615582364535,0.016611207978843856,0.010869495727942269,0.017646875604921064,0.0
2020-12-04,0.0014101301728108862,0.0,-0.00862065369179199,-0.015280082522928562,0.002688044089825814,0.011560794886471548,0.015037430582680589
2020-12-07,0.049295882643198174,0.0,0.0,0.0,0.0,0.011428729468655474,0.0
2020-12-08,0.0,0.0,0.0,0.0,0.0,0.0,0.0
2020-12-09,-0.01342276494056327,0.030769179983208383,0.008695615582364535,0.0,0.00804306691305845,0.011299238946423262,0.0
2020-12-10,-0.006802693425089323,0.002487528552526319,-0.00862065369179199,0.0,0.050531922484238434,-0.016759893378592405,-0.014814656218193223
2020-12-11,-0.013698769019542034,-0.0014887568720388655,-0.008695615582364535,-0.015517325935420212,-0.012658251656379238,0.0,-0.022556486967124867
2020-12-14,-0.0027776679568429774,-0.0034792060277798464,0.0,-0.010507820970148907,0.012820537243173336,0.011363795283865219,-0.07807682264416793
2020-12-15,0.0,-0.004987321228320463,0.0,0.0,-0.012658251656379238,-0.01685393323708073,0.09303280301880013
2020-12-16,-0.002785603115038726,-0.007017705883036185,-0.01315783888236255,-0.00884947069821318,0.0,0.005714128349586511,-0.0003815244037098653
2020-12-17,0.0,0.009591101345800102,-0.00888885065298306,-0.017857327361069375,0.0,0.005682132683615393,0.02550191191340989
2020-12-18,0.005586569968489163,0.0,-0.01345304511175327,-0.005454551339905134,0.0,0.0056495610447890865,0.0
2020-12-21,-0.009721986107212421,0.0,-0.013636306254162567,-0.0036562124692319786,0.0,-0.01685393323708073,0.0
2020-12-22,0.0,0.0,0.009216550541904844,-0.007339481553853555,0.0,-0.011428670372470306,0.0
2020-12-23,-0.001402818092370972,0.0,0.004566190743183762,0.0,-0.025640968654817797,0.0,0.0
2020-12-24,0.0,0.000500093374127486,-0.013636306254162567,0.0,0.0,0.0,0.0
2020-12-28,0.004213666620590084,0.004497661309053491,0.0,-0.0018483060734426626,0.0,0.005780487112311938,-0.01886789903261521
2020-12-29,0.00559438276514479,0.0,0.0,0.0,0.0,-0.005747265120352729,-0.038461583865626925
2020-12-30,-0.002781629880310943,0.002487528552526319,0.0,-0.007407513973571533,0.0,0.005780487112311938,0.040000049109064406
2020-12-31,-0.0027893889279005935,0.0,0.0,-0.01119396562917263,0.0,0.0,-0.019230841120575937
2021-01-04,0.03496509134217307,0.0004962286269396543,0.03225792689666673,0.0,-0.0052631241664358175,-0.011494292497440717,-0.019607817569450292
2021-01-05,0.01351336146489257,0.050099412917073316,0.004464455122316524,0.0,0.0,0.017441861164266603,0.019999973399256854
2021-01-06,0.0026667509247995103,-0.008030243588515229,-0.004444612349944088,-0.009434022042237422,-0.007936675189771702,0.022857104360199276,0.019607917873914582
2021-01-07,0.0704788151428195,0.0,0.008928628457017362,0.01904758675154361,0.002666760001615698,0.05027944903336801,0.0
2021-01-08,0.006211065914880631,0.023809267557011182,0.004424853321823852,0.05607482431428701,0.0,0.01063811411639115,-0.005769134285542821
2021-01-11,0.012345629118394541,0.06976763991408919,-0.0132159880588405,-0.00884947069821318,0.0,0.0,-0.0116055174864933
2021-01-12,-0.006097449848064929,0.0,0.026785791441847007,0.0,0.005319224842383674,0.0,0.001957014554225811
2021-01-13,0.0049078680003811215,0.0,0.013043423373546803,0.01964270605607532,0.039682611610109,0.0,0.011718753122269998
2021-01-14,0.0012209963406604185,-0.021739146659428887,0.012875573298705811,-0.0017513389257132195,0.0,0.026315829580517924,0.0
2021-01-15,-0.012195073266771272,0.0,-0.01694917067521462,-0.0035086810183182493,0.0,0.0,0.08108090492289488
2021-01-19,0.012345629118394541,0.0,-0.004310326845896051,-0.014084425773424947,0.012722668490997346,0.010256446701002897,0.04464302842168966
2021-01-20,0.0,0.0,-0.00432898619129185,0.008928483047319968,0.002512442694331707,0.005076107489544679,0.0
2021-01-21,0.0,0.0,-0.008695615582364535,0.001769722266324436,-0.002506146145756838,0.005050575220069575,-0.021196645053783825
2021-01-22,0.0,0.0,-0.004385946294120813,0.033569110593463014,0.01758792849426527,0.010050182312473233,0.0024448396783383064
2021-01-25,0.0,0.0,0.008810627809947569,0.01709398753609226,-0.012345700401247273,0.034825942833022205,-0.024390196081576776
2021-01-26,-0.0024390146533542767,0.017777727764203055,0.008733494861566493,0.0016806966128743994,0.0,0.014423077401157114,-0.010714107584299803
2021-01-27,-0.0036673799882414038,-0.026200832173026045,0.0,-0.016778494557372903,0.0,-0.028436117913357428,0.0
2021-01-28,-0.002453977659058637,0.008968616769159388,0.06060617100952781,-0.018771463850761783,0.0,0.0,0.0
2021-01-29,0.008609963146175126,-0.02222217559939843,0.0,0.0,-0.02500014703965825,0.0,-0.010830419914579892
2021-02-01,0.0,0.0,-0.020408161512691536,0.017391416937315274,-0.017948709807831142,0.0,0.021897724365116833
2021-02-02,-0.0012195073266770828,0.02272722396115001,0.0,0.0017094264198267428,0.005222222210248262,0.0,0.0
2021-02-03,-0.0061049817033020926,0.008889022823546533,0.0,0.01023884846425549,0.0,0.0,0.0
2021-02-04,0.0012285837130348032,0.0,0.0,0.005067572647464935,0.0,-0.02439028081558625,0.0
2021-02-05,0.01595076746614499,0.0,0.012500033971057034,0.01176474028392116,0.012986712253487909,0.010000139614756431,0.0
2021-02-08,0.004830898775103121,0.004405163086819153,0.0,0.013288959730720418,0.0,-0.014851485655417718,0.014285659476487744
2021-02-09,0.0,0.0394736511894509,0.012345712149787857,0.009836208457043139,0.0,0.020100468562960216,-0.010563205231383987
2021-02-10,-0.0024037511621879393,0.012658298137862012,0.012195068756345684,0.016233802701629108,0.0,0.0049261766356500925,-0.0035588413057883184
2021-02-11,-0.0036143575261932126,-0.002083305021889803,0.004015962451549671,-0.01437713846635924,0.0,-0.009803955365464079,0.0
2021-02-12,0.0,0.010438271212285466,0.0,-0.008103714003877216,-0.012820219748586603,-0.004950563481392556,0.0
2021-02-16,-0.00604601029235563,-0.004132057493196339,-0.003999899007326224,-0.011437809649634145,0.015584097586558654,0.024875761655426043,-0.017857028671254493
2021-02-17,-0.002433166698280642,-0.004149439658262977,0.00803200940164639,0.00826431412833828,0.01790301659163407,0.004854134488592843,0.0
2021-02-18,0.0,-0.004166729249857615,0.03585667489663091,-0.008196575057288324,0.005025092797149133,0.0,-0.0545454714562883
2021-02-19,-0.01097556594009419,-0.020920458517479257,-0.03461547892251504,0.016528962652049506,-0.00499996749649656,0.0,-0.0769232661067788
2021-02-22,0.003699121936768801,-0.01709402963377571,-0.019920151408540976,0.0,-0.010050289298541348,0.0,-0.03416650725046211
2021-02-23,0.0012285837130348032,0.0,-0.004065108447794619,0.0,-0.01015242783965542,0.004831085374987998,0.0008628866493560761
2021-02-24,0.0,0.008695658663771644,0.004081701005031579,-0.004878184535853647,0.025641180317875545,0.009615318640307624,0.0
2021-02-25,0.0024538903413224844,0.012930982392110879,0.012195068756345684,-0.0049018995315219804,0.0,0.009523744799412315,0.0
2021-02-26,-0.008567897126700585,-0.01276590667764299,-0.008032093900193549,-0.006568106315382627,-0.04250013646312145,-0.009433898755204173,0.0
2021-03-01,0.012345629118394541,0.03448278413447636,0.0,0.006611531557560113,0.018276753960904557,0.014286011173710422,-0.051724042889285005
2021-03-02,0.004878029306708553,-0.004166729249857615,0.0,-0.006568106315382627,0.007692470510044513,0.004694608187388871,0.0
2021-03-03,0.007281610834333652,-0.012552251169516415,-0.008097215997966534,0.0016527825707781663,-0.002544617717109565,0.0046728651292646806,0.0
2021-03-04,-0.0060240721098407946,-0.014830428341790935,-0.016326546385776575,-0.011551188940589374,0.0,0.0,0.0
2021-03-05,-0.004848465191810147,0.0,-0.004149359842860689,-0.01168611064389724,0.0,-0.004651131021303545,0.0
2021-03-08,-0.013398326858222287,0.0,-0.0041666487679377084,-0.005067572647464935,-0.002551109315070965,0.0,-0.022727354639114128
2021-03-09,-0.011110978349815004,0.0,-0.0041842584376896585,0.02886248495904775,0.0,0.018691653822336507,-0.06046511323575998
2021-03-10,0.004993736950499539,0.0,-0.012604901239078647,-0.01980200003031296,-0.010230219794603923,0.0,-0.15049506968924253
2021-03-11,0.0012421424610369325,-0.010752787407064646,0.021276593839733904,0.0,-0.01291981534284059,0.0,-0.1299533938511721
2021-03-12,-0.0012406014572895474,0.010869666621430518,0.0,0.005050578328513078,-0.010471137436380062,0.0,0.0
2021-03-15,0.0,0.010752541304211105,0.0,-0.0033501321143541984,-0.005291080396097825,0.004587124191830938,-0.015405172113249876
2021-03-16,-0.003726869395231036,0.0,0.0,-0.00840341506127218,-0.01595745498302592,0.004566178563677248,-0.061224505775282045
2021-03-17,0.0037408109089207553,-0.010638154112713516,0.012500033971057034,0.003389879792654371,-0.010810853622717498,0.004545329332360515,-0.02246365079781365
2021-03-18,-0.014907035568803795,0.0,0.0,0.0,-0.016393339095195247,0.009049993546883073,-0.0029652230472857477
2021-03-19,0.002522147877465075,-0.027957099596655932,-0.004115295106548844,0.0016890086219270017,0.0,0.008968454724482378,0.02230474257823123
2021-03-22,-0.0050314262734656445,-0.0004423706102359981,0.016529029088862,-0.003372594293855391,0.025000068790488994,0.008888920348489426,0.029090701087653992
2021-03-23,-0.0012642173849323202,0.0,-0.016260262733153175,-0.0016920035885756857,0.0,-0.0044052562387219,-0.11660765281217123
2021-03-24,0.0,0.000442566388599408,0.0,0.0,0.0027098976643673556,-0.026548673376288856,-0.020799939595850803
2021-03-25,-0.0012658176536162191,0.0,0.01239672834528438,0.0,0.027027078280718042,-0.009090846698036281,0.06209148790270813
2021-03-26,-0.020278932049964893,0.0,0.0,0.0,0.013158136265777776,-0.009174438142041552,0.06538470240911831
2021-03-29,0.0,-0.017699191782755475,-0.012244931258861502,-0.005084613950778416,0.0,0.004629693911427646,0.010830142900488893
2021-03-30,-0.003880875756830604,0.00225228635674668,0.0041323007435776216,-0.00340720411020623,0.010389434126349961,0.036866297074042986,0.014285659476487744
2021-03-31,-0.006493572508309509,0.015730381865587617,-0.004115295106548844,0.0,0.0,-0.013333242631627829,0.028169177718488925
2021-04-01,0.0,0.0,0.0,0.0,0.0,0.0,0.0
2021-04-05,0.006536014592984474,0.004424908712403308,0.0,0.0034188528396537077,-0.0025706774490535933,-0.00900904006556158,0.010274063497182961
2021-04-06,0.005194784070068126,0.00881038919006194,0.02066124288971527,-0.01192507652595598,-0.007731802213174266,0.009090940714693962,0.008813619162381992
2021-04-07,0.0,0.0043668782392563,0.016194176447704045,0.0,0.018181590125561753,0.009008946895903813,0.0013441149013257991
2021-04-08,0.0,0.008695658663771644,-0.011952141140281758,-0.010344976972677,0.0,0.004464255209836621,0.03288588213432453
2021-04-09,-0.002583968874686371,0.012930982392110879,-0.02016120479912009,0.0,-0.017856922872981462,-0.04000000367709622,-0.05718005190647257
2021-04-12,-0.01554407058579732,-0.041276391010249935,0.008230417043239013,-0.0034842304173992034,-0.025974389360368666,-0.004629598153714665,-0.035148358210270736
2021-04-13,0.013157935394922049,0.018641669308988362,-0.008163230253829923,-0.005244689824942417,-0.013333249684086557,-0.009302069636417665,0.017857211368675907
2021-04-14,-0.0012987884382413828,0.002178619634129353,-0.00823050362816824,-0.024604640155555524,0.013513427588207838,-0.014084795626017721,0.0
2021-04-15,-0.001300477483360929,-0.004347891526363168,0.03293733347406658,0.003603655884471868,0.0,-0.009523744799412315,0.0
2021-04-16,-0.005208127740808921,-0.00873344414814703,-0.02448981627207414,-0.0017953580894920496,-0.013333249684086557,0.019230637280615248,-0.0014034494450371193
2021-04-19,-0.06413614223550945,0.0,-0.06694560596952748,-0.028776885749360215,-0.08108095596177645,-0.061320634602234025,-0.08643713060267955
2021-04-20,-0.006993177516449567,-0.11894286924741182,-0.08071755749574894,-0.027777877683556662,-0.1500002397550686,-0.04157406222706528,-0.0652751120743168
2021-04-21,-0.007042025531026064,-0.012499974072676223,0.08780495935053789,0.0,0.003460114706854922,-0.010989108710103834,0.03333354382419795
2021-04-22,-0.03120574649421637,-0.040506287490162385,-0.09417043731609498,-0.0190475867515435,-0.05047947222402893,-0.08333353436117774,-0.03225826164593093
2021-04-23,-0.020814155271837498,-0.02374675661963621,0.009901067236329553,0.001941697076557114,0.0,0.04242451356268373,-0.03749989475456761
2021-04-26,0.06875009975749613,-0.010810819170039565,-0.009803997200859116,-0.001937934195395452,-0.09090928168027335,-0.011627896302174978,0.038960925354917686
2021-04-27,-0.02046796813465379,0.027322269393091014,-0.04950502864733386,-0.029126163248531345,0.0,-0.03529420096705693,0.0
2021-04-28,0.008955297306620924,0.0,0.046875099424757316,0.0,0.012000110140402587,0.0365854553817726,0.016666771912098977
2021-04-29,0.035502944869527875,0.01595768964574784,-0.004975111564497037,0.029999946590369753,0.02766780065680252,0.04117649039380855,0.004098463751561754
2021-04-30,-0.014285668421697317,0.03664901468129522,0.02999992234758775,0.058252405063748514,0.003846242262292243,0.03954804086887731,0.020408055959697968
2021-05-03,-0.014492706420148549,0.0,0.004854356732896914,0.0,-0.0038315053644312203,-0.021739216715414567,0.0
2021-05-04,-0.029411767651432053,0.0,0.0,0.0,0.06923053751951014,0.016666816523787098,-0.04000009699418061
2021-05-05,0.0,-0.015151383794935414,-0.004830905792835405,0.0,-0.01079087594825967,0.005464421348355897,-0.041666456175802
2021-05-06,-0.0060606892327604855,0.017948694436670687,0.0,0.0,-0.010909263693276161,-0.00543472372799414,0.0
2021-05-07,0.018292624057445694,0.007556644748841768,-0.004854356732896914,0.00917422201896434,0.011029588381356703,0.03825116514642901,0.086956392818478
2021-05-10,0.02694612457223977,0.025000091192656226,0.034146457256826634,-0.0181816416210282,0.05454496944159071,-0.005263205461035314,0.03999999595857573
2021-05-11,0.020408197706878406,-0.007317113166107614,-0.0094340350604043,0.009259167678961955,-0.01724135235300661,0.010582106723969531,0.0
2021-05-12,0.015714332551175714,-0.017199065040056083,0.06190480040815105,0.05321088861633849,0.0,0.010471298327529022,0.0
2021-05-13,0.05766526396891747,0.005500097307928442,0.0,0.012195158916025628,0.017543831737616644,0.025906659449436376,0.0
2021-05-14,-0.009308570851057407,0.010442452167717775,0.0,0.0068847817908594955,-0.031034348952196145,0.005050450677835938,-0.03846153472501457
2021-05-17,-0.03355712243986653,0.0,-0.02242165208302538,-0.0034188528396537077,-0.00711760164065256,-0.03517570096850531,0.0
2021-05-18,-0.004166559076351994,-0.01574801597539921,-0.0045870496468263244,-0.022298502092772732,-0.050178897979581194,-0.010416861555136991,-0.01599959424101094
2021-05-19,-0.03765687713932009,-0.024999948145352335,0.0,-0.015789419510915614,-0.007547186833549935,0.0,-0.032520821899663654
2021-05-20,0.011594165136118884,-0.025641044450663508,-0.009216566115340052,0.0,0.0,0.015789616383105942,0.0
2021-05-21,-0.047277882308979,-0.05263154328460695,-0.03720939819068192,-0.049910803629939604,-0.049429691762956196,-0.0310881549644213,0.0
2021-05-24,-0.08270690551416238,-0.0055555595290914805,-0.03381634054984817,0.0037522475110842723,0.0,-0.0481282462942203,0.008403361344537785
2021-05-25,0.0016394507789652124,-0.0033519417351588476,-0.0050000905944810325,-0.009345703212889855,0.0,-0.022471998570045337,-0.08333312284246863
2021-05-26,-0.003273423300367284,-0.01905824526516675,-0.020100452314286588,-0.005660382688103094,0.016000036933308648,0.0,0.045454535016984376
2021-05-27,-0.00656801210925162,-0.027428703802777177,-0.025640960292510395,0.005692605010957363,-0.015748067275276,-0.080459697100832,0.0008696748476944016
2021-05-28,0.09090913184138993,0.09283215340318951,0.11578949777581693,0.08490551129225121,0.08000001978570115,0.10624995682470639,-0.000868919170546989
2021-06-01,-0.037878869174878704,-0.032258161270272145,-0.047169882274064934,0.0,-0.014814619739747847,-0.062147001015410486,0.0
2021-06-02,0.00944889574309049,-0.011111198528901634,0.0,0.008695778837088497,-0.02255667061022093,0.024096484386146866,-0.00173923987409208
2021-06-03,0.014040515379854845,0.011236044449459026,-0.014851549598775327,0.027586186689686265,-0.038461471387226664,-0.005882289426751619,-0.024390131206569077
2021-06-04,0.049230818876078164,0.0722221944074708,0.05527645197797493,0.008389247278686396,0.06000005605948644,0.04733723111463761,0.07142832979370461
2021-06-07,-0.15102659428244247,-0.06683933142509724,-0.11904760965654859,-0.0632279934022284,-0.0981133510621709,-0.15254239556136495,-0.0008331228424686143
2021-06-08,0.015544229152880895,0.0,0.05945941831710466,0.005328458555319493,0.01255224532892174,-0.013333518425144186,-0.00750646429773727
2021-06-09,0.028911586686463764,0.054969396140280624,-0.035714195157531936,0.06007083683472514,-0.008264312890064351,0.04054051080486176,-0.0016805661390598692
2021-06-10,0.07438014761394518,-0.003605845966668464,0.05820101472388273,0.008333454156898235,0.008333180904428028,0.032467765909419244,0.001683395196024895
2021-06-11,-0.023076952896345593,-0.016666608736941035,-0.010000077652412287,0.0,-0.02066112288811328,-0.05031448063276478,-0.015966174294926305
2021-06-14,0.023622078488948928,0.011299343860730504,0.0,-0.003305832657854668,-0.02531643037801201,0.006622379786412669,0.0
2021-06-15,-0.007692387479411145,-0.03351958957825152,-0.010100984747705488,0.019900583308114506,-0.043290236795858084,-0.013157754634949947,0.0
2021-06-16,-0.03100775930424937,-0.0005779986450994423,-0.010204055759294839,0.0016259737898078885,-0.009049797386749714,-0.033333302630900286,-0.01793338639643316
2021-06-17,-0.03999998256611337,-0.016772755988424204,-0.005154519231754473,-0.01298706843522568,0.0,-0.027586316730630167,-0.0347826010559098
2021-06-18,0.008333420351428922,-0.04882336671872611,-0.015544107048842792,-0.0049341486838287985,-0.01369857212391068,0.01418445524022327,-0.009009006958940136
2021-06-21,0.01818175882998463,0.08225107278394428,0.010526179270370362,-0.011407028723224966,0.01851866164428806,0.013986070449939492,0.006363520089205155
2021-06-22,0.0,-0.028571586230737633,0.0,-0.009615271430444383,-0.018181956150309153,-0.013793158365315139,0.02357839677169804
2021-06-23,-0.02597405325352531,-0.005882306349881072,0.0,-0.005825337420584775,0.013888829253151602,0.0,-0.021680253351102907
2021-06-24,0.01666661369913025,0.0,-0.002621092748590459,-0.03710936345923488,0.0,-0.041958142338354154,0.00646354312401054
2021-06-25,0.0,0.0,0.0,0.022312452396776372,-0.009132444156007447,0.02919712919087658,0.004587328875087282
2021-06-28,0.032787117679185185,0.036094676699135686,0.032432742806276726,0.01190474611702741,0.009216614372067777,0.09219843413379203,0.0
2021-06-29,0.0,0.0,0.0,0.0,0.0,0.0,0.0
2021-06-30,0.0,0.027984050215334566,0.0052354935186063045,0.0,0.004566410298204815,0.04545489790602164,0.03196343018681769
2021-07-01,-0.04761921233827748,0.0,-0.02083300773455976,-0.009803874231300358,-0.004545652981617465,-0.04347858333923815,0.0
2021-07-02,0.0,0.0,-0.026596144844411196,0.0,-0.022831110390018616,0.0,0.0
2021-07-06,0.0,0.016666608736941146,0.03825134521282636,-0.019802022959719223,0.028037651402470054,0.03896133190772044,0.0
2021-07-07,0.0,0.038251359216005865,-0.010525889094493701,0.0,0.0,0.006250055511091812,-0.025663916449177426
2021-07-08,-0.008333420351429033,0.0,-0.015957963568525413,-0.00202016383041137,0.0,0.01242222471219745,0.0036331980615174064
2021-07-09,0.0,0.0,0.010810914268758909,-0.008097155036314252,0.04545456248769253,-0.00613490320983856,-0.0045248338262788845
2021-07-12,0.0,-0.0005262829740227959,-0.032085758290140265,0.0,0.008695583603422818,0.0,0.022727341557895908
2021-07-13,0.0,0.0,0.0,0.00204070585377103,0.03448293323070928,0.006172772572104801,0.0
2021-07-14,-0.008403220919932841,0.0,0.027625073898926766,-0.0020365498545613647,0.0,-0.02453985501455236,0.0
2021-07-15,0.0,0.0,-0.005376983619096998,0.00204070585377103,0.0,0.018867969029107146,0.0
2021-07-16,0.008474433456438613,0.0,-0.027026907202849948,0.0,0.0,0.0,-0.008889002951704361
2021-07-19,-0.001680667075120823,0.0,0.0,0.0,-0.024999972090482103,0.0,-0.026905735312587997
2021-07-20,0.0016834964722127754,-0.028435892347109415,0.01666665740518969,0.0,0.004273249827764669,0.024691212123464146,0.0
2021-07-21,0.008403449831275278,-0.005420157684820293,0.03825134521282636,0.008146700943275409,0.04255347512329011,0.0,0.004608126710406779
2021-07-22,0.01666661369913025,0.0,0.0,-0.01616159491316127,0.020408125495851692,0.06626518343780607,0.00917443135516538
2021-07-23,0.009836146467874007,0.0081743956052589,0.0,0.0,0.06000005605948644,0.0,0.0
2021-07-26,-0.0016233714187352533,0.02756768483924743,0.021052725784332482,-0.002053349228863577,0.0188678893098968,0.0,0.0
2021-07-27,0.0,-0.0005262206709781836,0.005154945338461392,0.03909463263116009,-0.011111060221963176,0.0,0.013636315199999194
2021-07-28,0.0,0.0,0.0,0.0,0.0,0.0,0.0
2021-07-29,0.0,0.0,0.0,0.0,0.0,0.0,0.0
2021-07-30,-0.09756088378195726,-0.06315789398333005,-0.07692341625469634,-0.01782186245986006,-0.11235972489293744,-0.11299435469248764,-0.0582960549357705
2021-08-02,-0.009009163218971272,0.011236018587683194,-0.005555330192951735,-0.010080667754076345,-0.00421933259426821,-0.025477808699513216,0.0
2021-08-03,-0.023636412826759212,0.0,-0.03351963860852081,0.0,-0.03389847234573484,-0.01960776219492999,0.0
2021-08-04,-0.0037243832140242406,0.0,-0.01734091279647265,-0.006109864502982565,-0.12280669561001045,-0.033333302630900286,0.0
2021-08-05,0.0037383060985063388,-0.07666656642305458,-0.035294265087167265,-0.016393420169662276,0.009999918590095858,0.013793158365315028,0.0
2021-08-06,-0.0018621281981451299,0.0,0.0,-0.02083337761169346,0.00990111435363139,-0.013605495609731455,0.0
2021-08-09,-0.011193867240172906,0.0,-0.024390593480451916,0.004255313415924666,-0.019607884737805614,0.0,0.0
2021-08-10,-0.009433994993412131,-0.0012034578668631557,0.012500246152749694,-0.025423843767379606,0.0,-0.013793158365315139,-0.019047279947929097
2021-08-11,-0.08571426162409734,0.0012049079227816062,-0.012345919124708948,0.0,0.04499947907966417,0.027972140899879205,0.019417123331813668
2021-08-12,0.05416648606867702,0.0,-0.012499996092813492,0.0,-0.009569403469382065,0.013605294208948848,0.019047749987103346
2021-08-13,-0.0019760764536005393,0.0,0.0,0.0,-0.004830433032415704,0.02013414461941898,-0.018691714875327836
2021-08-16,-0.013861474260816409,0.0,-0.006328795389122677,0.0,0.0,0.01315781956021711,0.00952393374844851
2021-08-17,-0.02610453712030214,-0.0012034578668631557,0.0,-0.010869513680038412,-0.0291261776522852,0.012987196078688923,0.0
2021-08-18,-0.010309105365420401,-0.0012048259896983993,-0.0318471134683066,-0.015384634416039322,-0.0050000108203036575,0.0,0.0
2021-08-19,-0.01041684475224569,-0.004825035353705598,-0.013157886078260073,-0.02901778142404665,-0.005025240125818953,-0.08333332278991501,-0.00943408415596969
2021-08-20,-0.042105058665888984,-0.012121361493717453,0.0,-0.022988555942221378,0.0,0.013986070449939492,0.0
2021-08-23,0.04395582109166063,0.0,0.02666698229776321,0.06588243396104287,0.0,0.04137927091720961,0.0
2021-08-24,0.1447178190666505,0.0006136255750861519,0.06493474186914416,0.015452401146769157,0.15151487393798102,0.07947019131762345,0.0
2021-08-25,-0.021505344696024387,0.0,0.0,-0.021739103834858553,0.0,-0.01840483071711463,0.0
2021-08-26,-0.010989090460399198,0.0,0.0,-0.011111136300581803,-0.035087627317145875,0.03124966076554969,0.0
2021-08-27,0.04888887105763695,0.011649317816475602,0.0,-0.01123590176230338,0.013636209486382889,0.04242451356268373,0.0
2021-08-30,0.0,0.0,0.0,0.0,0.0,0.0,0.0
2021-08-31,0.014830382733763914,-0.012121361493717453,0.0487807600294583,0.0,0.0,0.0,0.004761966874224255
2021-09-01,0.0,0.0,0.0,0.0,0.0,0.0,0.0
2021-09-02,0.0,0.0,0.0,0.0,0.0,0.0,0.0
2021-09-03,0.0,0.0,0.0,0.0,0.0,0.0,0.0
2021-09-07,0.0,0.0,0.0,0.0,0.0,0.0,0.0
2021-09-08,0.0,0.0,0.0,0.0,0.0,0.0,0.0
2021-09-09,0.0,0.0,0.0,0.0,0.0,0.0,0.0
2021-09-10,0.0,0.0,0.0,0.0,0.0,0.0,0.0
2021-09-13,0.0,0.0,0.0,0.0,0.0,0.0,0.0
2021-09-14,0.0,0.0,0.0,0.0,0.0,0.0,0.0
2021-09-15,0.0,0.0,0.0,0.0,0.0,0.0,0.0
2021-09-16,0.0,0.0,0.0,0.0,0.0,0.0,0.0
2021-09-17,0.0,0.0,0.0,0.0,0.0,0.0,0.0
2021-09-20,0.0,0.0,0.0,0.0,0.0,0.0,0.0
2021-09-21,0.0,0.0,0.0,0.0,0.0,0.0,0.0
2021-09-22,0.0,0.0,0.0,0.0,0.0,0.0,0.0
2021-09-23,0.0,0.0,0.0,0.0,0.0,0.0,0.02656420659817682
2021-09-24,0.08559505606523965,0.10429456964729544,0.005813715464999536,0.036363589846746924,0.09865505624249771,-0.02325590735596894,0.0
2021-09-27,0.013461537169249027,-0.02222211979575084,0.011560801255329212,0.0,0.0,0.017857304397383755,0.0
2021-09-28,-0.013282731189630748,-0.005681849356380386,0.0,-0.013157878495660524,0.020408125495851692,0.0,0.0
2021-09-29,0.00961551169050634,0.0,0.005713938202589475,-0.0022222585298040665,0.0,-0.005848005190326799,0.0
2021-09-30,-0.009523934189963112,0.0,-0.005681474607781012,0.0022272079616945106,-0.004000091673748263,-0.005882289426751619,0.10900476201380593
2021-10-01,-0.005769150216526575,-0.02285719126521235,-0.005714738393995278,0.0,0.00401615666859878,-0.005917329072261612,0.0
2021-10-04,-0.011605478176814343,0.0,0.00574758433486644,0.0,-0.004000091673748263,0.0059525522829395605,0.0
2021-10-05,0.01956950195705276,0.0,0.0,-0.006666775589412088,-0.0642569340388005,0.005917095495019176,0.0
2021-10-06,-0.0019194334278760383,0.0,0.01714250048611632,-0.008948456950921835,0.0,0.0,0.00854712181186934
2021-10-07,0.04423074898490231,0.06432752538137176,0.06741581241708694,0.013544001388077653,0.051502175914058146,0.05882347477570038,0.0
2021-10-08,0.0,0.0,0.0,0.0,0.0,0.0,0.0
2021-10-11,0.0036831183935941425,0.01483506004868218,0.01578988652545732,0.013363091073508526,0.012244841648360927,0.027777698584990684,0.0
2021-10-12,0.029357891104696776,0.0,0.00518103136159076,0.002197760736485588,0.0,0.0,0.00847448390842187
2021-10-13,0.05169355063917247,-0.0010826958574567946,0.025426911473034997,-0.013157878495660524,0.028225872131580232,0.032432513169300625,0.025209912584735594
2021-10-14,0.04237284538517261,0.0,0.0,0.01333331665616666,0.019607725863304726,0.01423936194233022,0.01639346523373586
2021-10-15,0.01626009254062266,0.0,0.02564102306255056,0.030701870781099316,0.026923220218197708,0.02185785613018565,0.0
2021-10-18,0.009600052480485788,0.0027099314072800418,0.0,0.004255313415924666,0.033707554668300554,0.0,0.038709729948842586
2021-10-19,0.01426305941909245,0.027026957482655822,0.0,0.016949204334753443,-0.003622749558936156,0.010695304467404299,0.00931696899239709
2021-10-20,0.0,0.05263166183369683,0.010000057847441735,0.018749937246875792,0.05454496944159071,0.021163856223258115,0.030768987539557147
2021-10-21,-0.02656252289186245,-0.0010000055763657034,0.009900949730876851,0.012269922320490734,-0.013793067668535941,0.0,0.007462696607746899
2021-10-22,0.01926164879309833,-0.004003958281612374,0.0,0.020202064708918943,0.0,0.0,0.029629758230624414
2021-10-25,0.004724435157971163,-0.0005025495178381245,-0.019607860100318897,0.0,0.013985977198444743,0.020725327033030316,0.0071941668440729245
2021-10-26,-0.026645699347483953,-0.009552489629918282,0.0,-0.003960320999718436,-0.024137850652601434,-0.020304509434749818,0.0
2021-10-27,0.03059572667054744,-0.020304680674203768,0.0,-0.0059643110665067445,-0.007067082481072573,0.02590682785302789,-0.0071427804895010105
2021-10-28,0.0,-0.015544058612095846,0.0,0.0,0.014234763207833456,-0.010101026271124525,-0.028777099723246047
2021-10-29,0.007812512085765944,-0.005263116074816665,0.0,-0.01000002181060533,0.0,0.015306099637666826,0.0
2021-11-01,0.0,0.0,0.0,0.0,0.0,0.0,0.0
2021-11-02,-0.02325566906425447,0.0534392015283085,0.0,-0.01818175874357264,-0.010526342432275015,-0.03015080320534458,0.029629758230624414
2021-11-03,-0.023809649268039967,-0.007533910349971196,-0.005000372086511162,0.008230441355662421,-0.003545962190679375,-0.005181307606580421,0.0
2021-11-04,0.004877980413267036,-0.005566729410187321,0.0,0.0,0.014234763207833456,-0.020833367726410423,0.0
2021-11-05,0.03398067401761917,0.01730254811479548,0.015075814616542837,0.0,0.0,0.010638315808431997,0.0
2021-11-08,0.0015648928813960516,-0.007003337900303608,0.0,0.0,0.0,0.0,-0.014388506626927589
2021-11-09,0.006249973269129461,0.007052730555503706,0.0,0.030612239037335343,-0.013292219177309494,-0.010526333349950345,0.014598558076555745
2021-11-10,-0.00465832007653566,0.0,0.004950183638193328,-0.009901011479859667,0.0,0.010638315808431997,0.0
2021-11-11,0.0,0.0,-0.004925800023511839,0.01000002181060533,0.02545447722787686,0.010526333349950345,0.04316534694200125
2021-11-12,0.0015600102413717565,-0.024512022843514947,-0.004950766092683634,0.003960390659906388,-0.014184370298094606,0.0,0.0
2021-11-15,-0.0031152515152164106,0.005128093888833618,0.01492560902262241,0.04536486483204749,0.02158301859502565,0.00520829337667017,0.0
2021-11-16,-0.0046876164499092265,-0.030612278177943986,0.0,0.007547159792553604,-0.003521136756023613,-0.005181307606580421,0.0
2021-11-17,-0.0031396129371069614,0.006315896773803731,0.0,0.00749062683488444,-0.010600736912454223,0.0,0.0
2021-11-18,-0.007873844594404988,0.01987451612623281,-0.019607860100318897,0.0018586355476912786,0.0,-0.005208196266805465,0.0
2021-11-19,0.0,0.010256397022144093,0.0,0.0037106359249654552,0.007142589782644482,0.0,0.0
2021-11-22,-0.007936703827875369,-0.007106638235971352,0.010000057847441735,-0.03696852983427268,-0.014184370298094606,-0.026178098889855672,-0.055172321183449835
2021-11-23,-0.004799933057562322,0.0,0.0,0.0,-0.010791328048847193,0.01075260517561727,0.021897749383114506
2021-11-24,-0.0032155138665875826,0.0010223615069733238,0.0,0.003838699017827185,0.0,0.0,0.0
2021-11-26,-0.016129058014203834,-0.001532080221932075,-0.049505331108874895,-0.007648106776597219,-0.018181727568273964,-0.03191474907322478,0.0
2021-11-29,0.008196830089299834,-0.007672642455779921,0.0,0.0,0.0,0.021977953305723608,0.0007142866341260934
2021-11-30,-0.021138167651729378,0.0051547381933387815,0.02083346099810557,-0.005780373071296974,0.037037147626057365,0.016129108248298607,0.01927180182742294
2021-12-01,-0.02657815086963078,-0.0005129279607535286,-0.030612428658641444,-0.04844965190771566,-0.035714388545136755,-0.03703704434453925,-0.0021007591737457476
2021-12-02,-0.0017065270410643318,0.06721394964473681,0.0,0.006110079442281258,0.0,0.0,0.0007019240241890046
2021-12-03,-0.042735011252107435,0.004807719343490113,-0.042105007856624965,-0.030364366991841307,0.0,-0.038461648787526115,0.002804968111914885
2021-12-06,-0.008928481358420393,0.0,-0.00549491515635514,0.0020877165564361366,0.0,0.09714285775167664,0.0
2021-12-07,0.0036035879105560387,0.052631613197915206,-0.005524517708401455,0.010416542229206405,0.0,-0.036458247856421155,-0.013986115669692656
2021-12-08,0.0,0.0,0.0,0.0,0.0,0.0,0.0
2021-12-09,0.02333916422086557,0.01818179570100531,0.0,0.010309374063873777,0.007407280230034008,0.0,0.028368833018048267
2021-12-10,-0.00877184199077452,-0.00044640070608059634,0.005555207550890229,-0.014285802488103294,0.036764672102054696,0.0,0.0
2021-12-13,-0.008849571205068463,-0.008486008758512575,0.022099587576059232,0.004140781471720034,0.024822916038316434,0.01621609037205718,0.0
2021-12-14,0.0,0.002702656670949821,0.0,-0.010309156465535652,0.0,0.005319306668269297,-0.034482721462495314
2021-12-15,-0.021428584056963684,-0.0071876383154639845,-0.04864857932135669,-0.008333321729349308,-0.03114182024916412,0.0,0.0
2021-12-16,0.021897823406494377,-0.004524911940382514,0.02272741199793349,-0.012605098221251887,0.0,0.02645491893035179,0.030000124485050517
2021-12-17,-0.008928481358420393,0.040909009416144615,0.01111117768591674,0.0,0.017856978327781103,0.0,0.006241172064741285
2021-12-20,0.014414456577662937,-0.001918854341565357,0.0,-0.010638395811286006,-0.017543700842055476,-0.010309295194313561,0.0003512171330344316
2021-12-21,0.012433182711470758,0.0,0.0,0.01720443090466972,0.0,-0.005208196266805465,0.0
2021-12-22,-0.00877184199077452,0.0019342067413745667,0.0,0.00634252317441808,-0.03214273374583587,0.01047102479572648,0.0
2021-12-23,0.017699142410136925,-0.02509650285324405,0.0,0.03991587338527669,0.0,0.005181404213289165,0.0
2021-12-27,0.05391296333059192,0.0,-0.00549491515635514,-0.010100961286992005,0.018449937784003945,0.030927885582940684,0.0
2021-12-28,0.009901044336062315,0.004950481176462462,0.0,-0.01020417540263463,0.02898566705430672,0.004999961311432433,0.0
2021-12-29,-0.019607854332789887,0.0,0.0,-0.004123706105881864,0.021126607632838912,0.004975178835203042,0.0
2021-12-30,0.008333443340661217,0.00985218927537046,0.0,0.024844761663441517,0.0,0.014851369998938546,0.0
2021-12-31,0.0,0.0,0.0,0.0,0.0,0.0,0.0
2022-01-03,0.0,0.0048780953397447036,0.0,-0.012121196184870953,-0.03448265317320376,0.058536774811550396,0.0
2022-01-04,0.024793231703900798,0.0,0.0,0.006134997129975339,0.0,0.04147441601340107,0.0
2022-01-05,0.024193587021305696,0.0,-0.005524517708401455,0.004065035127986727,0.003571510836109404,0.0,0.0
2022-01-06,0.015748056049747827,0.02912631102868346,0.01111117768591674,0.012145732554471378,0.05338071706348635,0.00884957285406096,0.004213539900156826
2022-01-07,0.02790703763966107,0.0,0.01098907610866906,0.00399999465288392,0.01013509602899143,-0.00438584977924783,0.0
2022-01-10,-0.01809955665322771,-0.002358686885796102,-0.021739257858188754,-0.003984058440425375,-0.0033445587069242944,0.0,-0.0034965366525748776
2022-01-11,0.010752596787058533,0.0,0.0,-0.01199998395865165,0.0,0.05726885526109915,0.0
2022-01-12,0.03343477393862426,0.0,0.055555343726628736,0.004048506306831179,0.013422858736694021,0.020833247552967782,0.007017610637958915
2022-01-13,0.027941097248190827,-0.0070920921165540385,0.03684207538747741,0.0,0.07947003160974231,0.0,0.0
2022-01-14,-0.005722602739440696,0.0,-0.015228371825979248,0.0,-0.04907984449357716,-0.020408080950446106,-0.006968706965822746
2022-01-18,-0.015827146782092516,0.0,0.025773203170643466,0.0080645767577745,0.03225829731411878,0.024999803838107404,0.0
2022-01-19,0.008771891733384107,0.0238093982381804,0.03517584968665988,-0.0039999242960926384,-0.031250218475407876,0.020325350832840705,0.032982554856113344
2022-01-20,0.0,0.009302529505478718,-0.004854065800087515,-0.00401619986187185,0.06451633456561834,0.011952098011081214,0.002038110740314014
2022-01-21,-0.010144926068325844,0.0,0.0,0.0080645767577745,-0.030302998839996875,-0.01574805692802117,0.0
2022-01-24,-0.0043923249810573495,-0.013825014937317692,-0.02439014824729646,-0.03000006543181588,-0.031250218475407876,-0.019999920944802074,0.0
2022-01-25,-0.007352951882199976,-0.01869153719210148,0.0,0.0,0.03225829731411878,0.0,0.0
2022-01-26,0.001481431886315665,0.0238093982381804,0.0,-0.002061671720992475,0.0,-0.012244955113652534,0.016948991303345373
2022-01-27,0.01331359519364872,0.0,0.0,0.01239660351176286,0.0,0.08677680729124848,0.04733340623071358
2022-01-28,-0.007299196222904869,0.009302529505478718,0.010000057847441735,0.020408135427342877,0.0,-0.011406685875603784,0.018459589058523518
2022-01-31,0.010293944214242678,0.0,0.0,0.006000097514512692,0.0,-0.015384853688741318,0.006875079592298716
2022-02-01,0.004366921062516571,0.013824788098780072,-0.009901046806625291,-0.03777334065342286,-0.040624931308182566,-0.02343739530341693,0.08566097376010617
2022-02-02,-0.03623185469985046,0.0,-0.024999997548837194,0.016528828909892823,0.0,0.004000118433636013,0.0005717741766395612
2022-02-03,0.0,0.0,-0.0051285867425027165,0.0,-0.006514742449941768,-0.023904418871863453,0.02857129381198087
2022-02-04,-0.001503796668404167,0.027272650995918246,0.0,0.012195176884763015,0.0,0.0,0.0016669184360287304
2022-02-07,-0.010542167221678334,0.022123996925462075,-0.020618582752297998,0.0,0.0,-0.03265318826893404,0.0
2022-02-08,0.027397319774804973,0.004328938833575213,0.02631621044918231,0.004015987943841948,0.05245904022610426,0.05485237411846855,-0.0016641444429765784
2022-02-09,-0.007407504552577326,0.012931157945077487,0.020512436320047955,0.0,0.0,-0.016000026252292132,0.027777912433261998
2022-02-10,-0.004477636330952883,0.046808428189830664,0.020100626305583402,0.01600004896832674,-0.003115273990720868,-0.004064933739048593,-0.024324362566870317
2022-02-11,-0.004497688419886514,0.0,-0.014778076253544326,0.00590553825643414,-0.01562473133429565,0.004081524867187936,0.024930788095585132
2022-02-14,-0.013554202469358456,-0.004065079287104867,0.0,-0.03131124809496266,-0.047618983635419276,-0.016260113921526487,-0.06918930646633015
2022-02-15,0.0,0.0,0.020000017648372115,0.03030302599591117,0.03333274884292736,0.012396752795184485,0.0
2022-02-16,-0.04122141857105788,-0.0004081571148726315,0.03431368308253613,0.003921494510721546,0.03225829731411878,-0.01632663218567587,0.04529616199840625
2022-02-17,-0.012738891897706828,0.0004083237751266733,0.004739224618429461,-0.0019529508149639385,0.0,0.0,0.0
2022-02-18,0.016129245882513743,-0.0004081571148726315,-0.00943411060794952,-0.005870867623087528,-0.01562473133429565,0.004149423178033906,-0.011111020855543274
2022-02-22,-0.011111292915908288,-0.020008266973601252,-0.00476160684271465,-0.015748078934222032,-0.03174630900842135,0.0,0.005617964502562023
2022-02-23,0.0032102592185461187,0.0,-0.004785044989274456,0.01000002181060533,-0.0032786982743153725,0.0,0.0
2022-02-24,0.006399972865203329,-0.020833123960528166,-0.048076652034791056,-0.02970296477939105,-0.029605218885968565,-0.02066122897669409,-0.022346317193492116
2022-02-25,0.009539003119360734,0.0,0.06060582051663976,0.012244809463763495,0.050847197078954576,0.004219534426476157,0.0
2022-02-28,-0.03622045554223241,0.0021275225317454183,0.06190509094983754,-0.0020160909963018447,-0.029031895444944666,-0.008403452851770798,-0.02857136119170478
2022-03-01,0.016339894470999372,0.01061576051190416,-0.022421521903414288,0.020202064708918943,-0.003322067600556977,0.004237255663348538,0.011764677321745243
2022-03-02,-0.0032155138665875826,0.008403234469683163,-0.018348729483655624,-0.01188124163990667,0.016666307238658362,-0.0042193770839040745,0.017441818614711613
2022-03-03,0.0,0.0,0.023364393920859206,-0.006012051456054324,0.049180341951788886,0.01694933867193993,0.0
2022-03-04,-0.008064435072946963,0.0,0.0,-0.0020160909963018447,0.0,-0.012500212670566668,-0.017714264152774106
2022-03-07,-0.04065037339831623,-0.04166645302094707,-0.04109600080299658,-0.010100961286992005,0.0,-0.016877587006902117,0.0
2022-03-08,-0.006779730281574525,0.0,-0.009523867329025548,0.0,-0.031250218475407876,-0.00858370506822459,-0.022687603089456276
2022-03-09,-0.0017065270410643318,0.004347760020768199,0.03365381669274492,-0.014285802488103294,-0.03225751712626124,0.03896122450000883,0.0
2022-03-10,-0.017093944768354907,0.017316074970444406,0.009302474056427368,-0.004140708638598167,0.06666630387951811,0.0041664785972614915,0.0
2022-03-11,0.006956390508331856,-0.021276586831333044,-0.0046081870753161835,-0.0020789626981024822,-0.031250218475407876,0.012448114803028876,-0.0476190743570325
2022-03-14,0.0,0.0,0.0,0.0,0.0,-0.01639324093924821,0.0
2022-03-15,-0.02072530208682344,0.004347760020768199,0.00925940468148534,-0.010416688805846674,-0.02258019697272806,0.0,0.03124985260685409
2022-03-16,0.02821878002796918,0.0,0.022935776928181273,0.0,0.05280489239874364,0.0041664785972614915,0.0
2022-03-17,0.0,0.0,0.0,0.0,0.0,0.0,0.0
2022-03-18,0.0,0.0,0.0,0.0,0.0,0.0,0.0
2022-03-21,0.0,0.0,0.0,0.0,0.0,0.0,0.0
2022-03-22,-0.008576342010769733,0.012986923046106824,-0.013453300052039374,0.01684200812791259,-0.009404291466947767,0.02489615224052133,0.03030324902420367
2022-03-23,0.0,-0.0021367199985947716,0.0,0.004140781471720034,0.0,-0.00809695389701759,0.0
2022-03-24,0.0,0.0021412953471859897,0.0,0.0,0.012658265793859647,0.008163049734375871,0.0
2022-03-25,-0.013840972001670226,-0.0021367199985947716,0.0,-0.004123706105881864,0.0,0.012145883762846088,0.02941169330436333
2022-03-28,0.008772046338768602,0.0021412953471859897,-0.00909051933562588,0.0,0.0,0.0,-0.02857136119170478
2022-03-29,-0.008695766670583027,0.001709481178299832,0.0,0.0,0.006250396404929193,0.007999863965395315,0.0
2022-03-30,-0.012280497047886696,0.02389063375436895,0.013761412186353406,0.012422417248281636,0.08695618156156315,0.027777716120713114,0.0
2022-03-31,-0.014209632447760079,0.0,0.013574340242344274,0.02249489355729617,-0.037142791331112424,-0.023165777737048088,0.0
2022-04-01,0.025225115373891827,0.00833341366412399,0.0,0.01999997326441938,-0.002967367391433662,0.007905003473293482,0.0
2022-04-04,0.01405979658663159,0.0,0.0044646194664761385,-0.017647070184487967,0.03571408647952379,0.007843150731556836,0.0
2022-04-05,-0.001733145285740867,0.0,0.0,-0.021956024195153745,0.0,0.003891020943012302,0.0
2022-04-06,-0.010416723540860984,-0.008264541818406634,-0.013333715642105282,0.010204031817350412,0.0,0.0,0.0
2022-04-07,0.0,0.0,-0.00450413487036172,0.0,-0.03735655017549777,-0.011627891010599578,-0.0058824080223482955
2022-04-08,-0.01754378615554597,-0.0041666042821165705,-0.0045252237301667275,0.010101032354459472,0.0,0.0,0.0
2022-04-11,0.005357276012396994,-0.02301251524604364,0.0,-0.01000002181060533,0.03582149320877681,0.011764689538324768,0.0059172154982651826
2022-04-12,-0.037300272244827126,0.0,0.0,-0.020202064708919054,-0.02593701722036723,-0.019379697904645332,0.0
2022-04-13,-0.07564580740821614,-0.00428259069437209,-0.04545446847585122,-0.05154643512269286,-0.023668533554488058,-0.03162052976530616,0.0
2022-04-14,0.0,0.0,0.0,0.0,0.0,0.0,0.0
2022-04-18,0.0,-0.0012904089061291923,-0.04761877637918799,-0.023913052455735273,-0.006060440972218584,-0.0040817531744411495,0.0
2022-04-19,0.013972170973943765,-0.009474448265438085,0.0,0.0022272079616945106,0.0,0.022882650831173912,-0.006470732058353801
2022-04-20,0.053149432076391445,0.01956513411068661,0.0,0.008888877770777626,-0.012502149133323148,0.016949341203840618,0.013015068834087762
2022-04-21,0.046729048265147455,0.027718655956902927,-0.017135000535824174,-0.030836966174574543,0.0,-0.01250013681884321,0.0
2022-04-22,-0.01785717071389059,0.002074555102701936,-0.005347411141748304,0.011363581851656646,-0.0224360198927952,-0.012658368152654753,-0.014209638601710983
2022-04-25,-0.045340045310078625,-0.006211290266199709,-0.037634321250939684,-0.044943765154380255,0.0,-0.08119651325874089,0.0
2022-04-26,0.010060415065743511,-0.020833123960528166,-0.02793345925877677,-0.011764814947557656,-0.0557376796652167,0.055814001926546286,0.0
2022-04-27,0.035856584642797396,0.004255149795327817,0.03448298412901263,0.05000015076457753,0.05902774945573941,0.017621108080727366,0.0
2022-04-28,-0.01923076311466676,-0.02542355558929854,-0.011111146807687988,0.029478379365581064,0.006557486408482971,0.017316133946401413,0.0
2022-04-29,0.003921437646450032,0.04347802824214164,0.0,0.013215842646246312,0.0,0.0,-0.039038951914388664
2022-05-02,-0.007812347749445392,0.04615516668160469,-0.01685388253948461,-0.043478207669716995,0.009771769444648637,-0.012766023211442379,0.0
2022-05-03,-0.015748047730840486,-0.03361345443933739,0.01714280536754642,0.01363634619253018,0.0,-0.008620785301394651,-0.03750001364057487
2022-05-04,0.01999999338482361,0.0,-0.005617786180382223,0.01345297669588863,0.0,-0.004347798091690724,-0.012987017895073949
2022-05-05,-0.029411809213989448,0.0,-0.0677970281638336,-0.07079659999245069,0.0,-0.15283836339834345,0.0
2022-05-06,0.0,-0.0004347510314940406,-0.03030291039447275,-0.040476017376120055,-0.05161283009348605,0.03092781444002002,0.0
2022-05-09,-0.030302854816249503,0.0,0.0,0.0,0.0,-0.010000022919455565,0.0
2022-05-10,0.02083320891597018,-0.043062116471809575,0.0,0.0,0.0,0.0,0.0
2022-05-11,0.0,0.0,-0.031249930774897905,0.004962685150309065,-0.003401087193603214,0.015151594749823971,-0.014473674436670136
2022-05-12,-0.018367351989930558,0.0,-0.032257870402268796,-0.017283885418484357,-0.04436873343025516,0.004975179362491922,0.0
2022-05-13,0.018711023952966643,-0.0222726976763028,0.0,0.005025118965733988,-0.0071429755112939475,0.039603784973985645,-0.0353806526348458
2022-05-16,0.012244938827619789,0.022780071317809014,0.0,0.012499939537131466,-0.010791407351062654,0.0,0.0
2022-05-17,-0.02217751100223142,0.02499987804730619,0.0,-0.03703686009950535,-0.01818176940512417,-0.014285705890308864,-0.03806210228293827
2022-05-18,0.0,-0.02439012782609562,0.0,0.005128107526092274,0.0,0.01449274498267461,0.0
2022-05-19,0.020618550842122163,0.0,0.0,0.020408135793631432,0.0,0.0,0.0
2022-05-20,0.0,0.02272721006383316,0.0,-0.024999879074262932,0.037037151552742786,0.009523664003448173,0.0
2022-05-23,-0.02020201457744386,-0.02222216231287588,0.0,0.025640898434480475,0.0,-0.009433819476484917,0.0
2022-05-24,0.014433019688334214,-0.02500009013894755,0.0,-0.01999997361620287,0.0,0.0,0.0
2022-05-25,-0.004065016965955626,0.001864883907550574,0.0,0.020408135793631432,0.0,0.0,0.0
2022-05-26,0.006122413162310769,-0.0018614125891678324,0.03333312606290861,0.012499939537131466,0.0,0.0,0.03237406969319512
2022-05-27,0.016227197991920406,0.0023310505019611405,0.045161259264363096,-0.012345620033168414,-0.03571439219635231,0.023809537801866343,0.0
2022-05-31,0.00798420544105971,0.009302408858052225,-0.06790140373927445,-0.0374999945033756,0.0,-0.018604694642726627,0.010453006045315183
2022-06-01,0.00990082149342486,0.013824846147800773,0.006622786950630344,0.01298713283919728,-0.029629476764478357,-0.004739306000828725,0.0
2022-06-02,0.0058824266974684125,-0.004545548058587312,0.05263144330292291,0.012820449217240126,-0.015267279653000898,0.01904757986906014,0.0
2022-06-03,0.003898612435692561,-0.015981639331408837,0.0,0.0025315084860528803,0.0,0.0,0.02068958154034517
2022-06-06,-0.005825422506905542,0.0023201250795441553,0.025000084527493138,-0.02777769881391945,0.0,-0.004672620013679185,0.0
2022-06-07,0.005859556901560481,0.013888851385542189,0.018292515775715223,0.0,0.0,-0.004695218062150008,-0.013513518827591997
2022-06-08,0.058252191277066157,0.008675914469999046,0.0179644691699532,0.020779193248818162,0.07751931451194483,0.0,0.0
2022-06-09,-0.00733930681840711,0.004979583275553701,0.0,0.01781172647247775,-0.05395689708332052,0.0,0.0
2022-06-10,0.009242192395053639,-0.004054074504088678,-0.005882700208774905,0.012499939537131466,0.01901157777869633,-0.009433819476484917,0.006849317798826693
2022-06-13,-0.0018316930348211136,0.0,0.0,-0.012345620033168414,0.0,-0.009523831911557479,0.0
2022-06-14,0.0,0.01763906116206182,0.0,-0.024999879074262932,-0.011193925783220982,0.019230645348858877,0.0217687794483008
2022-06-15,-0.009174158810384747,0.0,-0.005916959249199105,0.025640898434480475,0.0,0.0,0.0
2022-06-16,0.0,-0.02222216231287588,0.02976188956030934,0.0,0.0037732807996682105,-0.009433819476484917,0.06524629745529786
2022-06-17,-0.009259307466564004,0.0,0.02312156990617087,0.0,0.0,-0.004761873978751385,0.0
2022-06-21,0.0037382961859899755,0.009090884025533263,-0.07909597076854813,-0.012499939537131466,0.015037700446473012,0.004784657916782509,0.0
2022-06-22,-0.022346240251237104,-0.01801807387690879,0.006134644248656507,-0.05063293055704854,0.011111296466765008,0.0,-0.012500077296590861
2022-06-23,-0.01904761204743266,-0.022935825471291693,-0.030487677954173842,-0.03466676022556203,0.0,0.0,0.0
2022-06-24,0.009708680705897033,-0.014084360486812275,0.0,0.035911702609207063,0.0,0.0,0.0
2022-06-27,0.0,0.04714275953742009,0.0,-0.01333336210144287,0.0,0.004761873978751385,0.0
2022-06-28,0.0,-0.06775802789828,0.0566037182439203,0.013513543064393785,0.0,0.0,-0.0006327569638627795
2022-06-29,0.0,0.0,0.0,0.0,0.0,0.0,0.0
2022-06-30,-0.009615328551112023,-0.02439029108999169,0.011904911276959584,-0.02666672420288574,0.0,0.0,0.0
2022-07-01,0.0,0.0,0.0,-0.005479348546207019,0.0,-0.00947861200165745,0.0
2022-07-05,-0.019417361411794176,0.0,0.0,0.024793402045231172,0.0,-0.014353973750347637,0.0
2022-07-06,-0.009901148977349616,0.005000103235614173,0.0,-0.03225830245530992,-0.06959729336194531,-0.01941743335150281,0.0
2022-07-07,0.010000162071820418,0.019900442075996505,0.0,0.00833356785600925,-0.007873688944648793,0.0049502876539730956,0.0
2022-07-08,0.00990082149342486,0.0,-0.029412184267107344,-0.0027549624308328413,0.011904649094321984,0.0,-0.005699892734006062
2022-07-11,0.0,-0.02439029108999169,-0.018181655791371654,0.002762573216255948,0.0,0.00492616356415887,-0.006369429112734193
2022-07-12,-0.009803756252800944,-0.009999973170405352,-0.01851835005794933,0.019283671003913705,0.003921100472356276,-0.009803771598800637,0.0
2022-07-13,-0.001980404453563067,0.0,0.0,-0.021621687918379262,0.007812860228362029,-0.004950549490832068,0.0
2022-07-14,-0.01785714871667432,0.010100982726666707,0.0029803533436905116,0.002762573216255948,0.0,-0.034825904684717135,0.0
2022-07-15,0.0,0.0,0.0,-0.0027549624308328413,0.0,-0.020618603545408898,0.0
2022-07-18,0.010101062972027286,0.0,0.0,-0.005524952076720768,0.0,-0.01052634020824228,0.0
2022-07-19,0.010000162071820418,0.005000103235614173,0.0,0.016666744840891923,-0.03100781610433989,0.010638322813421475,0.02564103520706551
2022-07-20,0.0,0.019900442075996505,0.02739736122436498,0.010929044208674465,0.0,0.02631571133362476,0.0
2022-07-21,0.06732654677480188,0.0970730535400326,0.04666663478728372,0.027026991052042204,0.0,0.030769394901898783,0.0
2022-07-22,-0.007421209290661368,-0.06625152465053108,0.0,0.013157923970967156,0.02000017861254544,0.0,0.0
2022-07-25,-0.028037324435061795,0.0,-0.03184711297224052,0.025974082933479803,0.019607710274361256,-0.009950271011802236,-0.003125037511580886
2022-07-26,0.017307697404444378,0.0,0.013157773509715698,0.012658165844843028,0.0,0.0,-0.02821314097944516
2022-07-27,0.0018904523455114397,0.0,0.0,-0.012499939537131466,0.0,0.010050273961461631,0.03225807662846769
2022-07-28,0.0,0.0,0.0,0.0,0.0,0.0,0.0
2022-07-29,0.0,0.0,0.0,0.0,0.0,0.0,0.0
2022-08-01,-0.018868020690522402,0.0,0.03246773626002675,0.0,0.0,0.0,0.0
2022-08-02,0.03846152622933352,0.0571428095304487,-0.006289303447344685,0.0,0.053846303762131065,-0.009950271011802236,0.0
2022-08-03,0.0,-0.01801807387690879,-0.006329217225371941,0.012658165844843028,0.0,0.005025092683369481,-0.009374967035277404
2022-08-04,0.007407466390462636,0.0,0.0,-0.024999879074262932,0.018247980459190405,0.014999902151555,0.0
2022-08-05,0.007352897959895133,0.0,-0.00636942259444806,0.012820449217240126,0.003584358835027057,0.009852240279292657,0.0
2022-08-08,0.0036496137425059416,0.0,-0.006410142723738632,0.0,0.0,0.01951224126921325,0.0
2022-08-09,0.03454545418098198,0.0,0.0,0.010126568299564598,0.0,-0.004784742272528564,0.0
2022-08-10,0.05448152052177346,0.00458714369051294,0.006451497745066481,0.0025062181559485364,0.06821375897474202,0.028846137545902595,0.0
2022-08-11,0.0,0.0,0.025641118274484453,0.012499939537131466,0.052189268924299315,0.009345981490766597,-0.022082062944039582
2022-08-12,0.0,-0.009132289239334956,-0.012499990660337579,0.0,-0.007168180402959634,-0.004629762265356163,0.0
2022-08-15,0.016666662072793992,-0.004608389561154724,-0.018987327405742938,-0.012345620033168414,0.010830180899438213,0.004651296663132021,0.0
2022-08-16,-0.008196583532330881,0.015740784644658445,0.0,0.024999967020253422,0.0,0.018518559329511408,0.0
2022-08-17,0.0,-0.06563355737583587,0.0,0.0,0.0,-0.009091008899078545,0.0
2022-08-18,-0.004958739435423021,0.0,0.0,-0.02439021251184048,-0.03928587366750891,0.004587125914099266,0.0
2022-08-19,-0.003322331237917031,0.0,0.006451497745066481,0.012499939537131466,-0.06691439681471167,-0.013698540810759385,0.0
2022-08-22,-0.03333323226813367,0.06829261020248345,-0.057692269796801754,-0.032098681574432186,0.003984148708271684,-0.004629762265356163,-0.0322581517249666
2022-08-23,0.01896540548082548,0.0,0.020408149039366386,0.020408135793631432,0.0,0.0,0.0
2022-08-24,-0.0033840751839274708,0.0,0.0,0.0,0.0,0.02325599130585876,0.0
2022-08-25,-0.013582264138723321,0.0,0.0,-0.0024999527290300305,-0.007936608217537722,-0.01363635307272526,0.0
2022-08-26,0.0,-0.002282939147260965,-0.006666775967408389,0.0,0.004000016523019623,0.013824873934887405,0.0
2022-08-29,-0.03614465033215353,0.0,0.00671152016877441,-0.017543879757249692,0.03585644694328605,0.0,0.023333382997155816
2022-08-30,0.0,0.0,0.0,0.0,0.0,0.0,0.0
2022-08-31,-0.03571427516712922,0.0,-0.04000008652975384,-0.005101944207603459,0.030769096336364266,-0.018181857522264533,0.0
2022-09-01,0.0018518410761014792,-0.03890165191906714,0.00694432172752113,-0.03333342052763799,0.0,-0.004629762265356163,0.0
2022-09-02,0.033271831483777436,0.0,0.020689763206017675,0.00795750225930214,0.007462976045212288,0.0,0.0006515343170601096
2022-09-06,0.010733389084368161,0.03999997778087616,0.0,0.02368422611784915,-0.055555654716333835,0.02325599130585876,0.0013021444120060455
2022-09-07,0.03539812043133295,0.0,-0.027027011433306547,0.002570826365855483,0.0,0.022727281833857527,0.0
2022-09-08,0.0,0.0004579489718581353,0.00694432172752113,0.012820449217240126,0.00784323757248484,0.013333166171515032,0.0
2022-09-09,0.025641066717075223,-0.00045773935059312265,0.020689763206017675,0.012658165844843028,0.007781865075942029,0.008771872847434636,0.0
2022-09-12,0.0,0.0004579489718581353,0.0,-0.010000074754092036,0.0,0.00869574949078955,-0.0006501876772671
2022-09-13,-0.018333319092327938,-0.00045773935059312265,0.013513621110184948,0.0,-0.019304969785542303,-0.021551735274819905,0.0
2022-09-14,0.0016978766106710008,-0.038461517918709,0.0,0.0050505876036297526,0.0,0.0,0.0
2022-09-15,0.016949052773127526,0.0,0.0,0.002512603676831704,0.0,0.013215772810489135,0.0
2022-09-16,0.0,0.0,0.0,0.0,0.0,0.05843963413493691,0.0
2022-09-19,-0.00833337697512404,0.023809457681178925,0.0,-0.05513785742769761,-0.003937092442797718,-0.05652158893470183,0.0
2022-09-20,-0.008403220423812363,0.01581399739788214,0.0,0.021220130439995932,0.007905308817197643,0.013824786808636969,0.0
2022-09-21,0.0,0.0,0.0,0.0,0.0,0.009091047439758526,0.0
2022-09-22,0.016949052773127526,0.002747159717582104,0.0,-0.012987041466739901,0.0,0.0,0.0
2022-09-23,-0.025000039047918032,0.0,0.0,-0.018421075044408153,-0.019607790199216435,-0.054054193977081444,-0.014313738245783636
2022-09-26,-0.00854686518354153,0.0,-0.04000008652975384,-0.013404761514040464,-0.020000151461013638,0.0,-0.009901032698600876
2022-09-27,-0.008620733900552957,0.0,0.00694432172752113,0.019021761470212173,0.020408320971508687,0.014285852526871645,-0.03333319365383258
2022-09-28,-0.008695793064246504,-0.04109578096226896,0.0,0.010666652157533152,-0.020000151461013638,0.009389656675770519,-0.013793188152836033
2022-09-29,-0.008771783058163507,0.0,0.020689763206017675,-0.005277037752636993,0.0,0.0,0.0
2022-09-30,0.008849408146618831,0.0,0.0,0.005305032609999039,0.0,0.0,-0.0069930098391015605
2022-10-03,-0.007017407103907303,0.0,0.0,0.0,0.0,0.04186040025426996,0.0
2022-10-04,0.00706699911369113,0.04761902645797722,0.013513621110184948,0.026385188763185186,0.0,0.004464130352338502,0.0
2022-10-05,0.008772073197516495,0.0,0.006666548257529881,-0.020565525732092693,0.0,0.004444734645144166,-0.014084594786430094
2022-10-06,0.024347779568136385,0.0,0.0,0.0,0.016326670827395917,0.008849395766429291,0.0
2022-10-07,0.0016978766106710008,0.0,0.00662262591217333,0.0,-0.028112359023988898,-0.013158021624780858,0.003571638209461714
2022-10-10,0.0,0.0,-0.006579055290131253,0.0,0.012396459983136987,0.0,0.0
2022-10-11,-0.008474713255943844,0.0,0.0,0.07611542982597963,-0.012244669428559174,0.0,0.003558595623111227
2022-10-12,0.008547147883412043,0.0,0.0,0.017073277459742187,0.0,0.0,-0.007092284061859799
2022-10-13,0.016949052773127526,-0.004545548058587312,-0.006622399710280669,0.002397951655776165,-0.00826449631357895,0.0,0.0
2022-10-14,-0.01666657019533979,0.0050228922442070445,0.05333341075469211,0.002392383556977018,0.0,0.0,0.0
2022-10-17,0.008474432951873778,-0.0004543058998712768,-0.03797476290161017,0.014319790434145885,-0.004166827127842443,-0.008888728982380911,-0.0071426944209843635
2022-10-18,0.008403405722887891,0.0,0.0,-0.011764814947557656,0.004184262225192414,0.008968447077848607,0.0
2022-10-19,0.004999971058601949,0.0,-0.006579055290131253,0.0071429744041950904,0.0,-0.008888728982380911,0.0
2022-10-20,0.003316913323355708,-0.04409077691925434,0.0,-0.0070923141855016025,0.0,0.008968447077848607,0.0
2022-10-21,0.009917296634597728,0.1531143101679977,0.00662262591217333,0.0,-0.004166827127842443,-0.008888728982380911,-0.007194414495514612
2022-10-24,-0.009819909677401872,-0.01855670003910792,0.0,0.0,0.004184262225192414,-0.013452969395700953,0.01449276095775609
2022-10-25,0.008264322744040431,0.008403437129003821,0.013157773509715698,-0.004761815419932924,-0.016666734795434013,0.03181821175935062,0.02500013718522842
2022-10-26,0.016393438178462283,-0.0041666553256548555,0.0,-0.0047846829551065895,0.016949223000166436,0.0044052798785438885,0.04529606210918935
2022-10-27,0.006451664530515933,-0.012552266946887936,0.006493724688297009,0.009615287855275323,0.0041666119843666305,-0.013158021624780858,-0.006666592170932906
2022-10-28,0.0016025547585187816,0.016949105627531713,0.019354823781767783,-0.0071426393718008185,0.012447970091734373,0.0,0.0
2022-10-31,0.00800012983386389,0.0,0.0,0.016786336475683505,0.0040983782904526755,0.004444734645144166,0.006711333896946892
2022-11-01,0.0,0.0,0.0,0.0,0.0,0.0,0.0
2022-11-02,0.031745930354450946,-0.0041666553256548555,0.0,0.0023586122784238217,0.0,0.004424624180014991,0.0
2022-11-03,0.076923050827707,-0.01464436024573701,0.0,0.03529411375187297,0.016326670827395917,0.0,-0.006666592170932906
2022-11-04,-0.028571340819087965,0.0254777366631187,0.037974654811485875,0.011363581851656646,0.004016080913029629,0.013215766257104411,0.013422824034934333
2022-11-07,-0.014705957460365848,-0.006211211325802601,-0.02439022612318842,0.0022472277840106525,0.0,0.0,0.013245038217603478
2022-11-08,-0.007462642971938771,0.0041666553256549665,0.0,-0.013452897820556253,0.0,0.0,0.0
2022-11-09,0.015037588375394817,0.0,0.0,0.022727243654216744,0.03599980447760065,0.008695712630057084,0.0
2022-11-10,0.007407445519532985,0.006224001116746258,0.0,0.02000001407135943,0.0038610869921467117,-0.008620749073458445,0.013071900397264802
2022-11-11,0.058823343431474884,0.0,-0.02500008805967391,-0.019607856662206102,0.019230784507231258,0.0,0.0
2022-11-14,0.0,0.0,0.025641118274484453,0.0,0.0,-0.013043387891529257,0.0019354620687583868
2022-11-15,-0.027777694832849975,0.010309395385261544,0.0,-0.0266666333123331,-0.007547396520033556,-0.008810706514142064,0.0012878904791666645
2022-11-16,0.028571340819087965,0.0020407630783669806,0.0,0.010101019025007485,0.015209651258025314,0.0,0.03609621745565361
2022-11-17,-0.00972208982935674,0.002036701877192515,0.0,0.01250005068941995,0.02385162393171214,0.0,0.058064551553455246
2022-11-18,-0.016830350267235783,-0.008130153778425075,0.0,-0.012345728457898275,-0.026217481250606745,0.0,-0.004268264037630698
2022-11-21,-0.015691856082321376,0.0,0.0,-0.03749999304262863,-0.01923071949549815,-0.022222118579115158,0.004286560208413448
2022-11-22,0.007246254655689954,-0.016393398734056208,0.0,0.0,-0.015686259515414025,0.009091047439758526,0.0
2022-11-23,0.03597125554794456,0.014583439452800828,0.01874987925150773,0.02597404850422147,-0.003984026388900608,0.004504422375771089,0.0
2022-11-25,-0.02083321370122604,0.0,0.012269930936847473,0.01265819829038195,0.0,0.017937192934625257,0.009146221552872591
2022-11-28,-0.035460941333317675,0.0,0.0,0.0,0.0,0.0,-0.018126855714499457
2022-11-29,0.0029411590647405728,0.0,-0.012121204593612322,0.0,-0.020000147932574985,0.0,0.0
2022-11-30,-0.017595365755616932,-0.010267055150007143,-0.06134975945872656,0.007500046316214926,0.0,-0.008810706514142064,0.0
2022-12-01,0.0,-0.008298732692540223,0.006535944064623989,-0.007444214363699464,0.0,0.00888902510554379,0.0
2022-12-02,-0.007462642971938771,0.0041840889822959415,0.012987116683547129,0.0,-0.016326447994933546,0.0044052798785438885,0.003692342297083373
2022-12-05,-0.02255642401156377,0.0,0.00641025219964475,0.01250005068941995,-0.016597355237698008,-0.013158021624780858,0.011649197710573267
2022-12-06,0.01538461016554149,0.0,0.0,-0.012345728457898275,0.016877476714240114,-0.008888728982380911,0.0
2022-12-07,0.07424249131549288,0.0004167335786362525,0.019108376561951967,0.01250005068941995,0.029045511172369975,0.026905938791401907,0.0
2022-12-08,0.0,0.0,0.0,0.0,0.0,0.0,0.0
2022-12-09,0.0,0.0,0.0,0.0,0.0,0.0,0.0
2022-12-12,-0.055007115901489545,-0.0004165599841032819,0.012499883921338828,0.012345649926726487,-0.024193325354661344,-0.01746751190733631,0.0
2022-12-13,-0.020895564878054107,0.0,-0.006172835601682247,-0.024390264714835297,0.0,0.013333463627525077,0.0
2022-12-14,-0.0015242973706773855,0.0,-0.00621107009504418,-0.024999942353208793,0.012396507635449083,0.0,0.0
2022-12-15,-0.013740461227577994,0.002083279058491261,-0.012499990660337579,0.010256418620677055,0.020408317297581524,-0.00438595850379897,-0.009090791246393337
2022-12-16,-0.024767741356856887,0.002079045036178062,0.006329109135247757,0.015228357965217931,-0.00800019365718907,-0.02643167927126322,0.02123672657501352
2022-12-19,0.0,-0.004149366346270056,0.0,0.0,0.008064712922357664,0.0,0.0
2022-12-20,0.007936373210708725,0.016666621302619644,0.006289303447344796,0.01250005068941995,0.0,-0.0045249554276515225,-0.03363909368706397
2022-12-21,0.00944885075198143,0.002049222649302962,0.01874987925150773,0.0,0.0,0.009091047439758526,0.0
2022-12-22,-0.0015600532791735233,0.0024540001404576017,0.012269930936847473,0.009876472822678117,0.0,0.0,-0.006329142036063273
2022-12-23,0.023437534992387432,0.0,0.0,0.0024450288431285827,0.003999962344435559,0.0,0.0
2022-12-27,0.03053433958071894,0.003671989148799515,0.030303114988527557,-0.01219509357067916,0.01593623950397305,0.004504422375771089,-0.04458604687286538
2022-12-28,0.007407445519532985,-0.0032519856411888926,0.0,-0.024691378384624763,0.003921597840659041,-0.013452969395700953,0.0
2022-12-29,0.0029411590647405728,0.0020390032879997744,0.0,0.0,0.015624918943414112,0.004545523719879263,-0.01600004327694804
2022-12-30,-0.010263949885677248,0.00040706579624671946,-0.005882348804578386,0.0,0.0,0.00904976011390013,0.029810404809104796
2023-01-03,0.0,0.0008137054073207306,0.03550303452037884,0.030379772520081838,0.0192307841513506,-0.0044842235389243035,-0.009868393050506685
2023-01-04,0.0,0.016260212719123812,0.0,-0.004914008946070414,0.0,0.004504422375771089,0.0
2023-01-05,0.007407445519532985,0.003999895481243465,0.005714183663092953,-0.012345728457898275,0.011320585714089004,-0.013452969395700953,-0.0033223467619559743
2023-01-06,-0.007352978730182924,0.003984145954480045,-0.03409088593471976,0.007500046316214926,0.0,0.013636419733036309,0.0
2023-01-09,0.0,0.005952318130453271,0.0,0.004962783268831261,0.007462994579107818,0.008968447077848607,0.01333339376510767
2023-01-10,0.0,0.0019724272487990913,0.02941184448313061,0.0049382756769249525,0.0,0.0,0.0
2023-01-11,0.0,0.0,-0.011428660096001186,-0.002457043545669668,0.011110943697711484,0.00888902510554379,0.0
2023-01-12,-0.007407445519533096,0.012204663223857048,0.0,0.0024630954785174186,-0.010988847234783106,-0.013215839635631554,0.0
2023-01-13,0.0,0.01127965454418911,0.0,-0.004914008946070414,0.0,-0.008928483788498642,-0.0032895605382589066
2023-01-17,-0.008955253844639244,-0.011538430477701422,0.011560784371020816,0.012345649926726487,-0.003703855436509418,0.01801806465902711,0.02310241557495374
2023-01-18,-0.015060236462673848,0.011673119960827316,0.011428562506062834,0.007317040627712101,0.0037176249820098928,0.0,0.0
2023-01-19,0.0,-0.007692286985134245,-0.01694913945935894,-0.03631952924100179,0.0333332046602246,0.0,0.0
2023-01-20,0.009174342859170626,0.0,0.005747121924101206,0.0,-0.014336904173220866,0.0,0.0
2023-01-23,0.004545511494286503,0.0,-0.011428660096001186,0.03015069795065517,0.0,-0.004425066399212474,0.0
2023-01-24,-0.00904980347788964,0.0,-0.005780342826433027,0.0,-0.018181709260757017,0.0,-0.03161287433454796
2023-01-25,-0.003044122150855255,0.0038759584775187594,0.005813949447414757,0.0,0.0,-0.017777606026343262,-0.0006663277436853576
2023-01-26,-0.007633626976452201,0.0,-0.005780342826433027,-0.004878130516443924,-0.0444448332309344,0.00904976011390013,0.0
2023-01-27,-0.01538461016554138,-0.003860993427312387,0.0,-0.019607783525567246,0.0038761293594726798,-0.008968596467312628,0.0
2023-01-30,-0.010937522072121286,0.0,0.0,0.01250005068941995,0.04633226836397131,-0.00904976011390024,0.0
2023-01-31,-0.020537179146309592,0.0,-0.005813949447414646,0.0,0.0,0.0,0.0
2023-02-01,0.01129034624315306,-0.0038759584775186484,-0.005847949128016006,0.0,-0.0036900021078282164,-0.004566279158650377,0.0
2023-02-02,0.0031897741537911806,0.0,0.005882348804578497,0.0,0.0,0.0,0.0
2023-02-03,-0.0031796318463090945,0.0038910399869425127,0.0,0.0,0.0,-0.004587072895980038,-0.006666623779601033
2023-02-06,0.012759184536171864,0.0,0.0,0.0024690985728765824,-0.003703855436509418,0.009216575712438502,0.0
2023-02-07,-0.007873883135527726,-0.0038759584775186484,0.005847949128015895,-0.0024630171407693524,0.0,0.004566127040615875,-0.006711365931312274
2023-02-08,0.0,0.0,-0.005813949447414646,-0.007407452780973323,0.0037176249820098928,0.0,0.0
2023-02-09,0.0,-0.0019455653827344932,0.0,0.0074627326204765865,0.0,0.009091047439758526,0.0
2023-02-10,0.0,0.0,0.0,-0.00246917710404837,-0.003703855436509418,0.0,0.0
2023-02-13,0.007936373210708725,-0.03508771610682504,0.005847949128015895,0.0,0.0037176249820098928,0.0,0.0
2023-02-14,0.007874056762207982,0.0,0.005813949447414757,0.004950499336540348,-0.01851865457073032,-0.009009144876296449,0.0
2023-02-15,0.0,0.0,-0.017341028479299192,0.007389129760056123,-0.0188679388911539,0.0,0.0
2023-02-16,0.031249989233111508,-0.010100935833224689,0.0,0.0,0.00769249469692701,0.009091047439758526,0.0
2023-02-17,0.007575796807175017,-0.02448982351413098,0.011764697609156771,-0.004889902159964654,0.011450208784073324,0.0,0.0
2023-02-21,-0.02255642401156377,0.0041840889822959415,0.0,-0.004914008946070414,-0.0188679388911539,0.013513267127313044,-0.019594503883396452
2023-02-22,-0.007692347487746831,0.0,0.01162799818692628,0.0,0.0,-0.017777606026343262,0.0
2023-02-23,0.0,0.0,-0.011494341999002011,0.0,0.0,0.0,0.0
2023-02-24,0.0015504640537802317,0.0,-0.011627898894829292,-0.024691378384624763,0.0,-0.013574715541551652,0.0
2023-02-27,-0.0015480638364487875,0.0,0.017647046413735268,0.0,0.0,0.0,0.0
2023-02-28,-0.0077518929319145835,0.020833373836946834,0.0,0.025316477100068235,0.0,-0.00917422219987718,-0.0006892886761531436
2023-03-01,0.0,0.0,-0.005780342826433027,0.0,-0.023076966843961655,0.018518412841871834,-0.01379324061409204
2023-03-02,0.0,-0.02040820213257888,-0.005813949447414646,-0.012345728457898275,-0.015747885580436938,0.0,0.0
2023-03-03,-0.010937522072121286,0.008333310651309711,0.0,-0.012499971176604396,0.0,0.009091047439758526,0.0
2023-03-06,-0.004739221751842604,0.012396757157177474,0.011695898256032011,0.01265819829038195,0.035999795584078065,-0.022522562065986795,0.013986155015486501
2023-03-07,0.007936373210708725,0.02040820213257888,-0.011560685652866054,0.0,-0.0154438731030071,0.004608211096198245,0.0
2023-03-08,0.0,0.0,0.0,0.0,0.0,0.009174298607794285,0.0
2023-03-09,0.0,0.001999854420303482,-0.005847949128016006,0.0,0.0,0.0,0.0
2023-03-10,0.007874056762207982,0.0,-0.005882348804578386,0.010000008746409605,0.0,0.0,0.0
2023-03-13,-0.004687644814649339,0.0,0.017751466732850663,0.0024752890310497655,0.0,0.0,0.0
2023-03-14,0.006279572066228534,0.0,0.0,0.0,0.0,0.0,0.0
2023-03-15,0.006240213116694093,0.0,0.0,0.0,0.0,0.0,-0.034482836852143706
2023-03-16,0.007751978399311854,0.0,0.0,0.0,0.0,0.0,0.0
2023-03-17,0.01538461016554149,0.037924190734837104,-0.011627898894829292,0.0,0.0,-0.004545372293277894,0.0
2023-03-20,0.001515059131490748,0.0,0.0,-0.00246917710404837,0.0,-0.004566279158650377,0.0
2023-03-21,0.006051569190522299,0.0,0.005882348804578497,0.004950499336540348,0.05490190830394903,0.0,0.0
2023-03-22,-0.015037588375394817,0.0,-0.005847949128016006,0.0024630954785174186,-0.03345724999989064,-0.013761371503774322,-0.014285700858641226
2023-03-23,-0.021374088204030195,0.0,0.005882348804578497,-0.007371052491740082,0.0,0.0,0.0
2023-03-24,0.0031200205576149553,0.009615493328045233,0.0,0.0024752890310497655,-0.007692559352779349,0.0,0.0
2023-03-27,-0.00155511528677732,-0.0019048010104191215,0.0,-0.012345728457898275,0.01937986491243837,0.004651155583807798,0.05072470850396327
2023-03-28,-0.0031152466076612706,-0.007633655760388325,0.011695898256032011,0.002500041943010123,0.045627665395117756,-0.009259322094022138,0.0
2023-03-29,-0.007812540375831567,0.0,0.0,-0.0024938073201120625,0.010908927749787134,0.0046729681216801655,0.0
2023-03-30,0.01574802671107567,0.0,0.011560784371020816,-0.012499971176604396,0.007194541296442036,-0.013953621699556384,0.0
2023-03-31,0.007751978399311854,0.0,-0.005714281253031417,0.01265819829038195,0.0,0.014151080523825854,0.0
2023-04-03,-0.013846157629982536,0.0,0.022988487696404603,0.0,0.04999964577835647,0.0,0.0
2023-04-04,0.006240213116694093,0.0,0.011235850486729815,0.010000008746409605,0.0,0.004651155583807798,0.0
2023-04-05,0.015503956798623708,0.0038462332236519625,0.0,-0.009900998673080696,0.006803001925090868,0.0046296224893156435,0.0
2023-04-06,0.0,0.0,0.0,0.0,0.0,0.0,0.0
2023-04-10,-0.007633626976452201,0.005747155205101828,-0.005555551865812136,-0.012499971176604396,0.02027030634105298,0.0,0.0
2023-04-11,0.007692347487746831,0.0,-0.00558649303851777,-0.03544306794009555,-0.006622565216186094,0.0,0.0
2023-04-12,0.007633542813907379,-0.009523916175601777,0.0,-0.01574796182149374,-0.03333346781749247,0.013824786808636969,0.0
2023-04-13,-0.007575713282221619,0.009615493328045233,0.011235850486729815,0.0,0.03448290253954811,0.009091047439758526,0.0
2023-04-14,0.007633542813907379,0.009523738422614558,-0.005555551865812136,0.026666603339130956,-0.01666673390874618,0.004504422375771089,0.0
2023-04-17,0.006060570625777251,0.0,0.02234644919991302,0.02597404850422147,0.0,0.01345304409043302,0.0
2023-04-18,-0.004518129054058018,0.030188684893006412,-0.005464383470876966,-0.01265819829038195,-0.016949222083166626,-0.00048489334999612943,0.0
2023-04-19,0.0075643363902533345,-0.01098906639595798,0.0,-0.010256418620677055,0.0,0.018868028875879794,0.0
2023-04-20,0.018455697271239524,0.008180304554351814,-0.012058174484605555,0.0,0.06381158302948808,-0.013888819531036267,0.0
2023-04-21,0.0,-0.007751905429273509,0.0,0.012953337350446903,-0.05263155026830979,0.009389648275519802,0.0
2023-04-24,0.0,-0.003906363031337734,-0.0059171749379175465,0.010230187765747578,0.0,0.009302302922921335,0.0
2023-04-25,0.007751937354476546,0.0,0.0,-0.01265819829038195,0.0,-0.009216567619019678,0.0
2023-04-26,-0.0015384291554422225,-0.019607719015889646,0.0,0.0,-0.06666651328681705,-0.004651260526503442,0.0
2023-04-27,-0.012326719617853255,0.023999986555719444,0.0,0.012820482500045971,0.0,0.009345845595655655,0.0
2023-04-28,0.0,0.0,0.0,0.0,0.04761876590100278,0.0,0.0
2023-05-01,0.0,0.0,0.0,0.0,0.0,0.0,0.0
2023-05-02,-0.020280712101670484,-0.003906363031337734,0.011904792616345583,-0.01265819829038195,0.02272737968120797,-0.01851861903714558,0.0
2023-05-03,-0.06050952835400991,0.0,-0.023529377328059597,0.012820482500045971,0.0,0.004717154696880277,0.0
2023-05-04,-0.008474663614059352,0.0,0.01807223789486989,0.0,0.0,0.009389648275519802,0.0
2023-05-05,0.008547097389310476,0.0,-0.011834349875835093,0.01265819829038195,-0.01111098968539681,-0.009302302922921335,0.0
2023-05-08,0.013559301854682904,0.0,0.0,0.01250005068941995,0.0112358308864835,0.009389648275519802,0.0
2023-05-09,0.011705701303743377,-0.011764614066548496,0.0,0.0,0.0,-0.009302302922921335,0.0
2023-05-10,0.0,0.011904667889863108,-0.01197607898468045,-0.009876551353849905,-0.05185180285551105,-0.014084655895155174,0.0
2023-05-11,0.0,0.0,0.012121243959734684,0.0,0.015624949763514584,0.014285867421957255,0.0
2023-05-12,0.008264374731830948,0.0,-0.01197607898468045,0.0,0.0038461715353201864,-0.009389721668270012,0.0
2023-05-15,0.0,0.0,0.0,0.0,-0.0038314351783976797,0.0,0.008275808245725047
2023-05-16,0.0032786194942597824,0.0,-0.012121146675360017,0.0,0.023076969482268783,-0.009478798339174754,0.0
2023-05-17,0.0,0.0,0.0,0.0,0.015037545698796118,0.0095695057544265,0.01367980232201882
2023-05-18,-0.008169763190788437,0.0,0.0,0.0,0.0,-0.009478798339174754,0.0
2023-05-19,-0.011532226647426702,0.0,0.012269871588572956,0.0,0.0,0.0,0.01582486662224758
2023-05-22,-0.0016667189418410056,0.0,-0.006060524695492564,-0.0024938073201120625,0.0,0.004784715478508561,0.0
2023-05-23,0.0,0.0,0.0,-0.010000008746409716,0.0,0.0,0.0
2023-05-24,0.006677918612828515,0.0,0.006097478615220364,0.007575804426743549,0.0,0.0,0.0
2023-05-25,-0.00829187266600373,0.0,0.0,-0.03007521314216466,-0.007407671561592832,0.0,0.0
2023-05-26,0.003344410949492005,0.0,0.0,0.02325579292972879,-0.003730955819122861,-0.0047619309935760246,0.0
2023-05-30,0.016666665210533615,0.01960789244574257,0.01818186593960225,-0.010100938709031504,0.029962332024688898,-0.009569281362198478,0.0
2023-05-31,0.016393441214168636,-0.019230816661009564,0.023809489685541863,0.012754990686453471,0.0,-0.009661888284501652,0.0
2023-06-01,0.0,0.0,0.0,0.0,0.0,0.053658602426661206,-0.013605446140854016
2023-06-02,0.0,0.0,-0.011627844036543156,-0.01259434987114516,0.0036365500955726215,0.004629654759286339,0.0
2023-06-05,0.0,0.0,0.011764641452498559,0.012754990686453471,0.014492593792122976,-0.009216567619019678,0.0
2023-06-06,0.0,0.04313729400869226,0.0,-0.007556561854484056,-0.007143112273818031,0.0,0.013793107522364512
2023-06-07,0.0,0.0,0.0,0.0,-0.0035966372246366562,0.023255720952289005,-0.006802723070427064
2023-06-08,-0.008064430897522512,0.0,0.00581406200596013,0.0,-0.01444072142609576,-0.018181775547297607,0.006849317077728401
2023-06-09,0.0,0.0,0.0,0.0,0.0,0.0,0.0
2023-06-12,0.0032519637763011033,-0.02255638035193641,0.011560722603617624,-0.01269040593590165,-0.021977784434632608,0.0,0.0
2023-06-13,0.01944887656391514,-0.007692275636007273,0.0,0.005141392588653426,0.029962332024688898,0.009259237145161414,-0.0020407805020313807
2023-06-14,-0.014308375592213207,0.0,-0.011428599732364098,-0.002557506269920906,-0.021818171139901144,0.0,0.0
2023-06-15,0.00806451544718012,-0.031007707423700515,0.007941061061595978,-0.002564145430969611,0.0,-0.004587109253486155,0.008861661115872721
2023-06-16,0.00800008320227441,0.0,0.012658159098424049,-0.007712048002356031,0.0,0.013824815408583602,0.0
2023-06-20,0.04761895648692227,0.0,0.0,-0.010362702839035842,0.003717547233990981,0.022727183905354664,-0.006756830569268568
2023-06-21,-0.007575677548613324,0.0,-0.006249921027171257,0.005235523193887204,0.0,0.0,0.0
2023-06-22,0.0,0.0,0.012578639364953847,-0.0052082552527120685,-0.018518661246989643,0.0,0.0
2023-06-23,-0.0076336665961320715,0.0,0.0,0.0,0.04905642641752861,0.0,0.0
2023-06-26,-0.01538453349652058,-0.0020000136211789643,-0.012422382693004996,0.007853368050320109,-0.025179477135735207,0.0,-0.013605446140854016
2023-06-27,-0.02343757806806146,0.0020040216918597586,-0.012578639364953847,0.0,-0.007380221821544297,-0.00888879933884279,0.0
2023-06-28,0.0,0.0,0.019108223017987758,-0.007792173245908085,0.003717547233990981,0.0,0.0
2023-06-29,0.0,0.0,0.0,0.0,0.0,0.0,0.0
2023-06-30,0.0016000501897590613,0.0,0.0,0.0,0.011110989685396921,-0.013452918256132929,0.0
2023-07-03,-0.0015974941189907943,0.0,-0.03124996875175845,0.010471212906752791,-0.010988892217316248,0.009091029888717461,0.0
2023-07-05,-0.007999999329013963,-0.040000095525150825,0.006451531174784364,0.0,0.03703697738931777,0.004504387776615326,-0.010344719877485864
2023-07-06,0.0,0.0,-0.006410175726250578,0.0,0.0,-0.008968588803554223,0.020905778015218424
2023-07-07,0.032258146338378424,0.0,0.0,0.010362702839035842,0.0,-0.004524911523404618,0.0
2023-07-10,0.10937490017526552,0.0,0.0,0.0,-0.035714230251033374,0.022727183905354664,-0.0006824844509679684
2023-07-11,0.004225410866386392,0.0,0.0,0.0,0.003703778263352886,0.0,0.0
2023-07-12,0.002805063421430498,0.0,-0.006451625011143047,0.0,0.0,0.0,0.0006829505541019465
2023-07-13,0.0,0.0,0.006493518759180139,-0.030769255862031053,0.0,0.0,0.0034130069491651316
2023-07-14,0.002797143734418528,0.0,0.0,0.005291009742885766,0.029520085013407193,0.0,-0.003401397954310159
2023-07-17,-0.005578756201664259,0.0,0.0,0.0,0.0,0.0,-0.0006824844509679684
2023-07-18,0.0,0.0,0.0,0.0,0.0,0.008888938295810833,0.0
2023-07-19,-0.0042076318928645495,0.0,0.0,0.0,-0.014336874070513317,0.013215862974724102,0.01775949360145246
2023-07-20,0.0014084948994941282,0.0,0.0,0.010526240902060335,-0.007272761361084901,0.0,0.02013423397534231
2023-07-21,-0.0014065138319359072,0.0,-0.006451625011143047,0.0026042104522083775,0.018314820362193895,0.0,0.01973684766648942
2023-07-24,-0.007042179169086227,0.0,0.0,-0.002597446155780503,-0.010791140644134556,0.0,0.0
2023-07-25,0.0,0.0,-0.006493518759180139,0.0,0.007272987247791907,0.008695632079002813,-0.0129032293718091
2023-07-26,-0.002836893881892233,0.0,0.01307192027790327,-0.010416593331276536,-0.0072204728408969965,0.004310368643690277,0.01960784862602294
2023-07-27,-0.00426748440108804,0.0,-0.012903250022286095,0.010526240902060335,0.018181846931035528,0.008583671118395975,0.0
2023-07-28,0.0,0.0,0.0,0.0,0.0,0.0,0.0
2023-07-31,0.014285713215902218,0.0,0.0,0.007812548530772956,-0.0035715006736566357,0.02127671321961455,0.018589714375450983
2023-08-01,0.021126759003547324,-0.024999988483174196,0.0,-0.010335926231832215,-0.014336874070513317,0.0,0.006922628616456095
2023-08-02,0.006896623530021628,-0.01709404051635821,0.006535960138951635,0.013054883191314648,0.007272987247791907,0.0,-0.021875106235640596
2023-08-03,-0.05342467858519029,-0.0043477600426402585,-0.006493518759180139,-0.007732006086910603,0.0,0.00833324811364311,0.02875403863847459
2023-08-04,0.027496333200169865,0.02183401770432769,0.01960778535387475,0.007792255856624797,0.0,0.0041322540942545505,-0.0031056243470095612
2023-08-07,0.0,0.0,0.006410362195953034,0.0180412109161745,-0.0072204728408969965,0.004115377504232631,0.0006231532555405206
2023-08-08,-0.07183095107922222,-0.008546973009663339,-0.012738877105984425,-0.005063295420013603,0.014545409778816243,-0.008196893035415043,-0.016189294479257654
2023-08-09,-0.013657086443149447,-0.008620748814132329,0.0,0.005089062848627313,0.008157607315596449,0.028925649464261793,0.0
2023-08-10,-0.01538453349652058,0.004347952323561,0.0,0.007594983389672683,0.022727325429306555,0.012048133014954443,0.0
2023-08-11,0.0,0.0,0.0,-0.007537734421942277,0.0,0.003968337911572473,0.0139239866401073
2023-08-14,0.0,0.0,-0.012903250022286095,0.0050632149007092675,0.0,0.003952467083525146,0.005618012823794594
2023-08-15,0.0,-0.004329129475001303,0.01307192027790327,-0.01259434987114516,-0.01851859649645604,0.0,0.0
2023-08-16,-0.02343757806806146,0.0,0.0,-0.005102044955893947,0.0,-0.015747934088772286,0.02979516719803965
2023-08-17,0.00800008320227441,-0.021739088634582404,-0.012903250022286095,-0.012820564051646666,0.007547224191951862,0.0,-0.02953590582711263
2023-08-18,0.01587301323150503,0.0,0.0,-0.002597446155780503,-0.04119852354560871,-0.019999983742036598,0.0
2023-08-21,-0.02343757806806146,0.01777780180102262,0.0,-0.010416593331276536,-0.023437440394058817,0.020408146336981403,0.0033657897169505624
2023-08-22,0.00800008320227441,-0.01746727209963095,0.01960778535387475,0.0,0.004000086755612919,0.0,0.0
2023-08-23,0.0,0.0,0.0,0.0,0.007967951194164824,0.0,-0.018987353518214123
2023-08-24,-0.00793658982334533,0.0,-0.006410175726250578,0.0,0.027668010604785964,0.0,0.0
2023-08-25,0.0,0.0,0.0,0.013157863900848277,0.038461590210213226,0.0,0.0
2023-08-28,0.00800008320227441,0.0,0.006451531174784364,0.0,0.0,0.0,-0.012258040716088825
2023-08-29,-0.006349238575639071,-0.01777780180102262,-0.006410175726250578,-0.010389619401688588,-0.011111136303983193,0.0,0.012410165024249409
2023-08-30,0.0,0.0,0.0,0.0,0.0,0.0,0.0
2023-08-31,0.014376944635276834,0.0,0.0,0.005249348433171708,-0.029962542727243635,0.0,0.00193544455295247
2023-09-01,0.0,0.0,0.0,0.0,0.03861020201039045,0.0,0.0019317058434000778
2023-09-05,-0.015748030196024887,0.03619914482409459,-0.019354875033429253,-0.005221936668104998,-0.014870100785937646,0.0,0.0
2023-09-06,0.0,-0.00043674215266664707,0.0,-0.0026246324775750507,-0.01886789546994938,-0.007999980990688993,0.015424256223538713
2023-09-07,0.0,-0.025775471511834458,-0.006578959958999486,-0.0026316229987880524,0.0,-0.012096776735278536,0.001898695583010701
2023-09-08,0.0,0.022421581135009916,-0.006622432992089866,0.002638566711630208,0.0,0.01632649154688015,-0.0012633761947561384
2023-09-11,-0.0015999663164986133,0.0,0.0,0.013157863900848277,0.0,-0.01606421920777712,0.0025300149058582466
2023-09-12,-0.006410289259409341,-0.013157888356329361,0.0,0.0,0.0,0.020408146336981403,0.0006308579668348191
2023-09-13,0.004838776908034248,-0.008444443570871929,-0.013333357897605924,0.0,0.0,-0.007999980990688993,0.0
2023-09-14,0.0032102050729687637,0.004034033721512786,0.0,0.0,0.0,-0.004032216888488649,0.0
2023-09-15,-0.009599965645512465,0.0,0.013513538746171783,0.01298706555746909,-0.011538376153148011,-0.028340106851419744,0.0
2023-09-18,0.0,0.0,0.013333260933371838,-0.012820564051646666,-0.0077822697689423626,0.020833315692314613,0.0
2023-09-19,0.0,-0.017857068820405275,-0.019736879876998348,0.0,0.0,0.008163309580202505,0.0
2023-09-20,0.0,0.004545385101855315,-0.006711324883647785,-0.012986982946752379,0.0,-0.008097209551894635,0.0
2023-09-21,0.0016154748192647173,-0.0040723662718302744,-0.00675667109852196,0.002631539301090724,0.0039216542558304646,0.0,0.0
2023-09-22,0.0,0.0,0.006802634260825835,0.005249348433171708,0.0,0.004081654790101252,0.0
2023-09-25,0.0,-0.023171304356736866,0.0,0.0,0.0,-0.004065062607835901,0.00882723567089605
2023-09-26,-0.008064430897522512,0.019069857708858606,0.0,-0.007832863481105123,0.0,-0.008163309580202505,0.0
2023-09-27,0.0,0.00867173685329714,0.0,0.0,-0.007812556047377517,-0.012345617857306923,0.0
2023-09-28,0.011382043691146038,0.0,0.0,0.002631539301090724,-0.003936978955416892,0.0,0.0
2023-09-29,-0.003215450613972104,0.009049736178183165,0.006756671098521849,0.0,0.0,0.01249993730653376,0.0
2023-10-02,0.0,0.0,0.00671152011367071,-0.0026246324775750507,0.03557320587372126,-0.012345617857306923,-0.029999916220365574
2023-10-03,-0.0016128692695729363,0.0,0.0,0.002631539301090724,-0.03435122275465585,0.0,0.0
2023-10-04,-0.001615559505510289,0.03139015409401913,-0.013333357897605924,0.0,0.023715470582480913,0.01249993730653376,0.0
2023-10-05,-0.004854266814688923,-0.03913041722652466,-0.04054061623851546,-0.013123329343918688,-0.03088791398724733,-0.016460802365767857,0.0
2023-10-06,-0.00813016515189069,0.0045249181169320085,0.007042267226150312,0.010638306871074477,0.0,0.0,0.004510307539248748
2023-10-09,-0.02295076613840552,0.0,-0.006993020507021996,0.0,0.0039840336682959165,0.004184057451253054,0.0
2023-10-10,0.006711355678894915,0.018018042246255472,0.02112690410546958,-0.007894785298666829,0.01190455670773094,-0.008333378385780965,0.0
2023-10-11,-0.0016667189418410056,-0.004424809066123081,0.0,-0.005304960123373559,-0.007843079870438197,-0.012605110736029546,0.002565650325922375
2023-10-12,0.0,-0.004444475019483418,0.0,0.0,0.0,-0.004255276121972518,0.0
2023-10-13,-0.0066778310989883405,0.00446431656292634,0.0,0.0,-0.003952424797980081,-0.005912885745848806,-0.0006397376512811137
2023-10-16,-0.03361335727597947,-0.004888883210667383,-0.020689792836255938,0.013333301669565367,-0.007936563941066677,0.0,0.0
2023-10-17,0.0052173725953788,0.0,0.0,0.002631539301090724,0.0,0.009008910928084424,0.0
2023-10-18,0.0,0.0,-0.014084432025282312,0.0,0.008000056904219344,0.013392779240466224,0.0
2023-10-19,0.010380676500250319,0.0,0.007142766609921747,-0.0026246324775750507,0.0,0.013215914620632985,0.0
2023-10-20,0.010274025168619527,-0.01741845211100912,0.0,-0.013157863900848388,0.031745908719623905,0.0217391558171649,-0.0006402142226917817
2023-10-23,0.0,0.0,-0.0070921093282182435,0.0,0.0038461253843826704,-0.034042630185096456,0.0
2023-10-24,0.0,0.004545385101855315,0.0,0.0,-0.003831389380429151,0.013215914620632985,-0.0006406243595181715
2023-10-25,0.0,-0.00859718433308132,0.0,-0.0053333376305589875,0.0,0.0,0.0
2023-10-26,0.0,0.0,0.0,0.0,-0.03461524058157295,0.0,0.0
2023-10-27,0.008474397067705697,-0.009584689364527166,0.007142766609921747,0.005361934638338228,0.015936018530756435,0.0217391558171649,-0.03846156428119829
2023-10-30,-0.0168066345869039,0.0,-0.0070921093282182435,-0.0053333376305589875,-0.019607699676095436,0.0,0.0
2023-10-31,-0.008546918172942952,0.009216448986150816,0.0,0.0026809246849544,0.0,0.00851054644584992,0.0
2023-11-01,0.0,0.0,0.0,0.0,0.0,0.0,0.0
2023-11-02,-0.03275865092042762,0.0273973501782665,0.0,-0.010695196261009898,-0.015999880594425253,-0.008438728257074035,0.0
2023-11-03,-0.001782586992805535,-0.0022221392328307665,0.0,0.0027027480058401387,0.016260039281388083,0.004255336708881563,0.04000002792654489
2023-11-06,0.017857047577013008,0.0,0.0,-0.005390839969902528,0.0,0.008474547877133753,-0.0012820029132218913
2023-11-07,0.0,-0.011135933142638943,0.0,-0.008130217247100169,0.0,0.0,-0.0006419251031365425
2023-11-08,0.017544043581726898,-0.016666701528408434,0.0,0.10109303625836819,0.0,0.004201823427130824,0.0
2023-11-09,0.008620597716225253,0.0009162982886210536,0.0,-0.014888428727398817,0.0,0.0,0.011560728632611594
2023-11-10,0.008547097389310476,0.0,0.0,0.0025190141788380416,0.0,0.004183992287461358,-0.0031745831215292952
2023-11-13,-0.008474663614059352,0.05263142980983315,0.0,0.01005017937530428,0.0,0.0,0.0031846931947927537
2023-11-14,-0.017094015562253317,-0.008695616225740888,0.0,-0.009950178298587131,0.019999850743031455,-0.016666672882999833,-0.0006349299226601213
2023-11-15,-0.008695742547746854,0.0,-0.007142766609921858,0.005025049731466558,-0.019607699676095436,0.008474547877133753,0.0
2023-11-16,0.00877202179086356,0.0,-0.007194362039383728,0.0,0.019999850743031455,0.0,0.0
2023-11-17,0.026087045310067225,0.0,0.0,-0.00499992486038936,-0.01568604542026486,0.008403396111404504,0.0
2023-11-20,-0.025423813144609064,0.0,0.0,0.0,0.00993772675357052,-0.008333367523165491,0.0
2023-11-21,0.0,0.0,-0.007246390558887095,0.002512524865733168,0.0,0.008403396111404504,0.0
2023-11-22,0.0,0.0,-0.007299177856481598,0.0,0.0,0.008333305359834231,-0.009529800119841059
2023-11-24,0.0,-0.03464910923779374,0.014705802143558433,-0.00837997287875758,0.019999924100269073,-0.008264435296878814,0.0
2023-11-27,0.008695742547746965,-0.0004543018730458481,0.0,-0.008450709886318464,0.0,0.008333305359834231,0.0
2023-11-28,0.008620597716225253,0.0,0.0,0.008522733030598584,0.0,-0.008264435296878814,-0.006414394511493948
2023-11-29,0.0,0.022727227040694187,0.0,-0.008450709886318464,0.0,0.008333305359834231,0.0
2023-11-30,-0.011965828815214019,-0.020000039310764328,0.0,0.008522733030598584,-0.0156861710499554,-0.020661242366162957,0.0
2023-12-01,-0.005190292903422433,0.06575969108156055,0.01449278111777419,0.0,0.0,0.008439043008154234,0.0
2023-12-04,0.01217393016694146,0.0,0.0,0.0,-0.003984094319822051,-0.00836842153887718,0.0
2023-12-05,0.013745775037725894,0.0,0.0,-0.008450709886318464,0.0,0.012658344186475157,0.0
2023-12-06,0.0,-0.0217021449970628,0.0,0.008522733030598584,0.0,0.0,0.01355712878988391
2023-12-07,-0.008474663614059352,0.0,0.0,0.011267586386517037,0.0,0.004166683761582801,0.0
2023-12-08,0.0,0.0,0.0,0.0,0.0,0.0,0.0
2023-12-11,0.008547097389310476,0.00043493624942603226,0.0,-0.019498594178513518,0.0,-0.012448183640113797,0.010752675261682887
2023-12-12,0.0,0.0,0.0,0.01704538499036845,0.0,0.0,-0.02901356518139875
2023-12-13,0.008474397067705697,0.0,0.0,0.0,0.019999924100269073,0.008403396111404504,0.02257635147368986
2023-12-14,0.025210172135785136,0.0,0.0357143525008774,0.002793351308944425,0.07843141897331063,0.020833356644582413,0.0
2023-12-15,0.016393441214168636,0.0,0.03448272057289414,0.013927612693259261,0.018181854297393718,0.0,0.0
2023-12-18,0.0,0.0,0.0,0.0,-0.01428572161987196,0.0,0.0
2023-12-19,0.0,-0.021739088634582404,0.0,0.0027472284093617017,0.00362321633444207,-0.016326536328889252,0.0
2023-12-20,0.00806451544718012,-0.008888950038966836,0.0,0.0,0.0,0.008298665282627127,-0.014935085996797381
2023-12-21,-0.006399949139254901,-0.013452809859351822,0.019999939882174855,0.013698665480155858,0.0,-0.004115182122303551,0.015161524671610582
2023-12-22,0.0,0.0,0.02614384055580654,0.002702755857687089,-0.007220272061213007,-0.008264435296878814,0.0
2023-12-26,-0.0016103563887430727,0.0,0.019108223017987758,0.0,0.0,0.0,0.0
2023-12-27,0.0,0.0,0.0,0.024258697494550008,0.0,0.012499926958085883,0.0
2023-12-28,0.0,0.0,0.0,-0.005263111255431219,0.018181854297393718,0.012345730554571777,0.0
2023-12-29,0.01612911544401796,0.0,0.0,0.0,0.0,0.00813011482932069,0.0077922592380790245
2024-01-02,0.0,0.0,0.0,0.0,0.0,0.0,0.0
2024-01-03,0.0,0.0,-0.006249921027171257,0.0,0.0,0.012096823678405588,0.0
2024-01-04,-0.00793658982334533,0.0,0.0,-0.0026455545729523466,0.0,0.011952001787926214,0.0
2024-01-05,0.00800008320227441,0.0,-0.006289319682476924,0.0,-0.017857177694391657,-0.011810838623580344,0.0
2024-01-08,0.0,0.00045450835704374803,0.006329125576538308,0.007957564902027148,0.0,0.0,0.011597882221628053
2024-01-09,-0.00793658982334533,-0.0004543018730458481,-0.012578639364953847,-0.002631555627715554,0.0,0.04382452169406004,0.0
2024-01-10,-0.007999999329013963,0.0,0.0,0.0,0.003636391768496283,0.030534593698334334,0.0038216812985489845
2024-01-11,0.003225823088803592,0.022727227040694187,0.012738877105984425,0.0,0.014492761171470914,0.01851837116841848,0.0
2024-01-12,-0.003215450613972104,0.022222178543595206,0.0,0.0,0.0,0.01818178464444342,0.0
2024-01-16,0.0,0.0,0.0,0.0,0.0,-0.01071422367781516,-0.006345197775485256
2024-01-17,0.003225823088803592,0.0,0.0,-0.010554071233599527,-0.017857177694391657,0.0036101230807015217,0.003192792842726888
2024-01-18,0.011253950732213802,0.004347952323561,0.0,0.008000004870302613,0.010909070760401374,0.010791303588099543,0.0
2024-01-19,0.0,0.0,0.0,0.005290958156858538,0.0,0.003558733598834962,0.0
2024-01-22,-0.006359250261020577,-0.004329129475001303,0.0,0.0,-0.01079134719030228,-0.007092227848136123,0.0006366174872980412
2024-01-23,0.02080006535404455,0.004347952323561,-0.012578639364953847,0.0,0.010909070760401374,0.0,0.0
2024-01-24,0.015673978873109284,0.017315943554469415,0.019108223017987758,0.013157853235765016,0.03597129519021425,0.0,0.0006360822386812792
2024-01-25,-0.0030864354829172047,0.00425534837842001,0.0,0.0,-0.020833293818861898,0.0,0.0
2024-01-26,0.006191900972429831,0.0,0.0,0.020779259861678057,0.0,0.0,0.0019072288985717556
2024-01-29,-0.0015384291554422225,0.0,0.0,0.005089086054314018,0.0,-0.007142780263304727,0.015228396724693782
2024-01-30,0.0015407995664178387,0.016949081079166595,0.006250102835122284,0.0,0.010638175315440979,0.0,-0.014374956418492513
2024-01-31,0.0,-0.012499902106980265,0.0,0.0,-0.0070173966148556755,0.0071941666146104755,-0.00253652156179629
2024-02-01,0.0,0.0,0.0,0.0,0.014134078541463868,-0.007142780263304727,0.0
2024-02-02,-0.003076858310884445,-0.008438876041878984,0.0,0.0,-0.0034843477824459956,0.014388440561588611,0.017164669661577925
2024-02-05,0.003086354586644635,0.0,-0.006211281685847836,-0.010126564537207172,-0.020978883900658052,-0.007092227848136123,0.0
2024-02-06,0.0,-0.0212766477971863,0.012500023862293652,0.02301784382840366,0.024999884487017177,0.0,0.0
2024-02-07,-0.0076923070719433495,0.0,0.0,0.0,0.0,0.0,0.0
2024-02-08,0.007751937354476546,0.0,0.00617285114454158,0.0,0.0,0.0,-0.016875015593383447
2024-02-09,-0.0076923070719433495,0.0,0.018404942463474017,0.0,0.00348444795631786,0.0,-0.029243460664558962
2024-02-12,0.0,0.0,0.0,0.0,0.0,0.0,0.0
2024-02-13,0.007751937354476546,0.008695712366201258,-0.0060241950880663975,0.0,0.0069444978236428145,-0.007142780263304727,0.04780614752068191
2024-02-14,0.0,0.0,0.0,0.0,0.0,0.0,0.0
2024-02-15,0.007692387719309357,0.0021551872035330266,0.0424243246969338,0.012500032104048042,0.027586120065712372,0.03956829204364487,-0.012499976010179381
2024-02-16,-0.004580215964025469,-0.002150552360605018,0.0,0.012345639867036295,0.023489921231066857,0.013840887610828023,-0.01898733726196833
2024-02-20,-0.0030675004466218514,0.03448270932155628,0.017441892913261814,0.021951234281457843,0.009836141601452297,0.02389078046454607,0.010967737078606321
2024-02-21,0.0,0.0,0.0,-0.007159977355706615,0.006493462852239951,-0.010000040779144181,0.0
2024-02-22,0.0,-0.012499902106980265,-0.005714296162676491,0.00721161233673584,0.0,0.01010105170813791,0.0
2024-02-23,0.0,-0.008438876041878984,-0.011494274011228156,0.014319818496944192,0.019354894952974044,0.0,0.0
2024-02-26,0.007692387719309357,0.0,0.0,0.007058828111119686,0.0,0.01666653570925236,0.0
2024-02-27,-0.0076336665961320715,0.00851069675684002,-0.011627928608841098,0.016355128503199978,-0.0031645811467642115,-0.01639331592401172,0.0
2024-02-28,0.0,0.0,0.0,0.0,0.0,0.0,0.0
2024-02-29,0.0,0.0,0.0,0.0,0.0,0.0,0.0
2024-03-01,0.027692289329522835,0.012658127461101731,0.017647092039652534,0.02298843335855727,-0.02222221005295366,0.01666653570925236,0.004467109641322242
2024-03-04,0.014970137414663132,-0.008333390917462546,0.0,-0.006741513805430865,0.0,0.009836106951398804,0.0
2024-03-05,0.0,0.0,0.0,0.0,0.0,0.0,0.0
2024-03-06,0.013274288045718396,-0.012604944033100862,-0.0057803575121779804,-0.004524911417684407,-0.009740334294090158,0.0,0.0044473083474056985
2024-03-07,0.011644816278493453,-0.01702120532385254,0.0,0.0,0.003278619605187494,0.0,0.012017670588608587
2024-03-08,-0.004316531351892916,0.017315943554469415,0.005813964304420605,0.0227272668312124,0.029411900110067002,0.0,0.0
2024-03-11,0.0014450562728063332,-0.0212766477971863,-0.011560715024355961,0.022222216585297216,-0.003174627513140349,0.029220900947262596,0.0
2024-03-12,0.0,0.0,0.0,0.0,0.0,0.0,0.0
2024-03-13,-0.0014429710983691058,-0.0021738319510898885,0.005847964159296337,0.04347837415417466,-0.012738859918229428,-0.00630917380113416,0.0
2024-03-14,-0.0014450562728062222,0.0,0.0,-0.008333318470349238,0.003225831282430036,0.0031746161053274324,-0.012499976010179381
2024-03-15,-0.001447147482353306,0.0,0.0,-0.0021008815213252596,0.012861742576564028,-0.003164569811038853,0.0
2024-03-18,0.0,0.019607784571624043,0.005813964304420605,-0.010526342350162143,-0.003174627513140349,-0.009523943041055638,0.0
2024-03-19,0.0,0.0,-0.0057803575121779804,0.0,-0.0031847378696032713,-0.006410187748581597,0.012658203247100097
2024-03-20,-0.007246451682699551,-0.0042735337533474915,0.01162792860884121,0.0021277014303560104,-0.01597438044198607,-0.016129099014110415,-0.006250019991517197
2024-03-21,-0.007299192987705649,0.017167500907980582,-0.011494274011228156,0.006369370022736742,0.00974024095027004,0.0,0.006289328419874618
2024-03-22,0.0,0.008016876259270056,0.017441892913261814,-0.008438804085838414,0.012861742576564028,0.0163935115856646,0.0
2024-03-25,-0.007353017132191497,-0.010046149830524764,0.0,-0.01063832500115669,0.0,0.0,0.0
2024-03-26,-0.022222220496434963,0.014799163229208157,-0.028571480813382566,-0.043010802179902496,0.015872955026672964,-0.016129099014110415,0.0
2024-03-27,-0.045454462418861974,-0.02083329302444281,0.0,-0.03370776141097376,0.006250048290845411,-0.04918024126451426,0.0
2024-03-28,0.0,0.0,0.0,0.0,0.0,0.0,0.0
2024-04-01,-0.02539687109496369,-0.02978725045911257,-0.011764728026434912,0.0,0.07763972271527608,-0.010344973052838657,0.0
2024-04-02,0.0,0.0,0.0,0.0,0.0,0.0,0.0
2024-04-03,-0.006514691352132673,0.008771893242954798,-0.011904698004008396,-0.0232559389665411,0.008645599757672429,-0.013937133706303007,0.0
2024-04-04,-0.0049179292413895626,-0.021739088634582404,-0.0060241950880663975,-0.016666588529824056,-0.008571494050783945,-0.028268562041148915,0.0
2024-04-05,-0.014827049849054919,0.022222178543595206,-0.030303000919926215,-0.031476995571040556,-0.014409167223989328,-0.018181676141172276,0.0
2024-04-08,-0.046822892875147626,-0.010869544317291258,-0.09374990625527524,-0.04499995862144934,-0.020467908768676435,0.0,0.0
2024-04-09,-0.029824487830467095,0.0,-0.006896564176143705,0.0,0.0,0.029629526484559632,-0.02812496201611736
2024-04-10,-0.01627480626584832,0.010549465032863692,-0.0069445580744035285,-0.0026178524794595592,-0.005970109545695768,0.010791303588099543,0.02893886653829636
2024-04-11,-0.007352978729206483,0.00043493624942603226,0.012640001025244318,-0.007873946155828149,0.05705706379800812,-0.003558733598834962,0.0
2024-04-12,-0.029629684998636607,-0.006086940972064636,-0.02962954183660893,-0.007936512729810996,-0.019886352962815712,0.014285667092325705,0.0
2024-04-15,0.0,0.0,0.007633616231223828,0.029333300458790124,0.023188333575137943,0.0,-0.006250019991517197
2024-04-16,0.011450541284673488,0.0016792197045212287,0.0,0.023316077115362877,-0.00024832419852127696,-0.014762969618623223,-0.015723256674485264
2024-04-17,0.03018863371067715,0.004672881402578932,0.0,0.0,-0.037267168787939675,-0.019011619716845396,0.004472883946356587
2024-04-18,0.0,0.0,0.0,0.0,0.0,0.0,0.0
2024-04-19,0.05311348734930954,-0.00465114714359105,0.0,0.012658187610160576,-0.06451603349559998,0.031007779746439423,0.027976549407845885
2024-04-22,0.0,0.0,0.015151468458828976,0.012500032104048042,0.0,0.015037659783635915,0.0
2024-04-23,0.0,-0.010280339085673829,0.0,0.0,-0.00689656794345983,0.037036937009836235,0.006329087064566474
2024-04-24,0.008695742547746965,0.0,0.022388042332935898,0.012345639867036295,0.006944460889817039,0.0357144931981217,0.0
2024-04-25,0.0017241014671129928,0.0,0.029197091128635222,0.0,-0.00689656794345983,0.0,0.0
2024-04-26,0.020653969588726895,0.0,0.014184354194855642,0.0,-0.01041669133472567,0.0,0.0
2024-04-29,0.011804401330727687,-0.02502371686237448,0.01398606703333094,0.0,0.010526340979594151,0.0,0.0
2024-04-30,0.006666613663425913,0.002421399584170869,0.0,0.004878005661031137,0.0,-0.006896629092649209,0.0006289155769585442
2024-05-01,0.0,0.0,0.0,0.0,0.0,0.0,0.0
2024-05-02,0.01821205876058163,0.0,-0.006896577521154024,0.02427183894420004,0.013888830697570187,0.006944522891255689,0.0
2024-05-03,0.008129994677798846,0.023671517068785786,-0.006944470600997232,0.0,0.027397326726793958,-0.01034504034961281,-0.0006285202907573284
2024-05-06,0.00806451544718012,-0.008966560547445712,0.0,-0.004739362452455875,-0.010000023608470854,-0.006968623068838498,0.0037735564036629476
2024-05-07,0.03999999664506948,0.013809576011810432,0.01398606703333094,0.0,0.010101034188829017,0.003508811983336857,0.0
2024-05-08,0.0,-0.0018788099627791155,-0.013793155042308158,0.0,-0.03333332458945526,-0.0069929884775680184,0.0025062677071898687
2024-05-09,0.023077001863196056,0.007058799503253388,0.01398606703333094,0.011904861395772626,0.03448274926338857,0.0,0.0
2024-05-10,-0.01503759161418805,0.003271016981805319,0.0,-0.011764803046159567,-0.02333338841976529,0.007042234743989129,0.0
2024-05-13,0.007633506532670031,0.008383763093192886,-0.013793155042308158,0.0,0.0,0.0,0.0
2024-05-14,-0.007575677548613324,-0.0023094611066514226,0.0,0.0,0.0,0.0,0.0037499717749776007
2024-05-15,0.0,-0.004629614127068082,0.00699303351666547,0.011904861395772626,0.04095564087153858,-0.0069929884775680184,-0.003735962022839656
2024-05-16,0.0,-0.00465114714359105,0.006944470600997121,0.0,0.022950788935788502,0.0035210679950770096,0.0062500363563307015
2024-05-17,-0.0076336665961320715,0.0,-0.02758621657043281,0.0,0.009615408059586272,-0.003508713576000577,0.001242268070074326
2024-05-20,0.015384614143886699,0.004672881402578932,0.02836880455678048,0.011764735900439582,0.0,0.0,0.0
2024-05-21,-0.0030303186747071553,0.0,0.0,-0.011627936300793618,0.0,-0.007042333497824349,0.0018609349250147122
2024-05-22,0.048632311345707,0.0004651147143590606,-0.006896577521154024,-0.011764803046159567,0.015873054205967962,-0.00709218024248337,0.0
2024-05-23,-0.05072462997383975,-0.0004648984832338332,0.006944470600997121,0.07142862481399193,0.0031250074288808882,0.01071430789359229,0.000619242049714197
2024-05-24,0.0,0.006976720715386575,0.006896484006970516,-0.06666671317129724,-0.018691633081049264,-0.014134238498600626,0.0
2024-05-28,-0.0076336665961320715,0.016166323198558263,-0.013698589425235386,0.014285860852959464,0.015873054205967962,0.0035841695809299967,0.002475311446757944
2024-05-29,-0.03076914764040728,0.0,0.006944470600997121,-0.014084649509898295,-0.0031250074288808882,-0.0035713691881237297,0.01851850135843036
2024-05-30,-0.015873096439097734,0.0,0.0,0.011904861395772626,0.0031348037137746143,0.0035841695809299967,0.030303022951137848
2024-05-31,0.0,0.0,0.0,0.0,-0.0031250074288808882,0.0,-0.020000044740590472
2024-06-03,0.0,0.0,0.0,-0.011764803046159567,0.0031348037137746143,0.0,-0.02160872105159617
2024-06-04,0.0,-0.009090972282496224,0.006896484006970516,0.0,-0.0031250074288808882,0.0,0.0
2024-06-05,-0.0016128692695729363,0.0,0.01369868229891713,0.0,-0.0031348037137745033,0.007142838540858065,0.0
2024-06-06,0.0,0.0,0.0,0.0,0.015723225563932797,-0.00709218024248337,0.0
2024-06-07,0.0,0.0,0.0,0.0,0.0,0.0,0.0
2024-06-10,0.0016154748192647173,0.0,0.006756782137592676,0.011904861395772626,-0.006191884337812814,0.0035714693527342245,0.0
2024-06-11,0.0,0.0,-0.08053694023602731,0.0,-0.003115272180174933,-0.0035587593527720562,0.0
2024-06-12,0.0016129538192306558,0.015596373324435309,0.0,0.0,0.0031250074288808882,0.0,0.0012270256560411585
2024-06-13,0.0,-0.006323375319290947,-0.007299198551007913,0.0,0.02803736790308653,0.0035714693527342245,0.004901964992692243
2024-06-14,0.008051528703207689,0.0,0.0,0.0,0.0,0.0,0.0
2024-06-17,0.0031949044987082953,0.0,-0.007353068004064323,0.0,-0.030303023076684643,0.010676178250167423,0.0
2024-06-18,0.0031847295918081553,0.0,0.014814871359472237,0.0,0.031249992314950736,-0.014084568241813367,-0.005487794310659044
2024-06-20,-0.015873096439097734,0.022727289806079964,-0.021897793602759452,0.0,-0.003030310256648683,-0.007142838540858065,0.0
2024-06-21,-0.011290253986326104,0.017777717363500978,0.01492542901577143,0.0,0.0,0.0,-0.0006131673218449096
2024-06-24,0.011419179422319514,-0.03930126906052123,0.00735286859883022,-0.011764803046159567,-0.027355608801965303,-0.003597062424241515,0.0
2024-06-25,0.0,0.0,0.0,0.0,0.0,0.003610047992224086,0.004907979829503306
2024-06-26,0.01612911544401796,0.0,-0.01459859505175154,0.011904861395772626,0.0,-0.003597062424241515,0.0
2024-06-27,0.0,0.0,0.0,0.0,0.0,0.0,0.0
2024-06-28,0.006349155368046366,0.03363634382494718,-0.01481477091830452,0.0,0.012499947741665185,-0.00722029848328376,0.022588649520558945
2024-07-01,-0.006309097925087714,0.0,0.015037548758332075,0.0,0.01234570899821219,0.0,0.0
2024-07-02,-0.015873096439097734,0.0,0.0,-0.011764803046159567,-0.012195151210182109,-0.003636303186607015,-0.014925369567292956
2024-07-03,0.0,-0.021547951580540903,-0.01481477091830452,0.0,0.0,0.010948927150078225,0.0
2024-07-05,0.06129030048863782,0.0,0.015037548758332075,0.0,0.015432136247765182,-0.00722029848328376,0.0
2024-07-08,0.0,0.0,0.0,0.0023810674022672895,0.0,0.0,0.030303022951137848
2024-07-09,-0.0015196452084530465,-0.01123591748754571,-0.007407335238568402,0.0,-0.012158004061199268,0.0,0.0
2024-07-10,0.0,0.0,0.007462613317164468,0.0,0.0123076404032052,-0.003636303186607015,0.0
2024-07-11,-0.009132466361136737,0.0,0.0,0.01900234212959928,0.018237045957505638,0.0036495741446991303,-0.005882445746735798
2024-07-12,0.006144424658930614,0.0049999830919806865,0.007407536120903835,0.0023310482280127776,0.01492540936425546,0.007272810344785441,0.0
2024-07-15,0.007633506532670031,0.0009045650250745219,-0.022058904904341814,-0.004651187793308198,-0.005882289858178624,0.003610047992224086,0.0
2024-07-16,0.0,0.0,0.02255647606483313,0.016355128503199978,0.008875682701541487,0.0035971633094589173,0.0
2024-07-17,-0.0030303186747071553,0.0,-0.007353068004064323,-0.011494216679278635,0.002932558312885858,0.0071684396854776455,0.0
2024-07-18,-0.0030394497506108786,-0.0036150834883235117,0.0,0.0,0.023391791784021843,0.007117418897395478,0.0
2024-07-19,0.004573154165055104,0.0,0.0,-0.006976814872439285,0.0,0.003533609176046504,0.0
2024-07-22,-0.004552335632397098,0.0,0.0,0.0,0.0,0.0,0.0
2024-07-23,0.0,0.0,0.0,0.0,0.0,0.0,0.0
2024-07-24,0.003048716170214183,0.0045352262364772855,0.0,0.007025832807260324,-0.01428567359991273,-0.014084568241813367,0.0005918201151093871
2024-07-25,0.009118588252389648,0.0,0.007407536120903835,0.011627869935839641,-0.014492787783266459,0.03214292368077709,-0.024246011778977894
2024-07-26,0.018072302948566543,0.01128664380695632,-0.007353068004064323,-0.011494216679278635,0.014705917525116297,0.041522477581809936,0.0
2024-07-29,0.0,0.0,0.0,0.0,0.0,0.0,0.0
2024-07-30,-0.0044378537627577375,0.0,-0.007407335238568402,0.023255739871679282,-0.0028985575566532473,0.006644500627729144,0.0006060459022756426
2024-07-31,-0.01188705556346148,-0.006696406331127669,0.007462613317164468,-0.01136360098727407,0.0,0.003300367607413923,0.0012114182825779807
2024-08-01,-0.007518874635340511,0.0,-0.007407335238568402,0.0,0.0029069836159805185,-0.013157859533562188,-0.001209952523969493
2024-08-02,-0.006060557923977972,-0.009887607389040265,-0.007462714507885715,0.0,-0.014492787783266459,-0.016666668224782688,0.0
2024-08-05,-0.012195104410058444,0.0,0.0,-0.02068960314312973,0.0,-0.020339023013098645,0.0
2024-08-06,0.0,0.0,0.0,0.0,0.0,0.0,0.0
2024-08-07,0.010802483742073932,-0.001361774793011028,-0.015037548758331964,0.00938965469310249,-0.011764734020092926,0.003460343945979938,0.0024227153324032358
2024-08-08,0.0,0.0,0.0,0.0,0.0,0.0,0.0
2024-08-09,0.00458005590056354,0.0,0.007633616231223828,0.004651121428354221,0.011904790716436686,0.0,-0.06404836138732406
2024-08-12,0.0,0.0,-0.007575785591369177,-0.011574103738879682,-0.017647101030139445,0.0,0.0
2024-08-13,0.0015198045421578321,-0.03636360732966393,-0.007633616231223717,0.0,-0.011975998524117015,-0.01034504034961281,-0.015493815666667632
2024-08-14,0.0,-0.0023585799975922583,0.0,-0.01639349849823557,-0.015151471793441007,0.010453178907189331,0.0
2024-08-15,0.0,-0.009456233360844779,0.0,0.0,0.0,-0.0048638681702463105,0.0
2024-08-16,-0.01062216950623196,-0.009546507362243162,-0.007692336576570757,0.0,0.0,-0.01079133369634544,0.0
2024-08-19,0.004601290869922892,0.0024095308027849427,-0.007751967318313735,0.0,0.0,0.0,0.0
2024-08-20,0.0030534506321067134,0.004807775897693656,0.007812529793949752,0.007142930426479621,0.04615379275927811,-0.003636385071310033,0.0
2024-08-21,-0.003044155453712283,-0.004784771787219144,0.007751967318313735,0.0,0.0,0.0036496566281882803,0.0032786747541651007
2024-08-22,0.006106821232482185,0.0,0.0,0.0,-0.04411759827161299,-0.018181728869541502,0.0
2024-08-23,-0.0060697543278768196,-0.007211514817509479,0.0,0.0,0.0,0.018518425867759758,0.013071906112781528
2024-08-26,0.01221372249669539,0.0038740792156730652,0.0,-0.007092270829379688,0.0,0.0,0.0
2024-08-27,0.0,-0.020742816470081582,-0.007692336576570757,0.011904861395772626,0.009230710124224162,0.0,0.0
2024-08-28,0.0,0.004926091825649959,0.0,0.0,0.0,0.003636385071310144,0.01290323622035805
2024-08-29,-0.007541556122459103,-0.0024509721987120425,-0.007751967318313735,0.007058828111119686,0.021341434643320945,0.0,0.0
2024-08-30,0.0,0.0,0.0,0.0,0.0,0.0,0.0
2024-09-03,-0.0030394497506108786,0.007370982669736792,0.023437589381849477,-0.0023364945540801374,-0.014925331060864466,-0.010869433282001073,0.0
2024-09-04,0.013719542404899476,0.0,0.0,0.0,0.0,0.014651900826184505,0.0
2024-09-05,0.0,0.0,-0.015267232462447544,-0.004683799429876179,0.0,0.0,-0.01210193640671553
2024-09-06,-0.02255646624952856,-0.016097507425163915,0.0,0.007058828111119686,0.0,0.0036100318956213684,0.0
2024-09-09,0.015384614143886699,-0.0009915682885027755,0.0,0.0,-0.015151471793441007,0.0,0.0051580313727601634
2024-09-10,-0.012121195273392282,0.01736966826102715,0.007751967318313735,0.0,0.0,0.0035971436265571644,0.0006414212539220809
2024-09-11,-0.0030675004466218514,0.0,0.0,0.0,0.0,0.0,0.0
2024-09-12,0.007692387719309357,0.0,0.007692336576570646,0.018691556382207875,0.015384570682186238,0.010752654852474341,0.0
2024-09-13,0.00458005590056354,0.004878133359704329,0.02290074518560714,0.0,0.0,-0.010638265257926771,0.02564098122787306
2024-09-16,0.0,0.0,-0.014925327825050183,0.0,0.006060541023494848,0.0,0.0
2024-09-17,-0.0045591746259163735,0.0009708704749640251,-0.015151571182738466,-0.0022935577156499853,0.009036166710899574,-0.007168404289983998,0.0006250474196012323
2024-09-18,-0.0076336665961320715,0.0,0.015384673153141515,0.0,0.0,0.0036100318956213684,0.0
2024-09-19,0.0,0.013579003196215078,0.0,0.0,0.0,0.0,-0.0006246569793680878
2024-09-20,-0.0061537972691350085,-0.01913879051695433,0.007575682867459799,0.0,-0.00895524561855332,0.0,0.0
2024-09-23,0.02167177512359464,0.0,0.0,0.0,0.003012055570299932,0.007194287253114329,0.0
2024-09-24,-0.018181753197370254,0.0,0.0,0.0,-0.00900895223518361,0.0035714495922802847,0.0
2024-09-25,0.0,0.0024390162765399737,0.0,0.0022988302154276496,0.0,0.007117383319650283,-0.012499947615609575
2024-09-26,0.026234580260387386,0.009732428361600043,0.0,0.0,0.0030302307668461648,0.0035335898194732707,0.0006328960384014426
2024-09-27,0.015037512785941676,0.0,0.007518825354944303,0.01605496946122864,0.01208462183370873,0.014084590113655704,0.0
2024-09-30,0.0,0.00048192607897323825,0.007462613317164468,-0.006771949701302682,0.0029850818728511808,0.0,0.0
2024-10-01,0.0,0.011560654514454649,0.0,0.00681812167836604,0.0,0.0034721486082982533,-0.00695764297856627
2024-10-02,-0.022222220496434963,0.0,-0.007407335238568402,0.0,0.026785779111982544,0.003460321475690753,0.0
2024-10-03,-0.009090956024121466,0.0,0.007462613317164468,0.006772078536218862,0.0,0.003448202617514884,0.0
2024-10-04,-0.0061161596625063375,0.0,0.037037077957512876,-0.004484329321313707,-0.005797115113306606,0.02749138404927809,0.0
2024-10-07,0.0,0.0,0.0,-0.00900899395421939,0.011661835227861461,-0.006688912138938408,0.0
2024-10-08,0.0,0.0,0.0,0.0,0.0,0.0,0.0
2024-10-09,-0.012307675185636135,0.000476188882942985,-0.021428555516846304,0.01136360098727418,-0.005763702267781445,0.003367022969147815,0.0
2024-10-10,0.00934584246818626,0.03284159093549155,0.03649638865451088,0.006741577933370602,0.014492711749544362,0.006711357676642882,0.0
2024-10-11,-0.009259306448751503,-0.01843330699214696,0.02112674375178991,0.004464310169964181,0.0028570747619591774,-0.0033333528455841144,0.0
2024-10-14,0.015576322461327452,-0.014084460581750169,0.006896484006970516,0.0,0.0,0.0,0.0
2024-10-15,0.0,0.0,-0.013698589425235386,-0.011111140000351294,0.0,0.003344501248337295,0.0
2024-10-16,0.0,0.0,0.0,0.0,0.019943069126940216,0.0,-0.010191027179047185
2024-10-17,0.0,0.02380954255361223,0.006944470600997121,0.0,-0.008379908530725788,0.0,0.0
2024-10-18,0.004601290869922892,-0.0004651147143590606,-0.006896577521154024,-0.008988749201847668,0.0,0.006666615634626227,0.0
2024-10-21,0.0030534506321067134,-0.04513721739474952,0.0,0.011337898120949763,0.0,0.003311277829038506,0.023165975922763815
2024-10-22,-0.007610428528331603,0.018518455109549636,-0.006944470600997232,0.004484265337161286,0.02816908277278296,0.003300349455059859,0.0
2024-10-23,-0.0030675004466218514,0.0023923364549558457,0.00699303351666547,0.015625053745619066,0.013698662625030611,-0.006578985957400252,0.0
2024-10-24,0.015384614143886699,0.0023866268405607904,0.013888847038404428,0.0,-0.013513545129434368,-0.006622466197931276,0.0
2024-10-25,-0.007575677548613324,0.0,-0.013698589425235386,0.0,0.013698662625030611,0.0,0.0
2024-10-28,0.0,-0.002380944414714703,0.006944470600997121,0.010988976528279792,0.027026948466254197,0.006666615634626227,-0.012578626248728186
2024-10-29,0.007633506532670031,0.0,0.0,0.028260992829661546,0.026315853054518668,0.009933744026969782,0.0
2024-10-30,0.0,0.0,0.0,0.0,-0.002564108600310311,-0.009836035369370166,-0.0089171089418415
2024-10-31,-0.015151513948099438,0.0,-0.013793155042308158,0.004228292054534677,-0.005141467742878492,-0.006622466197931276,0.0
2024-11-01,0.0,0.0,0.0,0.0,0.0,0.0,0.0
2024-11-04,0.0,-0.0014319761043364299,0.01398606703333094,-0.002105304516681117,-0.023255802919208368,-0.009999968480210342,0.0025706315888995857
2024-11-05,-0.004615368113692786,-0.012906365186894031,-0.006896577521154024,0.0,0.018518494101455785,0.010100977941241984,0.0
2024-11-06,0.043276641102823143,0.0004842599019592164,0.0,-0.0021096257658388406,0.0,0.0,0.0
2024-11-07,-0.01037038509708832,-0.0004840255078141231,0.006944470600997121,0.0021140856954933174,-0.012986976707805575,0.0,0.0
2024-11-08,0.005988054965865297,0.0363196927956857,-0.006896577521154024,0.002109746174832061,0.0,0.0,-0.021794920649339633
2024-11-11,-0.013392809084896817,0.0,-0.013888847038404428,0.010526342350162254,-0.035600402448516144,0.0,0.0
2024-11-12,-0.004524949486683472,0.0,0.014084464004582076,0.010416573773015969,0.04407711447878504,-0.006666615634626227,0.0
2024-11-13,0.0,-0.009345762805158087,-0.013888847038404428,0.010309422718457473,-0.00527704250331984,-0.0033557241687932615,0.0006553577182193404
2024-11-14,0.0,0.018867860155974636,0.014084464004582076,-0.010204223069322449,0.007957521656452471,0.003367022969147815,0.0
2024-11-15,0.006060637349414311,0.0,-0.006944470600997232,-0.0020617197943928467,0.005263155735474312,0.0,-0.004584171846738427
2024-11-18,-0.006024127298511317,0.0,0.00699303351666547,-0.012396701036763158,-0.005235599957529202,0.003355633507849509,0.0
2024-11-19,-0.009090956024121466,-0.004629614127068082,-0.027777788240398893,-0.00836830500078034,0.0,-0.010033503745011885,0.0
2024-11-20,0.012232479633240478,0.0,0.007142884123608528,0.0993072569597151,0.02631584705401946,0.010135195264656227,0.0
2024-11-21,0.004531784972148012,0.0,0.014184354194855642,-0.07983196084636024,0.025641013682980107,-0.006688912138938408,0.0
2024-11-22,0.007518716978847539,-0.023255831835895968,0.01398606703333094,-0.006849361540848586,-0.022499957290238015,0.010100977941241984,0.0
2024-11-25,-0.01791046200787738,0.0,-0.013793155042308158,0.011494251495915098,-0.023017991020737427,0.0,0.0
2024-11-26,0.01063839279454748,0.019047653724182823,0.01398606703333094,0.011363635017120455,0.0340315017519226,0.0,0.006578919646083259
2024-11-27,-0.01503759161418805,-0.014018740774825345,-0.006896577521154024,-0.011235953739752724,0.007594900071864696,-0.009999968480210342,0.0
2024-11-29,0.0,0.0,-0.006944470600997232,-0.006818169160932919,0.005025123331710457,0.006733954972094391,0.02614381222556328
2024-12-02,0.0,0.004739418651161342,0.01398606703333094,0.0045766703689569255,0.02499998863238284,0.00668900249667459,0.012738863653458443
2024-12-03,-0.004580215964025469,0.0,-0.013793155042308158,-0.006833700133810572,-0.012195084854550231,-0.01328902431876644,0.0
2024-12-04,0.0,0.004716867560898175,0.00699303351666547,0.006880720917263661,0.0,0.013468000910389799,-0.006289281653408474
2024-12-05,0.0,-0.013145496542966817,0.0,-0.006833700133810572,-0.012345705149919395,-0.0033222785190288873,0.0
2024-12-06,0.0,-0.003330150619193839,0.0,0.0,-0.0024999663843318087,-0.0033333528455841144,0.0
2024-12-09,0.0,0.0,0.0,0.0,0.0,0.0,0.0
2024-12-10,0.0015337904233010402,-0.011933134202803952,-0.006944470600997232,0.002293553709006968,-0.005012528880177447,-0.013377914635612997,0.0
2024-12-11,-0.001531441512974574,0.0,0.01398606703333094,-0.011441586442256013,0.002518857726883761,0.0,-0.02341778682361373
2024-12-12,0.0015337904233010402,0.0,0.0,0.004629580460563609,-0.01507536999513115,0.0033897587943876317,0.004536636946266048
2024-12-13,0.0030628027490968712,0.004830801644123861,0.006896484006970516,-0.004608246213934075,0.007653090815329833,0.0,0.0
2024-12-16,0.022900679661472134,0.0,0.0068494340231401996,0.006944370690845414,0.0,0.010135195264656227,0.0
2024-12-17,-0.005970101842637687,0.0,-0.0068028384301428435,0.0,-0.0025316772106622754,-0.010033503745011885,0.0
2024-12-18,0.013513464585745094,0.033653934520419204,0.0,-0.011494191568221401,0.0025381028678510553,0.0,-0.01935482204742711
2024-12-19,0.007407484492571781,0.0,0.0,-0.02325593097291756,-0.012658254493189247,-0.006756614296045127,-0.00657891964608337
2024-12-20,0.0,0.0186045885743642,0.0,0.0,-0.005128202736595977,0.0,0.0
2024-12-23,0.007352862953414752,0.004566289327285977,0.0,0.0,0.04381444593430728,0.0034012883414553663,0.0
2024-12-24,0.004379622930000604,0.0,0.0,0.0,0.007407371765261406,0.0033897587943876317,0.0
2024-12-26,0.010174356254854855,0.0,0.01369868229891713,0.0,-0.019607834396295765,-0.010135103991126715,0.0
2024-12-27,0.0,0.04545448567871979,-0.006756690518965436,0.0,0.0,0.0,-0.006622554742135689
2024-12-30,0.0,0.0,0.01360540013465461,0.004761916879937322,0.0,0.0,0.0
2024-12-31,-0.007194168636091791,0.0,0.0,0.0023697051350715093,0.0,0.0,0.0
2025-01-02,0.0,0.004347901482308236,0.0,-0.009456226749767982,0.02499998863238284,-0.006825886640507872,0.0
2025-01-03,-0.007246451682699551,-0.004329079072989628,-0.0067114344372692925,0.0,0.007317101611511445,0.010309338649825861,0.0
2025-01-06,-0.007299192987705649,0.0,0.006756782137592676,0.021479735282937007,0.0,0.0034012883414553663,0.0
2025-01-07,-0.008823574304996806,0.0,-0.013422777870803815,-0.01869169523141745,-0.0024213378201303204,0.0033897587943876317,0.013333344008281678
2025-01-08,0.0014836482534117401,0.00869571311523365,0.01360540013465461,0.002381051541926693,-0.004854366789024955,0.003378489695081699,-0.00657891964608337
2025-01-10,-0.0014814503022582137,0.0,-0.013422777870803815,0.007125815284477532,-0.02439023308257715,0.0,0.0
2025-01-13,0.0014836482534117401,-0.04741381076483375,0.0068026539463887925,0.0,0.0,0.0,0.0
2025-01-14,0.0,0.0,-0.020270254794150788,-0.014150917585208922,0.0,0.0,0.0
2025-01-15,0.0,0.0,0.006896484006970516,0.00956933949723493,0.0,-0.003367113935348831,-0.006622554742135689
2025-01-16,0.0,0.0,-0.006849248275776931,0.0,0.0,0.003378489695081699,0.0
2025-01-17,-0.007407406832145025,0.0004524871645690265,-0.013793155042308158,0.0071090536314042385,-0.022499957290238015,0.0,0.0
2025-01-21,0.014925450206549673,-0.004975107637910425,0.020979005727917333,-0.007058871733672478,-0.002557576708860587,0.006733954972094391,0.0
2025-01-22,0.02647056873621345,0.0,0.0068494340231401996,0.0,0.012820540153188453,0.003344501248337295,0.0
2025-01-23,-0.011461301481923591,0.022727289806079964,-0.0068028384301428435,0.0,-0.015189865923790458,-0.009999968480210342,-0.006666705363354231
2025-01-24,0.0,0.0,0.0068494340231401996,-0.009478635218855391,-0.010282837993018101,0.010100977941241984,-0.0013421822568382424
2025-01-27,-0.007246451682699551,0.0,-0.0068028384301428435,0.0,-0.015584408747904233,-0.006666615634626227,0.0
2025-01-28,0.0072993460411017175,-0.030666746144097035,0.0,-0.002392319283072597,0.002638486973130405,0.003355633507849509,0.0006720266938258224
2025-01-29,0.0,-0.014213616320194244,0.01369868229891713,-0.0023981187136591364,-0.0026315436794130953,0.0,0.0
2025-01-30,0.0,0.0,-0.006756690518965436,-0.0024038208469169264,0.03166232357697818,0.0,-0.002686368720287935
2025-01-31,0.001449244753249257,0.0,0.0,0.0024096131251802877,-0.005115086964718518,-0.0033444108906011127,0.0
2025-02-03,-0.001447147482353306,-0.03906982824204608,0.0,0.00961534605244485,-0.0025707261969203365,0.006711357676642882,-0.0033669890716568895
2025-02-04,0.0,-0.002904053020948316,0.0,0.004761916879937322,-0.02061861400253362,0.0,0.0
2025-02-05,0.001449244753249257,0.0194174094992825,-0.0068028384301428435,-0.00473934849633284,0.010526311470948624,0.0033333528455841144,0.0
2025-02-06,-0.001447147482353306,-0.01761908707535398,0.0,0.0,0.01562506132085484,-0.0033222785190288873,-0.0033784316063021347
2025-02-07,0.001449244753249257,0.00242374703117032,-0.006849248275776931,0.009523833759874867,0.02051281094638413,0.009999968480210342,0.0
2025-02-10,0.005788665791621295,0.005802588285940491,0.0,0.0,-0.002512529023738219,-0.003300349455059859,-0.006779632497265542
2025-02-11,0.0,0.0,0.0,-0.009433986045088383,0.00503778090244289,0.0,-0.0034129548280970035
2025-02-12,0.007194244061686339,-0.002403738919815712,0.006896484006970516,0.011904823233829465,-0.0025062970003948415,0.0,0.0
2025-02-13,-0.001428541366854108,0.0,-0.006849248275776931,-0.011764765776868469,0.005025123331710457,-0.003311188368892881,-0.02054799497198989
2025-02-14,0.015736735159911586,0.012048151974328292,0.013793155042308047,0.004761916879937322,0.002500031342144604,0.0033221887616798895,0.013986025242240352
2025-02-18,0.012676084934966747,-0.010952344307687878,-0.0068028384301428435,0.0071090536314042385,0.007481260724518268,0.00662255565807679,-0.0413793431883811
2025-02-19,0.0,0.0,-0.02054793057469395,0.007058871733672367,0.0,0.0,0.0
2025-02-20,0.00417244674496442,0.0,0.027972134066662102,-0.0046729085809003035,-0.004950492820778862,0.0,0.0
2025-02-21,0.004155109770726639,0.0,0.0,-0.02582162885207895,-0.004975122127151899,-0.0032894929787001814,0.0007194790548292751
2025-02-24,0.002758634951101513,0.0,-0.0068028384301428435,0.0,0.019999990905906095,0.0,-0.0007189617768895706
2025-02-25,0.011004111174179432,-0.0004814620207654885,-0.006849248275776931,0.012048128441676242,0.009803917198147882,0.003300349455059859,0.0
2025-02-26,0.01360544120651963,-0.007707103009636507,0.0,0.0,-0.0097087335780498,0.0032894041071116487,0.0
2025-02-27,0.0,-0.004854452692083955,0.0,0.004761916879937322,0.004901958599073941,-0.003278619402981797,-0.007194142563554329
2025-02-28,0.07382556852456035,0.0,-0.006896577521154024,0.0071090536314042385,-0.02195117808758118,0.0,0.0036231729033282534
2025-03-03,0.0,0.0,0.006944470600997121,0.0,0.022443846969376402,-0.0032894929787001814,0.004332097043367122
2025-03-04,0.0,-0.004878032553079947,0.006896484006970516,-0.004705894043195991,-0.014634139849546313,0.0,0.017253715661085467
2025-03-05,0.006249999180925281,0.004901944397424085,0.0068494340231401996,0.004728144188769212,0.014851478462336587,0.003300349455059859,0.0
2025-03-06,-0.006211179315292026,0.0,0.0,0.0,-0.012195084854550231,-0.0032894929787001814,0.02473502056931509
2025-03-07,0.0,0.0,0.0,0.0023529776904764876,-0.0024691666923289946,0.0,-0.0068965917075943795
2025-03-10,0.0,0.0,0.0068026539463887925,0.0,0.009900985641557725,0.003300349455059859,0.027837291543133302
2025-03-11,0.0,0.0,0.0,0.004694847172538763,-0.019607834396295765,-0.0032894929787001814,-0.04791663257687584
2025-03-12,0.0,0.0,0.0,0.0,0.02250002224805092,0.003300349455059859,0.0
2025-03-13,0.0,0.0,0.006756782137592676,-0.007009393325258628,-0.014669919660687092,-0.016447376021912152,0.0
2025-03-14,0.0049999600291512625,0.0,0.006711343433534411,-0.011764765776868469,0.009925553513082885,0.00668900249667459,0.0
2025-03-17,0.0,0.0,0.0,0.0,0.0,0.0,0.0
2025-03-18,0.08830842357065505,0.004878133359704329,0.0,0.011904823233829465,-0.00491400256115726,0.006644467280708666,-0.0007294372864676824
2025-03-19,-0.04571422306609374,0.0,0.020000075933521266,-0.007058871733672478,0.002469102536466261,0.01980191840056733,0.0
2025-03-20,0.0023951590565916003,0.0,-0.006535972040726534,0.03317543947432955,-0.0024630210848581857,0.02589012156585091,0.0
2025-03-21,-0.007168370561487447,-0.024271862191366456,0.0065789720178921485,0.0,-0.0024691666923289946,0.050473052498983595,-0.000729969753624049
2025-03-24,0.010830222202933282,0.01741297905715178,0.013071855456901593,-0.013761441834527322,0.0,-0.006005960445379155,0.0
2025-03-25,0.011904823567538081,0.0014668865716518376,0.0,0.011627844237411589,0.014851478462336587,0.006042249959637758,0.0
2025-03-26,0.0,-0.0014647379671968164,0.0,0.0,0.0,-0.012011920890758199,-0.01314820050248311
2025-03-27,0.0,0.0014668865716518376,-0.03225809837974669,-0.011494191568221401,0.0,-0.006079062798834078,-0.0118430515673561
2025-03-28,0.0,-0.0019531184963530457,0.02666667751431251,0.023255749099347023,0.04878052953863099,-0.015290526952229655,0.0014980691027040027
2025-03-31,0.0,0.0,0.0,-0.011363635017120566,0.0,-0.02173909030696808,0.0
2025-04-01,0.011764766102771107,-0.000978470316650104,-0.006493443029564339,-0.011494191568221401,0.0,0.022222180291134874,0.0
2025-04-02,-0.005814013379612404,0.003917714634078973,0.013071855456901593,0.0,0.016279031685090706,0.009316741002470375,0.0
2025-04-03,0.0,-0.0004878032553079503,0.0,0.0,0.002288417685934574,-0.015384539928952834,0.0
2025-04-04,-0.002339254572747862,0.0,-0.03225809837974669,-0.018604756903238706,-0.01826488975325291,-0.037500134029459176,-0.016454766161044243
2025-04-07,-0.009378589333813525,0.00536855541381942,-0.013333293558631665,-0.00473934849633284,-0.02325586313733663,0.006493545225874087,0.0
2025-04-08,0.0,-0.00242727650467367,0.013513472656558223,0.004761916879937322,0.01666669038142432,0.016129127843579116,0.0
2025-04-09,0.005917159029154684,0.0024331825114152217,0.0,-0.00473934849633284,-0.004683838611812319,-0.00872424876120792,-0.011406845795669307
2025-04-10,0.0,0.0,0.0,0.0,0.021176491446661005,0.01712324411343058,0.0
2025-04-11,-0.005882352215629272,-0.00048543523748201256,0.0,0.0,0.02304146361862669,-0.006733938852762633,0.0
2025-04-14,0.011636545910682417,-0.004371139359675036,0.0,0.0,0.016175314463108492,0.0067795922121660634,0.03923082004608025
2025-04-15,0.0,0.07870325987453808,-0.015869382772564333,-0.02619038766972559,-0.009661826846140142,0.0,-0.037749862003073176
2025-04-16,-0.0024691644197976093,-0.04458598011834347,0.0,0.0,0.01707321299746467,0.0,0.015384617689164548
2025-04-17,0.0,0.0,0.0,0.0,0.0,0.0,0.0
2025-04-21,-0.0012376688792823387,0.02564102564102555,0.0072463275561609475,0.022004848367108254,0.0,0.003367011959565902,0.0
2025-04-22,0.0,-0.0100000381469727,0.0,-0.011961658780307527,0.007194180437007036,-0.006711426465955239,-0.0303029610104828
2025-04-23,0.0037175462545158133,-0.025252526225563066,0.014388483303991784,0.0,-0.01904760174740394,0.0,0.0
2025-04-24,0.001234490225628937,0.0,-0.007092150762211369,0.01694903593091346,-0.004854364437391179,0.0033783870290968743,0.0
2025-04-25,0.0012330906329882652,0.010362734240704219,0.007142808637937259,0.0,0.0,0.006734023919131804,0.0
2025-04-28,0.0,0.0,0.0,0.0,0.02439022120941492,0.0,0.015624925120440558
2025-04-29,0.009852208913955662,-0.0025640634390023953,0.01418439142479877,0.0,0.023809615716916754,-0.0033444900833473623,0.0
2025-04-30,0.0012195566660435642,-0.0077121604110537145,0.0,0.0,0.0,0.003355713232977564,0.007692383742432973
2025-05-02,0.0,0.0,0.0,0.0,0.0,0.0,0.0
2025-05-05,0.023142384005993,0.002590732973354992,0.013986097050110669,-0.023809460263742976,0.0,0.01337796033338945,0.0
2025-05-06,0.002381039390573214,-0.0020672307358531317,0.0,0.0,-0.0069767926692168025,0.0,0.0
2025-05-07,0.0035628982864390757,0.002071513031260963,0.01379309681638663,0.0,0.004683836303478017,0.009901014865905777,0.0
2025-05-08,-0.005917199415651386,0.0,-0.013605435724213355,0.0024390622291812214,0.0,-0.00326798195075928,0.0
2025-05-09,0.0,0.0,0.0,0.0,0.0,0.0,0.0
2025-05-12,0.010714381593819322,-0.010335956537291913,-0.006896592118372791,0.021897705124410027,0.0023310557041396063,0.0,0.0
2025-05-13,0.0,-0.0026109262692708413,0.027777765551743272,0.011904823233829465,-0.0023256345205246998,-0.006557393344612694,0.0
2025-05-14,0.0,0.0026177610503639315,-0.013513507726464202,-0.011764765776868469,0.0,0.003300338288635185,0.0
2025-05-15,-0.003533522182569526,0.0,0.020547979696249552,0.0,0.025641056991266398,0.003289481885618395,0.007633514027528765
2025-05-16,0.010638274137151349,0.010443904277988914,-0.013422812511352022,0.0,0.00227267086998606,0.016393400526417246,0.0
2025-05-19,-0.004678300604749164,-0.005167978268646012,0.013605435724213466,0.011904823233829465,0.020408198571867153,0.0032257331024518887,0.0
2025-05-20,0.0,0.0020779696377841717,0.0,0.0,-0.006666713290744308,-0.009646246090163846,-0.018939396733448244
2025-05-21,0.0,-0.0025920757924345894,0.0,-0.011764765776868469,0.0,0.012986963983103061,0.0
2025-05-22,0.004700289974177929,-0.007276475640015101,0.0067113637189235575,0.0,-0.03355696321494506,0.0,0.0
2025-05-23,0.0,0.0,0.0,0.0,0.0,0.0,0.0
2025-05-27,0.0,0.009424099559202759,0.0066667061029641594,0.011904823233829465,0.01851850012202405,0.019230819062549642,-0.0038610044415986478
2025-05-28,0.005847991946593245,-0.014004172621772337,-0.0066225554719819835,-0.011764765776868469,-0.011363679466167786,-0.006289244717013753,0.0
2025-05-29,0.0,-0.0005260509606224151,0.0066667061029641594,0.007142906353892142,0.006896600107140438,-0.0031645648053797437,0.046511634928228185
2025-05-30,0.0023255505017687472,0.00526317797209086,0.0,-0.004728082560998659,-0.00456620557167875,0.01904758620158642,-0.022222225427726894
2025-06-02,0.0034802322966893673,0.0,-0.07209334537688716,0.009501148966506001,0.01605497538546974,-0.003115272643615108,0.022727276080138026
2025-06-03,-0.0034681622862905437,0.007853383012274673,0.006578899158014906,-0.014117620791831209,-0.00677194901437328,-0.00937494473344469,0.0
2025-06-04,0.0034802322966893673,-0.0025973629641842244,-0.006535900130151817,0.009546500624338483,0.0,-0.0031545819264396924,-0.029629561779780156
2025-06-05,0.0,-0.010416705989173769,0.0,0.0,0.0,-0.009493694416139342,-0.015267251033374452
2025-06-06,0.005780385324567483,0.0,0.006578899158014906,0.002364041280499274,0.00227267086998606,0.006389792346681578,-0.003875894098898214
2025-06-09,0.0,0.0,0.0,0.0,0.0,0.0,0.0
2025-06-10,0.0,0.0,2.0671851346243386e-06,0.0,0.0,0.0,0.0
2025-06-11,0.0,0.0,0.0,0.0,0.0,0.0,0.0
2025-06-12,0.032183824308572584,0.0,0.006835178457027524,-0.009433986045088383,0.024943341796021867,0.0031746110678358974,-0.007782177529120582
2025-06-13,0.0022272527993325575,0.01052635594418172,0.0,0.009523833759874867,0.0022124400274412537,-0.0031645648053797437,0.0
2025-06-16,0.0,-0.009895860755608,-0.007042295011548516,0.0,0.015452470547938413,0.0031746110678358974,0.0
2025-06-17,0.03888892568259683,0.009994767583902942,0.00709224066258729,0.0,0.010869606906841245,0.0,0.0
2025-06-18,0.03743308292166203,-0.0005208452335657698,0.0,0.0,0.0,0.0,0.0
2025-06-20,0.0,0.016154218724080183,-0.007042295011548516,0.0,0.0,0.00632904965914638,-0.00392156922640341
2025-06-23,-0.0010309142148485773,-0.005128224690755245,-0.007092150762211369,0.0,-0.008602142157561943,-0.006289244717013753,-0.015748033910774506
2025-06-24,-0.016511854574130624,0.0,0.0,0.0023585272524839773,0.026030343185174942,-0.0031645648053797437,0.013600017697463329
2025-06-25,0.018887681414361035,0.0025773786284728484,0.007142808637937259,-0.0023529776904763766,0.004228325760225138,0.00952375299807895,0.0
2025-06-26,-0.0010298525252411261,0.0,0.00709224066258729,-0.004716993022544136,-0.01052635594418172,0.0,-0.012628226729564651
2025-06-27,-0.015463918053688075,0.002570654760889024,0.0,0.004739348496332729,0.0,0.006289324165791754,0.0
2025-06-30,0.0,-0.02512819339067507,0.0,0.0023585272524839773,-0.021276576317181495,0.003125007895222298,-0.0007994072975900934
2025-07-01,0.005235636950483569,0.002104103508528077,0.0070422057442773855,0.0023529776904764876,0.12391308336492379,0.012461090574460432,0.000800046860889081
2025-07-02,-0.005208367827434612,0.0,0.0,-0.002347454183154074,-0.11025148225335712,0.015384575917849475,0.0
2025-07-03,0.01570680682735137,0.00524936406691201,0.0,0.0023529776904764876,0.023913072998898333,0.015151476871650083,0.0
2025-07-07,0.0,0.0026110258697236155,0.0,0.009389694345077748,0.033970243336783,0.029850822811334998,0.0
2025-07-08,0.0,0.018229086469448097,-0.013986008407082084,-0.004651174069678743,0.02464063416406126,0.011594231766440366,0.0
2025-07-09,0.002061930845176585,-0.023017845174017504,0.02127663208738606,0.01635508867142632,0.0,-0.011461346261528838,0.0007994072975900934
2025-07-10,0.012345617184786883,-0.005235621961910741,0.0,0.0,-0.018036007991752867,0.0,-0.0015975375120348412
2025-07-11,-0.01930899059320601,0.0,0.0,0.0,0.0,0.005797115883220183,0.0
2025-07-14,0.0,0.0,-0.013888882775871636,-0.004597712583904734,0.0,-0.005763703028845546,0.0
2025-07-15,0.0,0.0,0.0,0.0,0.0,0.0028985579416100915,-0.01599992459883548
2025-07-16,0.01865291278877157,0.0,0.0070422057442773855,0.0023095046945962316,0.0,0.0028901805857206586,0.01626008472846152
2025-07-17,-0.0010173815910626827,0.0,0.0,-0.002304183172741503,0.0,-0.008645554543268319,0.0
2025-07-18,0.0,0.0,0.006993048525055334,0.0,0.012244886043219827,0.0,0.0
2025-07-21,-0.008146633536140091,0.0,-0.006944485401660039,0.0,-0.03024195447858724,0.014534920015893293,0.0
2025-07-22,0.0,0.0,0.013986097050110669,0.0,0.004158000242086457,0.0,0.0
2025-07-23,0.0,0.0,0.0,0.0,0.0,0.0,0.0
2025-07-24,0.0,-0.004736850136204729,0.0,-0.0023093842856029,-0.0062111249368659305,0.0028652641736648388,0.0
2025-07-25,-0.009240226824390185,0.002115331351143279,-0.01379318423674547,0.002314729886428113,0.0,-0.002857077890743076,0.0
2025-07-28,0.0,0.0,0.0,0.0,0.0,0.0,0.0
2025-07-29,0.0,0.0,0.0,0.0,0.0,0.0,0.0
2025-07-30,-0.010362660696339954,0.002638482060556502,0.0,0.0,-0.041666724615624595,0.0028652641736648388,-0.008000001246300292
2025-07-31,0.0,-0.0010526556717721514,-0.00699295988202675,0.0,-0.008695644061371466,-0.008571378042006583,0.0
2025-08-01,0.0,0.0010537649233954838,-0.014084500755826013,0.0,0.008771921569070251,-0.005763703028845546,0.00806451739551517
2025-08-04,0.00837695670631411,0.0,0.021428516456328817,0.004618949184695742,0.0,0.0,0.0
2025-08-05,0.0,-0.002631538792660315,0.0,0.0,0.0,-0.005797115883220183,0.0
2025-08-06,0.0,0.0,0.0,0.0,0.0,0.0,0.0
2025-08-07,-0.008307366258820448,0.0,0.0,0.0,0.0,-0.017492755178547426,-0.023199956878011685
2025-08-08,-0.005235636950483569,-0.001055433084878099,0.0,0.0,0.0,0.0,0.0
2025-08-11,0.007368428537756433,-0.0015848223012074891,-0.00699295988202675,0.0,0.0,0.0,-0.004914053308901933
2025-08-12,-0.010449286842738714,0.0026455632496498183,0.0070422057442773855,-0.011494191568221401,0.021739110153428554,0.0,0.0
2025-08-13,-0.008447722915443712,0.0,0.0,0.011627844237411589,-0.01063823743123149,0.0,-0.004115146859398733
2025-08-14,-0.0010649486426242971,-0.001583149627317204,0.013986097050110669,-0.002298826328105519,-0.00645165789098312,0.008902174811862285,0.0
2025-08-15,0.0,-0.001057106642865846,-0.006896592118372791,0.0023041231069671486,0.025974001846660322,-0.005882367365664387,-0.008264543943707903
2025-08-18,-0.02132189116475236,0.0026455632496498183,0.0,0.004597712583904734,-0.029535838237513157,-0.0029586619271666503,0.0
2025-08-19,0.0,0.0,0.0,0.002288365011190674,0.021739110153428554,0.0,-0.0166665882319722
2025-08-20,-0.019607906794185004,0.0,0.0,-0.01369860404724288,-0.0021276069043588697,0.0,0.0
2025-08-21,-0.033333333333333326,0.0,-0.006944485401660039,0.01851844252996182,-0.008528776410449246,-0.005934733228261102,0.0
2025-08-22,0.0,0.002638482060556502,0.0,0.0,0.006451555345359905,-0.0029850822811334776,0.0
2025-08-25,0.02298842962221337,-0.0036841944644325775,0.013986097050110669,0.0,-0.0064101995879434215,0.0,0.016949071426349382
2025-08-26,0.00337085374051016,0.0036978179448354798,-0.006896592118372791,0.02272727003424113,0.0021504842665789337,-0.0029940196762183735,0.0
2025-08-27,-0.01455770054634209,-0.0015789835076582825,0.0,0.0,0.0042918415410722055,0.003003010749490276,0.0
2025-08-28,0.011363599161319238,0.0015814806395058056,0.006944485401660039,0.022222219647551,0.0,0.02694617708596514,0.0
2025-08-29,0.0,0.01052635594418172,0.01379309681638663,0.0,0.0,0.0,0.0
2025-09-02,0.0,0.02604166563186383,0.0,0.02826091169869116,-0.01068369994266749,0.01166183678569821,0.0
2025-09-03,-0.020224675957583038,0.005076064479612397,0.006802674746623216,0.0,0.0021597736063738715,0.002881851514422662,0.0
2025-09-04,0.009174304610290562,0.010101049022522401,0.0067567966873967045,0.004228285066658399,0.03232760769043819,0.0,0.0
2025-09-05,0.0,-0.007499980926513716,-0.006711448792428354,-0.0021052409743556044,-0.020876806978905038,-0.0028735703114688427,0.0
2025-09-08,0.0,-0.012594458196251712,0.0,-0.002109682364111354,0.012793164615673813,0.002881851514422662,0.0
2025-09-09,0.011363599161319238,-0.0051020601797675535,-0.006756711039067498,-0.006342537826396932,0.0,-0.005747140622937685,0.0008333821521691043
2025-09-10,0.005618015153270761,0.0,0.013605435724213466,-0.01063829669223415,-0.01052635594418172,-0.0028901805857206586,-0.0008326882046809647
2025-09-11,0.004469214709559299,-0.0056410569411057265,0.0,0.0,0.0,0.0,0.0
2025-09-12,-0.010011102328505328,0.0056730589898981165,-0.006711448792428354,0.0129032019351496,0.0,0.007684938959362064,0.0
2025-09-15,0.0112360303065413,0.0,0.0067567966873967045,0.004246350541710964,-0.006382922167795124,-0.008902025180751227,0.0
2025-09-16,-0.014444473879410835,0.0,0.013422812511352022,0.004228285066658399,0.006423925584814638,0.00598796423807646,0.0
2025-09-17,0.0,0.0,0.0,0.0,0.0,0.0,0.0
2025-09-18,0.0,0.0,0.0,0.0,0.0,0.0,0.0
2025-09-19,0.0,0.0,0.0,0.0,0.0,0.0,0.0
2025-09-22,0.0,0.0,0.0,0.0,0.0,0.0,0.0
2025-09-23,-0.03043961803898909,-0.02564102564102566,-0.03311260946650185,-0.004210481948711098,-0.006382922167795124,0.0029761974179853823,0.005000049494996883
2025-09-24,0.0011626597357592416,0.0005263278358860202,0.0,0.0,-0.002141376599242406,-0.0029673659511035844,0.000829155195811726
2025-09-25,-0.0011613095279302543,0.025775895066729504,-0.006849268684354204,-0.002114252759738644,0.008583683082144411,0.0029761974179853823,0.0016570172028571584
2025-09-26,0.023255736047938846,0.0,0.0,-0.004237243670782931,-0.006382922167795124,-0.005934659229647643,0.004135649829845045
2025-09-29,-0.002272697254305789,0.0,0.006896504698013839,0.004255274304898915,-0.004282651092028522,0.0,-0.0016474627101255024
2025-09-30,-0.009111609837673784,-0.01538457625951517,0.006849355505947674,-0.023304950649255973,-0.0021505868122021488,0.04179106638070351,-0.009901007597935774
2025-10-01,0.016091969247971072,0.005208253653516293,-0.006802760977590139,0.023861030794358973,0.012931022522848945,-0.04584530498087902,0.0
2025-10-02,0.0033936201559325863,0.0,0.0,0.0,-0.01063823743123149,0.0,0.0
2025-10-03,0.0022548736316536644,0.0,0.0,0.0,0.010752626424140876,0.0030030098495810176,0.005000049494996883
2025-10-06,0.06299207055074363,-0.0051812682939942345,0.0,0.0,0.0,-0.002994018781689811,-0.0041459374503728386
2025-10-07,-0.005291040332631947,0.0,-0.006849268684354204,0.0,0.002127708359077385,0.0,0.0
2025-10-08,0.0,0.0,0.0,0.0,0.0,0.0,0.0
2025-10-09,0.0,-0.002604226167828738,0.006896504698013839,-0.004237243670782931,0.0,-0.006006019699162146,0.0
2025-10-10,-0.014893525953098452,0.0,-0.006849268684354204,0.0,-0.012738841251293542,0.0030211549658198944,-0.009159083820838188
2025-10-13,-0.006479610008968795,-0.0026109262692708413,0.0,0.02340423053691776,0.0,0.021084385564590358,0.0
2025-10-14,0.00543481899378051,0.0,0.01379309681638663,0.00207908861322581,0.010752626424140876,-0.005899790471287525,0.008403362719683782
2025-10-15,0.0,0.0,0.0,0.0,0.0,0.0,0.0
2025-10-16,0.0032432004002074244,0.005235621961910741,0.0,0.0,0.0,-0.005934659229647643,0.0
2025-10-17,0.0021552510868050323,0.005208253653516293,0.013605435724213466,-0.002074774972206206,-0.006382922167795124,-0.0029850813919375385,0.0
2025-10-20,-0.002150615969399805,0.010362734240704219,0.0,0.00207908861322581,0.0,0.002994018781689922,0.0
2025-10-21,-0.01400865033623011,-0.0056410569411057265,-0.013422812511352022,-0.004149333607936456,-0.004282651092028522,-0.01492540695968747,0.0
2025-10-22,0.005464517658140711,0.0,0.0,0.004166622313935164,0.008602142157561943,0.0,0.0
2025-10-23,0.0,-0.004641575833980616,0.0,0.0,0.002132143267095099,0.006060620003860651,0.0
2025-10-24,0.0,-0.007772001267349227,0.0,0.0,0.0,-0.006024110161311547,0.0
2025-10-27,0.0,0.013054830547259755,0.006802674746623216,-0.006224108580142551,-0.0042553152634362545,0.006060620003860651,0.0
2025-10-28,0.01086963798756102,0.0,0.0,0.002087769476115886,-0.0021366992332193524,-0.003012055080655718,0.0
2025-10-29,0.0,0.0025773786284728484,0.0,0.004166622313935164,-0.004282651092028522,0.0030211549658198944,-0.014999986206312377
2025-10-30,-0.005376379692835664,-0.005141407585971369,0.0,0.0,-0.010752728969764092,0.0,0.0
2025-10-31,-0.005405441398199762,-0.0020672307358531317,-0.006756711039067498,-0.002074774972206206,0.004347822030685622,-0.009036165241967264,0.0
2025-11-03,0.01086963798756102,0.009839489348134167,0.006802674746623216,0.0,0.0,-0.0060789669440959315,0.0
2025-11-04,0.0,0.0025640634390025063,0.0,0.0,-0.00432900030777672,0.0,0.0
2025-11-05,0.005376379692835664,0.023017942736611285,-0.013513507726464202,0.0,0.0,-0.00917433253989619,0.0
2025-11-06,-0.0032086197856209253,-0.00500001907348635,0.0,0.0,0.0,0.009259280256045166,0.0
2025-11-07,-0.013948526674878448,0.005025144893802347,0.006849355505947674,0.0,-0.004347822030685733,-0.0030581108466321005,0.0
2025-11-10,0.01196959044300705,0.014999961853027433,0.0,-0.00207887182696731,0.004366808135300104,0.003067491575892145,0.0
2025-11-11,-0.010752759385671329,0.0,0.006802674746623216,-0.00833335324680462,0.021739110153428554,0.009174257644940065,0.0
2025-11-12,0.01086963798756102,-0.014778288095344094,0.0,0.008403381594095816,0.0,0.0,0.0
2025-11-13,0.0,0.005000019073486239,0.0,0.002083202538033513,-0.0042553152634362545,0.0,0.00676817403786667
2025-11-14,0.0,0.004975143262281545,0.013513507726464313,0.0062370490534191525,0.006410301476228897,0.0,0.0
2025-11-17,0.0010752545744785458,-0.00990102749433508,-0.013333327699576514,-0.00413218778229707,-0.006369471245302294,-0.009090855791694108,0.0
2025-11-18,-0.001074099643923021,0.0,0.0,0.0,-0.01068369994266749,-0.030581033571364435,0.008403362719683782
2025-11-19,0.021505305130457675,0.0,0.0067567966873967045,-0.004149333607936456,0.006479423807706386,0.025236572344184083,0.0
2025-11-20,0.019756816656498755,0.005000019073486239,0.0067113637189235575,0.09339403538674529,0.0042918415410722055,-0.0030769300328475913,0.0
2025-11-21,-0.03225808436366906,0.00995019163159827,0.0,-0.10416666252745543,0.004273500354724069,0.0,0.0
2025-11-24,0.0,-0.009852160744208027,0.0,-0.0023256345205246998,0.004255315263436366,-0.018518484923660927,0.0
2025-11-25,0.011111153496636383,-0.029850764680724562,0.0,0.0,0.004237284282951448,0.025157211876548402,0.0
2025-11-26,0.0,0.02564102564102555,0.0,-0.006992944810711221,0.00843891152356524,-0.003067491575892256,0.0
2025-11-28,0.021978000096834593,0.0100000381469727,0.0066667061029641594,0.021126683313431593,0.0041840962444885665,0.03076922497262702,0.0
2025-12-01,0.016128990909022756,-0.00990102749433508,0.0,0.011494296972653917,0.031249919285380123,0.005970089677453716,-0.03333325760328343
2025-12-02,-0.0158729758262226,-0.025000000000000022,-0.019867582469241918,0.09318178148309131,-0.06666665382256765,-0.02967351416591668,0.0
2025-12-03,0.0,0.0025640634390025063,0.0,0.0,-0.00432900030777672,0.0,0.0
2025-12-04,0.005376364484882101,0.023017942736611285,-0.013513507726464202,0.0,0.0,-0.00917433253989619,0.018965451683499834
2025-12-05,-0.005347613764161596,0.012499999999999956,0.10273972483806038,-0.09563410470253642,0.0760869373671269,0.07098766411948776,0.00676817403786667
2025-12-08,0.0,0.0,0.0,0.0,0.0,0.0,0.0
2025-12-09,0.0,0.0,0.0,0.0,0.0,0.0,0.0
2025-12-10,0.0,-0.012345679012345734,0.0,0.011494296972653917,-0.010100952691779574,-0.011527332977995353,-0.016806725439367454
2025-12-11,0.021505355393904857,0.02499999999999991,-0.01863349293748673,0.0,0.012244886043219827,-0.008746375044670462,0.0
2025-12-12,0.0010526556717722624,0.0,0.018987292518532817,0.022727250560256484,0.016129016752173708,0.03235286935700299,0.0
2025-12-15,0.0,0.0,0.0,0.0,0.0,0.0,0.0
2025-12-16,-0.006309192236870653,0.0,0.03726706460759854,0.0,0.02182542348154337,0.00854702822683695,0.008547093189405164
2025-12-17,0.002116450599719766,0.024390243902439046,0.011976118808442182,0.5555555555555556,-0.019417456850636006,0.008474595618871428,0.0
2025-12-18,0.0,0.0,0.0,0.0,0.0,0.0,0.0
2025-12-19,0.003167870340578638,0.0,0.005917119375665081,-0.008571420397077256,0.00990093307113904,0.01680676073683518,0.0
2025-12-22,0.026315789473684292,-0.00047620137532555784,-0.011764775183408016,0.001440886449888934,0.01568625984353189,0.013774067882819763,0.017796578632141014
2025-12-23,0.01025644938151049,0.0004764282511140472,0.011904832865668569,0.0,0.0,0.00815219235915654,0.0
2025-12-24,0.010152225778948587,0.0,-0.02352940123796332,0.005755390352630396,0.0231660938943945,0.005390847678847344,0.0
2025-12-26,0.030150773516147478,-0.01904760088239399,0.054216880810082024,-0.005722455388096348,0.009433907943081188,0.01608576113592486,0.0008326882046809647
2025-12-29,0.024390243902439046,0.019902904845619185,0.011428566047759103,-0.017266171057891078,0.037383231713539855,0.0026385283949066363,0.006655558273700679
2025-12-30,0.019047600882393878,-0.000475974715511418,0.005649679076400016,0.024890201785200183,0.00900895714943828,0.01052627508479076,0.0
2025-12-31,0.0,0.0,0.011235950255288785,0.007142884390694659,0.005357180414151896,0.01562503587497832,0.0
2026-01-02,0.0009346008467381317,0.023809523809523725,0.005555517997176906,-0.004255348793859026,0.01243333808194258,0.02564102081052244,0.03305777343103422
2026-01-05,0.028944950374653278,0.006976726443268522,0.0,0.012820534591513333,-0.0035087687010102453,-0.0025000056634630896,0.0
2026-01-06,0.048094347636601364,0.0,-0.00552482473393634,-0.016877687783801054,0.003521123508970936,0.00404218505467524,-0.027199957501161776
2026-01-07,-0.005194841439468578,-0.023094688628633953,0.0,-0.005722455388096348,0.005263194879337574,-0.01794876152555125,0.0
2026-01-08,-0.012184455390534255,0.030732843038010493,0.005555517997176906,0.005755390352630396,0.022687628971760132,0.0,0.0
2026-01-09,0.00881052197660459,0.00229363055775611,0.0165746843004817,0.008583751299193754,-0.010238897851962525,0.00783289085832184,0.03700650302410846
2026-01-12,0.004366828957883762,0.0068649709799311065,0.0597826143117699,-0.00709222544427357,0.0017240951234194224,0.0,0.01903262550486562
2026-01-13,0.004347842672596913,0.022727272727272707,0.020512810512069546,0.0,0.0,0.041450800564520884,0.0
2026-01-14,-0.011255420977845598,0.0,0.015075337833232672,0.0,0.013769350171074501,0.007462738793704071,0.0
2026-01-15,0.011383547598285748,0.022222222222222143,0.014851447248646732,0.0,0.0016978317671512144,-0.012345725525951368,0.01167307686333352
2026-01-16,-0.005194841439468578,0.021739130434782705,0.024390265016459578,0.014285700661795575,0.03389827220887209,0.0,0.015384617689164548
2026-01-20,-0.003481284825920805,-0.04255319148936165,-0.004761932930688717,-0.007042213319620072,0.05737703444335551,0.0,0.0
2026-01-21,-0.004366828957883873,0.0,-0.014354031001621026,0.0,-0.031007723283626443,0.0,0.030303108536551715
2026-01-22,-0.0008771294335191415,0.0,-0.019417467364344576,0.0,0.0,0.0,-0.022058825108680735
2026-01-23,-0.003511849047175608,0.0,0.0297029572495342,0.021276541059871645,-0.008000030517578138,0.02499997615814209,-0.007518870751340168
2026-01-26,0.0,0.01688885158962683,0.009615380513513738,0.01388894223872672,0.0,0.014634132725648952,0.0
2026-01-27,0.0026431481905648813,-0.005681781710443312,0.023809543930083832,0.020547892412475788,-0.008064470231593623,0.009615375798129211,0.022727276080138026
2026-01-28,0.008787295851474974,-0.002197768662002053,0.0,-0.00536912253383981,0.01138206402255948,-0.0071427938889455644,0.03703704237954497
2026-01-29,0.005226517596621072,0.0,0.023255833149089744,0.005398105624387695,0.001607753893755115,-0.004796158407816775,0.0071429276844034995
2026-01-30,-0.004332772175055899,-0.02643173397814602,-0.01818180980102324,-0.016107367601519318,-0.012841079207244088,-0.016867510856088175,0.0
2026-02-02,0.009573595521565226,-0.018099529937821268,-0.027777823421638592,-0.0040927330536756346,-0.016260146842582146,-0.012254832066831978,0.04609922490876661
2026-02-03,-0.012931083385497644,0.034562210766411416,0.0,-0.005479446686014522,0.0,0.019851096660329803,0.003389830956011197
2026-02-04,-0.004366828957883873,-0.011135857082584244,0.009523805499697557,-0.002754883902634897,0.011570197126839377,0.0,-0.013513449502933872
2026-02-05,-0.004385898134529276,0.0,0.009434077900068116,-0.016574570352582918,0.01307188320294328,0.009732350499663811,-0.03424657762636507
2026-02-06,0.030836952954365282,0.015765696490667613,0.009345730176855582,0.0042135126812568036,0.011290350615296818,0.024096362008327654,0.0
2026-02-09,0.0025640797829273865,0.0,0.0,-0.004195833483664813,0.04625198767706773,-0.0023529950310202663,-0.017730497678275725
2026-02-10,-0.019607804877414203,0.002217345725094466,-0.004629656798594395,0.01825844333292559,-0.0030487776068546246,-0.007075409101562236,-0.010830395972358353
2026-02-11,-0.004347842672596802,0.0,0.01860464293610442,0.0,0.001529086993909079,-0.0023753512568226443,-0.013138602713801628
2026-02-12,0.004366828957883762,0.0,-0.004566121241840526,0.0,-0.004580184570190604,-0.00952380087370197,0.0
2026-02-13,0.0,0.013274302300743557,-0.004587182636039744,-0.013793090294147325,-0.0030674817461688875,-0.0048076878990646055,0.0
2026-02-17,-0.008695685345193604,0.026200890456968162,-0.00921664370002273,-0.0013986333913919013,-0.03692304171048677,0.0024155143005657465,-0.11242612840083022
2026-02-18,0.017543927160695638,0.0,-0.032558154617142065,-0.005602235658404231,0.006389770030435393,0.00963854480333115,0.12250003610700588
2026-02-19,-0.015517267177277083,-0.021276595744680882,0.014423040299230472,0.005633797519761785,-0.003174600050953491,-0.002386689438011569,-0.01262058227033569
2026-02-20,0.02101574163877329,0.0,0.0,0.0,-0.011146523777506911,0.009569369257348859,-0.007518870751340168
2026-02-23,-0.0017152233577253373,0.021739130434782705,-0.009478669284441188,-0.018207232497855386,0.004830874844912847,-0.004739332208735791,0.0
2026-02-24,-0.006013801240022376,0.012765924981299914,-0.00956937421791193,0.0,0.0,0.0,0.007575832456413689
2026-02-25,0.0025929721207278433,-0.002100808347199057,0.009661831903022389,-0.0014265661277205188,0.0,-0.004761900436850985,0.0
2026-02-26,0.008620640043698113,0.010526315789473717,0.0,0.0,-0.0032051252660429963,-0.0023922852763973435,0.0
2026-02-27,0.0,0.004166682561238533,0.0,0.007142884390694659,0.004823185019339871,-0.004796158407816775,0.05263150959202334
2026-03-02,-0.0008547204311847301,-0.0004149472499396234,-0.00956937421791193,0.026950294360700733,-0.0016000366210937589,0.012048123553905166,-0.05714286509120037
2026-03-03,-0.004277094855028807,-0.014113746385815862,0.0,-0.033149140705165725,0.0016026008411285098,-0.016666594762647535,0.0
2026-03-04,-0.0025773785017727535,0.0,0.004830946569755357,0.0,0.003199996948242134,0.004842610259641944,0.0
2026-03-05,-0.013781210348278394,0.010526315789473717,-0.024038481754824814,0.0,-0.012759158524627834,0.0,0.0
2026-03-06,-0.008733574625433005,0.0,0.009852212749948075,-0.00714288439069477,0.001615468812962817,0.0,0.0
2026-03-09,0.01762112797737525,0.0,-0.014634109542741913,0.0,-0.027419291078484176,-0.024096362008327765,0.06060606954703451
2026-03-10,0.007792220874601075,-0.035416682561238644,-0.004950524251042587,0.004316577069305216,0.019900477841425568,0.012345607788387003,0.0
2026-03-11,0.002577296570992038,0.0,0.019900489354848228,0.002865326772472976,0.008130034654042939,0.0,-0.05642853754875832
2026-03-12,0.005141342377903202,-0.0367170797181936,-0.014634109542741913,0.0,-0.008064470231593623,-0.012195052453833122,0.0
2026-03-13,-0.002557522092236364,0.013452966577263581,0.014851447248646732,0.0,0.013008117474065717,0.012345607788387003,0.0
2026-03-16,0.004273520645296847,0.017699097866309854,-0.02439020318254226,0.005714280264718097,0.0,0.0,-0.008326996357464256
2026-03-17,0.008510670763381079,0.0,0.0,-0.005681812794001595,-0.004815442972151307,0.004878044241882984,-0.007633662679740083
2026-03-18,0.0,0.02391301030698023,0.0,-0.011428560529436416,0.0,-0.004854364437391179,0.0
2026-03-19,-0.02531647097699541,0.008492601673834033,-0.04500001172525603,-0.02890177512966252,0.00806454714081517,-0.031707287572239395,0.007692383742432973
2026-03-20,0.015584359179998675,-0.03157894736842104,-0.005235633018825903,0.004464317075148827,-0.003199996948242134,-0.01259444633651241,0.0
2026-03-23,-0.01534521385557941,-0.01304344508958899,0.0,0.022222236350730507,0.00321026980181105,0.020408143405366452,-0.007633662679740083
2026-03-24,0.0008658206681120273,-0.00440530300038533,0.05263162459484483,0.0014492394067344705,0.0,0.0,0.0
2026-03-25,0.012110673405414829,0.004424795565566519,0.014999961655243643,0.013024624395845175,0.0,0.0,0.0
2026-03-26,-0.008546959779967,-0.00440530300038533,0.01477835034648134,0.0,0.0,0.0,0.0
2026-03-27,0.004310278915198751,-0.004424795565566408,-0.029126201046516753,-0.00714288439069477,-0.0063999938964843794,0.0,0.0
2026-03-30,0.010300501559032504,-0.013333299424913236,0.009999995563416686,-0.021582679517531345,0.00644121765013117,0.01250004768371582,0.0
2026-03-31,-0.048428260520801736,0.03603600043095767,0.004950461498802072,0.05735291993329339,0.008000030517578027,0.012345607788387003,0.0
2026-04-01,0.04464285790312039,-0.008695685345193604,-0.004926075153414922,-0.012517406379921936,0.012698400203813742,-0.009756088483765968,0.0
2026-04-02,0.0,0.0,0.0,0.0,0.0,0.0,0.0
2026-04-06,0.0,-0.03464908046552029,0.0297029572495342,0.0,0.042319745467618075,0.01970441498363318,0.0
2026-04-07,0.008547041290593693,0.0,-0.00961538051351385,0.008450696279642456,0.006015031771336776,-0.026569966237854903,0.0
2026-04-08,0.004237304231073047,0.02226259727499591,0.0,0.00418997352621342,0.0014947312345512387,0.012406876251771504,0.0
2026-04-09,0.0,0.026666683620876652,0.0,-0.009735767886549618,-0.0014925003476641274,0.0024510365364791564,0.0
2026-04-10,-0.00843885048527937,0.015151531415146247,-0.00485439760796158,0.0042135126812568036,0.0014947312345512387,-0.009779941408490589,0.0
2026-04-13,-0.004255335381690539,-0.031982941390147235,-0.004878015902941568,0.0055944001845460445,0.0,0.004938266662867674,0.0
2026-04-14,0.0,0.013215824976990032,0.019607834608643904,-0.002781638493372318,0.005970143730110733,-0.004914000020385667,0.0
2026-04-15,-0.01965808085348797,-0.008695685345193604,-0.05424442393675721,-0.0013947320467818658,-0.03560827585582371,-0.022222258851686716,0.020969151223104276
