Date,PC1,PC2,PC3,PC4,PC5
2015-01-05,-1.651781805544429,0.8648225095724633,0.48869380487061437,-0.17228014161874458,-0.8782234692284244
2015-01-06,-1.9626381954619476,1.01448366277558,0.7631220850553354,-0.4340813892458902,-0.41123354155783787
2015-01-07,1.6182161616482427,0.8669287233652817,-0.5786471470084429,0.3584504454322252,1.7603299097419478
2015-01-08,-0.5655683229383962,0.6196387429653122,0.504566810210062,-1.0679005391005802,-0.8989856388171368
2015-01-09,-1.061040749578541,0.43360499417197046,0.28641363098600003,0.20535930331913868,0.6768057642784583
2015-01-12,-0.2629220846187708,-0.07231554854589729,0.23812502068098274,-0.15511982800372326,0.12637291066139167
2015-01-13,-1.164267444862858,0.574211640786636,1.0243741509902022,-0.6269380707505072,-0.14369922606816007
2015-01-14,-2.0811005908777305,0.5565562286510145,0.7628447021190512,-0.37043053811080795,0.7262485302354672
2015-01-15,-0.4425402394256935,0.08462258557369559,0.07207198781267513,0.1311115836477985,0.15289795352914
2015-01-16,-0.27383148263525026,1.0200682366187126,-0.01383085286287787,0.4603232366667881,0.7492526656414861
2015-01-20,-0.13884766820733654,0.744025071082358,0.41236892833420535,0.07359826416110513,0.3691610864793858
2015-01-21,-1.1604212963162712,0.9704956981924939,0.5741554660915017,0.5350580028177777,1.679314363234492
2015-01-22,1.3623365351223806,1.013525552731306,-0.22790834805314608,2.114088927389117,1.4277759490684767
2015-01-23,0.9238434536456215,-0.4135786115581302,0.2721087333211928,1.2562933239020044,-1.0874437370030474
2015-01-26,0.7672532659835645,0.5213594594355454,0.03854411584778639,-0.7681806917213364,-0.13458182839243546
2015-01-27,-0.006422680806502166,-0.13483279780590546,-0.05668674087690054,0.07102507022564086,-0.06734185882943368
2015-01-28,0.09258101673465476,-0.193512580914229,-0.022143077134757043,0.09847149756575851,-0.3015705885367833
2015-01-29,0.48812917772187014,-0.5371276702589528,0.7096787312275541,0.9684860073752739,-1.138010766841156
2015-01-30,0.5558409196802345,-0.4238849074848681,-1.492819758426522,0.11629319921199877,-0.350887215822037
2015-02-02,-1.4852090892637742,-0.7377218538997699,0.18439829603114444,-0.23425656607177786,1.7022160138573448
2015-02-03,1.9782582186642141,-0.10363362461101219,-0.442467181737299,-0.6625188789431194,-0.7801367093815179
2015-02-04,0.6177757399985666,-0.4269605677466871,-0.4984539068216216,0.0917245631105391,0.5359547122595354
2015-02-05,0.5072948677372993,-0.28243488860086796,-0.4439879038398265,0.07111083508621896,-0.7925763321163192
2015-02-06,-1.8622287166118399,0.6852457166890991,-0.2295080758679408,-0.36490111064283703,0.10049813473334013
2015-02-09,-0.4072956648625734,-0.012868721709034974,-0.7152963470602884,-0.08850807630044287,-0.07224051546175095
2015-02-10,0.3100960543363558,-0.9156623117871875,-0.34648158473160867,0.009733580216189565,0.6039287756773217
2015-02-11,-0.5621307183002884,0.2456645850058602,0.18042344255313986,-0.3167739251009145,-0.06460959835819266
2015-02-12,0.6385970704222912,-0.8761939932966308,-0.3027754015999093,0.5216423921215532,-0.6659661254527038
2015-02-13,0.804726054437065,-0.8520123577106038,-0.5502997857233209,1.2404745496560632,-1.0541088157120149
2015-02-17,-1.2211755773090116,1.2643459434947322,0.6159563441325993,-0.6864389608654557,1.4628447563037883
2015-02-18,-1.8414371641146339,0.2031952094341226,1.2138310405023274,0.9538715426745761,2.602794490151043
2015-02-19,-1.4240060543446749,0.45857899953189984,-0.20468027096206048,-0.2359423214129891,0.8266940017286779
2015-02-20,-1.9012734772111068,1.1138996225638136,0.7858926787828406,-0.7903603022892527,-0.7212592962682743
2015-02-23,-1.677570308972073,0.49994541759701433,0.5815799732718834,0.12930477450159003,0.9369954490154664
2015-02-24,0.0938129630209416,-0.5648461341472025,-1.068084047801805,0.23602017355501548,0.3333547207613533
2015-02-25,-0.9896057177866628,0.13656931840068545,0.7154498131093916,-0.08062945988172424,0.10591163159025893
2015-02-26,-0.13590287185541253,0.35966230905492236,0.09473297444671797,-0.12476951624895628,-0.30939881875031044
2015-02-27,0.1870994523706112,-0.145079961400711,-0.08758899895658545,0.014137034450077277,-0.12155196161179387
2015-03-02,0.07003234269972133,-0.0005557160930469977,0.08732708493173873,-0.18362843611355367,0.0780962584582466
2015-03-03,-0.8615085614525034,-0.08417426599198068,0.675460453850151,0.4538402123802411,0.5557243016288764
2015-03-04,-0.0009236998496850145,-1.7403759533078456,0.9728386893273437,-2.182984526756657,0.690366522520384
2015-03-05,-0.10771801691389357,0.05124609385140855,0.10542893658192334,-0.10883342727356424,-0.11029579282837523
2015-03-06,0.38086811856608566,2.266086918605136,-0.8589811250598437,1.130317353258535,-1.003632548154244
2015-03-09,-2.9007341974442102,1.265562378733952,0.9180066066971153,-0.44548476582402396,0.45666314261188945
2015-03-10,-0.6027432208389477,-0.4804048720241553,-0.28781766706133805,-0.906252806825906,0.3157700278559285
2015-03-11,-0.5532060073241765,1.7165262192320705,-0.8489891720814935,1.0650105226662214,0.39211591168800336
2015-03-12,0.49215007388795823,0.7608509608860607,-0.13030073399134057,0.1088269593880745,0.569649517341451
2015-03-13,1.5439543746487714,2.6929811228312337,-0.6771323460824747,1.6726670697115906,-0.675155807846376
2015-03-16,-0.8023745243198688,0.642092189228405,0.4793421237154231,-0.7015738341869433,-0.7730959660576292
2015-03-17,1.3278179945747999,-0.48672736413789547,-0.08903084264933508,-0.6725531194195137,-0.749249788182479
2015-03-18,-0.030620399996409264,0.25336400668902165,0.19406996797408216,-0.4695966281059717,-1.212083891328919
2015-03-19,-0.41496965142248066,-0.9370422290998295,0.21342964321523464,-0.7546428499592868,0.1346131538288507
2015-03-20,1.2538975555859058,-0.6231204608854647,-0.4188323138551993,0.20479485657078542,-0.5239426562478245
2015-03-23,-1.781583669727902,0.2786450149200993,-0.6367296146560109,0.479287128845956,0.2689865470725073
2015-03-24,0.194960107096733,-0.4045041198757398,-0.052125433865068724,0.055031222752121,-0.3662726859856461
2015-03-25,-0.1913143587690572,-0.1694642339083813,-0.5840260059828506,-0.011718525319602602,-0.2570459258555949
2015-03-26,-0.21468701462377845,0.0222535477485772,-0.12538674399403882,-0.05076794491918998,0.007315427946035047
2015-03-27,-0.7079432313560863,-1.0573091416246847,-1.2654451454381772,-1.4099955489287304,-0.05018998661318544
2015-03-30,0.3560413266330875,-0.4950537763109993,0.6722339822202205,0.38758248439932474,-1.1753201848475396
2015-03-31,2.0163153554612356,0.4421069790613973,-0.4739255168428139,1.1344913749800707,-0.9446795938657219
2015-04-01,1.8425553024768644,-0.393261362691141,-0.34315430142338355,-0.1554668404399161,0.1645449431986945
2015-04-02,-0.08378863429116742,-0.02529375002576565,-0.003602102543369362,-0.011589532450395675,-0.008143028525351441
2015-04-06,0.23967471149969605,-0.9694099574535419,0.29042519327123306,-0.8489003188745275,0.4333467764610306
2015-04-07,-0.305768129950027,-0.44297943947092455,0.06652299653623456,0.0727050261560665,-0.08966389339320459
2015-04-08,-1.3992680959325572,0.3798271993322594,1.0231347740569923,-0.5779783585425797,-0.48044324723661697
2015-04-09,-0.43588512902800775,-1.0387562612752501,0.25106228637155614,-0.8190138404476648,0.15716530794821212
2015-04-10,0.4278784688431882,0.12782973608465548,-0.24843561620884863,0.4357844647910948,0.3278189795068439
2015-04-13,-0.7378519001644384,0.16301844760894105,0.17359461720491517,0.0152855393539584,0.26606476993028216
2015-04-14,-0.0659467157244428,-0.6382568321106468,0.3761249543848174,0.13842126301262614,0.3930587286575184
2015-04-15,1.0287054714194366,-0.2156150306876159,0.6564960292044311,-0.15389641783517116,-0.9317520323803878
2015-04-16,-0.3319505303674012,0.16077823628483273,1.2229135691160642,0.2030865924419249,-0.14257270385787038
2015-04-17,-1.2385256576646337,1.566180839736409,0.48437357046246626,-0.039705228402585974,-1.476414776404123
2015-04-20,-0.09220562024050451,-0.5268531292398801,-0.7450438600979568,0.3149131478431454,-0.8299952858679868
2015-04-21,-1.1613228147923638,0.6152281074153204,0.05968119996173227,-1.185912656357392,0.3856181177802374
2015-04-22,-0.3158282140817423,0.029461127313640426,-0.7260780420690938,-0.1853143447943985,-0.04095607765723051
2015-04-23,0.9535094676355428,0.0168667852502593,-0.34581166228485927,-0.5759691579821119,-0.6232574417050317
2015-04-24,-0.6958159845610055,0.8647127154115838,-0.0015648377844321186,-0.5401344770404909,1.289474449564522
2015-04-27,0.7430293695474942,-0.6226386053768452,-0.4751564973836707,0.4666383242282091,0.5047758196236306
2015-04-28,0.012637347459170889,-0.3970814123648369,-0.26293608017604697,0.548054450963676,0.4444913609344184
2015-04-29,0.6407841717918434,-1.4376630327621456,-0.8111425950072346,1.505032162941107,1.9662494379943567
2015-04-30,1.5229969739077522,-0.9850154040037704,-0.4700877669062279,0.5437648399214756,0.5468168625227904
2015-05-01,-0.08378863429116742,-0.02529375002576565,-0.003602102543369362,-0.011589532450395675,-0.008143028525351441
2015-05-04,0.34368016376570926,0.14208229753350796,0.15380211120197418,-0.3117262205667416,0.32485102234219543
2015-05-05,-0.04450389835529929,-0.44311097692629015,0.38720030570853287,-0.328734218882456,0.16690074725673923
2015-05-06,0.14473420723196137,0.17583695358919205,0.3449823208035566,0.81315398113493,0.6867262169593813
2015-05-07,-0.4875672923870012,0.12179886073021312,0.15055725759497784,-0.10494537170163536,-0.327192355201394
2015-05-08,-0.4860413603896699,0.2848564039272705,0.17999474987502462,0.16749056326693595,-0.15172324389965863
2015-05-11,-0.47788455282677467,0.12320996576987232,0.05094635582345877,-0.04647266933302662,0.27732168433633375
2015-05-12,0.13762671885341415,-0.5143959914348525,-0.16315372518965676,0.11821877725027802,0.6387462937130759
2015-05-13,0.11770208017694292,0.05665174815979632,0.062155409323596256,-0.1808652979445757,0.06161518216542239
2015-05-14,1.1500190764027882,2.204270323058021,0.9647796833723388,-2.2193520617391207,1.9152092377433723
2015-05-15,-0.04257005722907124,0.7629252709034203,0.09481917612595936,-0.3495442810139494,0.6278781370426728
2015-05-18,-0.12354201878839985,0.023899377283961548,0.145022294093124,-0.08666501457053463,0.22621350408456187
2015-05-19,-0.6608186863259166,0.5118058794312392,0.3909252996465672,-0.5503858975120354,-1.2933021826315898
2015-05-20,-0.2003402159574225,-0.4538647845187496,-0.2372820517374969,0.3388948785948214,-0.5505940607310938
2015-05-21,-0.2843563167381193,-0.14583761809858137,0.09289764426235952,-0.2146602914828244,0.041423166485294594
2015-05-22,-0.22184521767346205,-0.25632365762312104,-0.04485713671497203,0.23788400256697137,-0.19449417841225297
2015-05-26,-0.44112517751741015,-0.32669547670755383,0.6503385287016538,0.2630302332177201,-2.1642342465354814
2015-05-27,-0.027189290598560813,-0.26140337356080445,-0.18390064978900866,0.36523752402812715,0.5042129309464081
2015-05-28,-0.9687867168195959,0.2405106093887872,-0.3642815439178765,-0.13501902356254572,0.7055341019266885
2015-05-29,1.2591420883578375,-2.468304797010609,-0.939391479426889,1.937995706815361,-0.814195049512962
2015-06-01,-0.4560545344336261,0.32043013322887165,0.23800176175920063,-0.3476735545382874,-0.5860828361783857
2015-06-02,-1.123247062523945,0.6652914726980488,0.3335181310790462,-0.1407713228554544,0.22562980520172568
2015-06-03,-0.12994790543952478,0.1245022551878865,0.04407795102983439,-0.1256873287873361,-0.0016094634856927954
2015-06-04,0.43015756053237175,-0.1941813330823754,-0.08748683720104278,-0.055574600983374994,-0.8350347921927351
2015-06-05,-0.10800561419294914,0.08419196891656756,1.19759315013439,-0.10112636404107089,-0.24229800012820515
2015-06-08,-1.2578975296591528,0.6175733234073019,-0.09553285894933472,-0.5236844347067655,-0.2157629704026664
2015-06-09,0.6593507773396542,0.9361764899989184,-0.35824036321723346,1.243135107476683,-1.362173359321897
2015-06-10,0.2825048124786337,-0.7351424950901796,-0.5056934068251804,-0.06865188174684742,0.8858012038934262
2015-06-11,0.41711774527521533,-0.20145256398747796,-0.22403864919963923,0.1404854960395889,0.7542818568280364
2015-06-12,0.5887711552337249,-0.3417490735166039,0.2705304294732645,0.31413174054155457,-0.27416365447403623
2015-06-15,-0.5230659534695531,-0.19263413990220407,0.03046457916583944,0.2676577824435323,-0.48676114660303305
2015-06-16,-0.9829323428165128,0.23050740131013023,0.42670443674669145,0.10386048624531485,1.1095801801399148
2015-06-17,0.25351611653640876,-0.9015172801783331,-0.23216740569647276,0.5733117386535538,-0.9554185962894374
2015-06-18,0.6122661293640822,-0.4932150404500614,-0.25919159528979147,-0.1287086673567192,-0.8349633578632802
2015-06-19,0.17426239958729053,-0.439104864492728,-0.4283089352208119,0.45988265302106085,0.23445872685567012
2015-06-22,1.1298820413818857,-0.9096713936583841,-0.5000563615135014,1.2252044458232085,0.774915387419088
2015-06-23,0.48010379273431275,-0.2841635230224972,-0.4195695302491631,0.09180152513337256,0.06783546122554446
2015-06-24,-0.1545313570101308,0.13243333184848416,0.18093214655701056,-0.7453954166508572,0.4934311067750106
2015-06-25,-0.5441808715768949,0.8409899667388446,0.4817385497913772,-0.010707873234314227,-0.7174269858030183
2015-06-26,0.30069396350950583,0.2379766774580906,0.36987619278490497,-0.29702338794323035,0.2777467666579704
2015-06-29,-0.08378863429116742,-0.02529375002576565,-0.003602102543369362,-0.011589532450395675,-0.008143028525351441
2015-06-30,-0.25343428342857277,-0.3790568444187532,-0.3315079302966609,0.4181741941076862,1.1872103114867576
2015-07-01,0.2968107105246015,-0.670340413694068,-0.3547633245920432,0.07489062830675586,-0.11240029087498057
2015-07-02,-1.4298336055284797,0.916274046759861,0.7819092522903204,-0.3433016359756521,-0.4656619349614302
2015-07-06,-0.4880197076744875,-0.3612710976552421,0.14873417908628378,0.807889057233278,-0.38504937901793945
2015-07-07,-1.3521069055664507,-0.9433586157896469,-0.36174521994401077,1.0466805885569415,-1.2697219775237947
2015-07-08,-0.22750500460050765,-1.60052942579224,-0.43565673873164473,1.4731993271869013,-1.0740403897918551
2015-07-09,0.9089487054915247,1.2428256244651636,0.18969748453736382,-1.4609924722973522,0.9486991526116304
2015-07-10,-1.2817235040479087,-0.02722916797857154,0.054099226858505156,0.5841566009772228,1.4249470702721956
2015-07-13,0.3056068474031973,0.2658233699630603,0.4520596784330394,-0.4282988857136194,-0.47071983641437554
2015-07-14,0.03812260809371072,0.03479319393367725,0.07281693108082218,-0.2700642486009976,0.21145145200111107
2015-07-15,-0.4146394872526414,0.1469529917389173,-0.42456723621947023,-0.30237983172708416,0.06950586033393379
2015-07-16,1.3501143186967717,-0.9251947438384295,-0.3589214942215183,1.028684583472573,2.499313737577277
2015-07-17,-0.4252878436497319,0.09062960192523929,0.1129888387917587,-0.11433717958433455,0.09750800238399025
2015-07-20,-1.1045972383440392,0.46646683183084375,0.31301832992086476,-0.09929977676928332,0.9693565705347197
2015-07-21,0.3819919825896769,1.3801376016744085,0.750900426807596,-1.5429798368054732,1.7090850296770128
2015-07-22,-0.336680569378647,-0.22528439249972804,0.3499503215350387,-0.11812399822258711,-1.0610213365683336
2015-07-23,0.4790457323498412,0.8445275954362162,0.4065480389887367,-0.8195041707857218,0.4975753747918409
2015-07-24,-1.5079771413917773,0.6103100300480926,0.9916023068150313,0.18324233072586887,-0.9289388892493691
2015-07-27,-0.08378863429116742,-0.02529375002576565,-0.003602102543369362,-0.011589532450395675,-0.008143028525351441
2015-07-28,-0.08378863429116742,-0.02529375002576565,-0.003602102543369362,-0.011589532450395675,-0.008143028525351441
2015-07-29,-0.08378863429116742,-0.02529375002576565,-0.003602102543369362,-0.011589532450395675,-0.008143028525351441
2015-07-30,-0.167695911616405,0.10226822389022375,0.0948818322745208,-0.2179804610112882,-0.12166556856331627
2015-07-31,-1.162499161191135,0.2772024065158294,0.1807396631988167,0.1716536113645851,0.6007095160839212
2015-08-03,-0.15196743127432133,0.029103416336785707,0.04289900783443788,-0.08101749517131257,0.10262024134985578
2015-08-04,4.11299870194776,-0.4148443470622073,0.07972767694395792,-2.649897389326671,-0.23820737050322158
2015-08-05,-4.207826790921464,0.6328562321950658,0.15001364110205292,2.0389990284722894,0.009551264178259066
2015-08-06,-0.9674422127982747,0.22721943694030786,-0.0866959966335914,0.03351249413207763,0.4657237077169729
2015-08-07,-0.24523234530725946,-2.5209410355177573,-1.0094322621330503,2.3993335608634485,-1.2139138109803707
2015-08-10,0.2731355325800389,-0.39287402521647286,-0.26064405912247046,0.36489693528431083,0.6915107558148471
2015-08-11,-2.0009911890943712,-0.9084284737002112,0.061757194390415465,1.3509528115406224,-0.7872246241082143
2015-08-12,-2.140598787684387,0.25902218083734624,-0.2618121493504262,0.8581349255683133,0.8362520518652328
2015-08-13,-2.0445225374715386,0.7334668432982833,0.06937693929178829,-0.07372416653479466,-0.26438301122007574
2015-08-14,-5.301061969734171,1.1766110011784532,-0.3239118159054811,1.0544011769963622,2.7205011739128535
2015-08-17,-4.957227819646955,2.15446775599358,-0.49359682658712956,-1.3683376793119886,0.1590104073998791
2015-08-18,-1.3858482303107675,-0.8949317820629706,-1.0746660321518593,0.25434549548240803,-0.5889105011001284
2015-08-19,-1.3716268146172443,2.6894127157722414,1.1506675380836582,-2.3849170049766135,0.36591949851061134
2015-08-20,-3.0656210290943773,0.9841120308947838,0.007276416687207241,-0.31823817100427265,-0.40754868265488
2015-08-21,-0.08378863429116742,-0.02529375002576565,-0.003602102543369362,-0.011589532450395675,-0.008143028525351441
2015-08-24,-10.158681740604123,0.6968264895998092,-0.13272099621965872,1.8656488550617523,-2.5327587183155926
2015-08-25,0.5514147812522822,-0.7086950900145417,-0.6298958083629727,0.3857138118517977,-1.069389745176771
2015-08-26,2.050613243963881,-1.6046121185485591,-0.6439035327084304,0.6054322453361151,-2.471537576611791
2015-08-27,7.276685839137757,-0.30658077922782123,-0.46393295549064895,-2.6869218147574685,-0.5189934745878091
2015-08-28,-0.08378863429116742,-0.02529375002576565,-0.003602102543369362,-0.011589532450395675,-0.008143028525351441
2015-08-31,6.415310986507607,-2.2011178481015468,-1.698305622411157,-0.440209688060087,-3.5972832185706465
2015-09-01,-2.4065725323680938,0.6279426213068386,1.377508316179692,-0.18900188787138872,-1.722456819079398
2015-09-02,-0.8289612029906713,0.1552301374677515,0.797104163813683,0.12529656629231023,0.5652591502873957
2015-09-03,1.170238333172464,-0.28630084789462545,-0.48994435787363744,-0.3760264389613301,-0.8121234787885243
2015-09-04,-2.14134510449033,0.4118594378120075,-0.9947264273672587,-0.17581972834944373,0.8882143733847688
2015-09-08,-0.3616395346128397,-0.21283474607850186,-0.15082315366546353,0.647736515469985,1.106537363164265
2015-09-09,1.2314765728502943,-0.35948715997563374,0.050711667770552804,0.044457837656119076,-1.2316950248527625
2015-09-10,0.8639066658133717,-1.1640770986262776,0.17115167123578934,0.03375937503073083,-1.3284660040258194
2015-09-11,0.7519986262149363,0.1915686950754213,0.3219368864303548,0.6644940636231139,-0.6981947352770794
2015-09-14,-1.4946922342599869,-0.16427807697576616,0.5268418105708078,0.871269683973948,-0.3693401908523321
2015-09-15,0.9191081070144795,0.12976909210372975,-0.15943478952491633,-0.5036151164279381,-0.17173420739901604
2015-09-16,0.31688279041444833,0.10629110557616543,-0.4768345422432859,-0.32678984684006696,0.805109454290947
2015-09-17,0.539778991030383,-0.0163136044177155,-0.27134731927761346,-0.44465607220954684,-1.40851166454159
2015-09-18,1.3190452275830586,-0.47072548851886153,1.6637599148006292,0.5028690318393368,-0.6036804894329817
2015-09-21,-0.28858265046709125,-1.3218735008477758,-0.49183348549543715,1.4600822317297741,0.717388429731714
2015-09-22,-0.4895186921498555,-0.1858965933363274,-0.14500327444404862,0.5218182331138208,0.9467568129925406
2015-09-23,-0.7448856402741237,0.04190483915740841,0.39288021501411924,-1.6908598429910786,-0.6965171527217079
2015-09-24,-0.021620322833844043,0.018091822652952193,-0.24427447728331364,-0.2022414699511906,-0.3570862682636848
2015-09-25,-0.2531133886827002,0.802392601664942,-0.70795875088653,0.6371801893634937,-0.12159014672482504
2015-09-28,-0.7955417928533761,-0.20723510304430925,-0.07721657415939939,0.6655855725064567,0.16934283730304703
2015-09-29,0.1146856013325405,0.9119156170948393,0.19232350512388813,0.5195566614521381,-0.529560282807407
2015-09-30,0.07529936980883958,0.38462521766935304,0.11789481230959842,-0.2829325504719371,-0.7895207326089247
2015-10-01,1.8757049836624937,-0.8962240583863562,-0.28794771834473726,0.24264325586079527,0.2617705863045885
2015-10-02,-1.1617247853139763,1.1087433172763475,-0.25833617047600776,0.8478398805123157,0.21359035943682572
2015-10-05,1.387578371867507,0.5078665044944288,-0.05941005107873041,-0.9432867700535115,-0.2867987031106254
2015-10-06,1.574466779152761,-0.47133701981967907,-0.26149868465741244,-0.37165378810400235,-0.7494615164981282
2015-10-07,1.3222475967103493,-2.392958921587366,0.03221638235559386,-1.7067163576373214,0.4469431595638397
2015-10-08,-0.08378863429116742,-0.02529375002576565,-0.003602102543369362,-0.011589532450395675,-0.008143028525351441
2015-10-09,-0.08378863429116742,-0.02529375002576565,-0.003602102543369362,-0.011589532450395675,-0.008143028525351441
2015-10-12,-0.5340090100582262,0.506835416846402,0.15049720293799196,-0.24561417826775608,1.1559236001033197
2015-10-13,-1.3564391889703606,0.1550621218955983,-0.7740723821105446,0.3238746592911933,0.40868330922323043
2015-10-14,0.24111187962289107,-0.209792453121094,-0.13046482403466247,0.09139099063328901,0.06298607593758992
2015-10-15,1.924626903938115,-1.0931804380523682,-0.9892660794622079,0.9081014278131295,3.008571191182912
2015-10-16,-1.024573917630614,0.4852330348187887,-0.38409220600498256,-0.1641839610549106,0.17241822805140286
2015-10-19,0.44043780433896323,-0.40277984555888197,-0.27931500777899865,0.19654534140855998,-0.05313850596562918
2015-10-20,0.7251295280478485,-1.1002367029434659,-1.6262812689493962,0.8396414001939239,2.115921459742681
2015-10-21,1.1613836707462748,1.437179831248777,-0.015191925984257374,-0.6198828711755381,0.15674630455753555
2015-10-22,-0.21527464193086918,0.3365440693849268,0.12855074274168257,-0.5018955473792925,-1.3551805796844498
2015-10-23,1.4411046014377804,-0.04153352279766897,0.9474583048364147,-0.13888713459478463,-0.5763999463007555
2015-10-26,0.8221835402640199,0.24682958582247735,0.711850457438792,-0.5337703538918002,0.2750348579639101
2015-10-27,-0.026948342369752864,0.16908956528945102,-0.04947909300081729,0.1532053443780269,-0.0369583339211558
2015-10-28,-1.3912205189823161,0.2229260541694087,0.11017870196178065,0.030637083149601285,-1.0888317121694886
2015-10-29,1.269702095157252,-0.9877979239696093,-1.1302311351876533,0.6580716446018536,0.6344567777370882
2015-10-30,0.6165015376630487,-1.2845391008247362,-1.3472844844705048,0.4643782979765634,0.29667460860846157
2015-11-02,1.303418428270617,-0.42286062505837824,-0.2368126411833033,0.6735092777588289,-0.3828840144672205
2015-11-03,-0.5076923922715793,0.10318504498968616,0.0849301847224716,0.004284287068730453,0.40330128730545545
2015-11-04,0.01450750971337693,-0.5001541642183174,-0.011303438173192628,0.5727903205763942,0.24301571657420468
2015-11-05,0.4616493074834967,0.25359181248992085,0.5640545602304168,-0.27109585767091754,0.21023193590412784
2015-11-06,2.5387141166863825,0.45281886506411767,0.24046298663318938,-1.2219602378503316,0.26561886402695983
2015-11-09,0.7360904365865064,0.41228459219470515,-0.028578689455153825,-0.038579061443275914,2.123093829383921
2015-11-10,-0.08378863429116742,-0.02529375002576565,-0.003602102543369362,-0.011589532450395675,-0.008143028525351441
2015-11-11,-0.4147030775847575,1.2578424204814067,0.7578096085333332,-1.654828569689032,-1.3781356953292607
2015-11-12,0.3084007307690979,-0.160910953274299,-0.09458721172153128,-0.026375925650821815,-0.25054341923260515
2015-11-13,-1.1681417138267622,-0.16489689819079945,0.36102176620326826,-0.5094046495479653,0.7252622193499773
2015-11-16,-0.5487271629135264,1.3951829776189866,0.31275558867748343,-0.36640675131289846,1.1090656979714653
2015-11-17,-0.08378863429116742,-0.02529375002576565,-0.003602102543369362,-0.011589532450395675,-0.008143028525351441
2015-11-18,0.808742577263746,-0.1063919929993321,0.247871596481817,-0.14216428914740767,0.07548960041684537
2015-11-19,-1.3290339484660834,-0.2555130404173243,0.5971597941316221,-0.4011859039969864,0.9646087342024008
2015-11-20,0.25831150324660407,-0.10060877890417455,0.17807499304467317,0.08145484007555026,-0.18021500241363161
2015-11-23,-0.5517634743006724,-0.2391097346343703,0.17945070422438134,0.40466306187395795,-0.2602439209840766
2015-11-24,-0.18729737920831943,-0.3792745675228123,0.07994197406679204,-0.31168846390680144,0.04433094715457363
2015-11-25,-0.45018415927667393,-0.23031323316063726,0.21321912079603705,0.34963173160859795,0.034329087722091645
2015-11-27,-1.7841615444859449,-0.3148819263549976,0.1870478294062924,0.5196424463580746,0.5080913186176699
2015-11-30,0.2182629684502218,-1.1992811166563446,0.6040985896715372,-1.4105551742060407,-0.5208998640650877
2015-12-01,-0.08378863429116742,-0.02529375002576565,-0.003602102543369362,-0.011589532450395675,-0.008143028525351441
2015-12-02,1.6405963277684836,0.9144317167060794,-0.1839227172990981,-0.6713974684588454,-0.08277850835324867
2015-12-03,-0.4362473519453063,0.6541051562178337,0.10574355317891818,0.1038137336140587,0.1460322586515707
2015-12-04,-0.9662576365204073,0.6241280243254942,0.4332992178171346,-0.4798680332847003,-1.0568137446532273
2015-12-07,-0.2474269526697952,0.024084389742245044,6.445598447872314e-05,0.0824996369944073,-0.4998392175377056
2015-12-08,-0.08378863429116742,-0.02529375002576565,-0.003602102543369362,-0.011589532450395675,-0.008143028525351441
2015-12-09,1.5234118319884669,-1.218416408738913,-1.366777292541503,0.7965408874398355,-0.5389044210522013
2015-12-10,-0.08378863429116742,-0.02529375002576565,-0.003602102543369362,-0.011589532450395675,-0.008143028525351441
2015-12-11,-0.24031253001147795,-0.127904282038873,-0.3560586168879257,0.8439163392261925,0.8336002186249798
2015-12-14,-0.9288047074127856,-1.7352824749911473,-1.9899733218368412,2.281038621490032,-0.6076869022784495
2015-12-15,-0.08378863429116742,-0.02529375002576565,-0.003602102543369362,-0.011589532450395675,-0.008143028525351441
2015-12-16,-1.0107312513276507,0.006581916520087936,0.499761972041033,0.2171355348487141,-1.0179931837380636
2015-12-17,-0.7183205428152333,0.18228976580426381,0.13278103821692208,0.012999753131354746,0.39572654005667834
2015-12-18,-0.21673058289818267,-0.39151121831265057,-0.8965853292755697,0.6762146934998545,0.08911406179735074
2015-12-21,-0.1854984831351091,-1.303328565723467,-1.5220647741260138,1.9800847612440469,4.15357350428334
2015-12-22,-0.48606656425897676,0.09663058475676,0.08041363118424641,0.003474470018607539,0.3823110888384461
2015-12-23,-0.09970452776249387,-0.44556552752889533,-0.969699301825991,0.08184921401598097,-0.6981107976623531
2015-12-24,0.13054580532028712,-0.09940957225230793,-0.05332614946058167,-0.019670407616403714,-0.14061666634531955
2015-12-28,-1.1920981768712386,-0.36873647826467815,0.5987281311346127,-1.3727464314204243,-0.1771370244708689
2015-12-29,-0.08378863429116742,-0.02529375002576565,-0.003602102543369362,-0.011589532450395675,-0.008143028525351441
2015-12-30,1.17665323835161,0.6215684382761045,-1.5021858577334481,1.0897531843370007,0.2580760063218983
2015-12-31,-0.08378863429116742,-0.02529375002576565,-0.003602102543369362,-0.011589532450395675,-0.008143028525351441
2016-01-04,-0.20776355152217188,-1.7069811824944847,-1.9532520519183951,-0.8530898502651627,1.4072646144459635
2016-01-05,-0.4934085773828526,0.11635086358679742,0.09142677524892492,0.0038540315033569277,0.24503067553888275
2016-01-06,-0.32811093087779425,1.3417233246904505,-0.2064437510316948,1.1576006731508703,0.017403855114682124
2016-01-07,-2.504844549501992,1.1885985413252111,0.7362907455674071,-0.49077413712984697,-0.5451326939410632
2016-01-08,-1.8084259708015384,1.1703339866507623,0.7377131312140635,-0.870835798381425,-1.734229062184363
2016-01-11,-0.6272676502189729,0.10298623783930914,-1.6523548532665722,-0.43314791430339594,0.041472512171329246
2016-01-12,-0.2500057988495658,-0.8395934382764837,-0.19098255784768225,0.7687830763576178,-0.8619343724141256
2016-01-13,-2.172264046938771,0.3775847908553562,-1.0892043478950038,0.3600254373200449,0.7272878447615579
2016-01-14,-0.4606426042774125,-0.4724884448327869,-0.20023164929997647,0.7563506265540876,-0.07304860818241252
2016-01-15,-2.6821371457612235,-0.2249596041090512,0.16158927615031085,1.3975879512359215,-1.3527861461350357
2016-01-19,-1.9721465029731036,0.37685314926087354,-0.837775138636841,-0.32062716775595496,-0.4611695735156631
2016-01-20,-1.0849506961074575,-3.071417268445996,0.8562257471713559,-2.9428842980281638,0.9468518726934998
2016-01-21,-0.8200201911322806,0.9434595788735676,-0.7903881328519786,-1.2403279167387278,0.11873597506673943
2016-01-22,0.02402949642780446,0.3471223126325027,0.050845678519668036,-0.32948403830438083,0.6217099068205376
2016-01-25,0.10387791594316619,0.42104999995542985,0.9468575071874836,-0.3150682407276548,0.765383384729395
2016-01-26,-0.30322950383074976,0.050587851202282416,0.04730659935409706,-0.00331613375495405,0.12748673926644086
2016-01-27,-0.42195198258481775,0.03647415588349363,1.2254564893133073,0.29528589038078457,0.6209837445039037
2016-01-28,-0.019235967411321147,-0.9226709166003789,-1.203434879126036,-1.0825093029036763,-0.5327220209555679
2016-01-29,-0.6239662683259858,0.24097307153371486,0.20083756101661288,-0.17687949773646636,0.5026789275329283
2016-02-01,2.382819754313958,-2.445867276265957,1.2842917033204369,-0.5731918609221925,0.7114169722771068
2016-02-02,-0.761758811996308,1.1283091096468392,0.3953129806541114,-0.7914360911311057,1.306678333054858
2016-02-03,-0.45832060471110414,0.3540318264617489,0.27788040162320826,-0.4532162408287092,-0.36107685621438185
2016-02-04,1.2144494194027327,-0.6086628810431662,-0.17213165587245388,-0.3405859280838534,-0.35492795757077983
2016-02-05,3.8728033965571593,1.419207499415473,0.14446845703826658,-2.950190555926612,0.35401227893907183
2016-02-08,1.9539568227165647,-0.3809556334481075,-0.09863112436318797,-1.0202654445674342,1.2604632049697364
2016-02-09,-0.08378863429116742,-0.02529375002576565,-0.003602102543369362,-0.011589532450395675,-0.008143028525351441
2016-02-10,-0.09351846853016639,0.5543324906344633,0.1343250188502267,0.6514934387852398,-2.058183283672967
2016-02-11,0.8762508475929481,-0.45221643164094855,1.0417884808805093,0.4208201976057705,0.7459803894443662
2016-02-12,-0.09581561877054202,0.42039860472230245,0.11810570167711582,-0.1680613331267717,-0.5351031211466603
2016-02-16,2.1279341371345124,-0.8090914529242266,-0.2927762352831088,-0.56607530425792,1.3397750677326892
2016-02-17,1.3412276085528734,-0.609737380051654,-0.05387439449979936,0.1140405965398631,0.13012226803727459
2016-02-18,0.3572321594966087,-0.3119452306901782,1.0470557239534746,1.0227941119472685,-0.3015573269153395
2016-02-19,1.0774232913431732,0.23731845216211767,0.09362648596672529,1.0614166157297866,0.7054130225253769
2016-02-22,0.8273433887497587,0.05782568446907042,-0.9683659542228603,-0.8982021297855036,-2.451712718417203
2016-02-23,1.518317874932479,2.655741154062186,0.47515057382516007,-2.9066573701324865,2.154407882997533
2016-02-24,0.7076623097942688,3.060819523893934,-0.6498154708534676,2.440340869522355,-0.6197882345715024
2016-02-25,-1.4109536243498328,-1.45543016621675,0.28054500200462595,1.7489005759234755,-1.2434065987423548
2016-02-26,0.9289449183535995,3.347751703369428,0.31865581713280927,-1.3106445682143615,0.3121742005417675
2016-02-29,-0.32227769157194236,-0.1839871166367299,-0.7689021047733409,0.234845556739185,1.289364425297425
2016-03-01,-0.08378863429116742,-0.02529375002576565,-0.003602102543369362,-0.011589532450395675,-0.008143028525351441
2016-03-02,-0.15542782547084524,-1.248426988411503,-0.3861060585220221,1.4146749124372826,-0.6675603603551262
2016-03-03,0.6324277697439933,0.6490202863279511,0.99975756264698,-0.807031674818377,0.13797556124463803
2016-03-04,1.7923969447036738,-0.3184318395030995,0.3318900605530668,1.1620929976506154,-0.009759222805634644
2016-03-07,3.151022825503978,2.4098673864508733,0.8718020099302088,1.4222022968575565,-0.9225531881706652
2016-03-08,-0.08378863429116742,-0.02529375002576565,-0.003602102543369362,-0.011589532450395675,-0.008143028525351441
2016-03-09,1.4680183981679131,-0.014794521834092326,-1.3200554926334132,0.9728604965764827,0.7400531513287119
2016-03-10,2.0829005498945725,-1.046234072273442,-0.2872902691706326,0.47260537255503876,-0.23308496360499473
2016-03-11,-0.27955368190888874,-1.9302793949867452,-0.0062925285631697,1.0738773747528154,-0.4351951992320997
2016-03-14,0.8271814592133464,-0.2858039088269776,-0.1677826630668024,-0.13660210146673965,-0.6138232406086366
2016-03-15,-0.08378863429116742,-0.02529375002576565,-0.003602102543369362,-0.011589532450395675,-0.008143028525351441
2016-03-16,-0.984211485754934,0.23199473592475045,0.15846832168591268,0.11247981656835207,0.5899588713014648
2016-03-17,0.6751404319664971,-0.9744661239639012,1.3895146383932915,1.004351252424817,-0.9824231088398117
2016-03-18,5.60681209072531,-1.9675057416904143,5.2901081782121295,2.5959590200174647,1.9426081313320465
2016-03-21,0.31052862450539825,-0.0889524477632065,0.23283992038407683,-0.12438967819815172,0.05734988267743277
2016-03-22,0.3172300238429798,0.6457883618427889,0.11623309864339434,-0.7362456104268771,0.5331588510269173
2016-03-23,0.044267490944893274,0.5565527092154074,0.387504872816961,-1.0875669613987313,-1.9539377615185312
2016-03-24,-0.4306529468641188,0.16220828814386085,-0.1713051213022272,0.010260017784902736,0.1268875449709027
2016-03-28,-0.25596652055183267,0.05218247430675688,-0.5539681446671363,-0.22113667041740928,-0.11530919404107787
2016-03-29,-0.08378863429116742,-0.02529375002576565,-0.003602102543369362,-0.011589532450395675,-0.008143028525351441
2016-03-30,-1.6911668858096052,0.4369485992026651,0.25592325094414836,0.29632305216310667,0.3646720737252147
2016-03-31,-0.09867976545526051,-0.019275292022372832,-1.4769993631771035,-0.4360208933678242,-0.4549221458573981
2016-04-01,0.22910200962619923,0.20299573746130462,-3.3783193564644733,-0.3752199629999819,0.4592271990906473
2016-04-04,-4.37720993289252,1.3010366231644857,-0.326525695442333,-0.03155631601040104,-1.319559599478162
2016-04-05,-0.1214219356998913,-0.014646156876572976,-0.16635798322152695,-0.05914948499104602,-0.01706307740266918
2016-04-06,-0.9380480982045893,0.19045890945909094,0.15520810361820958,0.14291984679690078,0.0675720873212129
2016-04-07,-1.2265312240704458,0.618046396346631,-1.7231865800493673,-0.514562234360328,0.1033420217537219
2016-04-08,-4.12211096132052,1.7773833462466733,1.1522206049614478,-0.3466661209293095,-0.5345442275301596
2016-04-11,18.696354503655712,-7.006255419793322,1.871723220268378,1.9570878186865341,-0.5703279983944695
2016-04-12,1.6585532303917856,2.890417113874479,0.5170566839127901,-3.1600680297601604,2.3436999768940967
2016-04-13,3.5307822721872597,-1.3014061398801966,1.1382733455219407,0.2956983670075685,0.05867454405198569
2016-04-14,2.37640182855814,0.769590669465615,-0.18524638907612695,-1.2724258646388031,0.34842740706206865
2016-04-15,-1.8671473908042646,0.7429185882303692,-0.6260709000777962,-0.5264542068931191,-0.004068853401649875
2016-04-18,0.5881894468436456,-0.22441302011626257,-0.7151033602833505,1.2007436775360842,0.36058215096872215
2016-04-19,0.3838853762069391,1.1900593334459013,-0.7543430087554487,-1.535921972901756,0.8692679280592837
2016-04-20,4.070889984357417,-3.042200200507983,-1.6522520004999752,1.6255146849505635,-0.6051083301827361
2016-04-21,-3.0872689914081812,1.4185060044553819,0.6005251475812797,-0.3490450418491373,1.6362727561379828
2016-04-22,-1.7218043974845543,0.612015728927394,2.0458000032208923,0.3675701838113,1.322949383381913
2016-04-25,-1.6272614223006812,0.876525757833197,0.7262630090380923,-0.5529938457460187,-0.2927853861177531
2016-04-26,-0.08378863429116742,-0.02529375002576565,-0.003602102543369362,-0.011589532450395675,-0.008143028525351441
2016-04-27,0.4369715739227928,0.4728413842750997,0.10137728460540844,-0.7555498622343056,1.3728944266447183
2016-04-28,1.7007270571542716,0.13356458708613678,0.5369610050851399,-0.6818154432100141,-0.1955930156236139
2016-04-29,3.58247877872938,-1.1752009034710464,0.07847075581967455,-0.13941703330780053,-1.1091776816174428
2016-05-02,1.07512006210826,-0.8777474996142113,-1.3535238951078645,1.3971443009073832,-0.3510074936993335
2016-05-03,-0.08378863429116742,-0.02529375002576565,-0.003602102543369362,-0.011589532450395675,-0.008143028525351441
2016-05-04,-1.2707728819306812,-0.14241442975957178,-0.8626024153695644,0.17137114157476424,-0.5461920701234187
2016-05-05,-1.7380056878551298,-0.8889839972911705,-1.718209036671865,1.2270186193403132,-1.2462721859906296
2016-05-06,0.6236333208305509,-1.2330089286536445,-0.5101802485777108,0.9224122634274431,0.36496397966709654
2016-05-09,-1.563944108358393,2.385787500653,-0.09135999448206,-2.3016403270351953,1.6175634678222515
2016-05-10,0.7668533085687143,1.3982075756093648,0.25059267441489863,-1.5487321106616387,1.1400680912226433
2016-05-11,2.363925592193327,-0.9521092977150701,1.0498322392087163,0.44308280445160864,-0.0727105973449762
2016-05-12,2.049500744228451,1.342563340187912,0.4250068909660133,-2.061015475800207,0.9470783281439107
2016-05-13,2.0355569865654433,2.195393747860962,0.4064200450703019,-2.9290798949748478,1.774431317389158
2016-05-16,1.4350591511453894,-0.289516577721394,1.2397922846700802,-0.27666587379765456,0.292521353627267
2016-05-17,-0.08378863429116742,-0.02529375002576565,-0.003602102543369362,-0.011589532450395675,-0.008143028525351441
2016-05-18,0.08307798303186704,-0.6444826189160405,0.30022084980267927,-1.1954368434675333,0.10065045778920079
2016-05-19,-0.7104688712172138,0.05861887420907079,0.17651973771662943,0.011789270607118763,-0.4584095568152413
2016-05-20,-0.9931237968511742,-0.8062549236256664,-0.0007170190310216731,-0.4647044446735484,0.2776089381325634
2016-05-23,-0.08378863429116742,-0.02529375002576565,-0.003602102543369362,-0.011589532450395675,-0.008143028525351441
2016-05-24,0.3557214868473645,0.7086001902898429,-1.3642504431498539,1.3922776313464373,-0.19604908090952095
2016-05-25,0.7465474150399083,0.13655571410665374,0.03777475986991329,-0.6673852654082341,0.1143922854225007
2016-05-26,-0.08748508194932951,-0.7233857074659628,-0.04679681523949196,0.15704551571156036,-0.40153901553266996
2016-05-27,-0.08378863429116742,-0.02529375002576565,-0.003602102543369362,-0.011589532450395675,-0.008143028525351441
2016-05-31,-0.12448219294583494,-0.5079611739575011,0.09808085323853136,0.3862843969769533,-1.184951216321774
2016-06-01,0.48691319107485254,0.4399586520404701,0.40817551534651003,-0.503152769014695,0.34956133606564577
2016-06-02,2.613473934857053,4.901663649927593,0.8347432553287588,-5.103732262119246,4.15433792128277
2016-06-03,-3.5662551828640083,-5.697540498880671,-0.9305540122953547,6.128342650645556,-4.761923380625877
2016-06-06,-0.9359277782958234,-0.5347050587164451,-0.26899398056400387,1.811938303015178,-0.19968868574404558
2016-06-07,-0.08378863429116742,-0.02529375002576565,-0.003602102543369362,-0.011589532450395675,-0.008143028525351441
2016-06-08,-0.08570218586881391,0.8089752002091639,-0.06693872551988497,1.061941909310115,-0.4137058997638691
2016-06-09,-0.5302897799600642,0.04655248052454807,0.27008000530953713,0.29805234210826426,-0.009694105447808176
2016-06-10,-0.26626962484660366,0.07853285806446664,-0.18003836126758796,-0.18907216761920098,0.12184918277926016
2016-06-13,-1.6171485151668556,0.7224749422349737,0.19466404817744154,-0.31110365468550705,0.0847781877660868
2016-06-14,-0.6453462481816514,0.20524345447668843,0.22034611004845234,-0.08693167278196057,0.5550082073225499
2016-06-15,0.4632990395443415,0.7646126797480098,-0.5122957780034176,1.209929896132193,0.583796461425813
2016-06-16,-1.4208201684670643,0.6281186821949325,0.7059514358480862,-0.20322000918245353,0.1436352242163996
2016-06-17,0.8542157616630671,-0.5936815731418674,0.05054317436924664,-0.5465403510926918,-1.0572048435189747
2016-06-20,-0.8422862843453441,-0.4858347864877544,0.44985414573452215,-1.172254060464825,0.1935101845000541
2016-06-21,-0.14765726332457585,-0.3869293640430517,0.2812724259967944,0.4395213544836913,-0.29685513929483975
2016-06-22,0.03237982843931457,0.13770112767363812,0.1247681209709583,-0.332024244024861,-0.6515109569444902
2016-06-23,0.7540828037205053,-0.11422545482675459,0.020202616916431156,-0.08192222835083134,0.44314958752753597
2016-06-24,-1.720092727014428,0.7304053128121926,0.5149236910014672,-0.28502280339036734,0.37674736046161006
2016-06-27,-1.162696676954393,-0.28158735970746956,0.26400131408012223,-0.12677274263753885,-0.19172729090870813
2016-06-28,-1.3715744922175381,0.7762295947409351,-0.09456049918163394,0.7136110648521358,0.011576952311741816
2016-06-29,-0.08378863429116742,-0.02529375002576565,-0.003602102543369362,-0.011589532450395675,-0.008143028525351441
2016-06-30,2.5862102051114997,-1.3418948034118767,-0.8878347043546895,0.6328705924732311,0.16232537059976965
2016-07-01,0.9526273518017017,0.09172951925795382,0.6050078148010583,-0.7665282972635102,-0.5735262272872415
2016-07-05,-0.8187565948154164,1.0383362265078104,0.17390122319222015,0.4424753538850951,0.15685501978173647
2016-07-06,-1.2428167257646687,0.4225330206168931,0.3369549093710064,-0.12482401016167916,0.2288070167521805
2016-07-07,1.4228305882771795,1.0293172691711245,-0.49941353667845534,1.0606739647188745,-0.8025899738854441
2016-07-08,2.702331254910002,-0.7709448194796071,-0.5011608727539003,-0.5035797389387612,-0.44688259164847877
2016-07-11,0.8251588283147233,-1.0823400487560144,0.9696415277105717,-0.09325492746652375,1.1664733723166547
2016-07-12,1.5613306499008701,0.18843681266915385,-0.02776295739067357,-1.0196907377471267,0.8786019083697074
2016-07-13,0.8929983211949306,0.6806941127112232,-0.049926492703804004,-0.5176685419473158,0.7441827489068176
2016-07-14,0.3037807552662897,-0.0996384960394201,-0.0894666133192199,-0.04968069150037047,-0.2473607584411848
2016-07-15,-0.04254337550130563,0.1308033634301012,-0.02796890929413951,0.13099898604097912,-0.3001915816552537
2016-07-18,1.8658257376053886,-1.731790274416991,-0.5161533949439725,0.5945555008793127,-0.9347993665731763
2016-07-19,-0.258666993349897,0.0239773378766262,-0.11543959658857458,0.5723752071703929,0.33032002851749115
2016-07-20,0.8680372305865629,0.3514615962680516,1.1118372481299552,-0.2748347468108854,-0.8628546184506549
2016-07-21,0.299276628567831,1.7598626432109994,0.4552268935161643,-0.6189590435907364,0.27594631843102224
2016-07-22,-0.777303994329306,-0.26260471440630895,0.3471843228987775,-0.3819167163004592,0.3550547900178113
2016-07-25,0.7106972148739292,0.8816170240573465,0.47094808027500723,-0.7752799294264427,0.7228439561104388
2016-07-26,0.7213931719185064,0.48882642709474355,0.3805915247196475,-0.019734166412559345,-0.05833110187234862
2016-07-27,2.491193129198864,-0.8118813511353932,-0.48798320129725375,-0.30518846764513596,-1.2151205657233093
2016-07-28,-0.08378863429116742,-0.02529375002576565,-0.003602102543369362,-0.011589532450395675,-0.008143028525351441
2016-07-29,-0.08378863429116742,-0.02529375002576565,-0.003602102543369362,-0.011589532450395675,-0.008143028525351441
2016-08-01,1.232002152734204,0.11077676199076435,0.5215129846493588,0.13631238054740788,-1.0282604579556316
2016-08-02,-0.6398052303872844,-0.10027118340531299,0.5020735413449269,-0.39622269369511404,-0.047795088103285394
2016-08-03,-0.8414748276654874,0.17420452193821823,0.4598294786551524,0.3129098647828705,0.7037577474475599
2016-08-04,0.1783103366314802,-0.5720024645352882,-0.4034053813136343,1.061020007698281,0.16004128090637765
2016-08-05,0.35915336759229916,0.0538881224674586,0.39807044694785665,-0.297369323304544,-0.8788063290399406
2016-08-08,-0.7752408873807384,0.40077474845185995,0.1503689095826631,-0.07160724057603622,0.7292824760591295
2016-08-09,-0.5222709522421397,0.21655355716620425,0.8748947496398428,0.020951359336037007,0.38537250165263853
2016-08-10,-0.7551577990789351,-0.8948335516542051,-0.8648405485739488,0.828240534234784,-0.5978308017539601
2016-08-11,0.3162849922385378,0.7142745964606367,0.10107849051688826,-0.7475058337978997,0.13066522538218894
2016-08-12,0.5027161945038099,0.1966636408522409,-0.7214395418309986,-0.4557712350136247,0.4560766464008076
2016-08-15,0.4115192931452718,-1.327385106704406,-0.8045456786193164,-1.5272563272048274,-0.22938513634363866
2016-08-16,-0.13998450930197348,-0.8994856681522396,-0.42100797365438986,1.4838987309335607,-1.1641440772916332
2016-08-17,1.0703860097789766,-0.019299816218422246,-0.162940803085826,-0.4032957991331644,-0.014116443019508507
2016-08-18,1.1917211727462793,-0.3096940915444595,1.264309405967193,0.13551591119772455,-0.8362001562526058
2016-08-19,-0.38539123456442514,0.6877668613195722,-0.2220427223365798,0.14788740115284207,0.0330494012105447
2016-08-22,0.4581368982915959,1.6842895823692294,-0.4381931014447849,1.5000277693275668,-0.20319568572879054
2016-08-23,0.2994742539618912,-0.8652739928727933,0.1120233072618439,0.8375994601496324,0.666010632375291
2016-08-24,1.1669999844234284,-0.4275167231546514,-0.368820752691061,-0.2731680044803523,-0.0036020736996899587
2016-08-25,-1.1313036278566588,0.03630334740014143,0.14652979457292353,0.7506896590657767,1.2459629549997067
2016-08-26,0.4209138672835616,-0.1936287136004456,-0.202812707627422,0.3386230526229978,0.13292640915660645
2016-08-29,-0.9169645560367763,0.10052668479942364,-0.039601854035432926,0.28487060548860943,0.6757667225075799
2016-08-30,-0.08378863429116742,-0.02529375002576565,-0.003602102543369362,-0.011589532450395675,-0.008143028525351441
2016-08-31,-0.22828555261942646,-0.14729385564927733,0.07146916036420846,0.21016010231500531,1.3096537494467964
2016-09-01,-1.4269393036120603,1.1618645518377206,-0.2969271352811975,-0.6732968002719879,-1.1865913147727867
2016-09-02,1.1989348036897975,-0.4679466856495029,0.3871000814099313,0.6674917305484604,0.025441640266164797
2016-09-06,2.508568320768525,1.01782627055996,-0.827930163365879,2.071451371419395,0.06063489686118585
2016-09-07,0.8100222940200926,-0.36078045830975014,0.17637922528609165,0.10283539977628524,-0.7482276561805671
2016-09-08,-0.001045743509082326,-0.231250355314708,-0.11747595700629099,0.21544602094722776,0.2835736347155111
2016-09-09,-0.7347521627175657,-0.061000124324795846,-0.0338161871136065,0.2601633580763663,0.22107311595564663
2016-09-12,-0.7126799787233826,0.5459706016790519,-0.6441891462057208,0.64404581865975,-0.27066281650885005
2016-09-13,-1.138861520716454,-0.4863698371303166,0.16971120486013475,-0.8147291744711582,0.11849775181116516
2016-09-14,-0.25862519761859876,-0.27973846475220854,-0.4530048085565091,0.497885857407448,0.6319210544339112
2016-09-15,-0.3185835430809031,0.3987308049843849,-0.4903021327093947,0.13983572643660494,0.13645210012319411
2016-09-16,-0.8689101702189722,0.2504545529868105,-0.5544227870140959,-0.1990419105856997,-0.01689644133329422
2016-09-19,0.6398374481412727,-0.14053780298994673,-0.5655356976417473,-0.5711830581557754,0.00401236244869477
2016-09-20,-1.275228987098929,-0.3456530059577335,-0.46812343796813133,0.49817498493994505,0.06980692977255787
2016-09-21,-0.29806689346492177,0.025424211535272544,0.13292884041938716,0.02497013659075519,0.3474892681561021
2016-09-22,0.893436731042882,-0.2937639107014509,0.23179385386762086,-0.05950185764212329,-0.44566558008331186
2016-09-23,0.2571291964664822,-0.24718010955738204,0.8045404099557907,-0.09428995903762655,0.10228609762686919
2016-09-26,-0.8836549063118833,0.47795890806816194,0.8302251770909357,-0.20883114173198902,-0.20591854127009576
2016-09-27,0.06449861034740775,-0.08588188892055917,-0.0030025856499236057,-0.12302288907124204,0.028744923148125816
2016-09-28,0.20964906414216009,-0.3471421223655593,-0.17942902589141313,0.33071630128993984,0.6906200345332457
2016-09-29,-1.1007677802108748,0.041750864917480646,0.38200341357757017,0.27063167532408666,-0.01491156061706775
2016-09-30,0.5288679562907584,0.12510191368590798,-0.05146417270245175,-0.3551368166927986,-0.002056570877534173
2016-10-03,0.17599990350984138,-0.0424827382073468,1.1571122120249684,0.31289541937811294,0.06758594626073955
2016-10-04,-1.1946872924506597,-0.6963909681780298,-0.019033726463807844,0.9576828854896375,-0.6916328345827315
2016-10-05,0.12582374361884316,-0.13025447794386433,-0.5750506840192221,-0.024985777550308147,9.779131381388377e-05
2016-10-06,0.08944808673681807,0.021207919198617673,0.5017612734457239,-0.01656976706579355,-0.4712239950773758
2016-10-07,0.6937860865217421,-0.6785451976850955,-0.5338989150626767,0.29202665515606974,-1.1062530640250503
2016-10-10,0.08710872317578913,0.06793526640214893,-0.019933194876663143,-0.005933999641989112,0.5575699867132358
2016-10-11,0.15366749922703146,0.42728906877583894,0.7437843107784519,-0.29129192427277606,0.48191920035228897
2016-10-12,-0.12525156804255075,-0.3421647813371979,-0.5658255156984444,0.09761949212263199,0.17958703487123365
2016-10-13,-0.6513873660403335,-0.4295885630397809,-0.5009764864817198,0.3952708888790278,-0.3250034039567188
2016-10-14,-0.09286840455879798,-0.7696073835380561,-0.19566928458064614,0.6510303699433487,-0.8076498397901929
2016-10-17,0.2708539797791166,-0.881520974373102,0.8956092144694132,-2.1382084577366554,1.332402173441126
2016-10-18,1.2539041744104653,0.004208444619293539,0.07760676658969148,-0.5634753169604146,-0.4227924874318766
2016-10-19,-0.05860179363071802,-0.041533530716713285,-0.009610244791539121,-0.017936628869464212,0.11817133606159061
2016-10-20,-0.49553292974101715,0.4049487098953538,0.15189498202103544,-0.2755347930183835,-0.007569374398760465
2016-10-21,0.6638108782898262,0.09612055319381163,-0.016027341813945415,-0.48977488916904105,-0.027313637364568315
2016-10-24,-0.001151475750735219,-0.020312179335954358,0.002578951413922459,-0.08141051948720043,-0.1490162937955258
2016-10-25,0.24490207109322346,-0.2066709960101697,-0.23843831090607515,-0.02637073166170487,-0.18987019872256258
2016-10-26,-0.006153486692413622,0.24960078921507933,0.09690980542206339,-0.31348081709858444,-0.3309128959426015
2016-10-27,-0.346401391803197,-0.01165979536020518,0.30707891295612344,0.11330550547870008,-0.2942361433466468
2016-10-28,-0.23124743015443897,-0.1471790309541823,-0.21464574498669559,0.8064552446163664,-0.5227270141447572
2016-10-31,0.18853544358907023,-0.2043996368711021,-0.24469592263108153,0.11382829521668794,0.6689483548829565
2016-11-01,-0.08378863429116742,-0.02529375002576565,-0.003602102543369362,-0.011589532450395675,-0.008143028525351441
2016-11-02,-0.7798070508025561,-0.4836810283699986,0.0233870086724538,0.559129025377638,-0.8289059026634126
2016-11-03,-0.8147214527885043,0.47738868493631176,-0.027431341683867936,0.09701973197855368,0.2407406421173355
2016-11-04,-0.6181594208949,0.6923520282330176,-0.03487722591485437,-0.5119697865328088,0.3679698724664792
2016-11-07,-0.3961990496577532,0.6241780683877969,0.19420931276227354,0.3680233407307691,0.3353181866913292
2016-11-08,0.1358130509835521,1.659758777194759,0.28398616114535125,-0.38233741194519866,0.6993631051760595
2016-11-09,-0.9688041474229485,0.1058504712587186,-0.17358313525656238,-0.5836901475356064,0.8690962707277368
2016-11-10,0.5674500207163853,0.7178556845221126,-0.7560714456369162,0.5802766235868944,0.4314920306448196
2016-11-11,-0.22219158495487415,0.040201353036058686,0.28044335900705475,0.028492277784320348,0.09927242606861719
2016-11-14,0.4761587971193541,-0.07705128127613044,-0.43199278178157663,0.11201243445316277,-0.4653209396360611
2016-11-15,1.422467609961147,0.858519972038773,0.9840428322525454,-1.0295413664998794,0.5127983324248966
2016-11-16,1.076760957276996,0.4016256003119571,0.222898559228943,0.23826059757733276,-1.0121134133887697
2016-11-17,-0.08378863429116742,-0.02529375002576565,-0.003602102543369362,-0.011589532450395675,-0.008143028525351441
2016-11-18,-0.08378863429116742,-0.02529375002576565,-0.003602102543369362,-0.011589532450395675,-0.008143028525351441
2016-11-21,-0.9604382644726963,0.2880578523308275,-0.231363712863377,-0.08573617213246285,-0.026170037062779018
2016-11-22,-0.402674215535926,-0.006268269771362183,0.02758652695851078,0.0024624395037062857,0.0034454984933015445
2016-11-23,0.5581086181641322,-0.5202122709261351,-0.11119089699144416,0.0659899405696713,-0.22265184766954244
2016-11-25,-0.7916934563016762,0.3284753604821014,0.6278254539723508,0.054776894247920475,-0.5521357106585032
2016-11-28,0.15517549580925644,-0.5880650331012527,-0.16364525070089414,-0.172887962384768,0.09898514292767494
2016-11-29,-0.1512986928994588,0.09723900138437297,0.06108387061256346,-0.14659573753958163,0.20263368846416271
2016-11-30,0.4791529248801131,-0.331670524012228,-0.07351519835857724,0.1807156423091993,0.12180824667006335
2016-12-01,-0.407395354202827,-1.0588781241704186,0.21129805182619005,-1.329582139844347,0.24794044975629836
2016-12-02,-0.0376419755762621,0.07253537022328746,0.21675269735857552,-0.18672541216396107,-0.20626587230020937
2016-12-05,-0.5195081082358095,-0.5594576916692674,-0.07264751334373858,0.5752395323022055,-0.32218040755473465
2016-12-06,-0.2949706803568472,0.22002253485810735,0.13944222128561812,-0.3410258079600277,-0.15207138385876048
2016-12-07,-0.3007686397686188,0.25101001264788775,0.09402298674341236,-0.4866122338062428,0.28936441891626985
2016-12-08,-0.08378863429116742,-0.02529375002576565,-0.003602102543369362,-0.011589532450395675,-0.008143028525351441
2016-12-09,-0.42801439414866227,0.12302307905788501,0.05823898049075085,0.011954288949026608,0.2905035813023924
2016-12-12,0.010291071508171575,1.1521461356359048,0.21752631326928257,1.1775881892648283,0.37076006100501047
2016-12-13,1.4856857620820854,-0.0278845687452376,0.9064900701631953,-0.5188369055003459,0.06035871681779086
2016-12-14,0.2965575142260178,-0.019714722792631888,1.3836042051291737,0.29051862428218156,-0.43680323762687245
2016-12-15,-0.23546524121704043,0.3256041639178387,0.2538333552875035,-0.24759546175275252,0.34523770698605283
2016-12-16,0.2983942439890538,-0.6636893600141207,0.37531795685642366,-1.0071493082869836,0.1409249933131239
2016-12-19,-0.3762630974792349,0.07977890758826835,0.949254183963929,0.29248728984984634,0.1903432455706626
2016-12-20,1.1765634245740326,2.20512072552556,-0.12142744443576381,0.7523474861027745,0.5203178620672867
2016-12-21,1.979495657878763,0.5033613308125854,0.9716249568692874,0.5784162371588405,-0.07887478645518535
2016-12-22,-0.052485407049304475,0.06289840851294275,0.48012995021513255,-0.027570266279745348,-0.3903196727403423
2016-12-23,0.2868078222763349,0.5035182894553883,0.29514931564233227,-0.5378684313421929,0.44012843969053056
2016-12-27,0.2251520709162901,1.5048286271259446,0.39001111413946876,-1.4110757916955092,0.7880054731958948
2016-12-28,-0.377031151266273,0.03096369119373447,0.17647469423216713,0.19533910929041431,-0.12371024955834442
2016-12-29,0.28670988718347,-0.06213291173150001,-0.11999345221236159,-0.10976575022883678,0.028539262127578922
2016-12-30,-0.765075804366294,-0.8867650773845176,-0.055502854444900884,0.19149073041548434,1.4634104808347523
2017-01-03,-0.51112007283796,0.6141598244117417,-0.1235348822971402,0.8412893135386762,-0.006650525182352022
2017-01-04,0.027611052078093046,0.23525104663177215,-0.22449673761752284,-0.4207846031460095,0.657064137226778
2017-01-05,1.6264921626669775,-0.862029915496848,-1.1045156695635767,-0.8092721950119933,-0.47774060094645115
2017-01-06,0.1463680486025522,-0.17415877660907605,-0.2295293867248117,0.14430813770465192,0.1518449301699747
2017-01-09,0.12964608328640315,-0.8044410312415843,0.1553548577407679,0.03672831818179026,-0.6017668657868226
2017-01-10,0.7582069033895631,-0.4829161656484103,0.9883051803342133,0.5811413143213199,0.10263874697808524
2017-01-11,-0.4315194843429822,-1.7340436122402112,0.3424641963869315,-1.320393862129214,0.0915733784107638
2017-01-12,-0.9298154911369662,0.39252599267926636,0.3135812239038225,-0.2591201233664772,-0.15187382493214555
2017-01-13,-0.46863307244210284,0.04884783597719205,-1.585348696791484,-0.4964177310844771,-0.034704434784386784
2017-01-17,-0.9516961678506034,0.3728611378981953,0.27271165058504937,-0.18213732836633123,0.28941739666948446
2017-01-18,-0.005660804092410589,-0.16303790259602613,-0.3722562599819612,0.122156943061231,0.004233271919904293
2017-01-19,-0.43212765800579456,0.2574127494164187,0.024723203400798307,-0.32276855721135406,-0.35264141365384627
2017-01-20,0.01523867392251006,0.17992704963106265,0.04377143739187318,-0.3080584272511121,-0.43498979466520155
2017-01-23,0.5794665958294228,-0.15957891501471413,0.3934969318619626,-0.04101544922383485,-0.5367474069377465
2017-01-24,0.4965307951154513,-0.2504518949558591,-0.5753138126466402,-0.012627702567488741,-0.277946065117185
2017-01-25,1.0654673736676106,-0.45999376461962116,1.1341864779865682,0.48632081875004707,0.7666694036541155
2017-01-26,-0.7044132196153334,0.19093519058248648,-0.8728137340497653,-0.41218915701159925,0.08404627562662233
2017-01-27,-0.5488565621056345,0.3096898151659417,0.2349596375531246,-0.30280105886755315,-0.23146257916121826
2017-01-30,0.7388496533614662,-0.5203842497692566,-0.05503545777397925,-1.0716283493730168,-0.7441202603953965
2017-01-31,1.7835260476300898,1.0192589001781969,-0.052227588496019446,-1.4353846882955954,1.078066172877275
2017-02-01,1.3083977091590566,-0.5695231683991064,-0.6479841887811806,0.8075664872387005,0.7487599185996932
2017-02-02,0.3052682770839779,0.2073246349871172,0.8427482485847395,0.429737228593824,0.02197967773714951
2017-02-03,0.33286213608977494,-0.17103988894998887,-0.10116714123185493,-0.027308162929868384,-0.25187537087635314
2017-02-06,0.07346594772939607,-0.34815464813031727,-0.03228571831681476,0.164397867788201,-0.69375664689731
2017-02-07,0.06902104769700564,0.03496541861829017,-0.6849569225928018,-0.4560458223513888,0.06376117091988649
2017-02-08,-0.17535956378875753,-0.2633815435042843,-0.7450915998768939,-0.7581381116469537,-0.1547377301931546
2017-02-09,-0.7397066578594291,-0.04518853362871802,-0.23795778756891733,0.05939558494747421,0.03005159243282381
2017-02-10,-0.05096495553849502,0.30279420095613646,0.5717327171205576,-0.33597587490967845,-0.7030423775117838
2017-02-13,0.4257331300568925,0.370840792645244,0.21444570190007164,-0.8177831290222255,-0.7470870455165596
2017-02-14,0.3857193481707211,-0.13038704440015483,-0.012392023511900245,-0.2591358864411504,-0.8861433101420872
2017-02-15,-0.14642662676760201,0.10197002159606068,0.1307930843517475,-0.22321453263886687,-1.072583813105787
2017-02-16,0.4137949170813783,0.2912587763493101,-0.28298478369608465,-0.05653187644665261,-0.4118079143637751
2017-02-17,-0.7869869736921841,0.3653644486182793,-1.0937584315098423,-0.5703188656346101,0.16892418776074297
2017-02-21,-0.012808943611494773,0.08872113364939901,-1.0439998247129612,-0.596821310234334,-0.12671178045404782
2017-02-22,-0.32574231932465525,0.3165864294721923,0.027910925961880075,-0.5273434085284092,-0.48134307485203637
2017-02-23,-0.5072630993471624,-0.04305868365143524,-0.6404213183826304,0.14809205348109086,0.2555916707084382
2017-02-24,-0.7534266434577016,0.39580607881845703,0.08449859955814504,-0.1442696459135814,0.6105470532586447
2017-02-27,-0.5492616381666141,0.1508168711761559,-0.3393623253564729,-0.19718906683818754,0.32346882270466004
2017-02-28,-0.2550141115827863,-1.7993954414941595,0.2508511478965465,-1.4280913690531094,0.24794521855930207
2017-03-01,2.433256870048635,-1.5706031715031699,-1.518061306379936,2.068479114044271,3.7873973492572928
2017-03-02,0.5318888971956187,-0.4373141121982473,-0.4841898232413603,0.21680739427651025,0.9503818667315511
2017-03-03,0.28219736442305104,-0.05201680976145068,-0.03023648438034843,-0.17667683555803607,-0.08232677224225393
2017-03-06,-2.465719249008703,1.2515392981032818,-0.058520091541094166,0.3382223051980926,0.5276774283810292
2017-03-07,-0.31134347004445556,1.244186202965967,-0.054980642058937164,0.6175926965795572,-0.6658935160876419
2017-03-08,-0.4000140199353915,0.07054936468128502,0.06244155985770675,0.0002520816060534929,0.2987878136653258
2017-03-09,-0.46172862705727363,-1.1455771175006177,0.4349548252992926,-1.2972943149272729,-0.12882138469545207
2017-03-10,-1.3566071516847162,-0.0498040101589982,-0.03556318096117264,0.7217970596870881,1.8280950724614438
2017-03-13,-0.30734487089243406,0.4684875942662198,0.37033883462785583,-0.7057472887948031,-1.7124893838288002
2017-03-14,-2.4792888321996878,0.887554032221265,-0.9597593171541493,0.5991662014558972,0.9152188444983972
2017-03-15,1.4268579583044287,-1.4190866741863364,-0.6215831883636689,0.36146535336928176,1.6835163951349865
2017-03-16,1.7517029822970351,-1.0622244778256544,-1.6417852895772072,1.050370260915758,0.7452744782743359
2017-03-17,0.466333221836183,-0.49672489862410624,-0.40498543434574874,0.44872422398780376,-1.2375670044633114
2017-03-20,2.1575290681891306,-0.3076162494119504,-0.18560299298478336,-0.48540965261438335,-0.3844252311815617
2017-03-21,0.27388307115224114,0.03784011167806211,-0.5515987695656535,1.438537800832292,1.8222528717925293
2017-03-22,-0.8843698227748858,0.2198558081857368,0.22209676427424,0.19254422076750985,-0.12386612224327838
2017-03-23,0.34077092090945615,-0.25002313413414834,-0.05687979282715373,0.047040298844754795,-0.4753101004856809
2017-03-24,0.8822837851059177,0.2738624635172376,-0.42406433171443,0.7524687083880031,0.2872780216757146
2017-03-27,-1.2031153641159567,-2.2253227246191827,0.25839473906876026,-0.622255361286518,0.7877836431194142
2017-03-28,0.6320183647595137,1.824715050445965,-0.058686331043233786,0.9829638776733751,-1.2457891686456606
2017-03-29,0.7016970204934604,0.21460021885315003,-0.04574123690423325,-0.32420913531057427,0.06540916548900517
2017-03-30,2.09559697603858,-0.6557211679350008,-0.16005029677486837,-1.4336708598921253,-0.09752572599351376
2017-03-31,1.7001817027844428,0.11747647594299396,0.07316298163487076,-1.255582297259854,-1.1274910208352202
2017-04-03,0.33514050912324717,0.6814703073922221,-0.0339563537725529,0.10490433268533601,0.090787630259239
2017-04-04,0.6376218309637438,-0.05030661312202523,-0.04231015554962908,-0.30682763305205774,0.9127989649057796
2017-04-05,0.5836951102643463,-0.17945025942384588,0.30523627072292187,-0.09098590394923525,-0.18837854588546496
2017-04-06,-0.7730179069450455,-1.319288591341865,0.24537256980871236,-0.5045383045094086,-0.4856798937829441
2017-04-07,0.2051802243104575,0.9938617308923893,0.11195691541907382,-0.4591736842994193,0.11783852606703504
2017-04-10,-0.552186814753792,0.3200549348098473,0.02451181211657457,0.20243375262844912,0.2449301779734055
2017-04-11,0.8394857721779538,-0.33641562619513954,0.37237671763188906,0.12216184976026623,-0.46804319680103956
2017-04-12,-0.5850691551930013,0.3902309146692878,0.18093173082342534,-0.08644763592791599,-0.04112428666232011
2017-04-13,-0.08378863429116742,-0.02529375002576565,-0.003602102543369362,-0.011589532450395675,-0.008143028525351441
2017-04-17,0.6913474598863983,0.11932995839768355,0.44964049763608954,-0.12698186211320542,0.5611626883515357
2017-04-18,-2.2572337093949777,-0.3206582079300713,0.06199498893096502,1.4456269785683282,0.4864579099386792
2017-04-19,-0.08378863429116742,-0.02529375002576565,-0.003602102543369362,-0.011589532450395675,-0.008143028525351441
2017-04-20,-0.08378863429116742,-0.02529375002576565,-0.003602102543369362,-0.011589532450395675,-0.008143028525351441
2017-04-21,0.414297729794883,0.07489433724028917,1.7228512705312558,3.1385045842093975,-2.173714594948076
2017-04-24,-0.08378863429116742,-0.02529375002576565,-0.003602102543369362,-0.011589532450395675,-0.008143028525351441
2017-04-25,-0.6870928596896135,0.435082900096628,-1.6194583936264932,-1.1888924520205724,-2.5961093896512413
2017-04-26,-0.6260340300994544,-1.635112955147248,0.20136332842555996,0.4557928119875171,-0.9264192477304753
2017-04-27,-1.5194145807772355,0.1231276798589868,0.45270351519381824,0.42950579859407334,0.943623613667224
2017-04-28,-0.1306704406306273,0.022261418211163085,-1.4063720483702142,-0.46863392077456717,-0.12163785266442285
2017-05-01,-0.08378863429116742,-0.02529375002576565,-0.003602102543369362,-0.011589532450395675,-0.008143028525351441
2017-05-02,1.543005899926837,0.5791019577994146,-0.04527407267321604,0.07705321299842044,-1.7389081123262824
2017-05-03,-0.1658458582878394,0.016136012438223706,0.8778860714018567,0.7101603818889015,0.03511553097920638
2017-05-04,1.0636201394423808,-0.41381302606729675,-0.40058089771692496,-0.11766498440161649,0.8915812545716401
2017-05-05,-0.2587732759813872,0.7374852873933597,0.11805576279430015,0.5990453236588336,0.19652420539963203
2017-05-08,0.34079748097781953,1.7039638603054188,0.12452674044461737,1.324847901915111,-0.500332014370299
2017-05-09,1.5363762477527916,-0.2695036747810348,-0.09551744245787125,0.14024346898032722,-0.13378163687149175
2017-05-10,1.813707795491349,0.19003581648360424,1.0158314116986829,-0.9642813001453165,0.8322478133815346
2017-05-11,1.4530385998226858,-0.15656241555192368,-0.2890464536482819,1.2724261692931742,0.5946297151025366
2017-05-12,-0.13599906351512034,0.4584022219378626,-0.24104034780194916,-0.6853799942547125,-0.491915162484498
2017-05-15,0.2953754663559385,-0.0564989562036105,0.4362505931189683,-0.04360450770041405,-0.5085637188837924
2017-05-16,-2.0606162339022647,1.415290001299269,-2.0714369943113673,0.6060325429991607,1.0006628207309876
2017-05-17,-0.813878950037865,-0.6494266040828787,0.7388687456244986,1.011506718583063,-0.35686675084457675
2017-05-18,-1.3677025211382743,1.431989831953369,-0.8594395639107676,1.7112984300473264,-0.17288218753193335
2017-05-19,0.6907215059904431,0.3239872583422241,-0.8499980476719944,2.3603471697441396,-0.27637830624813187
2017-05-22,1.6447447145210674,2.7166335458408164,0.2877345020153398,0.768866861478062,0.7727758933427045
2017-05-23,-0.32776638224748983,-0.8711420984406667,-0.3898357033053209,1.4347604582662763,-0.09037764808228405
2017-05-24,-0.43966921375092527,-3.669378729488718,0.6952626492163538,-2.980753126130381,0.12977437264383931
2017-05-25,0.5377196759880176,-0.38242585149895136,-0.06580298486108413,-0.38656089962385004,-0.21801648292395578
2017-05-26,0.5949917713151215,-0.24945024407996266,-0.24585522463731335,0.2920266593667375,0.4251585573400881
2017-05-30,-0.5089371720999496,0.5421009915021939,0.3346386823133506,-0.5489735593671808,-0.9087379272050508
2017-05-31,-0.580128483819149,-0.8848972713618269,0.9801725654454494,-1.6405882237539173,0.4102764500481624
2017-06-01,-0.4723210097179375,1.6182595591658586,0.021695396872065672,-1.4429833769949068,0.948163349934486
2017-06-02,1.0857184514064635,-0.5155518531882132,-0.9556194152049271,0.304163927034886,0.7008462463425164
2017-06-05,-0.6413235620493403,-0.2401812707131191,0.10122341595864141,0.4155790638935121,-0.04863744520435354
2017-06-06,0.21925588977320334,1.0570109829012384,-0.23995132165949265,0.8578775593351923,-0.10040447374875457
2017-06-07,-0.35451790365154,0.5338836035573149,0.6490156433612196,0.5498160707947695,0.0662570952471597
2017-06-08,3.2647932418167156,3.151033479077315,1.0399121479786715,-3.74555533328259,2.834561894247465
2017-06-09,-2.6834160414997394,-2.8515892937123493,-0.6936578295907857,3.517982478576441,-2.7260397947263857
2017-06-12,-0.07092392186511966,-0.08078343994079401,-0.043563775556112454,0.07460094251534564,0.16185496494789695
2017-06-13,-0.7716000554104165,-1.560385671115194,-0.47856653239745717,-2.1185948466452076,0.5308689389488979
2017-06-14,-0.2437700687094455,-0.17691243531580503,1.0763377707295174,0.4701425167094275,-0.06293174836369372
2017-06-15,-1.1548536626282244,0.12451093243287549,-1.0990030766969283,-0.20856538223103088,-0.047579681860794795
2017-06-16,-2.226897382020034,-0.5617717824000447,-0.9821132702297151,-0.5253754950422895,0.4481097158497743
2017-06-19,1.0869876742135471,1.3008103937322668,0.9812237109389659,1.6794632064068933,-0.40201739312002344
2017-06-20,-0.9487623765045787,-0.25698887617492294,-1.1655238605326492,0.16743019528894976,0.05874740006092566
2017-06-21,1.6604949365688013,-0.2388532953500791,0.06870234608435039,0.3067817252295043,-0.9477771485626072
2017-06-22,-0.04609722908826754,-1.15556548716314,0.548401194839705,-1.1887938355440457,-0.4650172265537001
2017-06-23,0.059064742386765914,-1.2813309256684557,0.24164522840302133,-1.1938065222517658,-0.43211842790656707
2017-06-26,1.1670153128956464,0.18898547945304445,-0.132152824969759,-0.5893983808105149,-0.05906686081946451
2017-06-27,0.13669631408506125,-0.4649942921904841,0.3291264022083628,-0.17481332282223194,0.3820369090945026
2017-06-28,-0.6917537136573862,0.29851972095243806,0.3712190974329735,-0.15910943636765248,0.18127646536774972
2017-06-29,-0.08378863429116742,-0.02529375002576565,-0.003602102543369362,-0.011589532450395675,-0.008143028525351441
2017-06-30,0.9364129174705896,1.4189885561227569,0.23646872249570322,-1.5529144161809203,1.638152751870026
2017-07-03,-0.16626098904613817,-0.4448663923858964,1.088882332968224,0.6651677452516036,-0.6504678227685892
2017-07-05,0.6941813457266559,0.6638116293835241,1.133175630706997,-0.041729152323830065,0.4027589093745985
2017-07-06,-0.2108556338070368,-1.2882214827431737,-0.10235189149996421,-0.8273770830865286,0.4292977813779471
2017-07-07,-0.668708360286392,-0.6520058346390922,-0.30207009934846024,0.6510329709053893,-0.7840396884872439
2017-07-10,-2.093055649745753,0.45751012513276373,0.3247556116133143,0.455168893725392,-0.4129518575019574
2017-07-11,0.7731662075711332,-0.5487107438873672,-0.13706032714816546,-0.10059684167330593,-0.34193053108759053
2017-07-12,-0.5403908133714121,-0.22731179234849017,-0.19275155926995988,0.691381274049211,0.8096906219842374
2017-07-13,0.4349470556222492,0.06951923032030294,-0.04815039968299745,-0.254444025156973,-0.21960624602002266
2017-07-14,0.3686303197101045,-0.25849482722705536,-0.16568525524993852,0.11586596335375099,-0.05980474795616812
2017-07-17,1.6653124166346789,0.4989354131608235,-0.577409593542703,-0.7722402900967573,-0.18050600770343428
2017-07-18,-0.8494813033449765,0.12581312793665814,0.5982914914335541,0.9186025102558244,0.8398264373305346
2017-07-19,0.6646567619457303,-0.12735292609088938,0.16423614996626276,-0.36136298777058684,-0.028878890116278207
2017-07-20,-0.30420108589163763,-0.6161247473155218,0.16945620737475428,-0.6217066848309625,0.2444583540896371
2017-07-21,0.01251972101117793,0.30261068206413744,0.07602928919479225,-0.22319865070912634,0.527044896127734
2017-07-24,-0.1707650232040757,0.2785054440772549,-0.10121568970997441,-0.3807023543953732,-0.14835840740397566
2017-07-25,-0.21029233759719917,-0.2305241835196859,-0.32250841848336564,0.20737675109092318,0.42313672606327934
2017-07-26,-0.6549447086274242,0.23173537538166214,-0.28875977894995375,-0.2106150287195851,-0.09990445179866139
2017-07-27,0.8977686776332731,-0.3627895429786453,-0.7017866143018443,-0.12523935873165234,-0.9321668907778355
2017-07-28,-0.08378863429116742,-0.02529375002576565,-0.003602102543369362,-0.011589532450395675,-0.008143028525351441
2017-07-31,-0.9778975801575787,0.03220869688485386,-0.07228494922285067,0.6824609239621953,0.21198725858122935
2017-08-01,1.2635944802695676,-0.46187474218023583,0.1394560795839212,-0.2160591407959622,-1.1810380144094983
2017-08-02,0.42396918989023974,-0.5992030475110288,-0.3044954631241585,0.7652301386271414,0.3837813906780258
2017-08-03,0.2128392719430491,0.1572596963388685,0.17366513113855664,-0.4279940735008182,-1.3548619330921996
2017-08-04,0.5922384023317817,-0.12274531199197347,-0.09606426696931378,-0.08564082915758321,-0.36203598511177326
2017-08-07,-0.18334116533099723,0.43845977053897367,-0.04586346519872539,0.2644567562420457,0.043606873100799
2017-08-08,-0.31572120078855015,1.4659790402660462,0.42493752369849,0.7544906052408542,-0.6042420990916267
2017-08-09,-0.01900393101133511,0.5898797713115275,-0.20643216451827026,-0.7190459930823515,0.6482348704446642
2017-08-10,-1.1602057701068844,0.26080923483586593,0.07724266838044948,0.15303801102507386,0.6627282302395208
2017-08-11,0.23450286721943106,-0.13470693675824938,-1.2867915053512844,-0.4833580627417808,-0.47860173426604236
2017-08-14,-0.2496563044236942,-0.1210785767870419,0.1318523934046762,0.0948115472454426,-0.4938906393738019
2017-08-15,-0.40604846930471095,0.3497604476607469,0.5988169558727621,-0.03813764335466821,0.025193242359331305
2017-08-16,0.8090326110395819,1.3467290991830878,0.6814425939977251,1.6630510066720037,0.2267004071142464
2017-08-17,0.4031349937886333,-0.4741548703464364,0.09986707347253859,0.5256633509838495,0.9073660409603551
2017-08-18,0.6902356142633351,-0.3417705063798685,-0.39335653303382145,-0.027118879050527504,-0.1975074463047421
2017-08-21,0.14681627393962207,0.29509351759572117,0.042735193442272446,-0.4460018367129082,-0.21639756589404202
2017-08-22,0.9293568800456646,-0.26420764567914196,-0.4568824927971223,-0.1332433671598294,0.8674893297658827
2017-08-23,0.1913219542200741,-0.7002814246334844,-0.46337301871820946,0.28232040879956194,0.37453959680026644
2017-08-24,-0.00577014097511559,-1.118382677019673,-0.5660789587336869,-0.7880445088779227,-0.7074596759597307
2017-08-25,-0.8424820392579955,0.703958858420425,-0.2723942758625435,-0.0589412920532667,-0.4510102983222028
2017-08-28,-0.1788772427179507,-0.0556926337322625,-0.41921174197677324,0.02257018449145312,-0.12099229938584653
2017-08-29,-0.06143171149391942,-0.6335793479610417,1.2763591150749338,-0.6717777142515415,0.6935252952789505
2017-08-30,-0.08378863429116742,-0.02529375002576565,-0.003602102543369362,-0.011589532450395675,-0.008143028525351441
2017-08-31,1.1518203990683658,-0.732191033689423,-0.5447471307008189,0.4762843539186388,0.8603160693048691
2017-09-01,0.7881024851668503,0.32777389857770484,-0.30493195335870743,0.46579077750650233,-0.06339355778578706
2017-09-05,1.260545529885192,0.3522593459059586,0.7305741612504317,-0.011665075317398022,0.19786388520558887
2017-09-06,2.266921923629148,1.8784524803476483,-0.2109431897683684,-1.722683564576474,1.2544134077748805
2017-09-07,0.41307990801634276,0.05070562731708722,0.16950773050411838,-0.17740223795244625,0.34665110792665677
2017-09-08,0.25498473298921986,-1.5446651728688772,0.1857105652950299,-1.2434107952046833,-0.7089186487003587
2017-09-11,1.180983696092508,0.29771068607102547,-0.4872693027674688,0.7381815971744752,-0.5599312866639429
2017-09-12,-0.9723200943514022,-0.7002038792249419,-0.44196735842647644,1.1253031849946602,0.515522619277084
2017-09-13,0.11014778367737837,-0.3290512124888597,0.28599640590860065,0.4420608360755479,0.14615976469063177
2017-09-14,0.1267564090374593,0.28731892073957205,-0.16474407126510215,-0.4151104967536785,-0.1657487955203665
2017-09-15,-0.08378863429116742,-0.02529375002576565,-0.003602102543369362,-0.011589532450395675,-0.008143028525351441
2017-09-18,-0.09460258893645478,-0.15191756457918953,-0.22673709903157768,1.0235325725840838,-1.3955997618846379
2017-09-19,0.8064409569547845,0.08363719935245677,-0.02543316110137448,-0.5346154069087464,-0.336541253262094
2017-09-20,0.7399795009010457,-0.29259070798385217,-0.185196428839616,-0.04254238097594112,-0.6622165937959893
2017-09-21,0.2937750918362632,-1.7275845720605767,0.3699097418146856,-1.3194659988405835,-0.06189583789236819
2017-09-22,-0.18417496662315935,0.18687615394993848,-0.08797468752876489,0.34644983056131906,-0.3497683637039435
2017-09-25,0.8551750044896409,1.1915618600918276,-0.3276427317993237,0.7970830081285404,0.049254921630800336
2017-09-26,-0.5243746551061803,0.11969517778071004,0.14108825228943148,0.018345330128971344,0.33906699748190483
2017-09-27,-0.0004298309563650463,-0.003657716580198664,0.31313261919585694,0.027843102968161705,0.15812553334007337
2017-09-28,1.3109185345245926,-0.2913011864692993,-0.22449490445692188,-0.23163239623014562,0.024373389056958204
2017-09-29,-0.26334371348581254,0.2619682553115523,0.4985439344035676,-0.0898555608334485,0.6433121960229583
2017-10-02,-0.42852515924642526,0.02746033437299503,0.12387986804192358,0.260266126839983,-0.4053889228480314
2017-10-03,-0.08378863429116742,-0.02529375002576565,-0.003602102543369362,-0.011589532450395675,-0.008143028525351441
2017-10-04,4.048156184904937,-0.81489538480541,-0.14907808375964604,-0.7220845799006268,-1.536532967909114
2017-10-05,-1.9976010847448187,0.009563989966046576,-0.36092496822634246,0.6009054710769833,0.16285725446326835
2017-10-06,2.7736196640364525,-0.05981763501604338,-1.0529451216559562,-1.0289673513745794,-0.11252227950406116
2017-10-09,0.5275549259877974,-0.21060875644148494,-0.08849142124958073,-0.12700875143067114,-0.47926930551578617
2017-10-10,-0.6716308579881625,-0.030041262912121513,0.16241331230253844,0.0605626307607944,-0.6335956538681248
2017-10-11,-0.13505696553931557,0.00532045951090034,0.015274050404745837,-0.009579542311204954,-0.0828175393508241
2017-10-12,0.5734372653701467,-0.23405214105929886,-0.007590397351753739,0.003573249295943073,-0.5250530739688587
2017-10-13,-0.12999983856636554,-0.32455942473957256,-0.04041551445072782,0.20485134770338728,-0.6349370050289417
2017-10-16,0.3371157330641646,-0.16262363411122036,-0.05076436322409114,-0.014166808206854894,-0.32212974990133697
2017-10-17,0.16942503318903082,0.9314229655416547,0.2192892577154383,-0.8715804087716585,1.327521084313198
2017-10-18,-0.8148793317258918,0.17583883113963783,0.3434830536043325,0.1955514070413943,0.38742421475187655
2017-10-19,-0.5911002330664211,-0.3417772477796463,0.05062511773125204,0.4332784754614316,-0.5504181537601921
2017-10-20,0.06955866137148707,-0.09317913709842959,0.13693422148644102,0.051904056506140814,0.08769753915492393
2017-10-23,0.9171702983953165,-0.4155952495163299,-0.2225273774261153,0.04145428393636942,-0.4663775703651309
2017-10-24,0.5162940843080392,-0.16804475937103777,-0.09258121227042229,-0.14672392440634724,-0.5385591880123087
2017-10-25,1.1325052596816323,0.48836002074078344,1.6830945523788279,0.8632769177697021,-0.08423729967848566
2017-10-26,1.4575203789925997,-0.9380158577666484,0.6676615159216835,-0.4677831731894736,-0.7554680673401055
2017-10-27,0.06467038307121334,-0.07382539540179947,-0.46615284763210574,-0.16741871490272836,-0.18207672713800277
2017-10-30,-0.5491327079367467,-0.004172748891634928,-2.4695394221819207,-0.5801269062019832,0.316496740916418
2017-10-31,-0.2798282998505361,0.030094533177001014,0.14004958274364615,0.009343931290760474,0.5155499669996513
2017-11-01,-0.08378863429116742,-0.02529375002576565,-0.003602102543369362,-0.011589532450395675,-0.008143028525351441
2017-11-02,4.429142583194635,0.24270394755419894,-0.0009204797577235826,0.8817534894666046,-2.122242717240848
2017-11-03,-0.4442329361995591,0.5351807857270944,0.24308307931857265,-0.43659378430774926,0.010388844076935832
2017-11-06,-1.7268078009638108,-0.02970311751041939,-0.48971668968496196,0.5648963168155706,0.23182110093353983
2017-11-07,-1.050497888775782,0.02818728859155314,0.3630671667808445,0.34832084286404585,0.2772526216902155
2017-11-08,-0.2913437387044109,-0.0328957121111683,0.5117076830454574,0.14293251643456573,-0.25895561700574127
2017-11-09,1.1638335513420077,-0.2985972481699646,1.0695587612901627,-0.2851091228319989,0.20933714647648263
2017-11-10,-1.4092423615460252,0.19286300349501556,0.22008654017038956,0.3066423444774671,-0.4052214946811856
2017-11-13,-0.2869295162207537,0.8924944931237744,0.17231638542631125,0.6142581743498172,-0.1907317007436173
2017-11-14,-1.3542692120706894,0.21559460620109788,0.12902261466353684,0.37843515341783085,1.109520864200731
2017-11-15,-1.9726739445935706,0.6167059076052654,-0.8912465099279339,-0.314328184460216,0.6147591540019537
2017-11-16,-0.19256255644451795,-0.3468926672219874,-1.1950708686321285,-0.03317213356172488,-0.42774194175837804
2017-11-17,1.2642985280733154,-0.47212688163011635,-0.30587513356167784,-0.0622997599385491,-1.0008990670189568
2017-11-20,1.1847823541604952,-0.545879820152644,-0.3876237330207189,0.16524562465585624,-0.36209504375967133
2017-11-21,1.4938682135250916,3.1548635626434507,-0.822960460666684,2.231819000924084,-0.17579186219209098
2017-11-22,1.309944981955619,-0.6986235155673206,0.2893522388808698,0.3232201171649324,-0.07639779558539664
2017-11-24,0.6391290829579591,-0.9277761553655381,0.30285373798301873,-0.2519855134597357,0.7777554580105518
2017-11-27,-0.1065108312485502,-0.058276369067889425,-0.048502460609907844,-0.039222168672113256,0.6620307451411968
2017-11-28,-0.10493125127077979,0.41071923715825376,0.3971287495409042,0.6937864023361238,-0.48198894484415017
2017-11-29,0.07759732059117402,-0.1540819549620692,-0.5374982147645917,-0.014527106330286296,-0.006513083252144389
2017-11-30,-0.7925312607922321,0.4350074629624107,-0.05446073988418293,-0.15117706153603538,0.4887749270058359
2017-12-01,-0.7548643057599034,-0.7480697189086671,0.31008884667978587,0.9024605467522953,-1.64472972181388
2017-12-04,-0.4380653359220014,0.6928347429960295,0.28003750815409734,-0.5001155523670604,0.537738871301682
2017-12-05,-0.6935000477569724,0.10282573505367554,1.6192269750291224,0.7556742656034958,0.6563580233048649
2017-12-06,-2.0858524157252774,0.7290214054672622,-1.3672321785345445,-0.4610771118250476,0.07663119494077067
2017-12-07,-0.9238728782602664,0.16469910552292782,-0.9549833506910016,-0.009747095945272177,-0.3902914526916814
2017-12-08,-0.08378863429116742,-0.02529375002576565,-0.003602102543369362,-0.011589532450395675,-0.008143028525351441
2017-12-11,0.44479909839892207,-0.2885955041529527,-0.13661560717831292,-0.696254890771123,-0.9564819339010476
2017-12-12,0.6206559396608461,-0.6339161031363039,-0.8867739439252975,0.42824318622503244,0.751135021684306
2017-12-13,-1.2943494104099345,0.559742686962741,0.42277561691105614,-0.23745144508577928,-0.9461066494046896
2017-12-14,-5.07869842691458,0.8686465588525739,-0.008070560541258655,0.595731826367635,1.369977506307142
2017-12-15,-1.3850429573705887,-0.6148532108226101,0.08481501200113917,-1.1879776565332425,0.25771429872890267
2017-12-18,1.3219559163436148,0.18185372393146804,-0.899424666720899,0.3292262057236658,-1.1147390839688036
2017-12-19,0.7856588035583346,0.18908893380992978,-0.00431256942337391,0.3530156821397753,-0.2111934497629694
2017-12-20,1.3787883700874448,-0.4525896074331259,0.335590578505463,-0.015639153247316323,-0.2939870054882553
2017-12-21,1.2191059499009147,0.3917294233332738,0.6395443987194809,-0.6953763479573285,-0.3431033993298638
2017-12-22,3.801451615772321,-1.5589086062295119,0.1708657997785188,0.4330815614635014,0.1374766389939422
2017-12-26,-0.9900193286722954,0.5886877639988308,0.42136666500437275,-0.4594376451135326,-0.5757244005093923
2017-12-27,-0.19641129961715956,-0.10687062825495919,-0.011153287100223565,0.09194971859644448,0.010041237454749987
2017-12-28,0.902331814757157,-0.45956418351847655,0.08459285818172557,0.3913550253245474,0.5159385298401545
2017-12-29,0.4947163510490217,-0.37863090724645865,-0.02100635867670553,0.30162626318331287,0.21338634605834522
2018-01-02,1.2529134924930236,-0.1518971011141757,-0.26103226507807664,-0.7541388156403913,-1.308239162272265
2018-01-03,0.23882175522390944,0.346290941638831,0.48563235461364734,-0.3011610703218654,0.8305626880899768
2018-01-04,0.7514792121506647,0.6761923209769836,-0.42759038322120113,-0.4773626617260335,-0.502786321394574
2018-01-05,1.3013053580002942,-0.5033104871118721,-0.18482395858904171,-0.09766966335266211,-0.6394817908434108
2018-01-08,-0.2727672195924294,0.14518661063577065,0.3957995683290824,0.007999157648743954,-0.23721709143966885
2018-01-09,0.20282226310062149,-0.22617189003020957,-0.5964416937245671,0.008505238533171366,0.0634234095882828
2018-01-10,-0.17614774946393758,0.18112972780478007,0.07292754849521396,-0.18746804576351617,0.28924402500232743
2018-01-11,0.23105492963981109,-0.15940995494880153,0.1470111109367153,0.046148605212121205,0.2374371155666997
2018-01-12,0.9240882361676171,0.7855826126002003,-0.3189053656543865,0.32864643051495507,0.4130220044230067
2018-01-16,1.3754558788923514,-0.4646566673106488,-1.0486994658547044,0.7025405961212616,-1.07331160913619
2018-01-17,-0.5076285734156488,-0.24387571468067115,0.18859167259881848,0.43853661470837896,0.46243645664726435
2018-01-18,0.12415411312425607,-0.09083850666468916,0.40922259655317345,0.11225706359383048,-0.05014550441745348
2018-01-19,-1.1603263954201313,0.46665307245571613,0.17471766021218146,0.09627908604003117,0.8197456900916477
2018-01-22,-0.1411751164633417,-0.3023753940496943,0.05890827319458074,-0.2452979722132247,-0.027317494130472277
2018-01-23,-0.2157347025154685,-0.01999664416151158,0.10840598639166085,-0.1269251170736607,-0.553099855520026
2018-01-24,0.843190936980582,-0.11572498044490198,-0.1923961381348145,-0.04503648418680871,-0.230257456254346
2018-01-25,-0.1955850833398326,0.47351048279818053,0.14952842364804653,-0.27440304941948096,-0.2312796190749656
2018-01-26,1.2389508329767076,-0.1581930580733786,-0.20210057094204084,-0.37834640800278424,-0.7726951581993995
2018-01-29,-0.5173250709357217,0.4821606208236103,-0.08249996295017942,0.7341408713741817,0.019948759496761302
2018-01-30,-1.4697485698898904,0.2596786762613275,0.41633006867951794,-0.2344491598069206,0.5882071384205557
2018-01-31,-0.1952716958489818,0.17432801950640095,-0.5039187010172175,-0.2607874039203735,1.7449043883165305
2018-02-01,0.2640642338996803,-0.28065450491672594,-0.07141741481731029,0.04417968365773636,-0.5681300136912942
2018-02-02,-0.1880545493141244,-0.02441673665342848,1.0799870897672736,0.41046762324059005,0.2221680304211898
2018-02-05,-1.1268509602485424,0.28400079161980024,-0.2507496466187156,0.11473714170983754,-0.3227837917532339
2018-02-06,-0.7111077239247242,0.9016956069122848,-0.12485966617928324,-0.8732526017496379,-1.0041533316520446
2018-02-07,0.18671067651627918,-0.010505717703375822,-0.03787929145476674,-0.11670690141023098,-0.06975993259387335
2018-02-08,-0.08378863429116742,-0.02529375002576565,-0.003602102543369362,-0.011589532450395675,-0.008143028525351441
2018-02-09,-0.5252412804062957,1.115351664396222,-0.9387371216421335,1.029170265031268,-0.12172570669675875
2018-02-12,-0.09488342094780908,0.03916189238761112,0.11207269865626888,-0.17247796386395142,0.29560165027553836
2018-02-13,-0.37605349129207083,-0.11416998170674832,0.22470389467726493,0.2774205689673023,0.0016237431606016793
2018-02-14,0.4685715983583248,-0.20938004820680395,0.28698541925374743,0.08700944778481129,-0.280564780239264
2018-02-15,0.005816811766265477,-0.015422143830667112,0.06736066451423994,-0.0016522149304823183,-0.02622145750279225
2018-02-16,-0.06146943567174859,0.0395372627086344,0.10965740896376402,-0.06081791908035117,-0.015626824010919343
2018-02-20,-0.499658411909409,0.2725675091381554,0.2938179234088617,-0.21367678599035703,-0.3097333149143311
2018-02-21,0.4232956321976959,0.052934993548358455,-0.22238631470840434,0.35780580667760015,-0.13061348855889313
2018-02-22,0.4369796548577676,0.7139050648668026,1.1536808336983977,-0.36366528503541135,0.48918417718137497
2018-02-26,-0.857820656072709,1.8443700668771952,-1.194456458641618,2.7883909325861955,-0.9692446228986411
2018-02-27,0.5692653329647376,1.2388049514009747,-0.491464496544448,0.733087116081131,-0.1278688280336639
2018-02-28,-0.513623009988817,0.5383905619009212,0.06380553289326399,-0.4148923606126369,0.7949052211490466
2018-03-01,-0.033566157070117134,-0.03118021816076162,-0.00903274065045843,-0.013414373102054188,-0.13394355203287267
2018-03-02,0.4254972615701364,-0.9316239270457639,0.3593756326466925,-1.8642703655726942,0.4896124411410428
2018-03-05,-0.5271763472134314,-0.3605815641495167,-0.0073762090529500305,0.412022867021272,-1.0642969281035424
2018-03-06,-0.47744934504548525,0.03185591784502316,-0.3073668902216946,0.08575439068562483,0.008967993057045348
2018-03-07,0.7702302942024143,0.292669288034607,-0.34860525815704196,-0.9962539626236082,-0.2952137849713761
2018-03-08,-0.10294942046897089,-0.09628852855548978,0.018290425698734843,-0.010978403885903945,-0.4343482792150935
2018-03-09,0.6452766704067667,-0.4899078885638121,-0.2616107403824335,0.19818383551600285,0.13765881413791492
2018-03-12,-0.5360896753640652,0.21010223886945026,0.16243980015572534,-0.08877977683152041,-0.7071749945300746
2018-03-13,0.15420658607917842,0.15825146439587842,0.0554676276271118,-0.30214115540903197,-0.46935634821481037
2018-03-14,-0.35466816725280326,0.07059064553352103,0.060440506004715705,-0.0013635342771707083,0.140991924430282
2018-03-15,-0.401008355901425,0.3871510076767671,-0.3282211192819326,1.2601633132663679,-0.09390226355425471
2018-03-16,-0.22582964069217157,-0.11629773432781018,-0.07421656764634378,0.37118046415829503,-0.2564980897221248
2018-03-19,-0.23775246554568313,-0.1250541680512655,-0.05085718293218718,0.1821285059507395,0.45663960944418774
2018-03-20,-1.1870523880824586,-0.0944903192096918,0.2995435951517917,-0.1319730122736775,0.1141155666658187
2018-03-21,-0.7469278773842327,-0.171218280294749,-0.151649976981848,-0.741025744664953,-0.5666601014585131
2018-03-22,1.3220818909554541,-0.7659649864156288,-0.0030019625074705373,0.36662623751602397,1.1359481414417842
2018-03-23,0.8068776445803336,-0.5897067072839655,-0.46255059868306114,0.4708924424315891,1.272680502926621
2018-03-26,0.29748496266164876,-0.5010034407504141,-0.10494232920224851,-0.020306846175989414,0.3897502295291426
2018-03-27,-0.07531535511566342,0.1264350396701477,0.08063518716762207,-0.33430153747768954,-0.14021376117544232
2018-03-28,0.3686213102207062,1.1329546417253207,-0.16369325243111374,-0.3881936034989232,0.10967857425861945
2018-03-29,-0.08378863429116742,-0.02529375002576565,-0.003602102543369362,-0.011589532450395675,-0.008143028525351441
2018-04-02,-0.20690447581080612,-0.6216968032290228,-0.013981707956964658,-0.5644839570529462,0.5977885449308391
2018-04-03,-0.41042586871652686,1.154676320888065,0.8868422986210214,0.6796116742338264,-0.11239769755702057
2018-04-04,0.8808375450570218,-0.2062159702944154,-0.12939446402124602,-0.31202600787478196,0.11075378770276896
2018-04-05,0.057407516446606674,-0.05180561092434154,-0.017790666306821284,-0.050216244579807806,-0.12995389876202054
2018-04-06,1.549853480575005,2.7104666338171093,0.5863705831307378,-3.1152075783737065,1.0755439443440409
2018-04-09,-0.8569790426785446,-0.6782409541780839,-0.04300120791209891,0.7869383432942553,-0.6708925106832547
2018-04-10,-0.017894437023172217,0.11255305242168945,-0.12055956315504293,0.4649355417910043,-0.03361665938248998
2018-04-11,0.20223498146161348,0.0926101532075701,0.2513682121472426,0.42770288601570966,0.06262999770455693
2018-04-12,-0.714272632879175,-1.326410219949467,-0.2750134699744013,1.3944271147795748,-1.2288522550288978
2018-04-13,-0.08378863429116742,-0.02529375002576565,-0.003602102543369362,-0.011589532450395675,-0.008143028525351441
2018-04-16,-0.2988115367117005,0.12869163243264528,-0.30437569951421006,-0.257269685205311,-0.27400960231318183
2018-04-17,1.8251983778451404,-0.276348428770711,0.8065064499228483,-0.2811363465811216,-0.6144824029604421
2018-04-18,0.8577938806291832,-0.30563174266959336,-0.2744230653117579,0.049939864824661125,-0.34331516229005576
2018-04-19,0.34738788936116083,0.1293385112842081,0.20558434330450154,-0.3814116823307264,-0.9167386063421521
2018-04-20,0.4328105752666355,-0.6098302345846565,-0.1520683771080187,-0.061419484564478,-0.13633871863467037
2018-04-23,0.4699819512633675,-0.2764958471727508,-0.038261577146111427,-0.1904680984729077,-0.27453923769767163
2018-04-24,0.1131651928230223,-0.13571356883049093,0.2513653619060757,0.3997400949317277,0.654665355074642
2018-04-25,1.1428397757374886,-0.19972727628510217,-0.12287133267401584,-0.4579208890772938,-0.4692533770977851
2018-04-26,1.069149849585687,-0.49787683456682447,-0.3420350681697376,0.10255327739692512,-0.08244044619477477
2018-04-27,-0.2613748584578432,0.10416822026812947,0.08597780599682905,-0.1118666894337094,-0.1596832674689572
2018-04-30,0.6140442599589506,-0.020428032364413908,-0.27994767911468216,0.32733782451798316,0.11913261341757338
2018-05-01,-0.08378863429116742,-0.02529375002576565,-0.003602102543369362,-0.011589532450395675,-0.008143028525351441
2018-05-02,0.33718515870343935,-0.09164394513767604,-0.07619441512967362,-0.12008140665611704,0.2749673575559176
2018-05-03,-0.8647140884136783,0.182960720962387,-0.10891231301460297,0.039215435808703,1.030629074883761
2018-05-04,-1.0966826371359215,0.5937509129292868,0.45708312800362216,-0.5824590733106041,1.3646832316087858
2018-05-07,0.6979084995284079,0.54031594781129,0.002654874461030081,-0.23462752550152471,-0.3684232112505655
2018-05-08,0.36112340876069327,-0.05210091362097067,0.12676865481308694,0.21566196105197644,-0.33312522179449466
2018-05-09,-0.00247243207943208,-0.22642191839174639,-0.8953347092821573,-0.14545496516513348,-0.48079036176459544
2018-05-10,0.5262327779779136,0.13076550640332024,0.2228227317509112,0.648983122960604,-1.2855467432238166
2018-05-11,0.33585720367273475,0.07719706073329387,0.8616854105770623,0.02444281394173259,0.3562896381164096
2018-05-14,-1.7233638841912338,-0.06968277413684909,0.07244241952016456,0.08627296342461084,1.0610509945248185
2018-05-15,-0.4586107831731049,0.3574397721032848,-0.42200834823586675,-0.5452726760404351,-0.7278355277850942
2018-05-16,-0.6215359520635444,0.3617745472407422,-0.6325109705372887,-0.6002584023890896,-0.626881120055816
2018-05-17,0.8584618728363062,-0.5164645416415318,-0.3677147785651958,0.31419320063582834,-0.5707442259998629
2018-05-18,0.08720538735929494,-0.8326431798148629,0.6314141825785253,-0.4129856387474933,0.10594769670656742
2018-05-21,0.5343664298417999,0.9978043473860736,0.06698192916944684,0.7551600831154837,0.05587451199692255
2018-05-22,0.5002999521211157,0.30145478123013897,0.47482714922916514,-0.4244435295971498,0.012123729519587643
2018-05-23,-0.24707112480150095,0.03226535580629316,1.0560882926590378,-0.08983257366383174,0.05976454037088938
2018-05-24,0.7703350013731469,0.01771698040491429,-0.06085097315835048,-0.5578013574768598,0.29174570875728634
2018-05-25,-0.5147787638834083,0.2095624593060908,-0.09604616284399103,0.5444092111423495,0.6150907633564582
2018-05-29,-0.6764246951119472,-0.34681732007538274,0.3489423279916071,-0.7874609305796001,-0.163686035396497
2018-05-30,-0.2370401802176814,1.4657685651989594,-0.4113548491962861,2.126285394670947,-1.5383200499308654
2018-05-31,-0.018862492374127498,0.7176700539569986,0.18860704958470143,-0.7199775519101805,0.8644925320248377
2018-06-01,0.45362380255238594,-0.3728504826633318,-0.251603991780711,0.12245744793445298,1.0196707917087908
2018-06-04,0.6016940830924218,-0.13877113265342297,-0.038141815983190955,-0.3336969047840076,-0.12257248771163054
2018-06-05,-0.8563116160480861,-0.5544734373714764,-0.005059069981373738,0.7362471971918643,0.04939299556113456
2018-06-06,0.176158774075425,0.5721304171689395,-1.0350755854270701,-0.8485649699540214,0.18144002814531165
2018-06-07,-0.028049157166320237,0.05771924483562188,0.030430028262088366,-0.06596882678320268,-1.0126774037614006
2018-06-08,-0.6864035171032203,-0.11993824049682031,0.2200764242134705,-0.3391792038218986,0.240606697571267
2018-06-11,0.183368842933615,2.1248483483745044,0.392179134323826,2.263215441081727,0.4204586794622712
2018-06-12,0.5228939955365678,-0.2809168439895399,-0.17093369640318856,0.03502801619689436,-0.08902616820205617
2018-06-13,-0.4161524631276795,0.15513377207269616,-0.45633202420819763,-0.45847001188239184,-0.5839283814059568
2018-06-14,-0.48456986667805585,-0.2391524941481076,0.9332956074624799,-0.3481143559702693,0.10377472134241805
2018-06-15,-1.362781112237502,-0.16545855252314912,-0.5019566298385756,0.36864777351880684,0.6964115017035826
2018-06-18,-0.21861581575736524,0.1262099339059553,0.34155149917406014,-0.15496256002190678,0.09361593592330741
2018-06-19,-0.7012266652280752,0.23006592512727445,-0.14925748584141316,-0.12227873106091505,-0.05001532111628691
2018-06-20,0.2958558675229108,1.4018450884726927,-0.2547392181932462,-1.8072714566552754,0.6910641349736091
2018-06-21,0.8616668744476034,3.2832073261990367,-0.9087513458340823,3.139926612999496,-0.21875640058942983
2018-06-22,-0.3494655661015578,-3.4356017721229524,0.8677290679566096,-3.042267182094642,0.15967950275258555
2018-06-25,-1.5577888502976704,-0.4702243292172752,-0.27695126234998574,1.2316135571447993,0.702549935018574
2018-06-26,0.4947755229320866,-0.09718762943951545,-0.27129112309948744,-0.36473402036710023,-0.013471375322677802
2018-06-27,-0.30306796730987107,0.7152923093753853,0.6039879313958291,-0.8054965419222382,0.043139717258247265
2018-06-28,-1.5025054857128963,0.977252531726483,0.504754959289911,-0.20606340326587588,1.4173537244455277
2018-06-29,-0.08378863429116742,-0.02529375002576565,-0.003602102543369362,-0.011589532450395675,-0.008143028525351441
2018-07-02,0.37205169556772283,-0.6510544189156916,-0.19384103677528342,0.3292134525130344,-0.8465663198017515
2018-07-03,1.1355309485072502,-0.40406478452636835,-0.6230380751755389,-0.19854579902317993,-1.0670151388986873
2018-07-05,-1.7877419761225462,0.9240126654935191,0.08825367689884776,2.1026247410394534,0.11042328992328465
2018-07-06,-0.3008950663210286,0.03300916119249798,-0.11130582087323442,0.0018519715712543507,-0.02559893783937185
2018-07-09,-0.3448392959699322,-0.7103702169695431,0.06881267700424433,-0.5923429599911025,0.1604816161064747
2018-07-10,0.7941490665227883,0.45379414975440274,-0.4098737453565761,0.52892294997947,-0.6657465696810947
2018-07-11,-1.7542989627558796,0.6015470000520962,0.33265200233233905,-0.1694096512749941,0.3354535415705498
2018-07-12,1.4010041404366895,-0.4302284125429905,0.0451192708711578,-0.35106434750070037,-0.2846462326531361
2018-07-13,-0.13067808408697412,0.11384005529341075,-0.2093723034484744,-0.16635260967922802,0.31751625728465954
2018-07-16,0.16658505908805005,0.6995829691155271,-0.24156030737650927,0.7728935030955707,0.0713518013152247
2018-07-17,0.48775509871307154,-0.5086706090423405,-0.15094359461815712,0.6292999720116684,-0.1387128839519825
2018-07-18,-0.2934686517845836,0.1253847000275454,0.3328833594570052,-0.07446456053149866,-0.06864653519504385
2018-07-19,0.1300110431221576,-0.6106607315663581,0.02109685277810806,-0.41429213826840156,-0.1098972093497295
2018-07-20,0.45749798894178856,0.06820840296509387,-0.14039631553852405,0.09490787377785677,-0.22084873764649413
2018-07-23,0.8330068129004277,-0.09829102603545288,0.5896640277780856,-0.40893344984275126,-1.223150859001614
2018-07-24,0.04325239630495409,0.1050519762685236,-0.4678370811944147,0.2663786111275173,-0.30731071329173526
2018-07-25,-0.15160791914102506,0.20169078339951635,0.06076076838565543,-0.25952775517855586,-0.24255003052022206
2018-07-26,-0.9308057907100942,0.4498338078617093,0.32280655849386874,-0.11753046208338039,-1.1488818063148374
2018-07-27,0.04202783244559802,-0.06342681144625027,-0.029878867885060813,-0.01630095066246503,-0.13026147900426888
2018-07-30,-0.12313868090776474,0.0792333301274785,0.09337104210170277,-0.22166268947783463,0.1662547302073222
2018-07-31,-1.0274542259539565,-2.5268204857534395,1.3520007902949,-1.2705774758749884,1.325420966548124
2018-08-01,-0.38532310116834856,1.4723307069254976,-0.8939219156280256,0.6575213368889,-0.1922942276543349
2018-08-02,-0.6933321784896207,-0.3433759937970436,-0.15134063270806064,0.5544143047204597,-0.19953074592937628
2018-08-03,0.43697688357423586,-0.2683586477590117,-0.15913375915486247,0.0998398656677101,-0.3355317386553247
2018-08-06,-0.5771931883090959,-0.0032406722111294815,0.08372906388158816,0.09786496154426993,0.12258057311219392
2018-08-07,-0.19282419977180223,0.38391794985986005,-0.08304644481775934,0.13447430292916526,-0.2546721849680497
2018-08-08,0.34577389747057785,1.5417805377299385,-0.41240421565165236,1.4980587602066515,-0.3301585428994127
2018-08-09,-0.19673797588964828,0.7097519780029543,0.2810956978574388,-0.5407311354103966,0.229198042482428
2018-08-10,-0.024607550620569848,-0.030807405020103772,-0.05597430023992279,0.03383751756013818,0.4525909460656824
2018-08-13,-0.9258878653405316,-0.44368724553459693,-0.021065163492649978,0.6783717984731287,-0.11661718972704534
2018-08-14,0.018981220959742116,-0.10758020750008239,-0.09653701214366095,0.012544071414869608,0.30931605934259676
2018-08-15,-1.8188558472920773,-0.4280774551171,0.23108375967375672,0.8757289285401342,-0.7126507348512975
2018-08-16,-0.3106912633889938,0.821057733716421,0.3024453425711715,-0.8741909175711573,0.34481932687319305
2018-08-17,0.0493204013825787,0.1975395413202192,0.21643970200174056,-0.4668101235616346,-0.8087012914122413
2018-08-20,-0.30602197185595104,0.715873754270556,0.2631791455642985,-0.6577457792453284,0.38513031816340054
2018-08-21,-0.5043138751150097,0.3150910244593108,0.23907560191299465,-0.3332935085947003,-0.3482757534697787
2018-08-22,-0.3398240052598241,0.04247893301532852,0.08701098368105062,0.04173024119819989,0.24968852677917422
2018-08-23,-0.40067746842893615,0.29350702737107237,0.17362072827110905,-0.3479583425412949,-0.6119025223770689
2018-08-27,1.1089895082638004,-0.9087184837055831,-0.44667018223549876,0.39179523123011334,0.006475002307200069
2018-08-28,-0.270017571745703,0.1187555959266365,-0.11107136082821231,0.28587038949502874,0.6137371013701128
2018-08-29,-0.573088587213437,-0.08839294721246058,0.05982448967813332,0.20130562393274856,0.13591399336685675
2018-08-30,-0.08378863429116742,-0.02529375002576565,-0.003602102543369362,-0.011589532450395675,-0.008143028525351441
2018-08-31,-0.08378863429116742,-0.02529375002576565,-0.003602102543369362,-0.011589532450395675,-0.008143028525351441
2018-09-04,0.057748894129756076,0.21156132281125786,0.0386931319794215,-0.26735326850499386,0.18290676082335197
2018-09-05,-3.1621000253023426,2.1787256055973607,1.5654953312914726,-1.8973492704000487,-1.4608390654576513
2018-09-06,-0.8123636114537761,0.18945945039669118,-0.32636064550087496,-0.04381279681014892,0.2870122695861962
2018-09-07,-0.18564932479549195,-0.0173641985702738,0.23946841504509966,0.08447544213771398,0.39909638842084383
2018-09-10,-0.8817102460992123,0.2578477187244767,0.16787604031784253,0.03809073664229337,0.634681627484064
2018-09-11,-1.2398006832461719,0.9567269677042518,0.3424393908233452,0.4071812837344816,0.8202963170261335
2018-09-12,-0.4751805532078125,-0.1922146326756495,-0.3393076449610754,0.2377730231725918,-0.44666646545095645
2018-09-13,0.03221115687308311,-1.8798175495192269,-0.22138867032714304,-1.6800318862294616,-0.8255584945464445
2018-09-14,-0.44784589727834717,-0.2126691402965375,-0.03049147936026104,0.3328411841482886,-0.30627184868985036
2018-09-17,-0.6888845364790698,0.8857712120288133,-0.4167599506246601,0.3323585340941089,-0.38776216907298233
2018-09-18,0.8052360221534338,-0.9161413407817504,-0.49607391502166265,0.6769187211333378,0.2797881558738892
2018-09-19,1.317436426564586,-0.21290227538077033,-0.2488753926049445,-0.31908398054088827,-0.642512799375132
2018-09-20,1.1921615073885667,-0.39472067774321135,0.2274540494545116,0.43400244070012794,1.1822250934410576
2018-09-21,1.5714552938738708,-0.6832908171385831,-0.4040167208860119,0.09941784613035078,-0.7587764357362042
2018-09-24,-0.060677793533781735,1.3942452808984653,-0.4512336245507756,1.7204434019964954,0.39810534184989144
2018-09-25,0.3032771042291181,-1.7737831700430762,-0.2701180944091145,-0.07525769697344174,0.9581701937189981
2018-09-26,-0.23047864010546754,-0.23505795396674278,0.0623373416892814,0.3375572707197842,0.2605621313736068
2018-09-27,-0.7049492446833467,-0.6711108433925252,0.20767985359915658,-0.32699713714528406,-0.08028722444985674
2018-09-28,1.114076575705252,1.0162949111985171,0.022155526247014442,2.227741879880843,-0.15864184596710476
2018-10-01,0.13471016086733306,-0.1262347152286325,-0.09721381040982101,-0.05246209391833364,-0.1526840664374577
2018-10-02,0.22543817343223646,-1.1958557351170813,0.7455812853588473,-0.3908248063892212,0.39266003968801255
2018-10-03,-0.07498861438365527,0.5185234927811483,-0.36470710972074694,0.8843989575630369,0.7032177141300322
2018-10-04,-0.45980256016523535,0.12383625160979748,-0.7248445678704254,-0.2932754823324859,-0.020138434706586085
2018-10-05,-1.0000619010405314,0.09279189517847312,-0.6857886074064582,0.5679191299116599,-0.17317437358602608
2018-10-08,-0.08378863429116742,-0.02529375002576565,-0.003602102543369362,-0.011589532450395675,-0.008143028525351441
2018-10-09,-0.6348100165229899,-0.026378161819327596,0.07271915837441287,0.07170367695309092,0.1302853322484256
2018-10-10,-0.3644454060251999,-1.1123861096144985,1.2867485939714984,-0.7864109107012149,0.41998011031075855
2018-10-11,-0.7824668892401099,-0.11313847755229108,0.47676920902749104,0.42540035129492215,0.43372795460025476
2018-10-12,-0.45747967417742225,0.171291472436161,0.13223883496544428,-0.1151104366975131,-0.0030416488936655614
2018-10-15,0.11776786196157975,1.1968215076018953,-1.7692850841592827,0.40394729001297497,-0.28238673720457386
2018-10-16,-1.3862188410745677,-0.6404255072633842,0.582499292663625,-1.1571356886363753,0.40052253166496044
2018-10-17,-0.35846987016545256,0.9316686573618804,-0.0509171500419008,0.5763957525478834,0.29590158484424134
2018-10-18,-1.2802461942651673,0.6028462609105476,-0.5087887757570067,-0.7134032466324083,-0.8573965226544125
2018-10-19,-0.3100647182228322,0.42280055175500775,0.31584291693958844,-0.5914039432156701,-1.20555635632943
2018-10-22,-0.19218028992319916,0.17530184150727252,-0.31845287781443976,-0.49083416264353985,-0.15098985421805927
2018-10-23,-1.266991659058103,-0.1611645553162434,0.5439099096347393,-0.9122030209394688,-0.010259542815017989
2018-10-24,-0.3361105956592457,-0.8304934372889076,0.31552757615330634,-1.036613505924498,-0.20116278985837815
2018-10-25,-0.6747634702818497,-0.032432365196511284,-0.04851553006006391,0.42994522493878895,0.4931538996723578
2018-10-26,-1.8089710433895,-1.9633582671094603,0.9452469543500148,-2.0795062225989653,0.6478085413034347
2018-10-29,0.03662783328928364,-0.07331102941176275,-0.03499372069080605,-0.016167637456847107,-0.02992512182385034
2018-10-30,-0.15559992659873753,-0.8209123479433996,-0.30565135964245677,0.8794241835885229,0.17691046102631364
2018-10-31,0.6055234786516309,0.7526525534736942,-0.19637176342293833,0.08760883439942609,0.5892046608255334
2018-11-01,-0.08378863429116742,-0.02529375002576565,-0.003602102543369362,-0.011589532450395675,-0.008143028525351441
2018-11-02,1.920104373224745,-0.8852088088146666,-0.4433109945951264,-0.05718126995781874,-1.8624693960840935
2018-11-05,2.009963941587891,-1.1702302608313186,-1.041009787533025,0.8435482287121299,1.3071748298767643
2018-11-06,-0.3071028013476127,-0.03853500870022911,-1.6208423006079473,0.10006827823901832,-0.05816303049520265
2018-11-07,-0.46050477641628207,-0.4785754709513482,-1.165907905399764,0.6444378071811585,-1.275094182428983
2018-11-08,0.011706306420939564,0.015469488085742325,-0.006088194199908035,-0.07213068185840224,-0.1629108317101532
2018-11-09,-1.1517806021463821,0.8862939277371232,0.3569426325996812,-0.21958433283362494,-0.08869456457856927
2018-11-12,-2.044173238033201,1.7162229426981754,-1.212001623362807,0.36561612147401784,0.10741249614898613
2018-11-13,-0.35315197232498735,0.8817135016404657,-0.252968777687811,1.208583325854476,-0.2072766359515011
2018-11-14,-0.26387162384975027,1.2868694116852089,-0.6622934579265964,0.8374489571312578,-0.5066852139818139
2018-11-15,2.1538515589278155,-0.3025802932689938,0.4962594753380574,-1.0866312746046156,-0.20225066037264228
2018-11-16,0.48637424132414675,-1.6135498673519126,-0.06245648567078682,-0.7253644999204074,-0.5636439298049869
2018-11-19,-0.17053726223683352,1.1763049012208793,-0.26027516809443596,1.2093409502482249,-0.1654488574472874
2018-11-20,-1.1114743614018299,0.17241959957203953,0.025926224644425826,0.4898579543438678,0.06871197644758835
2018-11-21,-0.21152512901443907,0.018149962052542667,-0.02666151681082887,-0.021823505446523093,0.06091894179987367
2018-11-23,1.336007690665912,0.28193609950598103,-0.21535325907662184,-1.080937290574501,0.6324342971355089
2018-11-26,0.47736863653581385,0.42699711184428807,0.09008464302357466,-0.6882273359598708,-0.025154343141703728
2018-11-27,0.028812240392682143,0.5701393108391932,0.14715325114634692,-0.5661287122484582,0.204554025104415
2018-11-28,0.7036747949457578,-0.12677560414450584,0.22163411234132802,-0.2661839092595566,-0.5879085954208971
2018-11-29,0.5437321093190811,-0.15484114366442667,-0.11069738832018472,-0.12494410373632342,-0.4044534371480382
2018-11-30,-0.4591236269022566,-0.5812562225797303,-0.11566855472045379,0.6336220304810927,-0.24588022649094707
2018-12-03,0.11999024676243335,-0.1629632628822103,-0.1292981772857721,0.13335410540201334,0.3314251588929865
2018-12-04,1.8142708545832413,0.5337255277160666,-0.47936252070254587,0.20401523997190504,-0.44960387676134533
2018-12-06,-1.2833578036222555,1.7435995824106438,0.716548435179698,-1.322340390619117,1.3010575110741465
2018-12-07,-0.7914030182981702,-0.5609673532118483,0.012200214109796144,0.5680218085199972,-0.11470291584692659
2018-12-10,-0.4563960643920355,0.14048305067964978,0.09131918542101553,-0.012540215124842824,-0.29514216310662655
2018-12-11,-0.7006640720302542,0.38191935219980616,0.27325957656997824,-0.2858953729308548,-0.4560039686736118
2018-12-12,0.824158439672671,-0.7600055366806941,-0.04887937067748254,-0.7642502490292179,0.1933418051538948
2018-12-13,-0.7401327618107993,-1.692720244417722,0.965999266891781,-2.4438640316913096,0.9912096353877637
2018-12-14,0.35561776243956267,-0.7762665568100547,-0.13459564206704425,-0.14382529779887174,0.11334514722354773
2018-12-17,0.9128398930250099,-0.5361641090381957,2.7686492488317613,1.0219324739766096,-0.4273646281441307
2018-12-18,0.6457479839995864,-0.35008239160069415,-0.17460957777851605,-0.08135190853765241,-0.3081038793954528
2018-12-19,0.3655776063945107,0.12614192806657787,-0.017715921779160152,-0.31254011196596193,-0.08660337517456056
2018-12-20,-0.832801372642155,-0.6409699747255065,-0.026058525145777726,0.6487275059494675,-0.32097298937783103
2018-12-21,-0.43705236774153783,1.0924445441010722,-0.050150684880483215,1.4625196533237932,0.4254314526939193
2018-12-24,-0.0225887147921497,-0.08832081666655027,-0.04767574201813039,0.05296463242952888,0.11182294535126223
2018-12-26,-0.6214049636351101,-0.8439274903739833,0.29691533707585005,-0.8689803084580764,0.3702772516804759
2018-12-27,0.26503790963184926,-0.2559615937709295,-0.031366394475403736,-0.21288985858612827,-0.0070836519682777
2018-12-28,-0.15381296558784974,-0.013927107870744729,0.07887828362682357,-0.13269487734291938,0.026677746924799926
2018-12-31,1.1347182102777171,-0.34230435445530744,-0.2118244950364117,-0.22417610226679793,-1.1545467634923188
2019-01-02,-1.5063630184556271,0.4953999004617346,0.27276033127185295,0.12969710285062772,0.856115571777937
2019-01-03,-1.2816926040774632,-0.463650963502691,0.34657099920119133,-0.47524478473604576,0.3667437211053587
2019-01-04,0.35540665425583373,0.5430639520874153,-0.23899274234747087,0.45968472889869344,-0.45360458226023753
2019-01-07,-0.4376855235895829,-0.006056349514255858,-0.042050139047504514,0.2895211762288362,-0.3990932439093735
2019-01-08,0.457656983669823,0.011168274395624603,-1.7072122437842912,-0.09024915931046074,-0.7438728649892762
2019-01-09,1.292184376587232,-0.710745000518944,0.4755201892613316,0.294214496287319,0.28995633684710076
2019-01-10,0.9869098285627609,-0.22850817334095835,0.267401994640559,-0.1035887355796892,0.11599838439077331
2019-01-11,-0.4589784004296574,-0.10680176595998812,-0.09014453906782868,0.3954756737195916,0.5375042009219961
2019-01-14,0.3110755993762428,-0.25375488279955566,-0.11224405673994217,0.15195044557983778,0.0616515153604086
2019-01-15,-0.5670761245727862,-0.10228316488109027,-0.37449921833896843,-0.4422306540050882,0.25303234399285196
2019-01-16,-0.35046323247659533,0.14160829369609088,0.13508064451816745,-0.18534211687417004,-0.22793673326622635
2019-01-17,0.0774194731244046,-0.22806160986941287,-0.014065895791631198,-0.14288722994029066,0.23234461869207587
2019-01-18,-0.47856649501172105,-0.4227304635528722,-0.13318122830812407,0.6177841536590315,-0.14924197922613938
2019-01-22,-0.5911411104069986,0.6816858021815897,0.4116895490564632,-0.7393272494947289,-0.6851453886505224
2019-01-23,-0.22502861364028304,-0.113743909130728,0.006129331808758226,0.07441214762109448,-0.08631484531129223
2019-01-24,0.5512924007337808,0.097490420471206,0.4770065127842802,-0.22355408302239757,-0.0268963633597328
2019-01-25,1.4315709878271223,-0.8009915078134034,-0.9648651887483097,0.10518283825938407,-1.089596082243343
2019-01-28,-0.5095853549568669,0.07640905629105167,0.05527730957499394,0.0828019898468816,0.27909552468806037
2019-01-29,0.012459537675043134,0.003795210089964187,0.2967503901414634,0.02164320412778862,0.046705498835763914
2019-01-30,0.13484860610434637,0.3410163390657484,0.02518333469707201,-0.3452111151586437,0.6580335947514067
2019-01-31,0.8636306543039626,-0.9182903127899349,-0.6243059846342593,-0.060715630756008915,0.6787774270008338
2019-02-01,3.0536259530119927,-0.6197672436222081,-0.4782759341532962,-0.6919429753354995,-2.441835536446784
2019-02-04,0.9384931914349962,0.3649569154494791,-0.003690291933190564,-0.597619541037598,-0.42264858602983263
2019-02-05,-0.42324713557805466,0.3770081755988112,0.1499141730993604,-0.5099975637997507,0.8017700875963598
2019-02-06,0.5490865257055191,1.4896898415998345,0.3554031916692528,-1.6516291355328774,1.0950410940540487
2019-02-07,1.498530571205878,-0.7836244902768267,0.5132469978065035,0.5491688744927663,0.4679646966763862
2019-02-08,-0.9041420004773989,-0.491767234266004,0.00401953598270544,0.7896967893879647,-1.115720441585846
2019-02-11,-1.4718728757318336,-0.1252487488607279,0.24031781208599284,0.31336887257850415,-0.6000265960180826
2019-02-12,-0.35829521498573946,-0.06627069265069324,0.48686222549497604,0.1259109791531682,-0.48613472589325496
2019-02-13,-0.11357926436258879,-0.5284167881804268,0.8392499065482817,0.22702630672701318,-0.231784456008716
2019-02-14,-0.6288985933344579,-0.791020542782109,1.226979229345122,0.6412547104794868,-0.9077482992014615
2019-02-15,0.30844048493501675,-0.2913941603975063,-1.3729602413953323,-0.2093890445824963,0.07892270264600702
2019-02-19,-0.4969525095044523,0.8816217405125315,0.1354796397947488,-0.8869399348375285,-0.05861744781662637
2019-02-20,-0.09355419024744573,0.52788371753688,-0.0899826781315701,0.4228003535784083,0.06986045385388637
2019-02-21,-1.4141239962228356,-0.6180793208039495,0.257273339047235,0.04849024272713043,0.30880899948062435
2019-02-22,0.16564049742909373,0.7019244463298183,-0.5114083845609421,-0.1835958139444907,0.08751618751362611
2019-02-25,-0.8936149295982059,-0.32323745765032635,-0.06530711160404262,0.7263758267889217,-0.281271661322288
2019-02-26,-0.3380649477152905,0.2761097834934728,1.4573879178418747,0.8957975693507769,-0.0629115028906726
2019-02-27,-0.026875172489531734,0.2188426541529259,1.5463416874205367,0.10383132186850769,0.35142219704009897
2019-02-28,1.6806935176979763,-0.5265660314949294,1.8818791602821483,0.33644813746761454,1.0020588737873104
2019-03-01,0.4066041994649716,-0.20214451549633453,-0.4293216158805709,-0.13178824781196008,-0.18711761734412927
2019-03-04,0.4691370873559087,0.4948401511324713,2.046736438448746,1.155090193383039,0.14549160826541366
2019-03-05,-1.587506166270341,0.15766765857432158,-1.785551197435107,-0.6082347412668941,-0.3998095499304875
2019-03-06,1.1596099379922604,3.1225970478634504,0.29727599627099766,3.8884775917537353,-0.6278576939310502
2019-03-07,0.6070152530740429,-0.08350985367081595,-0.34389970728314745,-0.2577195171694514,0.2747330128413284
2019-03-08,-0.7682282623094197,0.17419175281295757,-0.08649422686907604,0.020322092413854145,-0.18767336829250195
2019-03-11,-0.036569725202694636,0.32077699521538006,0.2660350225171555,-0.18301620318212103,0.17371546566518473
2019-03-12,0.3579620796876769,-0.12822300775637113,-0.05648077514951026,-0.14463804733741426,-0.17023739207476876
2019-03-13,0.3478406294556153,0.4170686693850192,0.09181312200458865,-0.61651679085343,0.03526193793041578
2019-03-14,-0.4616968962564728,0.08429060813655749,-1.0390128631131117,-0.31726925328790645,0.06182948931322932
2019-03-15,-0.3849944532070099,0.02978150747876173,0.10489029013444263,-0.13750808238946555,-0.34578425324542433
2019-03-18,1.0402678838866002,-0.44281070912292636,-0.23877521837507723,-0.014345744576556995,0.24017159289361317
2019-03-19,0.5703232860313252,0.6228703885317377,0.541729417506879,0.3546173621500869,0.05213082167515892
2019-03-20,-0.28380942740408527,-0.19552069114867565,-0.1287725762679242,0.4009190281573586,0.2004176332000699
2019-03-21,0.2489041113938717,0.13204596238421734,-0.10015624002001225,-0.18558391310182182,0.553081680614216
2019-03-22,-0.3739232942032525,0.07615962413995071,0.06056287424621404,0.003990894753438294,0.08579521796264986
2019-03-25,-0.7341242362800171,0.2868286286346537,0.21601454187335267,-0.15645878951738937,0.21237150123094814
2019-03-26,-0.32298295445580794,-0.5966003692601384,-0.8756025863446173,-0.8440701123050633,0.008357118387847227
2019-03-27,-0.12123818569803638,0.6094928508084154,-0.37529374416945405,0.40837207098691897,-0.037304471002392856
2019-03-28,-0.6568665102949933,-0.43199765839707616,-0.05000369226603588,0.5648664241256514,0.007103361011796307
2019-03-29,0.14611703940809528,0.45883841950887316,-0.13944790181415015,-0.5830574062358345,0.3587255046482144
2019-04-01,-0.2579270980974034,0.6063369034115986,1.3260872216402169,-0.11063815771237018,0.4836882316632308
2019-04-02,0.10033416067720184,-0.12211307940116518,0.5319142320640046,0.44134972923150245,-0.6506546516636507
2019-04-03,0.8985391852448751,-0.20869217539208557,-0.5932322491061176,-0.4008630830421998,-0.3445830082620573
2019-04-04,1.3277731154825636,0.08062066731850939,-0.14238090887552213,-0.5531748290610846,0.12843195573501273
2019-04-05,0.9793868549079419,-0.6525560655063504,-0.2812620834513788,-0.06111812744103643,0.8255497886016496
2019-04-08,-0.6171544455290359,0.4635758457064125,0.35158568664233497,-0.5214306751446388,-0.5192842539750059
2019-04-09,-0.8322371885913131,0.01949165200268229,-0.8443013174107913,0.026863567729915605,0.27792467635634654
2019-04-10,-0.47888216784403986,-0.19841641692198309,0.062297329223526876,0.18569196122773707,-0.6516490162712648
2019-04-11,-0.18578452834353004,-0.568657368071133,0.14446724383477508,-0.558446034758737,-0.23325528427228986
2019-04-12,1.056321163331505,-0.20724391866658687,-0.05934212640442543,-0.5371112971061996,-0.3000212689384232
2019-04-15,-1.1795788847902333,0.38697757997529064,0.06780282551227143,0.3851115099685482,0.08428320149375047
2019-04-16,-0.29697358176274,-0.3522992447257192,-0.13600963627086102,0.48890861545892567,-0.05087725313906161
2019-04-17,0.037696143374830404,-0.04702977193945509,0.09461486971288427,-0.07814569264668964,0.2866506513518352
2019-04-18,-0.08378863429116742,-0.02529375002576565,-0.003602102543369362,-0.011589532450395675,-0.008143028525351441
2019-04-22,-0.17884273775689202,0.013315647557369003,0.021560090063866787,-0.007971457483202389,0.0032270098094199415
2019-04-23,-2.0214389584786177,-4.391929029517512,0.7783806989584767,-2.1856428627455524,0.11757843308848925
2019-04-24,-0.01841105142892897,2.3099663164029063,-0.15758075388123252,0.7929789868216912,0.34803700046346375
2019-04-25,0.5177629839856122,-0.025464009185280117,0.8017044265881952,0.35054192767714065,-0.12822807380376508
2019-04-26,0.1847314642320181,0.04632666829601587,-0.382559792785488,-0.47416195002294825,-0.5052701087096174
2019-04-29,0.528882559533582,2.124644905175907,-0.5415434881893126,1.867577009024337,0.02526255566576839
2019-04-30,-0.2176576921968261,0.05333478374151052,-0.6723662321058549,-0.16428061921047737,-1.0281242925791167
2019-05-01,-0.08378863429116742,-0.02529375002576565,-0.003602102543369362,-0.011589532450395675,-0.008143028525351441
2019-05-02,-0.49130754173060265,0.5666428422065181,0.5511886396269801,-0.5894927672123774,-0.7712516393585809
2019-05-03,-0.06063130120159753,0.627047813752665,0.34847945262929103,-0.8980219686101323,-0.871189175956381
2019-05-06,0.7360503871791598,0.5224125386183196,-0.14690737766378853,-0.013876428642909947,0.005731825199455244
2019-05-07,-0.32797706055577025,0.6414537734781692,0.9832790206917535,0.608645077787406,-0.30750635349438915
2019-05-08,0.6867810323057632,0.3153207596225107,-0.001253645821391358,-0.6007451405877948,-0.14900126160749114
2019-05-09,-0.853457826842526,-0.003393616621375157,-0.5718285065950514,0.7333313755840478,0.3238419667257107
2019-05-10,0.30946572171155706,0.7893322517833664,-0.31543557041724857,1.134904168933383,-1.0252735351177684
2019-05-13,-0.8291014274510843,0.19912990216469467,0.2174242126536906,-0.04813422805519851,-0.29308188115740674
2019-05-14,-1.3723208493427137,0.31347180559469784,0.17618964058596964,0.3200590572328471,0.27800972314667793
2019-05-15,-0.18919826977302606,0.0919468902969707,0.1039357209416269,-0.21003435092630032,0.2981643143308847
2019-05-16,-0.3596043916620208,-0.021273326084599833,-0.027898909337939915,0.1984597988990234,0.020484133834419348
2019-05-17,-1.4007762907884447,1.0003241968697103,0.7341214927613222,0.8467019492181032,-0.20013513838028055
2019-05-20,-1.461337853377914,0.3957925819023381,0.17823601071913944,-0.11416858719785085,-1.1645533664665881
2019-05-21,0.1918881007609873,-0.5803597286399925,0.2701463841296071,-1.1075555158429984,-0.21210071980535286
2019-05-22,-1.5340943434315517,0.6344855991951455,0.5255758492901241,-0.3201841718639143,-1.2887332827549614
2019-05-23,-0.5124234880599314,0.18736657500944726,0.1627199760190134,-0.1600447408979704,0.4632834334426821
2019-05-24,-0.4167564421347212,-0.06944262049656055,-0.04985144643404811,0.2811077738119269,0.5891172943349926
2019-05-28,2.024071254100065,-1.6564053995365087,-0.12058044538252322,1.735159792194255,2.5615390831061977
2019-05-29,-0.19207091215950828,1.0329795711203684,-0.009820178381520385,0.3065845862382721,0.3013384388462882
2019-05-30,-0.7040981663821289,-1.047582413987541,0.6092339343578934,-1.159869557476249,0.5196130015958943
2019-05-31,-0.6351660776507557,-0.2569714091860729,0.5751181851088798,-0.6985854466143068,-0.36609426888982327
2019-06-03,0.2980521459363476,0.2764758452614614,-0.10167063528057027,-0.6593438138787526,0.04000396601969099
2019-06-04,0.5999283347167854,-0.2617198018545153,-0.16221951702270232,-0.03736715122902233,-0.43072781838889046
2019-06-05,0.03224240904168192,-0.5932922182170686,-0.17213434249671122,0.32035810655317526,0.13222764136361154
2019-06-06,-0.38332203743080817,-0.8043051177315153,0.38676445240013346,-0.9350065067773503,-0.22331736235463656
2019-06-07,0.30248820276968386,0.6093864429727734,0.11925772047017,-0.7412239984994675,0.5257340610912766
2019-06-10,-0.05458124617492455,-0.14258492316418242,-0.03755489448274688,0.08440236435981134,-0.1637981061152634
2019-06-11,-0.41444304089586764,0.07116914230014636,0.5924356571507418,0.218506479862207,-0.3908617205356461
2019-06-12,0.05022273020100903,0.0863799185807334,0.14690416869372586,-0.32218325191653213,-0.14400948963652138
2019-06-13,-0.18551572789186535,-0.9963311116706303,0.23553450171422333,-0.7971161612523284,0.046975948110850964
2019-06-14,-2.2732538821596413,-3.9847234665446303,-0.7604713393416684,4.255141110683348,-3.3056611156579527
2019-06-17,1.892096072189752,4.682461186533745,1.021552383897397,-5.246494496979175,3.789298903144213
2019-06-18,0.7896779325609496,-0.7046387752048711,-0.2868865370549705,0.24929224540398912,-0.6787674023021958
2019-06-19,-0.38425700651636996,-0.19895941026932473,1.0909891428770762,0.5197875475365259,-0.008932284095150119
2019-06-20,0.3562916078126348,1.3944716472393177,-0.08078585607722785,0.47376907772836246,-0.7691209869246458
2019-06-21,0.36690639466007835,-0.09097505650947986,2.934212313701543,0.7289267677037978,0.9481141781170723
2019-06-24,0.40458691577376704,-0.05804540451577544,0.15935835217562494,-0.14302405558787828,-0.43834164589205543
2019-06-25,-0.620007092021753,0.7209995800323802,1.0227546556271734,-0.27444459738810184,0.7492617023449821
2019-06-26,0.17414939746597832,-0.02436286722925989,0.2642284432246876,0.22376002543491036,0.2107293611378877
2019-06-27,0.4466796928111194,-0.09475267078913721,0.3887851274386547,-0.15606129669223898,-0.06942234447675916
2019-06-28,0.46646338422500566,-0.17300474145766312,0.31644265833039925,0.8121901931436343,0.5107000525196731
2019-07-01,2.287821726974489,3.363146582193827,0.3718509501118141,3.860481846196531,-0.6797122876225317
2019-07-02,0.12363583113051159,0.32727876952946927,0.10119760285815285,-0.44918853536871844,-0.32736854903605994
2019-07-03,-0.04272600070606765,-0.19675052770351661,0.11563099481590111,0.7370656751100038,0.8385471734181048
2019-07-05,-1.4809831125580577,-0.11799620970198514,-0.5116143644918552,0.15860531040597697,-0.7753540346198832
2019-07-08,-0.242723779963654,0.3648193785064552,-0.18482275448041677,-0.3405817708402775,0.469208687693038
2019-07-09,-0.039067699250332266,-0.08797014326052054,-0.11449511275523225,0.18959020916460198,0.046014480445615236
2019-07-10,-1.0042895739340636,-0.2608198968871874,0.6760827186704803,-1.387255232339794,-1.0697593958871792
2019-07-11,0.5437870430270102,-0.11201913132180628,0.9573622907653765,0.4652140474821849,-0.33796780493376466
2019-07-12,1.7303344300081753,-0.28401164786817756,-0.02857506282607922,-0.5527780112794927,-0.057834355155602285
2019-07-15,-2.284279387165317,-0.9603598791774648,-0.7211597318300772,-1.1753446264003486,0.9328887974177265
2019-07-16,1.4493100031555763,0.13026290046558994,-0.08397361284790042,-0.8551987118217701,0.15804173190467818
2019-07-17,-1.2745749778634141,-0.26314674985658354,0.06704701050933212,0.6846906833066648,-0.3619134357299792
2019-07-18,0.3148645795513732,0.49009314984451335,-0.2642876381582021,0.5558172567731847,0.9496788556835846
2019-07-19,0.5796162955350962,-0.6925050056233302,-0.19235297415485142,1.979270213078921,0.5188479480979584
2019-07-22,-0.3303213840300581,0.8068672569849415,0.5447885470930027,0.6874215478727546,0.36605942412649595
2019-07-23,0.47538697775176164,-1.4667078521579173,-0.8037427323676982,0.1219255039198434,1.0272970332879672
2019-07-24,-0.018666122490394503,-0.4959549392856259,-0.15991985735651992,0.5029705895542371,-0.02816593546819151
2019-07-25,1.7633078921943603,-1.0550015983838794,-0.29579733127595625,0.615855312838981,0.10644159200546864
2019-07-26,-0.24066319845293763,0.48322654066092935,0.2977856076462861,-0.6365359172354649,-1.000484048834795
2019-07-29,-0.08378863429116742,-0.02529375002576565,-0.003602102543369362,-0.011589532450395675,-0.008143028525351441
2019-07-30,-2.004984339369175,0.9455543534947474,0.6650137822542452,-0.46768118178248563,0.1331464531930426
2019-07-31,-0.7971849552515162,0.7993203008734746,-0.4730501475970734,0.7792318039984172,0.1754642327098555
2019-08-01,-2.4998296810893654,0.9518520628849679,1.5579453458552937,1.0381763904357904,0.8070332603163006
2019-08-02,-0.41789580602714305,-0.7183126881339678,-0.678673104614119,-0.14937551707730182,-0.5228315211546469
2019-08-05,-1.8040146289293681,0.8029888788129895,0.5908019145310628,-0.39284751397960066,-0.1485126143392009
2019-08-06,-0.32220433038638413,-0.29506056024226934,-0.5307806765670545,-0.22386314511615477,-0.5028867439284491
2019-08-07,0.7153618390597155,1.061470129910145,0.8298600132257303,-1.0439187172447308,1.0016324651856099
2019-08-08,0.488142808856775,-0.8329307222414722,-0.5462335712058624,1.0528610034489785,0.4319226585089302
2019-08-09,-0.23139886409803376,0.6746147359197059,0.03289819673402416,0.029183452699449414,0.5305081257676535
2019-08-12,-1.018105766184352,0.18962724730757857,0.2856012853490608,-0.06021735762031095,-0.515841085034784
2019-08-13,0.20830955918660665,-0.5678662933392381,-0.23877819215492924,0.4551445870754912,-0.12018712685861015
2019-08-14,-1.1724751141298182,1.2329696072540768,0.9280610578159542,0.5924955227419996,-0.2944268269646177
2019-08-15,-0.6345715131305216,-0.3627961610317268,0.05360397467720428,0.35696134829113496,-0.7217429602313061
2019-08-16,0.5851855435052484,0.176984483249457,-0.15484194503589913,-0.24943681851645208,1.1998783303648441
2019-08-19,0.507034724517051,-0.16357812430418747,1.806743082053961,0.41831843434402904,0.07309819729036866
2019-08-20,-0.4033262926030274,-0.175273930081078,0.5649755086618247,0.40054895369034266,-0.6621124546336554
2019-08-21,-1.2854998936408082,0.7214223012080714,-0.027774206498020763,-0.6929455409331399,-0.5631586254159707
2019-08-22,-0.06253403232349748,-0.9592526366814046,-0.11283167456975024,0.11307555777658809,0.09734217649430654
2019-08-23,-0.9202121126544609,0.5895075168218735,0.2719747926826364,-0.2781506104003373,0.9602108262032035
2019-08-26,-0.12552798851136393,0.04168160687456249,0.025062742812889633,-0.16011969636449344,0.19888440419630488
2019-08-27,-0.6676434663386259,-0.7766990330139709,-1.226095535936245,0.4527162116529975,-1.1203785271264626
2019-08-28,0.4323386202023945,-0.5090059353650052,1.0506137011590178,0.292309717902841,0.06821269524279602
2019-08-29,1.0333151758512924,-0.054379105501847255,-0.31626753052456696,-0.12778643616055843,1.3361600623974441
2019-08-30,-0.08378863429116742,-0.02529375002576565,-0.003602102543369362,-0.011589532450395675,-0.008143028525351441
2019-09-03,0.31722094852632154,-0.4454362973642173,3.496967874847897,1.34162000170364,-0.16093288749323073
2019-09-04,0.46649909375156384,0.15969363208551163,0.5535138790912759,0.7883637449817487,0.6292104607338624
2019-09-05,0.5791381198838235,0.6787326061988727,2.076688785325975,-0.4904418715580062,-0.20201493676982415
2019-09-06,0.7527202459365278,0.23680766025578526,-0.1639269746894283,0.0743404173975084,-0.3481332490433513
2019-09-09,-0.7943744526079685,0.5747486329646201,-2.4975051533292207,-0.641982313230643,0.09824932924767366
2019-09-10,0.06625623335788107,0.19114208763790047,-0.15911702740360506,0.5204841440548476,-0.3274748275206748
2019-09-11,-0.4103805134383643,-0.010398609400631703,-0.09215349950121726,0.5531165400472099,-0.19258992888424697
2019-09-12,0.7201084077167552,-0.13417500206812435,1.601778365627504,0.370324370174283,-0.02372824515038417
2019-09-13,0.6375374339674534,-0.1387298799108528,-0.03555472293401513,-0.35646923923336665,-0.15117799564716264
2019-09-16,0.2216137911762813,0.5479472545902302,0.10362822676815897,-0.6191219464046099,0.47707817893439947
2019-09-17,-0.24100408411432395,0.005347058895421362,-0.3265429481207779,-0.058459777705857786,-0.01722625102577406
2019-09-18,-0.5057895894092648,-0.11149339371445827,-0.10385886798792933,0.4617957176642224,0.43515857479046305
2019-09-19,-0.39068310036712534,-0.335439593006019,-0.6467999249515248,0.23147727834535273,1.0506852496211525
2019-09-20,-0.10626326577564331,0.011382660377478879,0.8961036829979623,0.20081730662175254,-0.4773594688790013
2019-09-23,0.6926508601443899,0.827536010377525,-0.25017091990390883,0.41864020072658703,0.35839833828913426
2019-09-24,-0.6638023144515701,0.2505142579264834,-0.7277395575753243,-0.258297926418133,0.2890646555891049
2019-09-25,-0.7310542151509323,0.2894799309777741,0.2068871445192485,-0.12670880589950187,-0.043739875282468796
2019-09-26,0.6334220137794679,-0.3067204904920828,0.3089543401041539,0.20111271504571815,-0.43013826662911525
2019-09-27,0.29201909197131015,-1.1012672195134114,0.36120917391020224,-0.01207044812513014,0.37627245757436584
2019-09-30,4.631403123192342,-2.153019303638811,21.66904770840884,5.947870556673521,1.7594804146006215
2019-10-01,-2.8364617100108998,1.0562506542283379,-5.728358528579212,-2.1133250507957326,0.095716608567637
2019-10-02,-0.503466944525355,0.15278078049671334,2.336512444857641,0.5205172593866374,0.041772864377603705
2019-10-03,0.03035163564967454,0.25510981432274904,1.1538898453495696,-0.08651188060084802,0.06041621267709671
2019-10-04,0.9493574658661079,-0.028748272832343817,6.2603750304837655,1.5559725033768204,0.8059429630577533
2019-10-07,0.21208259799273937,-0.415289500437494,-0.35290773454887275,0.4719244098063166,1.1862060487298884
2019-10-08,-0.08378863429116742,-0.02529375002576565,-0.003602102543369362,-0.011589532450395675,-0.008143028525351441
2019-10-09,-0.4492183444691704,1.5580765267045609,0.024008369347944366,-0.2514152552995082,-0.2030807442365051
2019-10-10,-0.16681488491352217,-0.26282045613613403,-1.0743002752747897,0.15357899502126698,0.7108046362053857
2019-10-11,1.8051871335457235,-0.6653835491000044,-1.476691879683824,-0.5855112690163311,-0.8484083377219597
2019-10-14,1.453517830079413,-1.7246996394282395,-2.151527656536776,1.600959150524109,2.574693711318181
2019-10-15,0.5647219167547566,-0.16260978892926753,-1.1162805839539924,-0.5420436297701225,-0.6337582219561966
2019-10-16,-0.1037024552464278,0.6764616587436165,-0.3144899668234955,-0.7728970150198227,0.6446506332488314
2019-10-17,-0.04417671926934981,-0.09081245541959498,-0.06747587906171505,0.1239401853481537,-0.2194704033623028
2019-10-18,0.6466009863393155,-0.7450297213423517,0.04618653749452318,-0.7144161748523227,-0.3643109590898413
2019-10-21,0.0639399888929736,0.0015614531537557568,1.2282615415812532,0.2621509534241713,0.22997331351650965
2019-10-22,-0.25756114498896043,-0.5529316786857108,0.07078247616247721,0.746502133137404,-0.09423935355159968
2019-10-23,0.2538805514278757,0.30432471782898607,0.8328360700693576,0.6494483182846268,0.28783978865642834
2019-10-24,0.44611463117068517,0.047572358146609615,1.789750325437296,0.2320226098324153,0.2803517463702448
2019-10-25,0.7917579208443934,0.5383308934545039,0.609229070547088,-0.7594215634529838,0.5217597121031858
2019-10-28,0.7492042847451725,-0.6143934592598969,-0.35743471564767243,0.32936033083198696,0.8598107458923507
2019-10-29,0.33894551499546705,-0.7721868565183564,-0.4184785763660843,0.5027868657373594,0.44739873801967706
2019-10-30,-0.08378863429116742,-0.02529375002576565,-0.003602102543369362,-0.011589532450395675,-0.008143028525351441
2019-10-31,0.7176435941058699,-0.30242517451440415,-0.18952860972542188,-0.04180527287658331,-0.5034840616994023
2019-11-01,-0.08378863429116742,-0.02529375002576565,-0.003602102543369362,-0.011589532450395675,-0.008143028525351441
2019-11-04,0.6898109096417314,-0.3713896365406674,-1.262574134029094,-0.2882600114557688,-0.7480025512938782
2019-11-05,-0.6698630933434363,1.0495373241393557,0.07016213018145029,0.5276980607697042,-0.37367407997287166
2019-11-06,-0.11405984754478891,0.9317740426260539,-0.8977086373303956,-1.1834912863637097,0.732029474840676
2019-11-07,-0.14267366384165772,1.5313679416771875,0.08958490582340356,1.1979892696689223,-0.38120494200948557
2019-11-08,-1.7765131224454778,0.24450166119228686,-1.0268885628004765,-0.6634490092812182,0.4882098047968177
2019-11-11,-0.28977656191275775,-0.30134825439890395,0.0814946743308946,0.0626017078884442,-0.5704652627726369
2019-11-12,-0.7849381143721503,-0.5094419262389276,-0.05004118895388385,0.7998657216052956,-0.38900273476960373
2019-11-13,-0.707596580620653,-1.4313857393959293,0.8761826783489768,1.8112239124271625,-1.0209660321320766
2019-11-14,0.3303153499895498,0.8026000132747111,0.03470452267694233,-0.39631113346391733,0.4073789252356756
2019-11-15,0.8448208279474922,0.9808343508809692,0.08438216973804025,-0.9160967223716249,0.0060360072718746065
2019-11-18,0.9773112502865376,0.27400923711357017,0.9380840321190169,0.5562763903065361,-0.7371555511273883
2019-11-19,-1.2533078961864448,0.37427771492333334,1.3816019811336502,0.4860429138671652,0.926136455082313
2019-11-20,1.0269135011736676,-0.1307706945649387,-0.464139179218629,0.7829611147997269,0.018934024332374507
2019-11-21,0.37362180013417484,-0.3913602419392996,-0.30394866551936583,0.2912962081426526,0.47531599186202267
2019-11-22,0.49453941157523246,1.655838005237,-0.5116892587085925,1.6688008914336243,-0.47579837061214575
2019-11-25,-0.6507466340288075,0.13606783806029965,0.2437879596117838,-0.1541943808504863,-1.177804897649225
2019-11-26,-0.7068173716511761,0.6223019070756465,0.3019370276993913,-0.442568370146084,0.2993068055282325
2019-11-27,-0.3044585506578188,0.45684032924023377,-0.024246353028746715,0.3242343445010539,0.2577570957469712
2019-11-29,0.005275490851221506,0.6940213228505696,-0.04814237228397025,0.25224772540018814,-0.40586614110484
2019-12-02,0.20374782999485616,-0.6565833243514574,-0.285649913429535,0.6132634631126607,0.3080776364297072
2019-12-03,-0.8784849768701704,0.9775330763225081,0.16762718202031335,0.29344675738973836,0.32533385730716774
2019-12-04,-1.275983627371669,0.237934858745144,-0.22705453262921266,-0.4169377766638291,0.3534673705097148
2019-12-05,0.765991516258159,0.42872000305610797,0.19803763721893836,0.8941505118594861,0.045384189663837005
2019-12-06,0.49979735451611146,-0.2988243792633254,-0.17510860851198104,0.048321315695084605,0.2170563043520538
2019-12-09,-0.4366479765535272,0.17331439540470267,0.05576103126658488,-0.06868540424717584,0.1673863587803796
2019-12-10,0.7218252241522938,-0.10615672148142592,-0.27809826932154696,-0.24083522846054925,-1.3580472099308314
2019-12-11,-1.1094974770911108,0.49108125012824616,0.04643174972155137,-0.2012965551118926,0.33527878353611884
2019-12-12,-0.9356104699423426,0.8240119236248723,-0.20848010594881805,-0.7439000711598798,-0.694528815097407
2019-12-13,0.7424750454842065,-0.14176168249679988,0.35800035998000485,1.2721624978951918,0.9156645866956002
2019-12-16,0.4042440881606578,-0.15054632147808072,0.13041936993464617,-0.10012851252908067,-0.7043216363126875
2019-12-17,0.24693765262041587,-0.304174405217995,0.5318627975288419,0.49682713802219103,0.3585894508408419
2019-12-18,0.6532065551217242,-0.48641332780788216,0.13252184172538162,0.45285153066507633,0.3657059552798116
2019-12-19,2.235455809713167,-0.7649434085624099,0.4144295496012406,0.1347710745685673,-1.3773175499537298
2019-12-20,0.22012137336878546,0.5132970394589845,0.7640376465452313,0.5633877102099215,0.1982969497736757
2019-12-23,0.3254330962196723,-0.1516966674512134,-1.1912562219589564,-0.40094281860290654,0.17898254116618942
2019-12-24,0.6687872780344313,-0.3651360918338034,2.001329971961821,0.7797414868289358,0.37412332848561447
2019-12-26,1.3305226903700824,-0.03013436987250486,3.123006559626717,0.4809962720450194,-0.35267365192550526
2019-12-27,0.66050438869027,1.9396098691073291,-0.005115151835905401,-0.34097849698790234,0.7583901423270718
2019-12-30,-0.3658663180446684,-0.14450917119604123,-0.9667283647567229,-0.1949050012554101,-0.7424430186970118
2019-12-31,-0.72857701589096,0.047843966708892315,-1.5475761468465068,-0.13499251025578307,-0.18895910161788662
2020-01-02,-0.0800909940179799,0.009437260444588006,0.032012202482303166,-0.09906193981312997,0.08413295248954233
2020-01-03,0.2411383875251322,2.9421297679154175,-0.29023832628454616,2.0509045697402946,-0.634899834969541
2020-01-06,-0.30723844177268855,0.19629891904624958,0.06606420359214626,-0.09746287764507885,0.4822853128587112
2020-01-07,-0.22866962892646076,-0.1348146181227499,0.34455760486711356,0.3646519223592888,-0.06504820504098215
2020-01-08,-0.5255782703664794,0.3807074522079103,0.21631326025620057,-0.23159965775584962,0.03089005730023233
2020-01-09,-0.5687420187113095,-0.11588752391674131,-0.14677071030712674,0.9591010388454698,-0.27737293125295215
2020-01-10,0.1347792227239301,0.9461498361064333,-0.6993065293093825,0.09579427037282376,0.07532325663316294
2020-01-13,0.1748365596742451,2.7328013702135614,0.04738535740798355,2.4093796421189206,0.6479560121706299
2020-01-14,0.12618126600869836,-0.3196137597499365,-0.0801043159356052,0.2852124774340003,-0.8202324191346168
2020-01-15,-0.15060871268594625,0.32600396790611025,1.1180420964639899,0.1675234977093823,0.3852471534323246
2020-01-16,0.6698616715178253,-0.0137519826937961,-0.24016885029783422,-0.2612941575579691,-0.20918547917887395
2020-01-17,0.13068776024122655,-0.009362147102696476,0.046670155087614545,0.022860755888303518,0.1520213867796562
2020-01-21,0.37686541657459854,-0.30747156521694413,0.012148799657911212,-1.0007882530641,0.39730934882092156
2020-01-22,0.7816343060067275,0.10616495647715304,-0.006505660635065721,-0.5762976945364046,-0.07291877801158711
2020-01-23,-0.5543018528673138,-0.39372697962047093,-0.0008994018642856327,0.2673739220717165,-0.17752121802892157
2020-01-24,-0.7437931815278866,-0.4699137085194051,0.05525146808902526,0.3173747036758314,-0.7114972081600135
2020-01-27,-0.9416403279018604,0.13176963633628208,-0.8177182557788778,-0.07028242977961496,0.31931520280928066
2020-01-28,-0.1014232170681231,-0.024260986025490792,0.06195260893110652,-0.08103366964932485,0.059255703403930576
2020-01-29,-1.0640946025933384,-2.3437292450164344,-2.931640153906598,-1.6820499901699857,-0.2240232611596696
2020-01-30,-0.36336524913800483,-0.008361649649587582,-1.0847758666676883,-0.26732842306847326,-0.10977145828243542
2020-01-31,-1.1758754828687672,2.5707735336946675,-0.2146268139183946,2.0703727066569892,0.7531306504174955
2020-02-03,0.0031429429180977924,0.2455199259223342,0.06558910900850028,-0.29327473875611354,-0.17101118222453962
2020-02-04,1.872165644651599,-0.7771216913493586,2.9062517378786663,1.1242615148546242,-0.24890169551718225
2020-02-05,1.608260500728434,0.07776065930398816,1.1590043066825646,-1.3592950732077074,0.722865121798666
2020-02-06,-0.4664362314916902,-0.020798114017340042,-0.17364313932360875,0.9851544309656887,-0.40062153338236295
2020-02-07,-0.4396126024038062,0.08365647094743724,-0.9425117907390211,-0.2899161148443247,0.020100750002908455
2020-02-10,0.38831381526212005,-0.314234426189533,-0.2684097957986128,0.16240229774778625,0.1272672255455952
2020-02-11,-1.7915575975684361,-2.019009400033013,0.6135881939111426,-1.253571623000477,0.25084756634065475
2020-02-12,-0.6848428424951478,0.245900699147724,0.16206749132514545,-0.05609960459864295,-0.26774845085894394
2020-02-13,-0.8860742047371375,-0.9021928032313716,0.47347494262574735,-1.196217424886521,-0.049030019404773875
2020-02-14,0.4651542428636597,-0.5019907939409514,0.8925863719420933,0.5022403308814772,-0.28443577591683344
2020-02-18,-0.5467113409592265,-1.8169599951721123,-0.20672030489605664,-1.3005222644408212,0.034399938399158114
2020-02-19,0.28344670652894255,-0.354913612978223,-0.15127352637186445,0.07757854055276572,0.14664239522451405
2020-02-20,0.05231834561119581,-0.15254954678352461,-0.2381381144546286,-0.20297885958015888,-0.09746719766623556
2020-02-21,-0.30480303144498194,0.04547556110591849,-0.3623329175662563,-0.12035950416204597,0.05152048282722818
2020-02-24,-2.3038252497603917,-1.8151446262802342,0.6155921910011874,-0.81360646253188,0.10835806154786905
2020-02-25,-1.2538755855430692,-0.2563933035586694,-0.8258665173164412,0.2120098293839936,-0.5379540364310228
2020-02-26,-0.8686369815263845,0.4307377078190714,0.2876103284309917,-0.26482729308708436,0.27850192887882746
2020-02-27,-1.092046834567927,1.333653308089583,-0.5864216299542293,-1.2821829943197025,1.2084480622953504
2020-02-28,-0.6655545814309649,-1.5999543134756875,6.135716582276642,-0.05306147651931026,0.42560430857342935
2020-03-02,0.6612115886518881,-1.281593836392611,-2.783656020609152,0.69918667373438,1.4517885399085875
2020-03-03,1.3793062579678945,-0.1575144630539824,-0.41517084769206447,-0.4891543745900072,-1.3372174447134655
2020-03-04,1.1319593664118404,0.9123786918698156,0.2706605998160256,-1.1780643076472477,0.5353909520947697
2020-03-05,-0.746129371483536,-1.0527296129356762,-0.3695389004474946,1.0624044526793315,-0.9099424346627109
2020-03-06,-2.9521648035898815,1.29958890003414,-1.1448276586800752,-0.8101886681554455,0.8297864339839589
2020-03-09,-3.8172728062031913,0.9766475984898395,-0.24046021781574112,-0.17964704391758013,-0.05811391167534693
2020-03-10,1.922125116836497,-0.7339598483171026,2.580305684678839,1.9465407947863205,1.0583441571832355
2020-03-11,-2.3024736504518635,0.6433698116713019,-0.4770151956392693,-0.5027148217182957,0.29387538418744336
2020-03-12,-8.029449358237247,2.515968787474178,-0.5774731854681601,0.12176387973704106,2.6809028311974656
2020-03-13,1.2236166886328141,-0.41285878070948107,-1.0853035824267094,-1.3343878026718323,-0.08513727463647264
2020-03-16,-4.500724808737492,1.443814839375951,-0.07419984214701425,0.2827667605648276,-0.23508413067181727
2020-03-17,-0.08892951963415317,0.19160394892249505,1.0685344953701525,-0.006163837146409278,-0.8496930938971421
2020-03-18,-4.1834087547358925,-0.35460346642785595,0.53560398428026,0.7998536331687875,-0.3293076773746406
2020-03-19,-1.0190804588378692,0.18744124325153189,0.09522942050414206,0.3233085456854807,0.1396679812271491
2020-03-20,-0.4605723861680672,-0.38775967453959187,0.06220052980922153,0.2815459546319498,-0.4908019557322
2020-03-23,-3.6035468742075207,1.736933726319633,1.146757165656321,-0.49927127612496663,-1.5693507801809274
2020-03-24,-0.98442801052485,-3.9342980089394772,1.5085328149851276,-1.4638314536975232,0.4807553636245912
2020-03-25,-0.7026608980072333,-0.9573531001923178,0.96240369113801,-2.6479438123708166,-0.31849416103938344
2020-03-26,0.6029869428614916,-1.259813188123974,1.2822394767501772,-0.9248230935817416,-0.09556466188607876
2020-03-27,-6.505257602947109,2.7273488097363816,-3.4963352048399985,0.8701801635815116,1.4563555745291699
2020-03-30,-3.7077439986242697,0.48544369200532955,-0.6214656730355699,0.5004218913177001,0.42387074766286803
2020-03-31,1.1816940408297727,-0.8412484381627234,1.223314022315265,-0.688330026848265,0.269260460694858
2020-04-01,-2.426929848164314,0.8192213255595692,-0.6481114145770395,-0.3013128341349036,0.5705013111233321
2020-04-02,-1.714078331871667,-1.2446169235302817,-0.5911766693884509,-1.6720613132605062,0.7883000568078915
2020-04-03,-2.5359571644219137,1.0874314865231107,-0.024289725916153086,-0.5418367501465716,-0.3044443276298292
2020-04-06,0.3698458647682217,-0.07540945931193083,-1.0584532081723947,-0.4712105310721029,-1.2739878999286587
2020-04-07,1.4733636345389325,-0.4282322311586068,0.4139215505606949,-0.7801541983403276,-0.16417390749853047
2020-04-08,-0.1937384141644863,0.15565754773291796,-0.23336185448981225,-0.349712395114145,-0.5573651617201215
2020-04-09,-0.08378863429116742,-0.02529375002576565,-0.003602102543369362,-0.011589532450395675,-0.008143028525351441
2020-04-13,3.151402081107406,-0.8049094253509523,12.830114366740661,3.4733746160833814,-0.06454712172872504
2020-04-14,0.6862050919708874,1.6120861415279994,-0.605617568028308,1.8080265987542328,0.15367383814103175
2020-04-15,-1.0036264148033018,-1.5320198307858266,-0.41144812184862745,-2.0636903343225215,-0.4433315482426181
2020-04-16,0.7963191804101966,-0.313913188138588,-0.7272921367335543,-0.19658124404442195,-0.8422609248781766
2020-04-17,1.3093546540923682,-0.3621466262005583,0.10765309232698586,-0.15736141402877896,-1.1349644958242409
2020-04-20,-0.584772541073401,0.24718200544696203,-0.058466503876846515,0.4755936528002677,1.1862733574980788
2020-04-21,-2.0840107240859824,0.7894352499645425,-0.03929167522211763,-0.6371652155438694,0.3710728414650921
2020-04-22,-2.6922650499422005,1.686941191929689,0.8706781914573353,-0.7358997948274144,-0.35914274881151287
2020-04-23,-0.8116041621228741,0.3923213759138719,0.2976432965596405,-0.7384617267628819,-0.09321328261861188
2020-04-24,0.31907218994511843,-0.259080622679297,3.8828763367689185,1.4625840268064234,0.3658928864212009
2020-04-27,-1.8455782746686582,1.0399263256869848,0.7364245677120325,-0.7283927214352115,-0.484225024069691
2020-04-28,-0.2926083007745082,0.16952748172478116,0.17297278623319187,-0.27484045705936405,-0.5126142417630452
2020-04-29,1.4125736099294197,-0.6076211647552979,-1.1677900000199612,-0.2782667398103892,-0.2721225043320419
2020-04-30,-0.14694283545447767,-0.19787851269073975,-0.13554421068892208,0.32399689786315744,0.5952715602781717
2020-05-01,-0.08378863429116742,-0.02529375002576565,-0.003602102543369362,-0.011589532450395675,-0.008143028525351441
2020-05-04,-0.8276207037797687,0.3883364740997836,0.2824824202397492,-0.25106405839473506,-0.08841751860532447
2020-05-05,3.499998688915068,-1.0182768597634293,-1.191640008258582,0.9752932873619492,-1.070102223018027
2020-05-06,1.7272611387437202,-0.5281447906734601,-0.3203770409959852,-0.2675968782758201,-1.3026663829131215
2020-05-07,1.4832648344685153,-0.8570066427349687,-1.5616369603718083,-0.02332088624536255,0.4630820327396518
2020-05-08,3.999732436573135,-1.4748058989849384,1.1162259959220178,0.536181415949027,-1.3753789229230853
2020-05-11,-0.13582621197940065,-0.397831355568126,-0.3046523653004774,0.6825858364195795,1.7946330039816192
2020-05-12,3.8239301013617064,-2.092472796278343,-1.3616855137170762,0.8205943931925266,1.9201730761313602
2020-05-13,-2.0996307138256567,0.811700798009314,-0.23506437981148776,-0.3826586618785803,0.0877183886686114
2020-05-14,-0.862623799809813,0.21164409141425783,-0.43176981906194367,-0.1758293730946116,0.35758627733059745
2020-05-15,0.7180086697886612,-0.3884939390940012,-1.0896344728341585,-0.10353105584092243,-0.8246607845932533
2020-05-18,3.88208731018058,1.5262826827557991,-1.4346218104095538,2.372522347677062,-1.7022648906454099
2020-05-19,-1.5932971037285488,-0.871838576171983,0.04484623595161796,-0.7826560421096558,0.815137726306649
2020-05-20,-0.30785244693877756,-0.9972059106201747,0.35276347931963475,-1.2269342713244207,-0.30421966125819205
2020-05-21,-0.43796669525984677,-0.5886007620125044,0.07224445499879648,-0.25289868816633854,0.9724792552225825
2020-05-22,0.3825926747651221,-0.3350765885488712,-0.6629574028575063,0.08181885394860042,0.03229419524146646
2020-05-26,0.38209106273577115,-0.06681705859416817,-0.1054836660477565,-0.5244418501898414,-0.5119808293259517
2020-05-27,-0.26707720620316033,-1.7185269929138554,1.9300815305043977,2.150301014059922,-1.0643542688411687
2020-05-28,0.8313227230932895,0.34040612691818883,0.6186931810870748,-0.6393437545804916,-1.333806521016137
2020-05-29,-0.016712993151177784,-0.6787108428263567,-1.750082463219951,0.06733674871418283,-0.2663170791324885
2020-06-01,-1.2564299795961915,0.5577111794130427,0.3273574406419894,-0.03433969346184063,0.17366206111602003
2020-06-02,0.5531162027898477,-0.7537551419376635,0.6924210563035054,0.8317140066535981,-0.10589409675789957
2020-06-03,1.6131785770644873,-0.9694187297636646,-0.6410730187676745,0.4881287568564357,0.5120148360822597
2020-06-04,0.8937825894573018,0.06106292399283174,-0.10948470425453796,-0.39077837621654343,-0.5077614036873072
2020-06-05,4.491895242705697,-1.4236653656709621,-0.16162928381009456,0.5553418171990925,-2.075500919170001
2020-06-08,0.09897457971299815,-0.8812361605067813,0.12598895224231926,-0.783041827630506,0.02308321429249143
2020-06-09,-1.2947826866527852,1.2087758632070214,0.36615927355782557,0.06303411846024605,0.6442024693380005
2020-06-10,-0.6170515639430927,-0.07655730379113476,0.42101119129090014,-0.979208226667448,0.09689029742058737
2020-06-11,-4.086527552667146,1.6501981240704673,1.2358807638214484,-0.9326964631266137,0.53013388259583
2020-06-12,0.9031028852443285,0.4148696664176622,-0.9437912866104131,-0.14264810833865044,0.37901728036504634
2020-06-15,-0.9761629167919257,0.20245297437347431,0.12644350092530976,0.19284476960759592,0.4441360150388823
2020-06-16,2.7664167877111074,-1.2694502516060289,-0.8225779360800982,0.27732787694440364,-0.2644591685654594
2020-06-17,1.26476322475125,-0.3308474923907535,-2.049957468163831,-0.2697664100426166,1.7854234881964484
2020-06-18,-1.179267514178918,0.3277322601239062,-0.5330751112881003,-0.19185398410541415,0.6479586464646443
2020-06-19,0.14733992960183556,-0.4698964880632005,0.6727609131968761,0.8596769938376353,1.4903335739635262
2020-06-22,0.509639167905328,0.4423216397729477,-0.8791964851219269,-0.5424979632201559,2.1182115741274163
2020-06-23,0.5566842234856246,0.12585150716816557,0.010638895242312832,-0.4720495416309984,0.1029073372025987
2020-06-24,2.2327323119580345,-0.8975889820733176,-0.7917506697009364,0.3055921514850427,1.6166677706297754
2020-06-25,-0.27896135975332736,-0.07470852804654508,0.6546316284445424,0.41155287285534736,0.9563651841954653
2020-06-26,1.965156993064759,-2.3884536785016404,0.47751100473228036,2.028549125786557,-1.1742263603800647
2020-06-29,-0.08378863429116742,-0.02529375002576565,-0.003602102543369362,-0.011589532450395675,-0.008143028525351441
2020-06-30,0.8861893845276781,-0.28143089220755574,-0.5281482180515861,-0.40817466393014845,-0.5748135141564811
2020-07-01,-1.184625363004491,0.27340615045874955,0.5010440957816606,0.6068579038293128,-0.9570608437081196
2020-07-02,0.020388181920089527,-0.17470295566978336,-1.4052015099027761,-0.6076831014261501,-0.4806914476336539
2020-07-06,-0.4158644426000427,-0.878248052726244,1.33731452779818,1.345720343814154,-0.28042352877563254
2020-07-07,-1.1948957536970224,0.09155530707249901,0.2458221073641383,-0.04663003750980777,0.18911814786006084
2020-07-08,-1.039547144864788,0.12370638380848421,0.1539925783095452,0.12004863361572009,0.5061270484109558
2020-07-09,-0.7989101128406974,0.3494340855067764,-0.4608847603295657,0.044401382561317426,0.14132885320562688
2020-07-10,-3.2339900871289613,-0.5818308204003236,-0.8649452206428314,1.5191494800134508,-0.5851964095680763
2020-07-13,-1.1259020576987169,-0.3720753454738257,0.10774687049880877,0.30103480827259954,0.328614871111129
2020-07-14,-0.7487353189776322,-1.8442989762871793,0.21727145354683447,-0.695301324853653,-0.3112146865310052
2020-07-15,-0.5713672108722965,0.6246700071266869,-0.17779917069401918,-0.2995195164380981,-0.6431561997806444
2020-07-16,0.5351379918478808,0.2977130763885787,0.09728403617514471,-0.923498202812615,0.39910922477541466
2020-07-17,-1.0512984514041797,0.048839774935190074,0.16532072076804546,0.23390242601316405,0.6059234207187302
2020-07-20,0.46632979480698356,-1.0647929015413997,-0.6440541268406274,0.5481770797263155,-1.5532449215991886
2020-07-21,2.820897833762153,-0.6275102658496555,-0.510785798851897,-0.572435275119228,-0.1884482484117732
2020-07-22,0.7245581413058586,0.010646418361020668,0.056658469416899504,-0.6088960723419962,-1.2121021398828957
2020-07-23,0.04145558849687598,-0.17314107693302377,-0.3505614607891189,0.045916694504068795,0.4236563755962793
2020-07-24,0.47174123517880173,0.19450550341644796,-0.19234702573044654,-0.14538731327342327,1.9182165787921799
2020-07-27,1.1659319610712509,-0.5947752771133031,-0.2369564018072577,0.1873790561936481,-0.07291517044082314
2020-07-28,-0.08378863429116742,-0.02529375002576565,-0.003602102543369362,-0.011589532450395675,-0.008143028525351441
2020-07-29,3.10130994713538,-0.959361171999549,-0.5502358073707616,-0.7946830380666401,-1.1156149611429844
2020-07-30,-1.7645093810507502,0.18517101014746495,0.5817435463990044,0.5280872111071951,0.12170800481719425
2020-07-31,-0.9383174822923019,-0.4531364983645392,1.8444930013281455,1.2205436116762072,-0.36529579646784793
2020-08-03,-1.6057217512920854,0.07369660836824685,0.13592829067883533,0.6344095543645482,-0.04708737687073371
2020-08-04,-0.9122022369772917,-0.24770432358399808,0.38527852539220453,-0.8446299988180528,0.908015232408014
2020-08-05,1.1963272027534515,-0.5071348616354663,-2.418762423899998,-0.5975619256793101,-1.388131759528913
2020-08-06,-0.6503902272634039,0.871455421667298,0.32958496703704065,-0.6094304338600534,1.1482784028288842
2020-08-07,-1.927922156443846,1.1152529390483212,0.5553325567203948,-0.13419327276360224,0.10171152893048026
2020-08-10,0.6576164935355716,0.19052436100783643,-0.1515063595624637,0.5264744603250909,-0.6519468152565396
2020-08-11,0.011295498563346012,-0.6591636091866276,0.49321203487821064,0.7223499568364131,-0.6350399962356498
2020-08-12,0.11333005675010362,-0.08503743340489697,-0.044770335313645424,-0.018970987477694844,-0.19946797775283076
2020-08-13,0.8031976080205943,0.44792338151337185,-0.44705540893731244,0.9160212193114771,-0.3405544766886076
2020-08-14,0.4361452908612754,-0.11221416028362549,-0.06560719154068909,-0.1594406629081724,-0.8424243492859805
2020-08-17,0.14038021576290555,-0.03806495665827765,0.03418245272711225,-0.2309197107759993,-0.03289363660114765
2020-08-18,0.13743804377354862,-0.2325775563201305,-0.08786780898083896,0.053938759053125604,0.508611724542909
2020-08-19,-1.189511017248262,-2.316468947223229,0.5118595296485702,-1.6703321019913093,1.1709684508923517
2020-08-20,-0.16748884563676877,-0.2665352167966286,0.1659725213584492,-0.5084624902489744,-0.48563008787551715
2020-08-21,0.28168167565370256,-0.41360745810045646,-0.04492030231852315,-0.2335217668335483,-0.2830509308453178
2020-08-24,-1.1991340239010038,0.3584432738186164,0.21411708319371803,0.1508323155309739,-0.16423787971352785
2020-08-25,0.3649591341821186,-0.02431542986278206,0.026519727521733854,-0.3357476245253306,-0.3906925656429291
2020-08-26,0.6007667327012093,0.025345821506596523,0.079497737736249,-0.5853529553985607,-0.7361583763645415
2020-08-27,-0.6610199986411573,-0.48498436203436285,1.400206619202976,1.0633615941300387,-0.7968983282813017
2020-08-28,-0.9484122821160869,-0.12400465314005736,-0.3992261635236478,0.24947556141154276,0.8926725247558904
2020-08-31,2.223723314893775,-2.2290146770934807,1.915118866391279,-1.271754818341934,-1.3521332724273878
2020-09-01,-0.2368516181919082,0.9167412658527956,-1.3238289982668168,-1.629863735560679,-0.5408437155957607
2020-09-02,-1.6249173596010622,0.7022450812222462,0.03074159057652281,-0.12752826597620057,1.3012062276721685
2020-09-03,-0.3279672620562025,0.3129666236512335,-0.6345023140839029,-0.35296358193747523,0.13613874788485328
2020-09-04,-0.8287368292690974,0.2755647173645122,0.21108795407210432,-0.06703409253540621,0.5842931577221179
2020-09-08,1.6055855404812398,0.5013813603995132,2.02640983447597,-0.5749915914103666,0.44181960594497327
2020-09-09,1.0598019487926291,0.26937178107216586,0.8126306611163185,-0.8520537377038633,-0.00539162777815094
2020-09-10,-0.7428787730942586,0.21278983742923427,-0.07149297212228184,-0.2520921549008569,0.6419302178182837
2020-09-11,-0.866732265772783,0.19454954009158515,-0.2754585862034862,0.04484922921581701,0.07724307558592762
2020-09-14,0.9813079924206937,0.10791801125134688,0.4808486083532293,-0.3106770991487856,-0.08832714756568069
2020-09-15,-0.5914414545220475,-0.4057783822593859,0.0013371459468030722,0.4420720604746,-0.6295757443001255
2020-09-16,0.7111438814824116,-0.39275266982185364,-1.1483484848682568,-0.177073523940395,-0.35219788630279253
2020-09-17,-0.7206160039748565,0.40920514823678317,0.008851946032217691,0.47438504454818,-0.38136470552449886
2020-09-18,-0.3229897412890928,-0.5361993042465918,-0.06642077541627453,0.1904226586799063,0.39628452389887836
2020-09-21,-1.4381819437591492,0.5716766612093593,-0.03032326993387047,-0.23044162836659865,-0.34804872635747863
2020-09-22,-0.2985362699095553,-0.12159994511561416,-0.4891159265737933,0.14928730046956223,0.5418652440808527
2020-09-23,0.3465146979231225,-0.30662972346314515,-0.5263081275917559,0.08186185044578545,0.1459957625230376
2020-09-24,0.5444065949504115,-0.27024171544283887,-0.15245795994198613,-0.04238824068410415,0.06802190522710279
2020-09-25,0.26371267796170605,-0.7010481339047513,-0.16655472394330512,0.3545298763099367,-0.7860618429749232
2020-09-28,0.23771382096484586,-0.13646775856283372,-0.07818835754806719,-0.02371087520426491,-0.20685397713922726
2020-09-29,0.5934094838486261,0.2636977861839347,2.030127888455927,-0.01770088666029357,0.5329878505067858
2020-09-30,-0.08378863429116742,-0.02529375002576565,-0.003602102543369362,-0.011589532450395675,-0.008143028525351441
2020-10-01,0.31625377848355785,-0.6193712677024893,-1.2361763430697748,0.1256823319853559,-0.8044985202008584
2020-10-02,0.051383977394676636,-0.40792717418869345,-0.17073586903959714,0.23553956483157215,0.9110086151364818
2020-10-05,-0.5868436403405218,-1.227405985916788,1.3713611432962187,-0.5966306197504239,0.3529749126371291
2020-10-06,-0.6153376025899864,0.080048784729569,0.702705301926491,0.30504521877674157,0.0515629528090708
2020-10-07,-1.1100656606066115,-4.027200875046326,1.1210828685337695,-3.033658465888902,0.6628594485954395
2020-10-08,-0.08378863429116742,-0.02529375002576565,-0.003602102543369362,-0.011589532450395675,-0.008143028525351441
2020-10-09,-0.08378863429116742,-0.02529375002576565,-0.003602102543369362,-0.011589532450395675,-0.008143028525351441
2020-10-12,-0.003424859288926452,-0.04703335217959747,-0.9995929765479683,-0.2966906503687249,-0.4056619943817666
2020-10-13,-0.44295475680118407,3.0380500431806228,-0.43648922725230244,2.756652079066936,0.18402383550096008
2020-10-14,-0.3521762595412078,2.9802112536866865,-0.397590858330916,2.282962384038193,0.3795434779715259
2020-10-15,-1.5728153139260779,-5.709346918353677,1.9682519054597867,-3.5936396880930777,0.11927216834479212
2020-10-16,-0.859430624191382,-2.7913208103461793,-0.4853096057301133,-2.8500932658258296,0.6894547115538678
2020-10-19,-0.745173505411584,-0.49609106968068895,-0.7075597727548517,0.21404878446672465,-1.5881603747326452
2020-10-20,2.4955277290124362,5.6826303251416785,-0.6194238838948765,5.040036689636325,-0.9907805437355736
2020-10-21,0.045755804837889644,0.37692760015475274,-0.00661142876184394,-0.20364939442323282,0.18596702933403886
2020-10-22,-0.49557020510793065,-0.10804011419541339,0.08777666085138736,-0.20970642757462823,0.9714348336143112
2020-10-23,0.07803339367153313,0.11171520759688476,-0.6631952233428383,0.2956587001887722,0.2796657937015655
2020-10-26,0.2211333966659147,-0.39775749635634133,-0.26131144324916417,0.37036437425353685,0.08777015858660618
2020-10-27,-0.26243202382972036,0.1586831066359942,0.12504944486917016,-0.20002400944616092,-0.35832532252258026
2020-10-28,-2.9294742019307884,-1.8734616793961356,-0.00838723784179807,0.3884244275300766,-0.40617126912953977
2020-10-29,-0.27885660540811846,1.2294661378571186,-0.2741161893246042,1.247261092311397,0.9375997088377584
2020-10-30,-0.8455756959949291,-0.41262036442314487,-1.9071548309919488,-0.2508985858646004,-1.6095003187750656
2020-11-02,0.14566789248795944,-0.691072261033637,-0.48211807694518727,1.0063507290681935,1.465225626536453
2020-11-03,-0.9173510868359569,0.5051695813456751,0.3626347898640589,-0.3670134335818738,-0.40590341747315845
2020-11-04,-0.05528486519162715,2.8757416359017123,-0.48857260573676864,2.26568043670653,0.2045326532792355
2020-11-05,0.5233672454784776,-1.2315928316364821,-0.26500811167547134,0.5699577362424226,-1.2010249966450455
2020-11-06,-0.06801959473956105,0.26768813151253956,0.08863518417654712,-0.33437954842112416,0.4778489853721026
2020-11-09,7.508544937383284,-0.05026501068772699,0.5655516179276857,-3.4165176632218395,-0.14493242435683018
2020-11-10,-3.961277338321157,0.6932826972600816,-0.1437362071323367,0.04986137392823803,-0.2629979920070747
2020-11-11,-0.8657596434847208,-2.1440158707240426,-0.26020342598615814,0.6227361356200507,0.36429125490619807
2020-11-12,0.18393070402690495,0.8388958137625087,-0.25387858510653083,0.6764179812110565,-0.1610587182780185
2020-11-13,-1.0484991951543425,-2.2826680069341982,0.2827048974073479,-1.1032794603636598,0.1473666057485363
2020-11-16,0.24920579333650167,-0.049322111219129106,-0.05740340324460177,-0.10557602346304745,-0.10852832651503179
2020-11-17,0.9237490309071277,0.5424137318227451,-0.8692249239643612,2.0126735457803657,1.1219127276300358
2020-11-18,2.4073487366968087,-0.8556092841870426,-0.9069808638625527,0.7513075602202456,0.8020124161141517
2020-11-19,0.11573675291814939,-0.48947844379500205,0.1393816024064089,0.6545872629250051,1.2036696706587087
2020-11-20,0.11348635186730215,0.37292150335803914,-0.21001415038469295,0.6000635085138328,0.22944376489082832
2020-11-23,0.2150580845099551,-0.7721806813345556,0.444707091598433,-0.2840787218743235,-0.9332974063447439
2020-11-24,1.4421447553722109,-0.6715873480905724,1.3552903877549007,-0.9630699172409651,-0.19669976440833023
2020-11-25,-0.5194762781777618,0.4923259741891994,0.11833741899299624,0.047421248014582314,-0.11847305553607723
2020-11-27,-0.7135019394877461,0.3363072290191767,0.2838286442196105,-0.3619053648215021,0.056544253751171294
2020-11-30,-0.5767676294533486,0.4245229795476501,-0.7332886076325122,-0.857123780103076,-0.33628003341770807
2020-12-01,0.8908729997159256,-0.4303810461611643,0.02221826692521311,0.06156601535750482,0.37958037066067274
2020-12-02,-0.48862185956522264,0.050781589615561507,-0.027657357948573682,0.250681398740192,0.27347395577945693
2020-12-03,1.1583189750402865,-0.25471428121033934,-0.2998776215272938,-0.15270777957743312,0.5577925313004556
2020-12-04,-0.03722073763065885,0.21527575947279573,0.9354840082349247,-0.0577194547356521,-0.7106583040644998
2020-12-07,1.6897430915435316,-0.5763206269568462,-0.38131720253014195,-0.07808325095375022,-1.6181460723020027
2020-12-08,-0.08378863429116742,-0.02529375002576565,-0.003602102543369362,-0.011589532450395675,-0.008143028525351441
2020-12-09,0.6636947506144772,1.7409624891125164,-0.3203248021227626,0.9257816376803162,0.11101264213407307
2020-12-10,-0.27999342509107655,1.8243805240418283,-0.40680933577054307,-1.5071400659943643,1.5860976059854037
2020-12-11,-1.5473282796171297,0.0876542886190201,-0.9272836307406391,-0.2062977322635806,-0.5344325610463747
2020-12-14,-0.8435832450764137,0.5592558130393768,-3.9032389105440712,-1.9774991570643494,-0.4382312396485793
2020-12-15,0.29292118671038003,-0.7926023338117331,4.9856368005381935,1.6051154821476874,0.2972129191856266
2020-12-16,-0.6577566403369788,-0.1855038011343182,0.16786870691422032,-0.295262279326154,-0.2800972218549254
2020-12-17,-0.07647846176294663,0.710650960316454,1.4402951696539592,0.5537185199174118,-0.7719803271159941
2020-12-18,-0.24454037806580495,0.02508514940041205,0.00444677762561066,0.07782931334320127,-0.4379226403870397
2020-12-21,-1.2888106398039094,0.34128869588624394,0.21765742173357738,0.1587878994946276,0.4564030947434929
2020-12-22,-0.28911015904475323,0.20434962063865747,0.17390267993590153,-0.3008797256573386,-0.12491077800767088
2020-12-23,-0.4301933540499812,-0.7500376592714658,-0.12429490097022075,0.6971830096546455,-0.5640930235102412
2020-12-24,-0.4554699367730183,0.04363829032697769,-0.008661698327964719,0.2283560268641093,0.027749632113754603
2020-12-28,0.0013488868097261016,0.2115639155625917,-1.0847504393202465,-0.1577458133027808,-0.38769371523573487
2020-12-29,-0.5442926592655657,0.11165267039777706,-2.02098094149746,-0.6019816335798438,-0.1811669067998584
2020-12-30,0.3693585385453779,0.08394606364820618,2.1530898701919896,0.5509143701361544,-0.2185444460530249
2020-12-31,-0.6217324732159775,0.29436123942265524,-0.8363783341992563,-0.5377283487233052,-0.4185445002627991
2021-01-04,1.2095561268606403,-0.3879049325819345,-1.2099843903789806,-0.6746749489493207,-1.0887189324110722
2021-01-05,1.905397730703567,2.135986742821832,0.253398053633362,2.3373281387769826,-1.0247988615422208
2021-01-06,0.30214590620058485,-0.7577702332794231,1.053826220448185,0.03388265634805021,-0.8928992438194505
2021-01-07,4.061072565680588,-1.4799938759371754,-1.0205017739278321,0.03211918421399023,-2.1149371989855945
2021-01-08,1.9107433430656735,-0.11874579112487553,-1.498202943382511,2.004066987506257,1.6035678524854053
2021-01-11,0.6285681533770935,3.6531864311379847,-1.3942514975187288,2.812810480706751,-1.2241219629171833
2021-01-12,0.5938913573920678,0.08679421924710641,0.16180963101804996,-0.5659336481042938,0.21554007933037447
2021-01-13,1.6240619088739334,0.5660464018941341,0.49982566827880387,-0.8431247268728345,1.512490104555479
2021-01-14,0.6818361782653856,-1.3920441736821074,0.10352932921130711,-1.2148302888599782,-0.435523970015919
2021-01-15,-0.0006059443270993563,-0.0686395998340359,4.3806623051595,1.44430865933502,0.4880707004329625
2021-01-19,0.9220610360564688,0.2726558180309521,2.464119399259261,0.03635731780113105,-0.6549135245196464
2021-01-20,0.15558180638925456,-0.17148305926119672,-0.1507293001178354,0.16276969270700137,0.32186023224196275
2021-01-21,-0.45036164856058314,-0.07970113748651086,-1.18638675967307,-0.08947996526504659,-0.11836729333308799
2021-01-22,1.0637263810244528,-0.305539717007102,-0.3302427928045867,0.25256677574200315,1.5445646064985796
2021-01-25,0.9589240499622179,-0.9997265048894621,-1.81459689512435,0.16993549746092285,-0.31533357777699605
2021-01-26,0.6516412192922216,0.7317167877837938,-0.8803220521437142,0.46862715057076865,-0.3087188865282173
2021-01-27,-1.6983924099054275,-0.7021665822933465,0.7535849212376922,-1.451500552800414,0.1271867169637854
2021-01-28,1.2887585060149682,0.6392973029425163,0.16860033750214,-0.9883920255664134,-0.9107314224144165
2021-01-29,-0.7102174217616352,-1.8930388394905062,-0.48624376926101814,-0.37862281225880945,-0.6882710277892911
2021-02-01,-0.3426726200053055,-0.8962251056351495,0.8089614036771223,1.5614943893779119,0.3821460911472486
2021-02-02,0.3378978812403269,1.2466021785324857,-0.2653035951075082,0.8404117250859412,0.0417430000192221
2021-02-03,0.07010516381858145,0.2695981212517441,-0.21814904976966454,0.5902095123196168,0.49843828695519987
2021-02-04,-0.6213518929035168,0.09340645395802419,0.07289584849133078,0.11846840044312713,0.5703840394904075
2021-02-05,1.4638261690828804,-0.17807924009734236,-0.26971408037749584,-0.38916793921799275,0.07940774975098712
2021-02-08,0.15048523590831447,-0.02439481169726357,0.5696853875306203,0.684462512451442,0.631665420311827
2021-02-09,1.4653450599472522,1.5735131200345855,-1.2993806182655079,1.5046659757543588,-0.3313542612491849
2021-02-10,0.7861225104160328,0.2305991232213253,-0.5908663159068916,0.6178436602496707,0.46712428330683836
2021-02-11,-0.6659638939471355,0.2762764056564035,0.31149489318390705,-0.4517002417268589,-0.29177539688678694
2021-02-12,-0.44301433119195427,0.3537589287568827,-0.04516425958185522,0.6615306850944691,-0.6081988609736202
2021-02-16,0.07183867875406037,0.32917096748984875,-0.7722176928234249,-1.1313374138629193,-0.3588340708705301
2021-02-17,0.6058456231829815,0.05049796364894636,0.0013413531017358636,-0.6924932681802405,0.7147185142207925
2021-02-18,0.11120780778507112,0.14571690224789513,-2.6782384699354376,-1.9260940984076975,-0.4424929115094578
2021-02-19,-2.3702306862332314,-1.0876907744139073,-3.984577411192801,-1.023641548474063,0.8716202636078548
2021-02-22,-1.3649365265986542,-1.0245357884526245,-1.6659512059537136,-0.647330154960132,-0.2551389367014214
2021-02-23,-0.18740830961381083,-0.3585920108697882,-0.047692950842753074,0.3693892997283794,-0.3424704321227397
2021-02-24,0.7591851856487639,1.131525890863246,0.02943647757669399,-0.5968502851902188,0.14384884750378782
2021-02-25,0.6850083121156771,0.576281466720918,-0.164904131817258,0.23189475260541306,-0.5641867537214628
2021-02-26,-1.855964436197712,-1.541568404125115,0.14252040294762708,0.7455645977938498,-0.7035670586499657
2021-03-01,0.9967530219506765,2.0281351163954353,-3.3013707669191246,0.2257259719128587,-0.34129362243540173
2021-03-02,0.12798390472962856,0.026453396297862832,0.11837549652335916,-0.5719247112470803,-0.277556657824092
2021-03-03,-0.15998146782485062,-0.8491930241284513,0.03531967420955591,-0.3206023862915745,-0.17299005978821186
2021-03-04,-1.1639928159340902,-0.43271715838412605,0.37654056573802996,-0.6203636667977523,-0.12567939533138278
2021-03-05,-0.7028162621915766,0.3145517886793252,0.22332640210661742,-0.17930626572367792,-0.23169035526063228
2021-03-08,-1.0151771247545074,0.2177713478962015,-1.0545250547646194,-0.30708394873857026,0.06809274485013085
2021-03-09,-0.17367203434814746,-0.4727232868240968,-3.641918571270785,-0.27586761196454723,0.9513137730571299
2021-03-10,-2.6788301709750084,0.6033546011772628,-7.705128305892555,-2.227278038908087,-1.5502112980561553
2021-03-11,-1.4100329175314876,-0.5657212885837294,-6.773571214797532,-2.4155635302847784,-0.6928060671332861
2021-03-12,-0.03603735053722616,0.13693194495448296,-0.25042603896693766,0.8798671975864087,-0.09572178775013038
2021-03-15,-0.14064094352438541,0.44651268982062964,-0.9490370962366351,0.29893720236744337,-0.46193978321548906
2021-03-16,-1.2465237992621656,-0.10338155431343014,-3.185218137212494,-0.6418019418856276,-0.8448476319150117
2021-03-17,-0.04486898038968522,-0.9767299961107928,-1.212222025199629,-0.6213800054470107,-0.3284707725090551
2021-03-18,-0.5864315412246915,-0.4300971349954138,-0.20781895035386402,0.448916739628274,-0.11622574125525212
2021-03-19,0.015489116181283362,-1.6446009091640195,1.4042090934529303,-0.7781250102578305,0.11748439475506757
2021-03-22,1.1735828476817591,0.5330993117352651,1.6762299140098713,-0.684143909244885,0.46060595294131645
2021-03-23,-2.144401794990169,0.5153542398763589,-6.0656088227909635,-1.5697552345855996,-0.2506767092225157
2021-03-24,-1.0182139945495217,0.3987410424954454,-0.9171959437150043,-0.36660029136624855,0.44398274021037876
2021-03-25,1.181173640283827,0.581736321717459,3.458286384945751,-0.06915456291153932,0.9406486166606696
2021-03-26,0.07848343360239497,0.39039338343291063,3.6801843321238943,0.6232767086350685,1.2179268307473248
2021-03-29,-0.5270777056829955,-0.8582866822631672,0.819964072542239,-0.5187478095619994,-0.0855248585652587
2021-03-30,1.2498348094429474,0.07094269316494882,0.6078603801404784,-0.18369260329653875,-0.41079631159536695
2021-03-31,-0.1843224031029055,0.8718295249943848,1.4138754874186161,1.1817283854616862,0.3812398845224886
2021-04-01,-0.08378863429116742,-0.02529375002576565,-0.003602102543369362,-0.011589532450395675,-0.008143028525351441
2021-04-05,0.07501018420555178,0.04834820133297403,0.4387950331733671,0.4875700004000121,0.029105534550101505
2021-04-06,0.7660603987246833,0.21570935863544102,0.3937363404807372,0.14074868990816952,-1.052587514837623
2021-04-07,1.0025661859978823,0.5652734535926011,0.04753481397376612,-0.6261080480896344,0.17532567396346965
2021-04-08,0.030078776557120785,0.5080671268309763,1.7394627695423739,0.836141358032887,-0.4223008238293978
2021-04-09,-2.630553251160267,0.7915425864129985,-2.9764972487826573,0.5761826757815077,0.1407709051175559
2021-04-12,-1.9859681735794936,-2.4944825214777815,-1.3127843863074706,-1.7117764092761432,-0.02471183231219323
2021-04-13,-0.015100521265006729,0.5840134820325356,0.6984941604319095,1.483248586197364,-0.798316508999277
2021-04-14,-0.9685102146397624,1.1408050328642239,0.4886931117991247,-0.6961400914162454,-0.37172218221643955
2021-04-15,0.5372506025050451,-0.3213741119224876,0.06373385261793849,-0.6389598611201139,0.2688341257932443
2021-04-16,-0.7931325979889621,-0.8598072730114235,-0.10415724320263567,0.33906671566258767,-0.42764099069084593
2021-04-19,-8.52235369365056,-0.050623216682699916,-3.7459135909854906,1.735585553643735,-0.13568315421148672
2021-04-20,-9.311575531681317,-8.754660124427387,-2.0555749219127444,-0.7809445982989272,-2.6489395320482054
2021-04-21,2.123303995143934,-0.7869921967399711,2.021476221610644,-1.5288013869415311,0.3947552405185929
2021-04-22,-8.146627863764271,-1.6176781724749807,-0.46293828740154597,0.5261911929283999,0.9079003325710674
2021-04-23,-0.018742667174530808,-1.3871310790509286,-1.861519432705053,-1.7437729910729738,-0.019132008868004254
2021-04-26,0.09862105239649234,-3.7017979956280676,1.3921003236430876,2.942456826432666,-3.7029011886763334
2021-04-27,-3.2147479341603664,2.6297820908575305,0.44247723456517196,1.4026951566247259,-0.010527604210078182
2021-04-28,2.900108923945497,-0.3244383917685787,0.6389133627004235,-0.9202773259168867,-0.7058370787036188
2021-04-29,3.3126071728188955,0.23844165561448924,-0.7509130432339393,0.5179601008400747,-0.02888438480109004
2021-04-30,3.4305783431932406,0.32960744168329337,-0.3490530807582102,2.4671323645498946,1.7746137408706069
2021-05-03,-1.042957523028293,0.18889590508703635,0.2057298854689087,0.06594215681498612,0.6780565033062741
2021-05-04,0.18775644611312683,2.1676172707022747,-1.6809393741973306,-2.7172500706514238,2.009896117873036
2021-05-05,-0.9785870755953345,-0.988862403152268,-2.099900972899258,-0.9000365290984087,-0.3392037914573069
2021-05-06,-0.33172453298587523,0.6806678727558156,-0.20032643545992013,1.1018950990520424,-0.12383299953831783
2021-05-07,2.9149457294432954,-0.3326721507227568,4.0390279486349225,1.520401305971133,-0.37168255513837767
2021-05-10,2.929958678041244,2.7090348349665345,2.197924739430405,-0.9384786821484976,-0.3296119090723877
2021-05-11,0.33502513221319635,-1.324008866538138,-0.3285910112290442,0.5108401163840092,-0.7244847689294022
2021-05-12,3.1921736125608366,-2.4203231044942757,-0.7266143196461279,-0.6559147999031241,1.3791374251134831
2021-05-13,2.9560969855257824,-0.26631906081290185,-0.6773245976235638,-0.14564829938597387,-1.2740844541357488
2021-05-14,-0.9182295964500579,-0.3455535076213373,-2.3772893836468953,0.9392529042850565,-0.45418581128488156
2021-05-17,-2.8595244755753813,0.5527252799989725,0.4437361723085553,0.5666504576211052,1.3264783259036432
2021-05-18,-2.336832934334569,-1.573594937594997,-0.49719763256844474,0.21790835795314867,-1.6328042434582717
2021-05-19,-2.4017498582030994,-0.7299535355378345,-0.9930997953180191,-1.6406944330654727,0.3809394065931152
2021-05-20,0.06042444289473191,-1.5466084822578996,0.12999650438306576,-0.9918847743862624,-0.3918007597438932
2021-05-21,-5.975666603437319,-2.2193353732392973,1.58200003832123,-1.12529394436435,-0.6813626634292104
2021-05-24,-4.705623531099332,0.8980017032184754,1.2720480457442978,0.6414294661282546,3.497814973314318
2021-05-25,-2.0423443266437467,0.4985921946557453,-4.07180404912966,-1.5276937081042692,-0.23461097085537935
2021-05-26,-0.3118505042587455,-0.48445373299086203,2.7935585080464302,-0.41035028766954706,0.5615733162002402
2021-05-27,-3.7626029149396722,-1.064481863163673,0.7670671534233735,-0.0731373199674343,1.701127827307862
2021-05-28,13.153121730822605,2.9893780618686634,-3.217005298626792,1.2269832273584862,-0.34840169235310875
2021-06-01,-4.959610378241225,-0.9886039074363144,0.9423082126426181,-0.08032432685229848,2.182954648339764
2021-06-02,0.4690207691272836,-1.709307899421792,-0.41301006093384474,0.31843779971990643,-0.7876667346754757
2021-06-03,-0.4750190855080514,-1.043029170303087,-2.0539045674521175,2.0717528242370644,-0.2238994867636763
2021-06-04,7.328874374653832,3.828666545981599,2.4566019556272645,1.5388214317310633,-1.0359972657832734
2021-06-07,-15.980464797495705,-1.6818232636682717,3.0780289177828344,1.0092025767808146,3.089093782050703
2021-06-08,1.885971140440157,0.04329605107458797,-0.4251069378725424,-1.3534852644971045,0.07166454271454428
2021-06-09,2.743108132381822,0.7667588797233762,-2.0831780869985885,4.3239996029148875,0.3035221489051189
2021-06-10,4.903788016801852,-1.3119284584988948,-0.6206843202062028,-1.2684357832828606,-2.3215107878019507
2021-06-11,-3.223428345951734,-0.6752795125537197,-0.2812920565789434,-0.10365898828678088,1.1522254052913745
2021-06-14,0.47279976610179997,-0.37524125905308037,-0.40694607114156406,1.1408865817074818,-1.587933293570513
2021-06-15,-1.7857336432941602,-3.1189151000109465,0.026749145074469707,0.47002100743477654,0.5073190699904462
2021-06-16,-2.5523731507659817,0.3480643951983041,-0.6012263796021462,0.2304958721089015,1.2911974042951455
2021-06-17,-3.1002486865800996,0.15038193400974834,-1.02028031590232,-1.380011595499544,1.1469510269472092
2021-06-18,-1.036831519609173,-2.9078588772793474,-0.03418515596274729,-1.7030659586787393,-0.6078552294906957
2021-06-21,2.5117007486439737,4.534548414433139,-0.5971712342958568,2.60482879888315,-1.4198491228257042
2021-06-22,-1.0980290057356092,-1.7346000374386927,1.7096411584514821,-0.5074026658055144,-0.2776012064215024
2021-06-23,-1.083532668066338,0.4950625069401999,-0.7584284547281497,-1.1121161436290246,0.8082650946886887
2021-06-24,-1.481346338643523,0.9705138671835188,1.0321317768312834,-0.6212949526109435,-1.1856167121113756
2021-06-25,1.067813022303503,-1.033251658736621,-0.3145829805152959,0.7730001407275687,0.1657587491551735
2021-06-28,5.261188046292197,0.5365212406750177,-1.353794891733224,0.8513796163032613,-2.217112257064549
2021-06-29,-0.08378863429116742,-0.02529375002576565,-0.003602102543369362,-0.011589532450395675,-0.008143028525351441
2021-06-30,2.1971458744334864,0.9566283084575784,1.0721204501662862,1.4077111975031091,-0.8140112568478814
2021-07-01,-3.5439968241374604,0.9559183741198687,0.6878470032729891,0.3535911275474465,1.677592905002845
2021-07-02,-1.2076647221746848,-0.5836471382932863,-0.11674522743302637,1.1094765719804185,-0.44988425347519323
2021-07-06,2.382696803455392,1.5167324382334018,-0.03097881672751832,-1.2185347594764753,-1.0423019008372145
2021-07-07,0.05012615906876712,1.9701249615760559,-1.846946419738082,1.3957877667883594,-0.4448076506051124
2021-07-08,-0.4262724047025385,0.010477411338125896,0.18887091308653298,0.25390613229408354,-0.00295435848038953
2021-07-09,0.5971903677809555,1.4607958305817443,0.14182592299836394,-1.8006518107962344,0.7709021372262115
2021-07-12,-0.5610956610644882,0.21783820608553905,1.2420327929055126,0.5641190058471487,0.35216947163205203
2021-07-13,0.7081336250638617,0.8459242180731127,0.10121548690010218,-1.0248400490415888,0.7496429486909254
2021-07-14,-0.2831976326750975,0.23778367890081845,0.23294494829181583,-0.46198280259012775,0.4929158316439404
2021-07-15,0.328889527220417,-0.23014959825766146,-0.15341384473679273,0.0975892617209711,-0.23562963277089463
2021-07-16,-0.6924701613668938,0.015826802540892335,-0.5209172952134387,0.2757236350277939,-0.19836030897217144
2021-07-19,-0.8812399035144842,-0.6224313358344609,-1.5319263408658106,0.33828747613825466,-0.6057076031446555
2021-07-20,0.7637062823341174,-1.646583612023344,0.18722375411636166,-1.654774767272548,-0.21665516366654758
2021-07-21,2.0821182763025448,0.5201765318374622,0.34644006296691576,-1.920127879226086,0.9774643064128341
2021-07-22,2.375834908366878,0.06551767632574078,0.28369882358285614,-0.9175013358691084,-1.7566837140888782
2021-07-23,1.3384089500586032,1.9908293059423916,0.14013204373669927,-1.4983367368835805,1.012404526903276
2021-07-26,1.137951445208134,1.888916110913422,-0.19953635406516562,0.2168926768931688,0.11983790226006158
2021-07-27,0.8053810511913932,-1.2267629179764084,0.10420657428336855,1.2483721345591834,1.2870490748721497
2021-07-28,-0.08378863429116742,-0.02529375002576565,-0.003602102543369362,-0.011589532450395675,-0.008143028525351441
2021-07-29,-0.08378863429116742,-0.02529375002576565,-0.003602102543369362,-0.011589532450395675,-0.008143028525351441
2021-07-30,-12.118061528995113,-3.6192309536458014,-1.2901233833518368,0.8930391430682865,2.004511266151984
2021-08-02,-1.3139336664307155,0.9716487164741832,0.20451153440420505,0.5129883280841447,0.1300059191082514
2021-08-03,-2.8275336363418018,-0.47413439253423467,0.09974186399968799,1.6038717530716093,0.33203047204604336
2021-08-04,-3.78714965819811,-2.954266764193298,-0.2964787521859256,3.915031447860606,-2.31064953305489
2021-08-05,-1.862739188241185,-3.335960432584998,1.0861403591189416,-3.3968414156505324,-0.08399026417075993
2021-08-06,-0.7613750174745502,0.8259813460202357,0.44250366831803994,-0.7324372343209552,-0.3068851986119504
2021-08-09,-1.3386563942510454,-0.4864470351764773,-0.0923123384788791,1.0774309304762288,0.10362729947224025
2021-08-10,-1.1497971726459464,0.6748967637486163,-0.4805034869709358,-1.0626859077640307,-0.5720453580532044
2021-08-11,-1.1764164686462273,1.7774180475730104,1.578830287403501,-0.7679981440671686,3.07945069182501
2021-08-12,1.6165550171094498,-0.9359115219295441,0.5275495003759761,0.6980969182448915,-1.9215184901040359
2021-08-13,0.10616505937591426,-0.2720217743927765,-1.1264018821630333,-0.17019702722689925,-0.45912205490586594
2021-08-16,-0.19011912357542152,-0.03933520004059291,0.4981357962188586,0.23760213399769137,0.21060458709602525
2021-08-17,-1.2204175936644048,-0.5753187886090839,0.0972701545548662,0.6113267494171463,-0.556580998424334
2021-08-18,-1.6809921882756553,0.28139719080297626,0.2710737994780734,0.28893161318973415,-0.32235581700784455
2021-08-19,-3.907560887303817,1.1464081937781203,0.5473704672886186,-0.5078363807393869,0.5199918021757672
2021-08-20,-1.576994230711661,0.07511313970428518,0.6395575438379044,-0.9797642422486018,0.15844013576338248
2021-08-23,4.407663195794152,-2.245589415165395,-1.4830367972139915,0.8472686442473094,0.506579183733426
2021-08-24,11.064883458574293,1.6960810613404531,-0.8767182738135364,-5.55712853249075,-1.6674559053826632
2021-08-25,-1.6595866041334133,0.7873279592673055,0.5576883854920998,-0.42328595664919333,0.07855128395566448
2021-08-26,-0.35596509076060184,-0.9876457870629403,-0.1541219054065413,0.8035052662949395,-1.456394706622172
2021-08-27,2.7137610771498375,0.3335487980252033,-0.48750366890028785,-0.26081454294065737,-2.350162649034749
2021-08-30,-0.08378863429116742,-0.02529375002576565,-0.003602102543369362,-0.011589532450395675,-0.008143028525351441
2021-08-31,1.5894225759483462,-0.9433644217064722,0.29623087675133986,-1.2560196892317819,-0.4710246726294701
2021-09-01,-0.08378863429116742,-0.02529375002576565,-0.003602102543369362,-0.011589532450395675,-0.008143028525351441
2021-09-02,-0.08378863429116742,-0.02529375002576565,-0.003602102543369362,-0.011589532450395675,-0.008143028525351441
2021-09-03,-0.08378863429116742,-0.02529375002576565,-0.003602102543369362,-0.011589532450395675,-0.008143028525351441
2021-09-07,-0.08378863429116742,-0.02529375002576565,-0.003602102543369362,-0.011589532450395675,-0.008143028525351441
2021-09-08,-0.08378863429116742,-0.02529375002576565,-0.003602102543369362,-0.011589532450395675,-0.008143028525351441
2021-09-09,-0.08378863429116742,-0.02529375002576565,-0.003602102543369362,-0.011589532450395675,-0.008143028525351441
2021-09-10,-0.08378863429116742,-0.02529375002576565,-0.003602102543369362,-0.011589532450395675,-0.008143028525351441
2021-09-13,-0.08378863429116742,-0.02529375002576565,-0.003602102543369362,-0.011589532450395675,-0.008143028525351441
2021-09-14,-0.08378863429116742,-0.02529375002576565,-0.003602102543369362,-0.011589532450395675,-0.008143028525351441
2021-09-15,-0.08378863429116742,-0.02529375002576565,-0.003602102543369362,-0.011589532450395675,-0.008143028525351441
2021-09-16,-0.08378863429116742,-0.02529375002576565,-0.003602102543369362,-0.011589532450395675,-0.008143028525351441
2021-09-17,-0.08378863429116742,-0.02529375002576565,-0.003602102543369362,-0.011589532450395675,-0.008143028525351441
2021-09-20,-0.08378863429116742,-0.02529375002576565,-0.003602102543369362,-0.011589532450395675,-0.008143028525351441
2021-09-21,-0.08378863429116742,-0.02529375002576565,-0.003602102543369362,-0.011589532450395675,-0.008143028525351441
2021-09-22,-0.08378863429116742,-0.02529375002576565,-0.003602102543369362,-0.011589532450395675,-0.008143028525351441
2021-09-23,0.23875751836219042,-0.11655176026491576,1.3913401738278284,0.3960356064061964,0.06830860710478184
2021-09-24,5.889677207953627,6.7207164128489705,-1.6502047848729848,2.0516086211850175,0.79087022968105
2021-09-27,0.8009213604188132,-1.476829465725732,0.06303892719713468,-1.182560690623194,-0.5667396492238254
2021-09-28,-0.47767567779172626,0.6504695704782403,0.4368072910043476,-1.136680661002199,0.36814261682920374
2021-09-29,0.15359564880388696,-0.028460784772733335,0.005887482854465932,-0.15418397245729137,-0.28713990457764854
2021-09-30,0.614379121198738,-0.3982147843006061,5.765449605162002,1.9371263462603054,0.6915601134565902
2021-10-01,-0.847007614103597,-0.9407823086564255,0.3632275867090539,-1.0090955958940486,0.537714826138984
2021-10-04,-0.16994127266625492,-0.1093497162675045,0.009365989007300282,0.02469577628158858,0.11553928358575362
2021-10-05,-0.5560253455992548,-1.9321892401805618,-0.39060571603307975,1.7768135798817388,-2.3908521336214137
2021-10-06,0.2623398741519994,0.0904006549308488,0.5837239566642007,-0.34017727103083895,-0.32611536967189103
2021-10-07,6.811200337927198,3.226377961383655,-1.3600658820214946,0.2699679909265136,-1.2633360728526606
2021-10-08,-0.08378863429116742,-0.02529375002576565,-0.003602102543369362,-0.011589532450395675,-0.008143028525351441
2021-10-11,1.9225484162144189,0.4476000129103182,-0.5117325327886348,0.2448401142796617,0.05220911233301363
2021-10-12,1.074742630255544,-0.37896022838013704,0.22839500462277865,0.04888969115912348,-0.7559021148719466
2021-10-13,3.552801867300658,0.04289621189725764,1.1341586565257853,-1.3039114592085295,-1.9088808217259465
2021-10-14,2.35644658930915,-0.3171040423719893,0.41254518218359626,-0.1396809768535016,-0.45628680313790493
2021-10-15,2.776366807874088,-0.33020679446867945,-0.5488388017659747,-0.6405261295949899,0.8826107908654954
2021-10-18,1.3622300005059151,0.7558176011750353,2.0464053277876673,-0.24900039320147627,0.7391836871030852
2021-10-19,1.4212829892695997,0.6304004336174308,-0.2536930920722129,1.7272803818200348,-0.19947313218446244
2021-10-20,3.221300424165342,3.4492343929886147,0.8546752492636431,1.2655358902885872,1.2641869059716382
2021-10-21,-0.5071073512124293,-0.5344616073608484,0.3189398519263112,0.607258959832618,0.9176868759210633
2021-10-22,1.1869039022467807,-0.9146110008142966,1.1926507809637201,0.6727289231515087,0.33960544978873697
2021-10-25,0.3993521188815975,0.14107138048579396,0.28975278439183405,-0.06102363662267428,-0.09847171741847496
2021-10-26,-2.059283379732177,-0.6746429444763873,0.3401946321850622,0.2815742189288478,0.4723967796052069
2021-10-27,0.9130315485487052,-1.6262641552854318,-0.44198415580090933,-0.9617699131403181,-1.5898311352250944
2021-10-28,-0.702468764130025,-0.21428032047703566,-1.1928919880681497,-1.5419271161279966,0.521737191243796
2021-10-29,0.2943311741206715,-0.3034443509572581,0.055558035692053254,-0.47087338125230793,-0.8431796511509401
2021-11-01,-0.08378863429116742,-0.02529375002576565,-0.003602102543369362,-0.011589532450395675,-0.008143028525351441
2021-11-02,-0.9932993011755933,3.145135443039369,1.458525605027104,2.7301514565654554,-0.08663913622896707
2021-11-03,-1.077900770868107,-0.3951802833877688,0.13148268531055535,0.057552418143518407,1.073972603308962
2021-11-04,-0.35811007121983296,0.25003548884927096,0.23795798219083447,-0.6670406913409321,0.5732223099118879
2021-11-05,1.889870235666524,0.3947272367438203,-0.4890718168885538,0.4395082098730958,-1.3385832628946843
2021-11-08,-0.31573057678490135,-0.3438522309032561,-0.6852958348846511,-0.5341977990523665,-0.0419908154838914
2021-11-09,0.4745877900816481,-0.6741299282777561,0.20374977139972672,1.5635142270430769,0.8692486946870361
2021-11-10,0.01390123061307218,0.10107989508418924,0.0979831473139843,-0.3039352019834194,-0.4554970012294155
2021-11-11,1.2214578452370972,0.25477331832374994,2.181219695063173,0.1531840283220417,0.9179107400450787
2021-11-12,-0.6979295283087391,-1.7429833222858941,0.15154347895254883,-0.46975504230846754,-0.023403313868857464
2021-11-15,1.7218707354816982,-0.15385012190894282,-0.6191226182101877,0.2589466945718278,2.164438294695546
2021-11-16,-0.72772569442125,-1.734328634663765,0.29824623313690585,-1.0476785400781683,0.6575893112129543
2021-11-17,-0.113285701224621,-0.12968971239521976,-0.219875600365313,0.7418258867718549,0.08479204055374717
2021-11-18,-0.6750867711094118,1.1243843757640248,-0.1838877606060568,1.2072431659695009,0.2871603092639885
2021-11-19,0.26167195512588276,0.6186284536962844,-0.14298630185802427,0.28811022649017226,0.2216264571094747
2021-11-22,-2.51116660701996,0.44960397933919316,-2.143256955317213,-1.6284102354023298,-1.2270491274197501
2021-11-23,0.15572425215675764,-0.4644685916051045,1.052649582442775,0.6469722673604159,-0.23646162691718878
2021-11-24,-0.08763429191483384,-0.023196439971452355,-0.050758413268071845,0.11606756934182186,0.225684784526561
2021-11-26,-3.2998114756741335,0.1491623874899225,0.3399819796827112,1.160595083192247,0.4448818981163353
2021-11-29,0.6615198945169698,-0.6991263355448201,-0.0661615728705979,-0.36137939157498195,-0.5594196136457188
2021-11-30,1.135688449082897,1.299492999356452,1.2415521751633027,-1.0703883306458848,0.8964694002392339
2021-12-01,-4.339989378664657,0.6290674471501965,0.8080426995860341,0.566396434278763,-1.2208524728897716
2021-12-02,0.9888063642600244,3.2599612629051533,-0.8452283394717167,3.008913301005044,-0.22324433763643903
2021-12-03,-4.078228093793177,1.7136295550983618,1.033348371350706,0.36448795876529505,0.7897423743807204
2021-12-06,2.226800515402217,-0.8991069525830453,-0.6010327634894588,0.02875108231936812,-1.3148848142168714
2021-12-07,-0.3242758057876269,2.804130532227653,-1.3026415661277118,2.36941773214229,0.497842109982808
2021-12-08,-0.08378863429116742,-0.02529375002576565,-0.003602102543369362,-0.011589532450395675,-0.008143028525351441
2021-12-09,1.548637656142373,0.5852956077729111,1.0151617363050272,1.1671435694255283,-0.16338843777149567
2021-12-10,0.1406238780163138,1.3409192891497999,0.4445613531047676,-1.527770289953577,0.5113304434198777
2021-12-13,1.0920348496782912,0.014394837365921306,0.11259006922474768,-1.4053352956448153,0.6933282857059939
2021-12-14,-0.5198854166853912,0.3894323721805606,-1.7335058690625647,-0.6460879165095187,-0.6192491242092308
2021-12-15,-2.865720146960227,-0.748361755763428,0.17995426475033538,1.2572424588378859,-0.22982184559172142
2021-12-16,1.974362814271525,-0.6215749622081144,1.4993213923405992,-0.4247967178084168,-1.5244405163431989
2021-12-17,0.9422436094883143,2.568643321014307,-0.019583102837581804,1.1254371629433648,0.3332136927180719
2021-12-20,-0.4731670864989253,-0.4313145965067411,0.07846744278097759,0.2178027763416333,-1.0426022001778688
2021-12-21,0.48096971044662523,-0.4382496566206297,-0.292651324072168,0.33991989616616164,0.3927826337382071
2021-12-22,-0.44064600749737204,-0.984512127334164,-0.29202093509349347,1.1810196483246922,-0.43405909595885217
2021-12-23,1.0033740556389745,-2.317002674970028,-0.4167669228072759,-0.2770687013826474,1.1349274754834562
2021-12-27,2.3230958708703477,-0.060246897543957,-0.29743724607137173,-0.7882681614883903,-2.0410694067984676
2021-12-28,0.7062220173389622,1.1137320199833558,0.13573625159881805,-0.911258726163218,-0.1524775636888987
2021-12-29,-0.2519167030371832,0.7825199824550672,0.2507830154112515,-0.7243122047579401,0.7895581003579336
2021-12-30,1.2114943367460027,-0.251371616303307,-0.6226338731199486,0.9055081849097968,0.3907956896019317
2021-12-31,-0.08378863429116742,-0.02529375002576565,-0.003602102543369362,-0.011589532450395675,-0.008143028525351441
2022-01-03,0.7856753422243032,-1.0627866287395076,-0.43773245071894296,0.9323752813149079,-2.3001303673947477
2022-01-04,1.9176651036429126,-0.7692943818753304,-0.5103458788753321,0.04604404178441987,-1.189959734394894
2022-01-05,0.6187300974313996,-0.2067626716201677,-0.19270608521296834,0.02647582852347373,-0.4471893707938816
2022-01-06,2.5569350096054686,2.4275541126295646,-0.18930134577896307,-0.27423656724328827,0.8359726485577198
2022-01-07,1.1755760852195958,-0.06465040748822168,-0.15463759395604862,-0.4388135025072406,-0.3801193002672361
2022-01-10,-1.435910511103455,0.08639007296899487,-0.0058068230135261715,0.22055560718142303,0.3511863145667196
2022-01-11,1.579629376913547,-0.424145733206859,-0.26598697617975303,-0.33418443488308336,-1.7618352230329772
2022-01-12,3.416737632426449,-0.43041583614494006,0.03086548089084856,-1.1767470812466059,-1.0024510012815384
2022-01-13,3.00018199366015,1.487798311574146,0.3059867085891104,-3.355491175883926,0.9427536133104851
2022-01-14,-2.1518379655882427,-1.0895233311026153,-0.4493087526110042,1.6468765225676387,-0.5867518727852822
2022-01-18,1.5591675437169044,0.539523339087398,-0.020745626835671025,-1.2462469283729203,0.9907613012457422
2022-01-19,1.862109366489449,-0.11988358235491371,1.157323483705104,1.7875986636282424,-1.6588751201199619
2022-01-20,1.2809614972183705,2.2395648503770706,0.2981782054093202,-1.5639637149706465,1.0485216406859954
2022-01-21,-1.169636815986871,-0.8025990696094714,-0.10762048072681749,1.1070184364038875,0.17666166952328174
2022-01-24,-2.7701907723282333,-0.6835373229500668,0.589463290382928,0.13621115209183468,-1.2423764046072747
2022-01-25,-0.034125598462459814,0.005092486489307013,0.42712491742673525,-1.786151921231946,1.0762924929637028
2022-01-26,0.13824934839685862,1.2657620789040809,0.7012486627140315,1.236700565911307,-0.05114690222935862
2022-01-27,3.5297160098891434,-1.3900345189476502,1.6661126015915833,0.8688227955226528,-1.2550867285574694
2022-01-28,0.4292958936331851,0.1071601770072491,0.6809293487641802,0.9568536878750158,1.1438765328227023
2022-01-31,-0.002352583934010816,-0.11659379368515796,0.3068600412358541,0.22404571983728835,0.21236374988251538
2022-02-01,-1.0667520104978359,0.22216530036122312,4.788694043341901,2.519874026375754,-1.9530289500911044
2022-02-02,-1.4047326105694662,0.0016822016826400846,-0.009873385417396739,0.7794616187656732,1.6800690566442273
2022-02-03,-0.6501065808642004,-0.062097276671329533,1.6176217246294367,0.732215139719461,0.3493913169368602
2022-02-04,0.536877191785914,1.1118395029722117,-0.4062566487993006,1.4393306558722294,0.3094954459969869
2022-02-07,-1.5445225035879107,1.5655827436440357,0.008408986381906956,1.3125164964418552,0.7465885597363605
2022-02-08,3.981412930941274,0.7415664626687525,-0.4587246292800239,-1.8734673396301744,-0.49676791032526274
2022-02-09,0.353419575087558,0.6865367504349658,1.4478338132309279,0.6649217169474122,0.40129725262332255
2022-02-10,0.8914414386026807,2.0241711000984868,-2.031059206733929,1.7374049239346943,0.26177219906765825
2022-02-11,-0.3580803134969202,-0.623331259657432,1.1451689923326533,1.2075728613940486,0.04021663982982201
2022-02-14,-3.2572162397992757,-0.4188758568564801,-3.1929297019758276,-0.4211236286052771,-1.809611178043815
2022-02-15,1.977242226291139,0.11282125270627325,-0.3494140191083949,-0.7256835367143419,1.657538650165241
2022-02-16,0.36490673356490316,1.0432375862867203,2.8432136991368515,-0.7209887880335387,2.3733165345149794
2022-02-17,-0.3613864795061562,0.13421028765892384,0.09776438059851686,-0.096781072450724,0.2646919145794246
2022-02-18,-0.27494147857600043,-0.48225859059970294,-0.7025886798870913,0.28216771634390536,-1.1268452136437352
2022-02-22,-1.6191392569757035,-1.5142251529333683,0.664113625449807,-0.05728571844386096,-0.8432096313650765
2022-02-23,0.021180572169543017,-0.33536518943718235,-0.1824109537813473,0.3704824400874081,0.22779603351915678
2022-02-24,-3.4691431886467834,-0.935236878749151,-0.5571827725677484,-0.1825244066675417,-1.4347971659763097
2022-02-25,3.098890459885966,0.837940862565704,-0.012539291372150397,-2.2891763359214594,1.101758742476309
2022-02-28,-0.5106125161471609,-0.38996832942305776,-1.3731958949828806,-0.4605703390946116,0.1584099270820898
2022-03-01,0.5375788361752968,-0.15050447399746386,0.055756256529609916,1.4842532496529788,0.17974264388912398
2022-03-02,-0.4245118035719193,1.1797772995041282,1.1137525830782522,0.1623624467894283,0.1138979311059475
2022-03-03,1.7434635702550954,1.2467852356095215,0.2195045751975071,-2.026231237604196,0.5186924236273692
2022-03-04,-0.9229188681475099,0.268514791913957,-0.7750449180536607,-0.3036219463195463,0.30756283347769214
2022-03-07,-3.7108645277351267,-1.2677241325752284,0.9996744860419593,-1.2870715719772665,1.4858899401583319
2022-03-08,-1.5881430208751044,-0.6548332972892953,-1.25470163522211,0.7604528389252797,-0.4149572550917138
2022-03-09,1.1162191202795175,-0.8879583730581793,-0.25542772389303736,0.27965855716227705,-2.0440311959447097
2022-03-10,1.0812401180298603,2.8970307415623187,0.2627174186846667,-1.5197171940240521,1.6091152690021922
2022-03-11,-1.1222382807256006,-1.9420139589118846,-2.5004725464106827,-0.6931850907416554,-1.176012444112078
2022-03-14,-0.5370503543829317,0.13144198096229642,0.10155135331970214,0.005499421542399225,0.27200433861705536
2022-03-15,-0.5823428542682523,-0.18052785021991935,1.7480001143664636,0.9981623152497932,-0.3011641494888634
2022-03-16,2.392718908043932,1.096882457122736,0.05966442993169441,-2.0218479166881673,0.24465206158804242
2022-03-17,-0.08378863429116742,-0.02529375002576565,-0.003602102543369362,-0.011589532450395675,-0.008143028525351441
2022-03-18,-0.08378863429116742,-0.02529375002576565,-0.003602102543369362,-0.011589532450395675,-0.008143028525351441
2022-03-21,-0.08378863429116742,-0.02529375002576565,-0.003602102543369362,-0.011589532450395675,-0.008143028525351441
2022-03-22,0.7124621367883575,-0.20010857924340913,1.0390895585717288,1.8475020886824107,0.28238377173238804
2022-03-23,-0.2571349162439677,-0.1404329104271329,0.014692728649278597,-0.008096919173851382,0.3071871452168991
2022-03-24,0.3867595139083086,0.36166146286041917,-0.017796695231084198,-0.3136051578333174,0.12409295093299617
2022-03-25,0.08657168911494491,-0.14221125439494428,1.632802893579342,0.2645861269878892,0.12187119358700822
2022-03-28,-0.3924004933702786,0.13157935659701972,-1.5830512794728637,-0.2223019813571837,-0.33172981764126463
2022-03-29,0.010831714324227238,0.23871520379392702,0.009847038392464915,-0.12728440798644491,0.23398872753867891
2022-03-30,2.7676812644391924,3.1798045098800825,-0.13158394139065285,-1.6104963270207964,2.110343496732334
2022-03-31,-0.9466233999907185,-1.2261750402225113,-0.276333040139699,1.4117215185009164,0.786015968532782
2022-04-01,1.3503770344233175,-0.39779172257354084,-0.6100182105308674,0.8179488231179585,-0.2196518209339803
2022-04-04,0.9244813318416638,1.1264124511688174,0.29072373662404966,-1.5629502268150486,-0.43263609958210547
2022-04-05,-0.46281693713449096,0.40140187237607877,0.2956756454677684,-0.47295671056106275,-0.8783219551290503
2022-04-06,-0.6822483202104926,-0.5153452649790549,0.014477977706597074,0.07291181881014515,0.7881043424086311
2022-04-07,-1.2311094052891465,-0.9323942592619401,-0.42563106260874184,1.119402480876072,-0.662550589200086
2022-04-08,-0.5895876035890537,-0.27045477764965126,0.010491062663789947,0.11308763595191669,0.9323247339913592
2022-04-11,0.5366732179415244,-0.15536930228383353,0.7961781007046186,-2.2244450872945976,0.25219923330095934
2022-04-12,-2.559920915918434,0.17576350258132206,0.5089855288193255,0.41676815656126526,0.01857344948090469
2022-04-13,-5.94233141974497,1.2695186164559116,1.3374134709971248,0.29223448096857185,0.3256490860589383
2022-04-14,-0.08378863429116742,-0.02529375002576565,-0.003602102543369362,-0.011589532450395675,-0.008143028525351441
2022-04-18,-2.1157084382671054,0.4184776657536288,0.3521143945343806,0.3847357728457455,-0.8575697156852661
2022-04-19,0.7875868580141578,-0.8713971500607555,-0.49523998335037983,-0.5095916612821767,-0.6612290449451573
2022-04-20,2.369200231825278,-0.25337736196263105,-0.18031955056899374,1.5163806149039047,-1.8709329811205504
2022-04-21,0.2740926675288333,1.7610125097220826,-0.10112933397064058,0.7670170171209071,-2.4920475423373807
2022-04-22,-1.4048468506338923,-0.43787654139993315,-0.857900017714974,0.8984415549945839,0.6113764396557536
2022-04-25,-5.698568532944856,1.8816867135114161,1.5156001804659547,-0.47985622260407906,1.0896006187723735
2022-04-26,-0.4995824869030378,-2.943340771959615,-0.285902311555776,0.9243585514519557,-2.7378464205787707
2022-04-27,4.470711115277593,0.2322290744492761,-0.808015895853814,-1.1906381260277816,1.8150458235013984
2022-04-28,-0.16324887891592466,-1.6850702010945404,-0.07986725537892045,-0.5026802385384765,1.7654998138010223
2022-04-29,0.46277160975696424,2.001276159802337,-2.78519201861056,1.5244272338643103,-0.04509322753992111
2022-05-02,-1.1516781712572208,3.7168098209153713,0.2471324976978555,1.0513517486408657,-1.3304269656881211
2022-05-03,-0.992937839887528,-1.7051733642211293,-1.6151677909627216,-1.9903918965707303,1.21524405996577
2022-05-04,0.34024208298789166,-0.3750753500787854,-0.9729272596786185,0.14291861851122778,-0.005937276470177774
2022-05-05,-8.467790445178936,3.362357404380887,2.1738767041816427,-0.21405080377735522,0.8930464683456639
2022-05-06,-1.7493645167372522,-0.8741082567740894,0.12344432548554307,1.1473957514203417,-3.192008807594226
2022-05-09,-1.2562492466639066,0.34187041806413276,0.24766510796174757,0.03238593428598388,1.032381894460337
2022-05-10,-0.10423726747724499,-2.3884458825051444,0.381423672018305,-1.8798207280701802,-0.28337789963585003
2022-05-11,-0.6681856901108396,-0.21759397702363928,-0.9467436774696049,0.45860027684607607,-0.10231032203164897
2022-05-12,-2.476036974571419,-0.7025797188673356,0.10355368283772556,1.5093500094765764,-1.152806140905424
2022-05-13,0.7850254105994491,-1.8797338034039948,-2.0731197221175086,-1.2483606587373544,-1.1239272148183004
2022-05-16,0.6810375065262281,0.4569117833740051,-0.583764866757863,1.5408416034823822,-0.2896948615014922
2022-05-17,-2.267815352255054,1.9482175368831218,-1.6345744506430786,0.2937242851881857,-1.2773737509479026
2022-05-18,0.05814367324152085,-1.501313871883469,0.12114629730744156,-0.9645288120822784,0.12625506794915894
2022-05-19,0.9305167478463323,-0.6268202250372479,-0.42235353460846564,0.39243626474021065,0.19340150587866572
2022-05-20,0.6435038066608406,2.586761998445326,0.2076142857686674,-0.6978134604144939,-0.47089025542056023
2022-05-23,-0.7619326205638295,-1.4008350355813213,0.08058541049594206,-0.39528094203550096,1.8959803529889792
2022-05-24,-0.4231105237914423,-1.009773486525634,0.49109148353202076,-1.5171137093290314,-1.0124238498577534
2022-05-25,0.22825731315378986,-0.3113670119256183,-0.29217596929443346,0.4996739395163703,0.8877991146824429
2022-05-26,1.6372951827518973,-0.6474333838782484,1.500111382028504,0.12594480801960667,0.3122459521288888
2022-05-27,1.4978696280771189,-1.1796265487277202,-0.2907927922303704,0.15057234189558832,-2.3212811093830785
2022-05-31,-2.728887073111249,1.4984672897503695,1.0443917822789603,0.8617136636224144,-1.2191753416114337
2022-06-01,0.22482156366940895,-0.4914939874296867,-0.5342759206476373,1.6420605755291102,-0.5029254007544801
2022-06-02,2.0097751378073196,-1.350481788627584,-0.37129821088619147,-0.3433152688331067,-0.4701710478709688
2022-06-03,0.09669852121465848,-0.9907521540124818,1.2132660892767615,-0.3302735367748124,0.1576580973363789
2022-06-06,-0.2067700564645466,0.6760636998261449,0.4296741756487867,-0.882467144626114,-0.9308784359963569
2022-06-07,0.5093348131294855,0.6569235400068237,-0.8861817018437143,0.08144460012937793,-0.2921903152256621
2022-06-08,3.9838354644867118,1.5942423920654587,-0.37457066039100734,-1.9169161291751218,0.7729512188834596
2022-06-09,-0.7827826266972219,-1.5923667545824824,-0.5436012751037642,2.224649670117645,-0.36917621059411965
2022-06-10,0.3564228503426229,0.05306461425078148,0.3254473615458998,-0.3035064840655132,0.873114662290843
2022-06-13,-0.6460763638160707,0.3342892482894611,0.24509544973586966,-0.25785320598609823,-0.2726919504187191
2022-06-14,0.2886762891742755,0.8025989900039563,1.1064195850019316,0.8760138212552324,-1.6325115106834653
2022-06-15,-0.011089771409660332,-0.4477537050582106,-0.31271235964860084,0.6296876458411351,1.268989462970988
2022-06-16,1.0100706640164399,-1.2713328157848236,3.765224925195917,-0.5445178179519805,0.5066170230880074
2022-06-17,0.1535289836870918,0.029187340212154553,0.0825837191954369,-0.36688892504460474,0.2717451855935235
2022-06-21,-1.8999664161133374,1.2872609737172978,0.09362070484686363,0.9171792559780196,-0.17937133274758374
2022-06-22,-1.8088994193140087,0.6347409166106361,0.471472870158944,-2.446229854453501,-1.0011327593782209
2022-06-23,-2.520875410817787,-0.2082923816503632,0.8846816958560955,-1.2098072395767838,-0.5485290335241753
2022-06-24,0.7072092975969707,-1.5575093804510005,-0.4083693087795182,0.1252870621538243,1.2146364443200552
2022-06-27,0.4802198794991733,2.5841639622650083,-0.4060942710151951,1.724583238558288,-0.9609934746876209
2022-06-28,0.7485897352168688,-3.9049435933951373,0.5746969766545226,-3.5490640915202545,0.8584285096888363
2022-06-29,-0.08378863429116742,-0.02529375002576565,-0.003602102543369362,-0.011589532450395675,-0.008143028525351441
2022-06-30,-0.9263915867031458,-0.6654182968199105,0.7267289913766197,-1.7945715313892716,-0.6205928445004907
2022-07-01,-0.45451624044244177,0.1772256086561941,0.1354435102300344,-0.11631414942164937,-0.05914134359474073
2022-07-05,-0.5631497660263938,-0.22035877666683312,-0.1456777505531402,0.5434485937110283,1.7581052764127072
2022-07-06,-2.6513736288980985,-0.801064668541785,0.2328116305291849,1.6773676839766232,-2.265761411371927
2022-07-07,0.6755059631703441,0.45147366530204663,-0.4931252558917431,1.2388325621949248,-0.3839077929977748
2022-07-08,-0.532003739689886,0.3915196856016675,-0.2628423434351121,-0.058640093930314934,-0.05962091833600633
2022-07-11,-0.8360403102270786,-1.281459906334922,-0.11697175583394967,-0.8104240064556442,0.23231538375396907
2022-07-12,-0.8588840481933058,-0.5731179119305099,-0.015298772363281561,0.16174248192870241,1.4081921718217656
2022-07-13,-0.5763720781019712,0.7015315972306311,0.38846428714636283,-0.6942600765865918,-0.5295137417589001
2022-07-14,-1.2877700336944788,0.9122711701089641,0.16991714955843668,0.4873243132433187,1.1225052076339295
2022-07-15,-0.7085071302086458,0.22810005007790718,0.16799581715216472,-0.04771840712943264,0.23712805489268998
2022-07-18,-0.18573053903044745,0.09765521954773414,0.08044041269930696,-0.12735960294760923,-0.3328898067500872
2022-07-19,0.699496627332949,-1.2663070746280582,0.7591610701367665,1.8662893320107838,-0.4977135076000352
2022-07-20,1.9162617311740302,0.41802118640405334,-0.567675675987666,0.6032477477423215,-0.2617928913162606
2022-07-21,6.025475320951747,3.2821580591567523,-2.163715370784903,3.8587437010204413,-2.2785415772509703
2022-07-22,-0.684594093202863,-3.0122846940087187,0.7452804754414524,-3.1756805729095667,1.6673497879458066
2022-07-25,-1.2658545568749435,0.45601386353347595,-0.20085663882070517,0.43871569202794275,2.505472601527409
2022-07-26,0.702151480620349,-0.38408902291758984,-1.7736437512553274,-0.409772218802935,-0.13226764702586233
2022-07-27,0.39380889824743426,0.006118678495770408,1.792697014942451,0.20939013970488335,-0.6271758094674988
2022-07-28,-0.08378863429116742,-0.02529375002576565,-0.003602102543369362,-0.011589532450395675,-0.008143028525351441
2022-07-29,-0.08378863429116742,-0.02529375002576565,-0.003602102543369362,-0.011589532450395675,-0.008143028525351441
2022-08-01,0.26090166769376555,0.03984452574247589,0.11075272275919767,-0.5109832967475619,0.4389513196949373
2022-08-02,2.354895895126458,4.151109057555301,-0.5874876396977666,0.8666606329296761,-0.12755518914514277
2022-08-03,-0.24991829748610542,-1.19003819888844,-0.49354269864777056,-0.5665602796461255,0.5244157700914859
2022-08-04,0.3615845606379007,0.7897601918528525,0.3032836915390118,-1.1137054553490133,-1.033936254640092
2022-08-05,0.5435488037242728,-0.3257730992775205,-0.27681739146356105,0.23112694976316547,0.21080628891310108
2022-08-08,0.3854257250351881,-0.22403378713467026,-0.15087305243831464,0.06674965105779279,-0.4276946529594269
2022-08-09,1.0061255428266782,-0.49591592389564737,-0.3308401094825303,0.1669561119354194,-0.5241465492033109
2022-08-10,3.770381239218765,1.2933124790515855,-0.27267536031206524,-2.032497749474738,-0.46951432883207606
2022-08-11,1.7461572598855182,1.0948241220325585,-1.140659864071581,-2.0980187479582977,1.366417969793922
2022-08-12,-0.8149820431835679,-0.6046140947724334,0.09978366492110274,0.020401925011641335,0.012769786921133943
2022-08-15,-0.12072517015536946,0.16611069661733985,0.15068290176086754,-0.5159302172962628,-0.7098590706121932
2022-08-16,0.9142515552147703,0.1561512167488654,-0.616541833110434,1.1755534288414593,0.7644189563609152
2022-08-17,-1.3051634652890214,-3.255646192617186,0.8376308552718172,-2.814439252371751,0.6389660539422012
2022-08-18,-1.2488875608913932,-0.6339204100092142,0.14816195069668045,0.6746537407951048,-1.7854102878279898
2022-08-19,-1.2605850616158691,-2.0264638785723936,-0.4109296355942394,2.200994060958928,-0.7328529181170812
2022-08-22,-2.7528915329851964,4.8326513067555545,-1.7943936184906706,2.593276028701602,-0.5663177036282028
2022-08-23,1.4489591584265273,-0.677341827356337,-0.4135009060230882,0.06723306660580343,0.1815188382049458
2022-08-24,0.45916614326699373,-0.21731839310636694,-0.13187930929750433,-0.03208566710549919,-0.3084529822907261
2022-08-25,-1.0456575555240937,0.054155279723737,0.16349338984546724,0.20692812155872115,0.337068649251398
2022-08-26,0.14676222041559234,-0.1387735187638553,-0.04447345600356208,-0.13873156252239568,-0.1169763205945701
2022-08-29,-0.4265532274128461,1.5658524707309165,1.875428440651808,-1.1793201065923538,1.2100355544537782
2022-08-30,-0.08378863429116742,-0.02529375002576565,-0.003602102543369362,-0.011589532450395675,-0.008143028525351441
2022-08-31,-2.3373575270668994,1.5680706910895303,0.5639384274482098,-0.35528485537419574,1.9449861839424558
2022-09-01,-1.1999104219568624,-1.3053294746002018,0.9542470153359208,-2.4841858629437295,-1.006546661362617
2022-09-02,1.7665093359578434,-0.3440848955535649,-0.2522918563143939,-0.4306761296500002,-0.5422754516135122
2022-09-06,1.0174912795600308,-0.37611872118351414,-1.2456497345235136,3.8724511723059343,-1.3519768023005347
2022-09-07,0.8908839394922888,-0.5257766546488021,-0.40288752585689064,0.4123958489254548,-1.233898554512185
2022-09-08,0.8709947043967983,-0.1926026861058606,-0.238652839141349,-0.08770650335412707,0.4170242789170016
2022-09-09,1.8673309151303759,-0.4674726666778061,-0.35571207071898964,-0.3723698114972032,-0.2816745048496479
2022-09-12,-0.04277624751642607,0.12115827017740473,0.04381614174243201,-0.22016930914166205,-0.5507479156178645
2022-09-13,-1.1779919520586346,-0.26546024625927556,0.15524984087363253,0.3825634346971727,0.41154700157087526
2022-09-14,-0.5018711435408031,-2.0875815220444647,0.3725841773094301,-1.5558660415994987,0.4276136663106415
2022-09-15,0.8325749758303099,-0.35484597960170017,-0.22891592456109333,0.008421349778038854,-0.6227306446339783
2022-09-16,1.5320266390704917,-0.5840349293178146,-0.37845961311345117,-0.0725092872925704,-1.0068296030922776
2022-09-19,-2.7007243594952337,2.8081805143914274,0.8939554191899908,0.04333566654510718,-1.2141675529114135
2022-09-20,0.8376399745320569,0.5065818273602469,-0.49226708199118113,0.8641530272988152,0.8828157341269119
2022-09-21,0.1675725099298819,-0.11221322929153235,-0.061916078361111286,-0.02106639501955364,-0.16350175315176235
2022-09-22,0.20042492914835627,0.22687773147952692,0.044422400323755204,-0.184278194660818,-1.0199317576658182
2022-09-23,-3.1868475930596705,0.588253750533881,-0.08977389108362865,0.06427156082351684,0.4300636042840168
2022-09-26,-2.1713266477636006,-0.07659849217519908,-0.37733161800680287,0.8152690060333091,-0.6508145881659744
2022-09-27,0.5655374328014782,0.19442022553677374,-1.961778112973258,-0.8629882895344548,1.0823437348143259
2022-09-28,-0.9814693410069089,-2.8483669118791775,-0.49720900979481414,-1.1525008682532918,0.30907091525664643
2022-09-29,0.1273660403685086,0.09483851828407981,0.1245466125081397,-0.44379778793508096,-0.02166983937083634
2022-09-30,0.19814650364138148,-0.1889072844448594,-0.501221950737879,-0.017735049636751266,-0.07602492541037387
2022-10-03,0.8661381072713537,-0.3626355975689016,-0.22878004018539685,-0.047456835961848624,-0.5221179367692935
2022-10-04,1.8512219516951056,1.6933923211981996,-1.0215873805909863,2.351674638060316,0.3422794896339221
2022-10-05,-0.09502147398941506,0.30061467251800417,-0.5326576744393382,-0.7790375428742977,-1.1951299625853746
2022-10-06,1.1557681746539346,0.13207956431323026,-0.12854282689303648,-0.5446795209185737,-0.48692696547402514
2022-10-07,-0.6434161442668522,-0.7405304313915609,0.11593839965277127,0.8045367033355466,-0.4801013724142825
2022-10-10,-0.05788891391201571,0.34516591046332323,0.05922679937331374,-0.28345261940267336,0.2928090308125459
2022-10-11,1.0119158489443703,-1.8610544353804386,-0.9129643093133784,2.017092799396825,2.925507808409199
2022-10-12,0.42135789815515645,-0.4261782000526846,-0.6726202414014746,0.22721965881161663,0.38979087222824993
2022-10-13,0.07442432130352418,-0.6676265074801658,-0.12944030303017098,0.18268237469613943,-0.5359216677239426
2022-10-14,1.0277052608439776,0.15832930073936707,0.001692752786425924,-0.5825216387029086,0.37047698882518254
2022-10-17,-1.0143162843672369,-0.3029687647838968,-0.5915120413734039,0.8940855903647902,0.4556692322572614
2022-10-18,0.2498351956770969,0.17183818799380618,0.0760408505308992,-0.40366377366668094,-0.7647346849207447
2022-10-19,-0.22297202137025945,-0.10991988483525902,-0.07902645526800783,0.24696931223249588,0.29703832000746033
2022-10-20,-0.5300087125188983,-2.224381771099123,0.545610156423916,-2.0621949968265274,-0.20192659967637275
2022-10-21,2.2531491360549065,7.595640410320726,-2.2334774097540695,6.457773549388519,-1.4227256919126465
2022-10-24,-0.7739069386817852,-0.6784226237399054,1.146791029409549,-0.6867868784007521,0.7794405013838388
2022-10-25,1.458701370759241,-0.4793609740193096,0.9370779316384196,0.8866054434575164,-1.3823204340222959
2022-10-26,1.2017250750090276,-0.005094784499207602,2.448835365004586,-0.1337363629032403,-0.1929520416306696
2022-10-27,-0.08194487264628562,-0.668531146733328,-0.2761534768252381,-0.6749249857729693,0.5560185004366284
2022-10-28,0.8201539440631459,1.2517378413642226,-0.05231484351409454,-0.12552011534272656,-0.23201829997788237
2022-10-31,0.7590211469290981,-0.3898195117972015,0.051828968959972355,0.30427004132958474,0.4512802890232073
2022-11-01,-0.08378863429116742,-0.02529375002576565,-0.003602102543369362,-0.011589532450395675,-0.008143028525351441
2022-11-02,0.9623727340261096,-0.6108412880844931,-0.21199603677471626,-0.18055490259171603,-0.8719057895191601
2022-11-03,2.868057104034255,-1.6924584034988355,-1.075828394072309,-0.5852504877715408,-0.38210165891949693
2022-11-04,1.3249897079259767,1.1055415118291245,0.344419900017635,0.8108510721156765,0.8563064509485301
2022-11-07,-1.0830322256586875,-0.22074581503578988,0.8263540830835228,0.3796406766215995,0.6567941169810224
2022-11-08,-0.5096160615712697,0.5268969588353273,0.18488648440189626,-0.10616974209478232,-0.3481069898800583
2022-11-09,1.6582523794511066,0.30735686691244557,-0.2955974170849394,-0.6576084987856853,1.11354183058738
2022-11-10,0.6091903074991021,-0.039179729185272884,0.3519735004547718,0.757279158207644,0.7827607052547728
2022-11-11,0.8955657599447427,0.470045812185335,0.011610920318910692,-0.6715113561267261,-1.9485323241966248
2022-11-14,0.2918625040254589,0.010675847374755564,0.17999580009353047,-0.37918319308273346,0.14579179828954728
2022-11-15,-1.6365946050932627,1.156343979154044,0.5119117428369621,0.1618100734059092,-0.34205324515585983
2022-11-16,1.6858935399795767,-0.07977675402524234,1.6234193644118857,0.3464752525412661,-0.0010833390959136934
2022-11-17,1.0134754304767588,0.3822937824500485,3.0227732900280597,0.5129580394754718,1.4508386125798516
2022-11-18,-1.4397729778876336,-0.7575572280698987,0.017517501879924482,0.13289588305324906,-0.5524300056272599
2022-11-21,-2.1776167012058085,0.5368351320574373,0.8996497119432652,-0.10432658035678168,-1.0605339599692336
2022-11-22,-0.1246572369369663,-1.4478303475011776,0.009939127746157335,-0.25411242200448253,-0.6052488901129737
2022-11-23,2.2890165928913406,-0.3563668851920036,-0.820790808506201,0.932837634705473,-0.3621667287336916
2022-11-25,0.49932914481098767,-0.33929474804494625,0.3086996263973699,0.201262425551914,0.765871643254981
2022-11-28,-1.3523638266905045,0.3547561046248078,-0.7365070821209514,-0.2504823110290859,0.9573474910479044
2022-11-29,-0.6706370371685441,-0.5765535488103842,-0.12162033520171325,0.7881029869204774,-0.5120066183954022
2022-11-30,-2.5561091098663438,-0.25904746866639855,0.18101251341784078,0.7171233039262013,1.1941643324895803
2022-12-01,0.07341668206482553,-0.3986242935297017,0.14424232416494684,-0.6368861402378131,-0.40622537803128334
2022-12-02,0.010081321045733492,-0.3034909040223201,0.0751707258064769,0.5168096371556693,-0.2989107659521721
2022-12-05,-0.826561907004491,-0.4809610063005073,0.5693479866214121,0.8697304200975625,0.9874741396243939
2022-12-06,0.1647789067432439,0.6496337322235067,0.21965605123184442,-0.791250606633409,-0.39392272207592427
2022-12-07,4.129691809997059,-0.42457575812254833,-0.6731973788952632,-1.0327460575492906,-1.5110192304013288
2022-12-08,-0.08378863429116742,-0.02529375002576565,-0.003602102543369362,-0.011589532450395675,-0.008143028525351441
2022-12-09,-0.08378863429116742,-0.02529375002576565,-0.003602102543369362,-0.011589532450395675,-0.008143028525351441
2022-12-12,-2.0145048160820602,-0.36042791821575665,0.1541913707318504,0.8439190577433962,1.7655917165657533
2022-12-13,-0.9881826879302106,0.5523155427694342,0.38860845410598904,-0.4135801843652622,-0.5664359799668427
2022-12-14,-0.5884540559790674,0.8681754541475734,0.4256168542868996,-0.8105594459671622,-0.6362535540130946
2022-12-15,-0.49129334593840474,0.6820811528414585,-0.4357638082408043,-0.24833852848964497,1.3183342370153646
2022-12-16,-0.9151685215272981,-0.07523460278096883,1.1511219712226868,0.9189282106753868,1.5915229944887193
2022-12-19,-0.009282009517444248,-0.007706541214470486,0.08648421819490174,-0.43483745381529326,0.20629278503085063
2022-12-20,0.28632425184328325,0.6293813892400519,-2.167774159680768,0.3429642439767915,0.08733063335139125
2022-12-21,0.9984566678170275,-0.1533421785426668,-0.1459534931698981,-0.2441814623352772,-0.5045230408765605
2022-12-22,0.3664345200896491,-0.10651007685407092,-0.4974501335609166,0.008122802024917303,0.34825308058522814
2022-12-23,0.7250435357212549,-0.17251566277825714,-0.16311412636251055,-0.10813950957761351,-0.4947798492482106
2022-12-27,1.3254458188504739,0.5979611788858815,-2.353814515319364,-1.802613006897825,-1.3170307290380598
2022-12-28,-0.70835706538751,0.4873430655915348,0.4480741627823518,-0.7809085443290679,-0.8370456119999249
2022-12-29,0.22787875549485245,0.5033037770034599,-0.8367985845472993,-0.653283753797002,0.12367182848051889
2022-12-30,0.06741201070655752,-0.08284354229266441,1.5626714818926595,0.559483466604543,0.23160281630658533
2023-01-03,1.5976694435250844,-0.09941830280947586,-0.8421499850524834,-0.6422767986406384,1.548839340536827
2023-01-04,0.18362886943488735,0.8538176936617473,-0.15628518646455777,0.5776664033952059,-0.3979532327091198
2023-01-05,-0.11325115461621522,0.8034199150682442,0.04766839465327796,-0.5796924195547222,-0.26946868749048813
2023-01-06,-0.6642394408266759,0.06757044295267367,-0.19802906862987588,0.8562176874429114,0.3306100277768452
2023-01-09,0.6381535045515554,0.2529983068832375,0.5347242853549519,0.3153738491654773,0.19493880259331023
2023-01-10,0.860896538070621,-0.12060880007795952,-0.09960332050886458,-0.29509936154863464,0.08353007097333284
2023-01-11,-0.01729898632806538,0.2896467958200368,0.031147601671492154,-0.22727181869136828,0.0302701573042276
2023-01-12,-0.6240785264603104,0.4242730079273976,-0.10915389873315268,0.9193120675100543,0.18475602549353798
2023-01-13,-0.30133285010474137,0.7418216345542574,-0.18345105494165448,0.3277799055116316,-0.14054676029597699
2023-01-17,0.7633967172676026,-1.1733751126216363,1.0912090303434265,0.025328790043445182,0.45593899121662773
2023-01-18,0.16884891380385011,0.618424352261581,-0.13638463291886502,0.3620221304079787,0.6723040045462657
2023-01-19,-0.827403979520328,1.3213714139102128,0.7756960505104231,-1.843753717843726,-0.5551525224255752
2023-01-20,0.10576123831167007,-0.5299962073302179,-0.13279440694197284,0.32250528063623485,-0.6140774164054327
2023-01-23,0.20841767807338824,-0.6028417814752353,-0.43308239059588105,0.801759818240833,1.142198895289267
2023-01-24,-1.2021271586392939,-0.32954340616258404,-1.69890250058235,0.15932794807570144,-0.2359622047587219
2023-01-25,-0.4545192272463605,0.35153310242058067,0.04761758561853178,0.07300230023525248,0.33516391810180163
2023-01-26,-1.0652572190298284,-1.1779763226629447,-0.1681613764316966,1.3307185975420806,-1.1269652679183952
2023-01-27,-1.1672251582927333,0.512840346480453,0.4944938404810479,-0.6787315924638485,-0.05846601289055452
2023-01-30,0.3708242401448959,1.2098663678303134,0.1766773282738237,-1.1387332359998865,1.9996087878335131
2023-01-31,-0.8526335936698003,0.17735991343573404,0.12360291047850192,0.10431558419412625,0.5981343979725765
2023-02-01,-0.1582193815678141,-0.36399355280302687,-0.015979345145185824,0.02060710614202481,-0.2919705353293806
2023-02-02,0.17404563344515475,-0.07271051660547961,-0.023689980609131772,-0.10938383191427588,-0.11678276628031237
2023-02-03,-0.32807082660556636,0.26662148006706354,-0.3510373465628307,0.06114081608002865,0.11315595362425816
2023-02-06,0.5348723737912178,-0.3825684466615509,-0.19541091995540716,0.12904731649791668,-0.5200428907584334
2023-02-07,-0.2153939189208338,-0.13965828771694103,-0.2556787061760685,-0.4219249835549182,0.03677935508585653
2023-02-08,-0.3296776671447296,0.249369917331087,0.1212742029209681,-0.1865036124423882,-0.19464893236996775
2023-02-09,0.28679781257560194,-0.36294387525365684,-0.14527666875961795,0.05165799431596304,0.1411487436198299
2023-02-10,-0.19513294886516408,-0.07926442133698412,0.013016336961098099,0.04949342348417146,-0.188324312075122
2023-02-13,-0.14252302828740077,-1.783768335903186,0.38426142371919775,-1.7307055421893487,0.09450770360193733
2023-02-14,-0.15219109637612155,-0.6513797205280656,-0.15872137582631218,0.5630825732612181,-0.32564290717341493
2023-02-15,-0.7371138931319975,-0.6524684132894345,-0.20293072248307126,0.995096428591013,-0.09947465932570926
2023-02-16,1.0718211863596392,-0.6859647050138082,-0.09568030346543552,-0.7226037273981808,-0.8097501995150523
2023-02-17,0.2011977480224115,-0.9460355353435709,0.3684231736404615,-1.7086323217504522,-0.006019502247170793
2023-02-21,-0.9683916790356439,-0.10501807243115606,-1.0546439301901034,0.3493766863859553,-0.2994492472753329
2023-02-22,-0.47952349152051665,0.1763849430450162,0.15715973934446947,-0.17087522165016278,0.4826157539058903
2023-02-23,-0.403317006805765,0.01150499132603233,-0.0028385507933783955,0.1726033316924904,0.025270015419468585
2023-02-24,-1.2261263840772627,0.6320514992563337,0.4272655429326721,-0.32926464880764983,-0.746600550949261
2023-02-27,0.36100552061407853,-0.06791744761723104,0.004785054696147547,-0.2926633591263011,-0.015015046848308409
2023-02-28,0.23488491712579573,0.6702324991575676,-0.5431176223612062,1.4181840402702186,1.197067966426772
2023-03-01,-0.2886103884586271,-0.7868872741116715,-0.9624626697414497,0.5524330091196165,-0.8721451098196508
2023-03-02,-1.0570679755335293,-1.2299025156877954,0.33726472905051036,-0.5718223762581286,-0.6762306583746033
2023-03-03,-0.28052122311045335,0.6622495915557686,0.08471975236277167,0.08666871515823406,-0.39792172799697867
2023-03-06,0.6888538832324583,1.5297511439896496,0.7563496300126669,-0.25539049087264604,1.736584663161995
2023-03-07,-0.0015899104163622044,0.49272640191675776,-0.4025727625456378,1.5045840267127197,-0.7850606992748121
2023-03-08,0.16987434687374048,-0.11300919347738497,-0.06245008796031375,-0.02115317928543992,-0.1649244489825123
2023-03-09,-0.21679797840906292,0.09450551891394832,-0.02706918017386294,0.1678134209736433,-0.006127206298654076
2023-03-10,0.18379348152926003,-0.2812349298866603,-0.1946353994701049,0.2831141481913172,0.1716830106912085
2023-03-13,0.320162796954341,-0.09066506257697733,-0.011182073195096865,-0.2390876510484587,0.1709947819118936
2023-03-14,0.1018799743655336,-0.08156708722394806,-0.04237898594765292,-0.01854221906545494,-0.1883544378885687
2023-03-15,-0.31797897609832027,0.03724709578333476,-1.8529021221828927,-0.5476343828482052,-0.2864663216875452
2023-03-16,0.14541472997589242,-0.09476181087716358,-0.05147121836405572,-0.020172454326072835,-0.23060961350273057
2023-03-17,0.4826629855486488,1.834300419994489,-0.5210590244307461,1.7874584259867488,-0.6223152657554294
2023-03-20,-0.21420877466814472,0.055210818307417336,0.05159249082711086,-0.06015197989654951,-0.06956418086523469
2023-03-21,1.2815182164770527,1.34797205451605,0.16426802560081175,-1.6799651819001293,1.2416808131979011
2023-03-22,-1.7595909724989545,-0.6844650630534547,-0.7758208125158502,0.963703865225867,-0.03043185208517613
2023-03-23,-0.6983974111455765,0.2979395057482144,0.2332532694229607,-0.23635911849224267,0.30164190886472286
2023-03-24,0.07009071096854262,0.16537126280589193,-0.21163258857123532,0.6828678051645792,-0.2483972972992144
2023-03-27,0.6681906135870979,0.4719804010627149,2.9363867794814973,-0.16602355814367153,0.07797584885958722
2023-03-28,0.5984649248838532,0.9028572433739859,0.35925535148221005,-1.8494064569948288,1.3971859401791382
2023-03-29,-0.051293016535998784,0.3584357104827038,0.10518338369216626,-0.3919877232479036,0.2872799537260857
2023-03-30,0.19071389702318542,0.3880250792728929,0.20260041764256675,-0.6801536416150523,-0.5775353418482231
2023-03-31,0.6288331082738374,-0.47026062830046206,-0.32262317675935237,0.32140286901357784,0.03619004590089629
2023-04-03,0.9879988029568959,1.4344408018338393,0.33202215175899596,-1.8863967944749143,1.4591059974955323
2023-04-04,0.7399513072573236,-0.3658665257140535,-0.21551797134435083,0.005761342745545923,0.08932549061867594
2023-04-05,0.477721039742173,0.3798373606553525,0.0007098834402160223,-0.28291435145491695,-0.791195379662386
2023-04-06,-0.08378863429116742,-0.02529375002576565,-0.003602102543369362,-0.011589532450395675,-0.008143028525351441
2023-04-10,-0.28544898765053855,1.1779605957018318,0.25587150962630667,-0.5462337922495845,0.1589829084769505
2023-04-11,-0.8259917511279661,0.4607857875660477,0.4220669212282832,-0.47034851503240616,-1.7408782488901258
2023-04-12,-0.4902895979463555,-1.325160447799136,0.03130303771258183,0.24258960570627666,-1.7620456239081517
2023-04-13,0.9788167031474497,1.377601750544326,0.042972214157150926,-0.8302138668393427,0.7331534420561329
2023-04-14,0.5008362405837374,-0.6519469026283636,-0.6575554326587343,1.5373839781996197,0.29821732553063796
2023-04-17,1.6036175843708196,-0.810189333748763,-0.4997167408813204,0.15285267539342937,0.5326710025343989
2023-04-18,-0.4729909702769133,1.3439074333473242,-0.23688478866390184,1.6261328966179014,-0.9578469895986209
2023-04-19,0.29576884151432103,-0.6194428059367623,0.1062069455019668,-0.7250252097115584,-0.8639931132508146
2023-04-20,0.938329025304786,2.1927088418117977,0.19590867539390489,-1.4159257306822635,1.12405006859099
2023-04-21,-0.5683405085599037,-2.2548210716492565,-0.4212332786097372,1.5192501586080633,-0.8035851088197081
2023-04-24,0.15404583287634016,-0.5016378010896994,-0.16236855881820356,0.1201242212961829,0.27700022601063906
2023-04-25,-0.36041890146148936,0.251852585496954,0.18840844895709766,-0.27532227577627716,-0.5651240567874994
2023-04-26,-1.6705078288965192,-2.8370669049713193,-0.06590863102123937,1.1838094292049282,-1.253228349598379
2023-04-27,0.41907287823430156,0.9470207545872477,-0.4567969254235783,1.2888412433141503,0.5044071289558764
2023-04-28,0.7182376335374661,1.316851984770567,0.23606499825811716,-1.4608817234496339,1.0744458172053735
2023-05-01,-0.08378863429116742,-0.02529375002576565,-0.003602102543369362,-0.011589532450395675,-0.008143028525351441
2023-05-02,-0.7904631415488653,0.9970263497025503,0.5813744309367941,-1.2844565375559713,0.9096800037017533
2023-05-03,-2.142321307924061,0.28537160720085597,0.1582766883673752,0.6956907844932614,2.214474575918024
2023-05-04,0.42764323468516013,-0.09698151651003747,-0.012700189301858117,-0.3015959716498574,0.02206722129628718
2023-05-05,-0.3533960989334273,-0.5467207994227223,-0.2326082850238077,0.7812097130420445,0.17935894614686687
2023-05-08,1.0138435601057991,-0.17515802768143518,-0.26951281946321853,-0.1169066939128784,0.18358326058680258
2023-05-09,-0.1687596131242564,-0.6358639088079463,0.12411914603857074,-0.5189538138967131,-0.0969599361570156
2023-05-10,-1.6993625743761713,-0.5103646905688097,-0.1744019299282189,2.0766565395448984,-1.3845509645257164
2023-05-11,0.9113267176062932,0.2397061235690477,-0.017402154049549926,-0.6962707144093128,0.06771296258088776
2023-05-12,-0.3671948198773612,0.13716776188477792,0.025747978758583253,0.0639015240000295,0.03740264314832613
2023-05-15,-0.04783418925419124,-0.16171412538156746,0.41169420632480214,0.23201287217884947,-0.07143106348134859
2023-05-16,-0.1972070285873032,0.7251872754319999,0.15390580246045815,-0.5134561890142957,0.6196305745896356
2023-05-17,0.6001756790606021,0.26005362340966,0.7290545810658021,-0.26932239303667105,0.20956325712358165
2023-05-18,-0.5874268619813656,0.13854498405437113,0.10764804994234398,0.007337026284967345,0.3882982382010298
2023-05-19,0.1084718765721011,-0.015595548596215944,0.8977922741677462,0.0473894112837599,0.33268570707293776
2023-05-22,-0.21869958073483425,0.01422449598357777,0.01201315880341122,0.030225668803607705,-0.12139435463141038
2023-05-23,-0.28207984579454404,0.17891752188458107,0.13919898998018668,-0.2207486892991955,-0.39683959044742984
2023-05-24,0.43338163200459506,-0.25936400227244905,-0.15342707578008757,0.04176149247604348,0.07695761745428921
2023-05-25,-1.0500844476725013,0.4543947930861413,0.43979476033477133,-0.40600409120393643,-1.1076044196868895
2023-05-26,0.2817340927973813,-0.5898022490126817,-0.3445820199866896,0.5896401862737012,0.7963789911979648
2023-05-30,1.2439876961472538,1.90042963573466,0.014802057826450955,-0.5944318316062949,-0.23411602792393107
2023-05-31,0.7643501609378134,-1.3884897567500838,0.002816028682751261,-0.9584446319953048,0.2571652802110357
2023-06-01,1.2346352863412433,-0.4915836894410348,-1.0622425232728288,-0.27629958684074085,-0.9642819944249376
2023-06-02,-0.4675069859695863,0.3273558634910913,0.16562510904072755,-0.20418515815605995,-0.4603214725040941
2023-06-05,0.48543577354909745,0.17316772065223018,-0.054465205429930344,-0.36481073865883684,0.9404255011701682
2023-06-06,0.451077177482184,2.060563340879575,0.27809046287498285,2.1078010807138736,-0.7477629821898678
2023-06-07,0.41603940862715094,-0.3256437660537166,-0.5281018127642135,-0.030754529429814978,-0.5069106348845432
2023-06-08,-0.823374802982243,-0.22834829917851407,0.4494274291077821,0.4677344070519044,0.2085110651734363
2023-06-09,-0.08378863429116742,-0.02529375002576565,-0.003602102543369362,-0.011589532450395675,-0.008143028525351441
2023-06-12,-0.6214338108057514,-1.5917951684727432,0.31522096130578453,-0.7634934439838866,-0.9589984624894096
2023-06-13,1.2153981467037809,0.0696185145041258,-0.12111862937358636,-1.2080727721383016,0.20826205210633267
2023-06-14,-1.2427352424326974,-0.4232063550649395,0.01222223270324888,0.7979423373422878,-0.15973327864158732
2023-06-15,-0.1529391415798339,-1.624409827026713,0.8473355934891262,-1.3892860934839606,-0.026115036466960482
2023-06-16,0.7339550395278858,-0.11220026873901387,-0.03239380206433164,-0.39900571702235366,-0.8105453158842835
2023-06-20,1.7276435957299063,-0.32970757693406905,-0.6315597022616357,-0.5215773781042506,-2.100827007834495
2023-06-21,-0.3777035743605749,-0.04431186373817661,-0.03117026425214398,0.20645668437437742,0.43093484835813933
2023-06-22,-0.1492965346455182,-0.48115815649684157,-0.023268435851613253,0.24152808804933365,-0.6681634526954999
2023-06-23,0.5167464185212635,1.4257806024018083,0.29043933008006423,-1.4961854475753094,1.326201578726969
2023-06-26,-1.3471128627968765,-0.7720672572673373,-0.8372453658650734,0.8406414265328624,0.1781167722273408
2023-06-27,-1.4668935529653135,0.2032687181005138,0.1379289510024394,0.5356842665506075,0.6701364578709283
2023-06-28,0.35549767442802965,0.17743666499888802,0.12511211486407928,-0.593917233706129,-0.28205120832016667
2023-06-29,-0.08378863429116742,-0.02529375002576565,-0.003602102543369362,-0.011589532450395675,-0.008143028525351441
2023-06-30,-0.22130513925082468,0.4021567496402873,0.12873243000550588,-0.3375037298694464,0.4284410710683514
2023-07-03,-0.725818681422029,-0.5214098894006245,-0.25481287310805967,1.034937542937718,0.13036953132133608
2023-07-05,-0.10941503159624141,-0.9595874699131076,0.1368092874780893,-3.110742521211499,1.2376515697986668
2023-07-06,-0.25611801781246735,0.009157673750597084,1.1521584961366171,0.4212776369930997,0.22392350490005875
2023-07-07,0.9503630051699157,-0.48272496666384657,-0.3217544847502138,0.17415670702216568,-0.453767136807227
2023-07-10,3.168689470532432,-2.2270023116661894,-1.040373223863325,0.9201210718379307,-4.349287018018658
2023-07-11,0.10352587182057198,0.04123276735510385,-0.011053108459447129,-0.1289935320587067,-0.04520049003929637
2023-07-12,-0.17190575232118396,-0.03212239301660024,0.015368135473828967,0.09916959979029359,-0.06792301455452969
2023-07-13,-0.4719624923928173,0.5705348519040241,0.6145786564551569,-0.7068402721134647,-1.2131858539496703
2023-07-14,0.5597269872137489,0.6853072044818731,-0.12646964437635771,-0.854667523353593,0.7785791552838575
2023-07-17,-0.25702298189318973,0.027043932742367438,-0.004991507610470502,-0.01588543976660576,0.149992152861468
2023-07-18,0.16198433254802697,-0.1102808643288378,-0.06061966143986999,-0.02085570856193096,-0.16004786964195597
2023-07-19,0.13138058349820267,-0.5790431604023193,0.7980382815408245,0.6881573663577625,-0.3880707072052386
2023-07-20,0.28856235134134767,-0.5270263327728355,0.8580714043429822,0.7373234008570004,0.25319055163884985
2023-07-21,0.2950344680099669,0.40318817892702385,1.0969259564239804,-0.10673514891352298,0.6253809695508091
2023-07-24,-0.5252617561430443,-0.2132944551572117,0.022663495468400994,0.27031136497288616,-0.15233923066004754
2023-07-25,-0.058048523690785434,0.16167434222973626,-0.6999188006375963,-0.33595225315311705,-0.009656022002419922
2023-07-26,0.22481198306085867,-0.1410847138739262,1.1274573571948658,0.08035062862408099,-0.5510010228646637
2023-07-27,0.18362902754986396,0.26969142562528625,-0.09025812246773326,-0.14224691958465166,0.8276521662281507
2023-07-28,-0.08378863429116742,-0.02529375002576565,-0.003602102543369362,-0.011589532450395675,-0.008143028525351441
2023-07-31,1.2473656200317795,-0.6808064858791663,0.6183497191456099,0.5077773311728937,-0.5057413763643647
2023-08-01,-0.19098078467587634,-1.6949736224051843,0.6031160604724628,-0.7798140295797863,-1.1349023198275974
2023-08-02,0.16493138022838214,-0.9584488317550586,-1.141242345662995,-1.1403953844668868,0.5128425159416621
2023-08-03,-1.4819435727536343,0.2339466121852351,1.9454896239631447,0.23614055488409863,1.216296914241009
2023-08-04,1.828018527840275,0.5811044767775821,-0.7360100846752085,0.6903415865755391,-0.79449342878926
2023-08-07,0.4518943165667792,-0.6592363904135362,-0.29167384622634945,0.48806431017608204,0.4417887452170171
2023-08-08,-2.966691170333624,0.8745572132301567,-0.10928337037963176,-0.8826272086813355,2.3816922521145014
2023-08-09,0.42308439614793475,-0.4891789486851442,-0.03359121094582726,-0.5378485031854799,0.3373313154619636
2023-08-10,0.392107745769342,0.7026124085457393,-0.03181809572096178,-0.3536677689590306,1.0068020216683828
2023-08-11,0.045533542773413,0.042859765900134114,0.8097605904901121,0.04027744373859879,-0.32887448209772063
2023-08-14,-0.1645862468582314,-0.1444704104240739,0.1946126321143768,0.3831699285167609,0.17479494766572334
2023-08-15,-0.346023773566493,-0.550707508337489,0.1338139049871513,-0.1063638253275704,-0.9242551645537048
2023-08-16,-0.9515808807186605,0.3371359952476657,1.8796055773384353,0.3812666703683547,0.821024872294136
2023-08-17,-1.012965172373728,-0.578422309053933,-1.1227564062371052,-1.6962546538914285,-0.44909606350710046
2023-08-18,-0.9128530311997797,-1.0844643340355262,-0.14359258728527938,1.191246939603905,-1.159473274733738
2023-08-21,-0.5101882111668246,0.4287131802951332,0.005688139892454838,1.3019467896275598,-0.7455280861109336
2023-08-22,0.5070413288742606,-0.929851726509923,0.17418763133705975,-1.2048526625352687,-0.07291657628420327
2023-08-23,-0.18013419926308594,0.26451344339071636,-0.9605649031641819,-0.5454557186514741,0.11835886444178143
2023-08-24,-0.030642656209312485,0.8461797972707428,0.18508699601450934,-0.7421660041568305,0.8672737552839402
2023-08-25,0.8249151659563491,0.7900567303611213,0.0020810071686332325,-0.906971655769075,1.3777032028097573
2023-08-28,0.18325621383538584,-0.07552855010445166,-0.6971273130588729,-0.3119291443550871,-0.29176234176229504
2023-08-29,-0.9549264966517125,-0.9900412241255986,0.9922216517637574,-0.3523028332063546,-0.29483093457291265
2023-08-30,-0.08378863429116742,-0.02529375002576565,-0.003602102543369362,-0.011589532450395675,-0.008143028525351441
2023-08-31,-0.03576272073756598,-1.112477909874484,-0.2165105279948632,1.0239059394161252,-0.8923062051240117
2023-09-01,0.5899645644598422,1.0563074310885445,0.292162476471655,-1.157061397842852,0.8752000575368166
2023-09-05,-0.9064553233483461,1.6949025054586,-0.3371496672448934,2.2104504476360622,-0.3121989751011261
2023-09-06,-0.4939833803371604,-0.5020660280143159,0.8054002752616741,0.734073547753277,-0.3547372471676608
2023-09-07,-1.0112136336294997,-1.14410810909009,0.5191796765650437,-1.023912194475459,0.31399932367752237
2023-09-08,0.5518866165890763,0.9235064006578554,-0.47936802672327944,1.0740552694161933,-0.3369655913661101
2023-09-11,-0.2836310351268808,-0.13475569086659347,0.05428161559196558,0.3209592662489898,0.8310200849069971
2023-09-12,0.10414513617851451,-0.8301685387404097,0.09515856636668737,-0.5798871153745901,-0.07253978123635574
2023-09-13,-0.6573673097858201,-0.37628323654511214,0.11944990228841904,-0.15678025354642758,0.09173464421879846
2023-09-14,-0.04074024666407103,0.18837992718189114,-0.04568152084902292,0.16191345416829336,-0.061586742844615835
2023-09-15,-0.7123712963250156,-0.3019907462996117,-0.006962936275882461,0.4348427582213264,0.954867356077452
2023-09-18,0.4775917415295306,-0.2247019017842775,0.005788570158862552,-0.27826566116349777,-1.0781828346169198
2023-09-19,-0.670653527353331,-0.9426936811959746,0.15835651788336985,-0.46897857089817085,0.04351772231001251
2023-09-20,-0.6845801636002893,0.5685525822518998,0.18001788331519095,0.02752838484185432,-0.38911380112822314
2023-09-21,-0.16580518955034118,-0.16717233856458627,0.01760804373166344,-0.1439170949871322,0.18709253141749838
2023-09-22,0.322260907871347,-0.1932943584536822,-0.10519672343092748,-0.015059442087370735,0.10637028718608797
2023-09-25,-0.43145781307486797,-1.1878837924352157,0.7624118812537546,-0.8647640766531955,0.26033840007945847
2023-09-26,-0.4214206122802996,1.2488140889081711,-0.01706397214071505,0.6591403777128264,-0.0845441511152464
2023-09-27,-0.42855877909241097,0.3108336065981846,-0.06717482649275937,0.610632125618147,-0.03975273470808387
2023-09-28,0.23861706267423147,-0.2919956332622927,-0.1312807796041405,0.150672574376247,-0.32200368254404593
2023-09-29,0.48832980420363276,0.3197724221574493,-0.17232642138058274,0.2584381924428179,-0.21692486142713308
2023-10-02,-0.05572450766191654,1.2305537234646913,-1.2836949866607459,-1.7041938457408565,0.8037048964106094
2023-10-03,-0.6578610682328224,-1.0327762601189512,-0.20411217571994666,1.0907275500171305,-0.6405277861657224
2023-10-04,0.7067621833202002,2.1673150399881096,-0.3280013012152007,0.8140773538699245,0.16733800607332067
2023-10-05,-3.168199888984794,-2.274953548691293,0.6333683687827838,-0.3505047629156711,-0.3888256392226208
2023-10-06,0.204180114984821,0.020976976968398724,0.07708808085259411,0.3701699924292021,0.5972907611487832
2023-10-09,-0.7739850472798773,0.27505075840993976,0.13179874827741395,0.00026514454946252987,0.6898998911656313
2023-10-10,0.7817869500794903,1.3340282773114995,-0.03527114697196969,-0.10427654893992123,-0.29097011785000293
2023-10-11,-0.7531249524479812,-0.23502015397474005,0.31133521877314024,-0.01908408699572549,-0.08887426332390139
2023-10-12,-0.26713006941786976,-0.20924309770995247,0.07670966238998309,-0.1975945868065508,0.09787589408334119
2023-10-13,-0.4530776236999563,0.20751621933934775,-0.031177997796127337,0.3037356212225787,0.15939823580030307
2023-10-16,-1.5943272733839244,-0.40090571217563625,0.03330945139469195,0.6681201437704312,1.3910937652108366
2023-10-17,0.371745030527138,-0.211921487995122,-0.13118556722734784,0.028283604525176545,-0.2095395341067076
2023-10-18,0.029724928402869655,0.11723217187130933,-0.04830907264488717,-0.04333678549987451,-0.014195402466364923
2023-10-19,0.735064405825455,-0.21394518849925748,-0.11547081443076547,-0.20621662439813815,-0.6546793685072835
2023-10-20,0.8296282351951035,-0.039916311093536314,0.3153438813731706,-2.043217634230859,-0.33554302757598486
2023-10-23,-1.157416548129256,0.43129680469081233,0.23459111351737566,0.02048839651602677,0.6816741532167235
2023-10-24,0.2764903018568515,-0.0277046087010016,-0.19551912554834205,0.27617771892780685,-0.35699658331950607
2023-10-25,-0.316603876301394,-0.35090262832939173,0.17511121163662574,-0.4915210723855501,-0.1510345455392108
2023-10-26,-0.666801059924915,-1.0009321695953224,-0.17782195467013032,1.0419362554444382,-0.7951032245078195
2023-10-27,0.7324742743525458,-0.3445897653679137,-2.0975787294275787,-1.531844947126418,-0.11177609874731718
2023-10-30,-1.2138644887725478,-0.29571355307020075,0.07812565399451057,0.6058822236959087,-0.1582854918903535
2023-10-31,0.08818718631485108,0.3810018787267014,-0.15363814143230028,0.4399905737451833,0.12685180936853316
2023-11-01,-0.08378863429116742,-0.02529375002576565,-0.003602102543369362,-0.011589532450395675,-0.008143028525351441
2023-11-02,-1.362335532324886,1.5011229389769882,-0.0017977501524608528,1.4706858652685992,0.09143849050492452
2023-11-03,0.7614619612799518,0.10336798924512498,2.1503444028197474,0.06617941549663109,0.5767810330613534
2023-11-06,0.556045700527966,-0.15185073762705562,-0.15856929226646577,-0.1726213611939275,-0.878658041963428
2023-11-07,-0.4173786364163172,-0.4198962178842589,0.21162591436537134,-0.6686532220930766,-0.24257440629116345
2023-11-08,2.3093779625826234,-3.1294909196687883,-1.383697602838853,1.3649072546916683,3.4708927613226077
2023-11-09,0.029787184075457638,0.20808882662282188,0.751921132309748,-0.11587840014334883,-0.8078384211635772
2023-11-10,0.2960121362761501,-0.18242545621663595,-0.28589490396617606,-0.021440583679442612,-0.2361523521949669
2023-11-13,0.6814483898715198,2.494588107870143,-0.555374451336692,2.5120703835229277,0.24054116762093933
2023-11-14,-1.046707377658766,0.6168201446266777,0.5219971711782072,-1.174448520678349,0.8984922174212379
2023-11-15,-0.5357444075116234,-0.660790670529518,-0.17423466888996547,0.8055344491034221,-0.13310157573972273
2023-11-16,0.31243065351469823,0.48283008029114166,0.04336786549156195,-0.5147164469342316,0.21571713189210937
2023-11-17,0.556538558233925,-0.6794240417112258,-0.22614393572822397,0.32359892876090635,-1.4513570020583748
2023-11-20,-0.8985307023829608,0.5623098988555214,0.2568629217120078,-0.27721133883617594,1.0898104068250534
2023-11-21,-0.003060075331929378,-0.13374807119985632,-0.0929029118035515,0.1483230600100094,-0.03302482830735204
2023-11-22,-0.1719986821312233,-0.04886195529386629,-0.5570005320949769,-0.04954353472386386,-0.15676118829317087
2023-11-24,-0.24489502038839994,-1.0097728752671908,0.6820767850664529,-2.5072850737635552,0.47890698915657903
2023-11-27,0.22944493764820362,-0.03328250040789693,0.01534363349130352,-0.22612486626553807,-0.7251754155923053
2023-11-28,0.033705094909807956,-0.17553736777502718,-0.46236207246165084,0.06731334421864217,0.198510121441427
2023-11-29,0.3149428344927203,1.2162909483734035,-0.20748359455490673,0.7768062817551857,-0.649309283718996
2023-11-30,-1.399636375474822,-1.3475320203159056,0.2407369399624657,-0.17810873403552813,0.812842783495524
2023-12-01,1.370843390314202,3.2177810278778414,-0.811069908482781,2.5708493442726432,-0.5382335872513494
2023-12-04,-0.02232482051940977,-0.16667054220974226,-0.04515050698361983,0.10491233881855895,-0.3050777285265145
2023-12-05,0.5050582104693034,-0.09692774229386995,-0.04900264545339731,-0.21675846566792978,-0.9474166997176536
2023-12-06,-0.0709194299547387,-1.3427877574370994,0.845482874337589,-0.555209421508858,0.5247502639143102
2023-12-07,0.004272360633569468,-0.21928373154627653,-0.13889951070890028,0.22912170707305826,0.6018247408014769
2023-12-08,-0.08378863429116742,-0.02529375002576565,-0.003602102543369362,-0.011589532450395675,-0.008143028525351441
2023-12-11,-0.4249107446172943,0.4003560466535948,0.8613661514044392,-0.23227163575982726,-0.7709140294521053
2023-12-12,-0.09808051835238606,-0.2737069450947455,-1.7705750890701617,-0.10028031453422476,0.5709037705093493
2023-12-13,1.0100994321376482,0.3045636796390777,1.1763567327120024,-0.29200445522034735,0.12471396386369483
2023-12-14,3.6068275218524524,1.588827589808412,0.059575267536845694,-2.9621892673404444,0.7002061912442105
2023-12-15,1.9418968873040936,-0.05455369178747181,-0.21450128701249405,-0.8443758678500342,0.37587551303806604
2023-12-18,-0.32439806163005297,-0.42794005926569373,-0.07550269506627907,0.4232009203201038,-0.3329217703986675
2023-12-19,-0.7409937973188827,-0.9219197981879474,0.3394463942139987,-0.9788794025990047,0.6228974885889166
2023-12-20,0.0713920377078096,-0.5748665163361517,-0.7848720746472704,-0.6392286119381563,-0.357780135651812
2023-12-21,0.42607810055790807,-1.0043890937079423,0.8220051310000007,-0.37797215646932997,0.864600252086813
2023-12-22,0.3464563373160335,-0.28867439646082094,-0.027262601539778403,-0.14563855951875965,-0.002002473050428009
2023-12-26,0.3997825990527455,-0.07203713004637169,0.005072652672072652,-0.31600924023375193,-0.01747488491945437
2023-12-27,0.7428538905783071,-0.6401950306144055,-0.4301986781049841,0.4827724835963932,0.7211696307758236
2023-12-28,0.45943008821651965,0.47660701873665867,0.08387467080148157,-0.6879123809233366,-0.010341457491645315
2023-12-29,0.712508889947436,-0.2743334641469215,0.25383702454980756,0.08164875674780041,-0.5875281037964798
2024-01-02,-0.08378863429116742,-0.02529375002576565,-0.003602102543369362,-0.011589532450395675,-0.008143028525351441
2024-01-03,0.07694012414839672,-0.12094253991043614,-0.08078127606481633,0.07595309432797946,-0.1967000911611641
2024-01-04,-0.04044485169339802,-0.014419221356436885,0.006520384540130636,-0.070595591441514,-0.0874603089334135
2024-01-05,-0.6494084759662464,-0.46723533444167825,-0.0667014537335858,0.636137950112047,-0.42358346616818054
2024-01-08,0.397484875092887,-0.2249297034333559,0.4859501511585915,0.2508715764522778,0.3127395934437256
2024-01-09,0.4847010336455873,-0.3021295530565969,-0.19186909497187077,0.07857406486184203,-0.5916232310643867
2024-01-10,0.6315848880396403,-0.1561806365020293,0.0689228647154756,-0.0865938648657282,-0.2067001699705951
2024-01-11,1.4577224174496186,1.2851297049679986,-0.3413153615648052,0.29414367310206385,-0.29500792135156134
2024-01-12,0.6522807234240198,0.9528452016366876,-0.3654528064782546,0.9252133632551804,-0.39307487082125975
2024-01-16,-0.4570737143466867,0.09894304630216426,-0.26807602142610565,-0.0977870437375858,0.1566930357433516
2024-01-17,-0.3598657434886341,-0.38746901017461227,0.18181879884663724,0.3528096001643586,-0.9694298748474645
2024-01-18,0.9539599465810811,0.1345414393375669,-0.2535165914528912,-0.01368779094336615,0.01086886695875646
2024-01-19,0.11952283523669259,-0.1673660270392773,-0.1019847791476705,0.09536584269897237,0.13669860714977886
2024-01-22,-0.7059145554489286,-0.42564541180778326,0.11191695653659472,0.15555299439413572,0.08448723017494326
2024-01-23,0.4295352205479674,0.3558102059282831,-0.12816805867565376,0.021233185629176837,-0.3530633350281601
2024-01-24,2.0412303923070008,1.391235943953487,-0.2816637374154581,-0.40300576786064085,0.6878219304071608
2024-01-25,-0.4630425636804692,-0.369751158940911,-0.1401584117038274,0.8082326730974614,-0.4250855561118318
2024-01-26,0.5344797255713216,-0.5116690211816188,-0.23841485621213154,0.4454379566796088,0.6273325249063626
2024-01-29,-0.04095115532666736,-0.09945530717981549,0.7787172118984214,0.33768076798087093,0.3997093620570399
2024-01-30,0.39064051174609415,1.1467575926911246,-0.9170281798834746,0.06843993379332947,0.0029642823648921733
2024-01-31,-0.21860445319906918,-0.9149240898698634,-0.06915869383762471,-0.38004221132677285,-0.20426876340027741
2024-02-01,-0.04322618910749439,0.4413705668143207,0.11335219791894025,-0.43431876735372027,0.4352525816402718
2024-02-02,0.24807783676030531,-0.7189833306094532,0.9075842981013864,-0.015341198598427752,-0.13231804605330919
2024-02-05,-0.9154359227750366,-0.3497565529164254,0.062265456352649726,0.5186129212728655,-0.8280193859965587
2024-02-06,0.8267310937978826,-0.9061055415834233,0.046497414632205886,-1.403019842760276,1.5779878289037637
2024-02-07,-0.3112276916576358,0.04363957618278459,0.043898537833521836,-0.0030726781402663434,0.21261110632163044
2024-02-08,0.11211238142096373,-0.05655160805203058,-0.9380235263614918,-0.37803567376970526,-0.29711857139137615
2024-02-09,-0.09598391713149816,0.1833889944698563,-1.475422246706867,-0.8527938340591243,0.15416422236142116
2024-02-12,-0.08378863429116742,-0.02529375002576565,-0.003602102543369362,-0.011589532450395675,-0.008143028525351441
2024-02-13,0.6064040002793469,0.4638185029637243,2.4363712366719166,0.9786336157362858,0.1392817670783757
2024-02-14,-0.08378863429116742,-0.02529375002576565,-0.003602102543369362,-0.011589532450395675,-0.008143028525351441
2024-02-15,3.009595406186822,0.06576663319945922,-1.0294979506048234,-1.4187955414171936,0.032492144811224886
2024-02-16,0.5415838630770934,0.24991024848820242,-1.0935834547824013,-0.8611573327572577,0.862139767045348
2024-02-20,2.214681002839086,1.2520586353676137,-0.2384177042571265,1.4930108992798399,0.47097560389670695
2024-02-21,-0.3928916165822707,0.3995510180622464,0.19546957679772586,-0.3485530457388995,0.03206968290453728
2024-02-22,-0.005091249196318047,-0.8826187960020292,-0.021890758696744905,-0.3153195038954499,0.20981560136279845
2024-02-23,0.08190153795783685,-0.16191997675452235,-0.009248676234629586,-0.47855490803991546,1.0851268141395263
2024-02-26,0.7444411735197631,-0.39772560106367616,-0.2588104780721915,0.11016140129559704,-0.23934325200059328
2024-02-27,-0.6892102518710032,0.24404290307660198,-0.2015385444269151,1.0033562870238688,1.024885447010383
2024-02-28,-0.08378863429116742,-0.02529375002576565,-0.003602102543369362,-0.011589532450395675,-0.008143028525351441
2024-02-29,-0.08378863429116742,-0.02529375002576565,-0.003602102543369362,-0.011589532450395675,-0.008143028525351441
2024-03-01,2.009253746789186,-0.9606613944992657,-0.6392223329091822,1.4256854538444812,-0.8326159579024935
2024-03-04,0.3739566911380604,-0.5370087598736513,0.036538438990112665,-0.536499425171988,-0.805451055165193
2024-03-05,-0.08378863429116742,-0.02529375002576565,-0.003602102543369362,-0.011589532450395675,-0.008143028525351441
2024-03-06,-0.2380632273758883,-0.9602344262074307,0.3143020988959926,-0.20371553397764153,-0.6623690575644896
2024-03-07,0.21009474142941664,-0.9388144172841584,0.7751045927365594,-0.6691985538817097,-0.10567266484003146
2024-03-08,1.1521574639739307,1.2348277777088756,-0.3604054019890088,0.22219297244268407,1.5211599141734409
2024-03-11,0.5182262038379171,-1.8992639256244008,-0.2787050988146506,-0.20865684560878867,0.4356390131762327
2024-03-12,-0.08378863429116742,-0.02529375002576565,-0.003602102543369362,-0.011589532450395675,-0.008143028525351441
2024-03-13,0.47712217663013806,-1.3275576482462819,-0.6136699951638267,1.1068275395749814,1.5407501455452544
2024-03-14,-0.3014258670070588,0.2613418845869631,-0.536205805962916,-0.47758785441527374,-0.3074745328022261
2024-03-15,-0.039107468490776676,0.4233445314515548,0.12036753868175926,-0.4420814153611748,0.29821205178970084
2024-03-18,-0.15790681350844854,1.1636561373654066,-0.042452641837394195,0.6217969619376511,-0.4905244818647073
2024-03-19,-0.3216544318771235,-0.0787485815030652,0.6865795674181868,0.3788883199795564,0.08223175497611135
2024-03-20,-0.7866702250913744,-0.5315866936186981,-0.2441756291838768,0.07857962067889561,0.17521273148027183
2024-03-21,0.001308097566363189,1.0674555143254643,0.1257832299837745,0.8495754887444534,0.593232217030106
2024-03-22,1.0221187805626561,0.7021606261797184,-0.02030579280011516,-0.5326210170967737,-0.4346703280635347
2024-03-25,-0.6606188895141629,-0.24991012745883567,0.3135566323293755,-0.6564250438876431,-0.13536403347018128
2024-03-26,-2.3478471974660606,2.4932228780656533,0.7565327560764934,-0.2609034449940555,-0.4335514422873311
2024-03-27,-3.6585716109251494,0.6637971532455741,1.3538664339713484,-1.6979295708609647,1.124736457557642
2024-03-28,-0.08378863429116742,-0.02529375002576565,-0.003602102543369362,-0.011589532450395675,-0.008143028525351441
2024-04-01,-0.5803504796141393,1.0216455023854325,0.9664496225968711,-3.4235014132347863,2.9199611847395643
2024-04-02,-0.08378863429116742,-0.02529375002576565,-0.003602102543369362,-0.011589532450395675,-0.008143028525351441
2024-04-03,-1.178584456244979,1.3663939543597585,0.39779029901652985,-0.17276354467045182,-0.3215222406990592
2024-04-04,-1.9744062722577402,-0.6916436719041471,0.6626713341698465,-0.8993573719369424,-0.04622449010955414
2024-04-05,-2.405699604319165,1.7382550914552166,0.31848664455214154,1.2417493957199999,-0.9014182684670551
2024-04-08,-5.472021734122077,0.48712344411655345,0.961007735407142,0.7585468618779379,-0.5249154290780658
2024-04-09,-0.6795887668637861,0.07738450440757783,-1.4859328969325638,-0.33051481419930034,0.2805206445323105
2024-04-10,-0.10483450812013438,0.3585763756096582,1.429272594375396,1.129509260934375,0.06144747487978554
2024-04-11,0.7630719739216281,1.8251009574065025,0.4582137181716852,-2.0848941467264077,1.2147933980661259
2024-04-12,-1.970800704426281,-0.5075765691600664,0.17555170233547454,0.6595567915728848,-0.030819208530000954
2024-04-15,1.024733872986301,0.026288565825914035,-0.6344854518111589,-0.3220334996916178,1.6190286789213428
2024-04-16,0.13864277915043682,-0.33100946353964444,-1.1595116776956027,0.3170374369268658,0.758345016748101
2024-04-17,-0.22116285429021235,-0.9436255454017526,-0.0764982663357526,1.3779062444713437,-1.418992765693509
2024-04-18,-0.08378863429116742,-0.02529375002576565,-0.003602102543369362,-0.011589532450395675,-0.008143028525351441
2024-04-19,1.7792996537072843,-3.205809648028739,0.48863751514782805,2.355603993594276,-2.921650479317732
2024-04-22,1.0010485701887848,-0.47284020175976077,-0.27956842190164366,-0.00861304056651134,0.1767029368679408
2024-04-23,0.749013368814989,-1.1151200002966428,0.1791001441239121,-0.1836811843794283,-0.702625465219968
2024-04-24,2.144925761677926,-0.5727403685633247,-0.42921989879171135,-0.3703449411619639,-0.2953567688738842
2024-04-25,0.6626742431387812,-0.3285988168692834,-0.05089878677000275,-0.27147252738551175,-0.29928476966154066
2024-04-26,0.7457515908273408,-0.5493883867215638,-0.1845119522731631,0.055278487049395614,-0.8789224160212371
2024-04-29,0.46148798624882953,-1.143921960392965,0.2740541085505033,-1.641392722519602,0.039235614756588405
2024-04-30,0.06278598985810845,0.0015114344789362412,-0.06604771324528905,0.20365141911237597,0.0916703248648251
2024-05-01,-0.08378863429116742,-0.02529375002576565,-0.003602102543369362,-0.011589532450395675,-0.008143028525351441
2024-05-02,1.170197285142569,-0.3370135116783116,-0.43685136852184303,0.1564786113410373,0.6297708261765124
2024-05-03,0.48117007939395107,1.9937642621166085,-0.16446872153257003,0.2722837059935596,0.3992173330380951
2024-05-06,-0.3871262806805527,-0.6821597292875259,0.3137629636270114,-0.13433078177764707,-0.45401231106232176
2024-05-07,1.9589292666126352,0.5205971043088556,-0.38793216266123015,0.0006403477015788322,-1.1305080984858924
2024-05-08,-1.2193299400934836,-0.9573521838380843,0.02842337263163606,1.189194519308891,-0.585069670008027
2024-05-09,1.9084935587541487,0.8086913080225648,-0.22768504384281768,-0.7592927153206944,0.48273436871308534
2024-05-10,-0.9116318564448334,-0.2099494412279274,0.055630177671303876,0.601966013498115,-0.7092138308436434
2024-05-13,-0.11761491470219551,0.3741929142323927,-0.1498302973610559,0.5602243958961616,-0.24992848177578114
2024-05-14,-0.2963787409753352,-0.08701363640210166,0.26764596949848796,-0.044616757432120784,0.23735980641300464
2024-05-15,0.7293372377584039,0.7092548441211984,-0.06403997623729527,-1.3695596322919537,1.5088116183793676
2024-05-16,0.6003145169971232,0.3091311088033058,0.47254752715635306,-0.9284476938880014,0.4861081806459622
2024-05-17,-0.9963370229821281,0.4317220094277854,0.1815041983539986,0.16899411484384597,0.5732567956554407
2024-05-20,1.462052719108425,-0.25805289760800876,-0.3242305778992383,-0.036925650556954424,-0.10983704996141531
2024-05-21,-0.5760777708856553,0.3002560253093318,0.3240526493944335,-0.2155460462656462,-0.24744871017102169
2024-05-22,1.00724955113102,0.3399273186483666,-0.01561616803943785,-0.6567695322753836,-1.3624599143332927
2024-05-23,0.37537006655004707,-1.091602478977253,-0.7257769390423692,1.310585583917794,4.096983020132515
2024-05-24,-1.81652398615049,1.274964697613563,0.861311588100452,-0.6339327046826921,-2.8551747560078002
2024-05-28,0.22840406157499324,1.0169336036124508,-0.16551629565784454,0.7590342393179182,0.9916500447455368
2024-05-29,-1.0063059985223295,0.39827932601358124,1.3666942539266347,-0.0003999271771152331,0.35050172485878794
2024-05-30,0.20279455366853807,-0.17617544803925853,1.5084755489087716,0.6208377670386025,1.007350724462581
2024-05-31,-0.37926526525931414,-0.04466514139230452,-1.0695747382044074,-0.22337766407671072,-0.13674852583491107
2024-06-03,-0.5266517131792916,0.377545793318497,-0.9545413108697356,-0.6846533879240293,-0.45635805867508505
2024-06-04,-0.07906614215598066,-0.594930383544007,0.08865444710048967,-0.4165309938841918,-0.031123040150658473
2024-06-05,0.39402593123219226,-0.21134396659510463,-0.056147378753165646,-0.14135766641445188,-0.19501129946081885
2024-06-06,-0.015061684583196521,0.48567725000164325,0.12102586590570197,-0.482737706698257,0.4705163311773276
2024-06-07,-0.08378863429116742,-0.02529375002576565,-0.003602102543369362,-0.011589532450395675,-0.008143028525351441
2024-06-10,0.38232998502274124,-0.5131791154960701,-0.23810217990909524,0.3120765032416709,0.18678915363474957
2024-06-11,-2.4734817979927635,0.1787631337563539,0.008896005869203997,1.377511226730087,0.21596298516099346
2024-06-12,0.2619365205206585,0.8323925081487203,-0.11944380809324423,0.5786302510022591,-0.09670861459562177
2024-06-13,0.25034057541071486,0.41772908020172134,0.44792871920431954,-0.9474011707156322,0.6509420030065627
2024-06-14,0.15427155772792026,-0.09744618093951281,-0.05332096657705182,-0.020504113771408934,-0.23920612005937397
2024-06-17,-0.4089250985064824,-0.9865562588355545,-0.24384044776750313,1.0138562953834371,-0.9498272289264896
2024-06-18,0.4924801325444175,0.933040806651417,-0.06480076750727409,-1.2731495921645726,0.7927490592917392
2024-06-20,-1.0744817797566975,1.3186277754747044,-0.1446698382004784,1.4304036767838433,0.3939301892936412
2024-06-21,0.2525960067079114,0.9287320766278725,-0.17913804756344795,0.5140829467178826,0.13751625642350127
2024-06-24,-0.9160823045857763,-2.633923887243689,0.4475996720188871,-1.23582165411874,-1.080504144511807
2024-06-25,0.07562003214292588,-0.07667015985197549,0.23096979038630192,0.059959680669403416,-0.05571072131296208
2024-06-26,0.12388592992378779,-0.3318141979611198,-0.2491604111669361,0.4572404794275506,0.09562819170193257
2024-06-27,-0.08378863429116742,-0.02529375002576565,-0.003602102543369362,-0.011589532450395675,-0.008143028525351441
2024-06-28,0.47439555971663805,2.0090434649725593,0.85234385781999,1.6337705433400749,0.07327709468113254
2024-07-01,0.355629336472675,0.331068594835595,0.09649461744312646,-0.6213212403136256,0.40987640433909434
2024-07-02,-1.2735610154322252,0.09951850246205564,-0.5593982005353391,-0.09416081675534768,-0.2679740101100089
2024-07-03,-0.5113531258250842,-1.1716306637301583,0.18418859387881664,-0.708907816525262,0.00925907457338628
2024-07-05,2.2066935288946654,-0.11868722683170514,-0.2590890512217111,-0.7825763639560973,-1.3365363214638637
2024-07-08,0.33136915972449404,-0.17802003409584316,1.553671399565665,0.503209537265137,0.1716200896691493
2024-07-09,-0.7054662431018882,-0.898526696298101,0.07911142535091645,-0.0026211499902043215,-0.13522219079363115
2024-07-10,0.23041474803406156,0.33247527502236557,0.08117184777381552,-0.5019716371162378,0.31211337420177676
2024-07-11,0.35963336874375557,0.16782653912230946,-0.45908543401844143,-0.2531473764258188,1.3278668938533855
2024-07-12,0.8763945404770342,0.4521778761812036,-0.10649795265331413,-0.3359370055422635,0.06217141666361874
2024-07-15,-0.5494163143098426,-0.08268743327413947,-0.046407354738830994,0.4501870127598527,-0.5460774024829637
2024-07-16,1.1165099043742943,-0.21572673623273533,-0.2170554436962695,-0.3048511198976585,0.7023165087601116
2024-07-17,-0.358118011567843,0.2742445857673141,0.14851550440081554,-0.22754187004110707,-0.40241260767091774
2024-07-18,0.3636869676864298,0.41048244736572015,0.13036733537109277,-0.8824827273750793,0.5163384751489405
2024-07-19,0.010784031855967314,0.042414163835624394,0.045121755908222025,-0.16626280433635945,-0.47095629984310416
2024-07-22,-0.21838790540250744,0.015501246094891957,0.024508951231135303,-0.006549226728156548,0.12250008083884924
2024-07-23,-0.08378863429116742,-0.02529375002576565,-0.003602102543369362,-0.011589532450395675,-0.008143028525351441
2024-07-24,-0.410154973305881,-0.2368843662591606,-0.12733486378712056,0.7848687814743387,0.061096262148782
2024-07-25,0.9725461104434033,-1.000684211015862,-1.7787799368726098,0.13835144344403782,-0.7879537954129613
2024-07-26,1.5807928754656648,0.6589659483855104,-0.2775354187155236,-0.16142399392576243,-1.4120017899228474
2024-07-29,-0.08378863429116742,-0.02529375002576565,-0.003602102543369362,-0.011589532450395675,-0.008143028525351441
2024-07-30,0.18247790893479018,-0.5840248911873899,-0.33318470006018186,0.6890304234516206,0.8669867134663568
2024-07-31,-0.4461386249193872,-0.08477216854237288,0.3539021975374677,-0.6274790701896135,-0.13314209362689175
2024-08-01,-0.8415502493759407,0.27769261243901006,0.07881374646953251,0.022109988606131514,0.5166302808125594
2024-08-02,-1.3214859770680745,-0.6959665050729567,0.18622839296085983,0.14950142898839075,0.2168919247999492
2024-08-05,-1.416978400975203,0.7009566333364051,0.4976166604860059,-0.4096266459961991,-0.1147868690655303
2024-08-06,-0.08378863429116742,-0.02529375002576565,-0.003602102543369362,-0.011589532450395675,-0.008143028525351441
2024-08-07,-0.08940968200864205,-0.7075295925211147,-0.1413371373470575,0.7470965978351631,-0.2188923448012359
2024-08-08,-0.08378863429116742,-0.02529375002576565,-0.003602102543369362,-0.011589532450395675,-0.008143028525351441
2024-08-09,-0.2211127147868612,0.36981239168741004,-3.402206575640856,-1.386846094613165,0.10533407219984081
2024-08-12,-0.8211140986961051,-0.2620716462018943,0.07336192093394928,0.40482214880347867,-0.8371999468614437
2024-08-13,-1.4643530339164563,-2.037785421878345,-0.3862422965553375,-1.3115609053830735,0.10281048501227139
2024-08-14,-0.4098828840498502,-0.3367188934924696,0.11532406659961456,-0.0052938209491640055,-1.1507783639011915
2024-08-15,-0.35802724606646436,-0.4567301907525888,0.14039691197809145,-0.411708560223237,0.1458262021171334
2024-08-16,-1.0511556281169647,-0.28480481484480924,0.24559890513272647,-0.2743698703592582,0.574994601638143
2024-08-19,-0.12762586532047948,0.0800734578911955,-0.06024293861990597,0.2107843342934883,-0.13570986894310472
2024-08-20,1.1131735159463871,1.3550838502376674,0.07329083977268135,-1.1856691731818976,1.2345662709952419
2024-08-21,0.1117048409661111,-0.31082296551168614,0.22051628651378896,-0.2909575410007509,0.039599562896157445
2024-08-22,-1.1489972542692795,-1.1496480801212083,-0.1467322191482996,1.343335440313194,-0.8756771824952685
2024-08-23,0.3009081150544396,-0.5573487886109246,0.6875506355061656,-0.13259193538160025,-0.058765831646077835
2024-08-26,0.1939580846572511,0.20589196166655918,-0.02395705334373237,-0.007453586378849985,-0.6633528530175925
2024-08-27,-0.21265690387836006,-1.031997657317997,0.12079847621899412,-0.8090683372624049,0.8422238594326497
2024-08-28,0.246231650077468,0.14458738417992645,0.5918869694701001,0.3936963257125252,-0.07005861009092262
2024-08-29,-0.059072404204047566,0.4005925922754668,0.07933088234736407,-0.4859300639671429,1.0087435669005052
2024-08-30,-0.08378863429116742,-0.02529375002576565,-0.003602102543369362,-0.011589532450395675,-0.008143028525351441
2024-09-03,-0.011427953413296287,0.030418204784028378,-0.04634906389805446,0.348753036335756,-0.2886626259985779
2024-09-04,0.726973047437899,-0.28832592291899384,-0.18230516053539964,-0.042053401492448975,-0.6522562614205778
2024-09-05,-0.7480175334028534,0.16080684019851452,-0.5712009104937074,-0.05060629331102651,-0.18064934143204042
2024-09-06,-0.7488414507249668,-0.8154275455013021,0.20375029323158805,-0.5324974097974438,0.9724732758944366
2024-09-09,0.1638733966555142,-0.6580439999050459,0.10782579316571317,0.46917845361502236,-0.7718384543459886
2024-09-10,0.1372754547684301,0.8998180033950279,-0.12585550160365233,0.627972481183991,0.12741091533791593
2024-09-11,-0.17448566491226017,0.0021951433522826498,0.015339969608480731,-0.008193223104474732,0.0798882215149127
2024-09-12,1.2845473762049826,-0.16974535028908413,-0.31007257880234035,-0.2318660981670431,0.6412795700840009
2024-09-13,0.7775331372460363,0.12052505805981101,1.3231051834243603,0.22993371852623995,0.012893135367990752
2024-09-16,-0.39661855490185677,0.19330690023637093,0.027892303086514875,0.04312921401564496,0.17302696173188933
2024-09-17,-0.709334336840078,0.481053029042096,0.17101196642615424,-0.028068703239418267,0.4000506998004041
2024-09-18,0.21799573603874167,-0.04065492856220971,0.01935811543010647,-0.2534349209000498,0.10451378847985081
2024-09-19,0.10931417993798033,0.6631663596267277,-0.19838322438302744,0.5606706843489355,-0.11167972880657527
2024-09-20,-0.4888309622841288,-1.2141251122969203,0.21712255656014637,-0.6736944314052801,0.08623894623392228
2024-09-23,0.8066305158200874,-0.20339083630599372,-0.16841465797772787,-0.13475679910425786,-0.6845475275088824
2024-09-24,-0.6743565241456826,-0.15042698772346272,0.040420491003612405,0.27900843409271403,0.2477904071646753
2024-09-25,0.04285660548776225,0.025927826663565447,-0.767576300117149,-0.058228146509945955,-0.09466754606733499
2024-09-26,0.9921524181481602,0.28095770557158983,-0.2558775188809683,0.2901898860031966,-0.823616998759691
2024-09-27,1.4811625310927619,-0.3060363746236386,-0.3557483675697278,-0.19540303279169,0.19654732784209128
2024-09-30,0.04678021438382533,0.19759854247144715,0.10188157369819462,-0.3430186428083939,-0.228805742023091
2024-10-01,0.23378827510737887,0.410479726540826,-0.6265007849897327,0.5159952213862273,0.0908977652613795
2024-10-02,-0.3999304629504878,0.9194404456076676,0.24673187265510743,-0.6871261230104415,1.200950792163696
2024-10-03,0.084494340849971,-0.1389795768026563,-0.06678464248827425,0.016939649177850184,0.43535753861553195
2024-10-04,1.3385176064391868,-0.42372081301761766,-0.10977689655834935,-0.5443390009569878,-0.7161892236246047
2024-10-07,-0.25095645916027903,0.5513240460020323,0.22664729684174248,-0.5479795836899035,0.0211149310389157
2024-10-08,-0.08378863429116742,-0.02529375002576565,-0.003602102543369362,-0.011589532450395675,-0.008143028525351441
2024-10-09,-0.8149902119791784,-0.24903079510565607,-0.1447378230981934,0.775416896362028,0.6569105301583918
2024-10-10,2.2558083217650937,1.6406455526905885,-0.5218710559869391,0.4933669566115959,-0.1516681842377884
2024-10-11,0.0017864825588930807,-0.9203851551663782,0.24406637631274325,-1.1198397458029115,0.6297210648535917
2024-10-14,0.3603136261233643,-0.8988183835495066,0.06776317114258407,-0.7428530911544603,-0.36967440950116864
2024-10-15,-0.5924431493514514,0.21348685139882817,0.13452292671439567,-0.027960266671610497,-0.4573630941599973
2024-10-16,0.1283647079285053,0.5718161835291196,-0.4383800994934309,-0.7749434549433633,0.41592296340757406
2024-10-17,0.3200062922792379,0.9196734026568416,-0.33025533536617624,1.152385887475113,-0.3972329740267304
2024-10-18,-0.14024375193003827,0.05186447080127869,0.059588461493996506,-0.12105572185768508,-0.5799749099346042
2024-10-21,-0.06294196494280173,-2.67677132697217,1.5493160777213464,-1.3598808227429118,0.693198015349066
2024-10-22,0.4264478428461892,1.671927496955094,-0.12047533181708693,0.1346321532178903,0.8500125564520057
2024-10-23,0.4139171043214474,0.23064204920939724,-0.12564276165167884,-0.10099807138431807,1.0728376015461325
2024-10-24,0.3817441451569789,-0.40456439622145873,-0.15353000426650382,0.26926967632085586,-0.7019575022791196
2024-10-25,-0.45786120177167083,0.47254990209889,0.11303421910101863,-0.20060976750657222,0.5605169144803124
2024-10-28,0.7787733648699732,0.34896173228952476,-0.6998506293382538,-1.017589892787988,0.8809621179742436
2024-10-29,1.4201918783874266,-0.024079171658333395,-0.3855800472381203,-0.2402238848359477,1.2998024442530407
2024-10-30,-0.5072072945306246,0.02711218615003582,-0.42167082236192927,-0.06012876982702965,0.07598982705954735
2024-10-31,-1.101066459551558,-0.013300143510675372,0.0470978068505601,0.4780408753248507,0.6274072761955043
2024-11-01,-0.08378863429116742,-0.02529375002576565,-0.003602102543369362,-0.011589532450395675,-0.008143028525351441
2024-11-04,-0.3948718529755276,-0.6681438899740632,0.12470040496178432,0.4165637764669251,-0.47032212897408715
2024-11-05,-0.011528684586893944,-0.18879970183276176,0.2077239119829391,-1.0231337470820157,0.4894471027441299
2024-11-06,1.1611002783439976,-0.34555363556138724,-0.24648988872720848,-0.08287975245838729,-1.3357264109715217
2024-11-07,-0.3813312454429493,-0.3882703896023009,-0.02980495677111322,0.3073504949563579,0.05982751532284203
2024-11-08,0.21551976210573712,1.8105959629924417,-1.647989772922932,1.3582414712060116,-0.4127819868708345
2024-11-11,-1.2567447443718802,-1.079176677802739,-0.24947316717239384,1.529480245548642,0.016375591825877726
2024-11-12,0.9385518580735687,1.0635098882207024,0.13925898403138037,-1.3489576060253083,1.601658433896639
2024-11-13,-0.5772833990044112,-0.7826173370597267,-0.009037039490149683,0.20031249989062366,0.4422377595138193
2024-11-14,0.6113757308198349,1.2837145579601152,-0.06543542414113136,0.11204899116647085,-0.4637140989393447
2024-11-15,-0.10553909531728829,0.14882153854312036,-0.225359000346596,-0.1806692657934482,-0.13556074834214424
2024-11-18,-0.30872279799785474,0.07980711511824239,0.16228345464972058,-0.2204196516712085,-0.513819443601358
2024-11-19,-1.6365471464214887,0.17793195475288184,0.2934650697600976,0.08066014224171487,0.21437566877590422
2024-11-20,3.1690869859015627,-1.5409295711293836,-1.4302933356766692,1.1260084721411794,3.9051558616541393
2024-11-21,-0.8915669890313881,2.3055923586090654,1.2794374689969985,-2.687083140336172,-2.5852234177267435
2024-11-22,-0.05188127502186064,-1.9037211041745254,0.1462248879642647,-0.7095200706125777,-1.0407054074686748
2024-11-25,-1.1565444921935852,-0.7041264935992814,-0.1720767088864095,1.170243739330567,0.4694223058584588
2024-11-26,1.7794563695028716,1.5018350786146601,0.05704416107940408,-0.12844493418783762,0.7375110555491162
2024-11-27,-1.2986818538977916,-0.03787296282976574,0.519759087637452,-0.9408514452048927,0.45530817771426624
2024-11-29,0.17623280288148557,0.12361043210525233,1.4491869013876595,0.19829836025428033,-0.17856821115877955
2024-12-02,1.2264922603454154,0.6729248650933771,0.6254428939469988,-0.5092861510596741,0.5842995889749502
2024-12-03,-1.3109807519802317,-0.017203771549863616,0.1470465812850964,0.4565934807306641,-0.1523780290703676
2024-12-04,0.6127748366831064,-0.05695376049260884,-0.5752428934753494,0.11183063721447048,-0.04461853986713951
2024-12-05,-0.7133684621631471,-0.8663479724803859,0.20996586393485311,-0.33858402034782914,-0.3991737789807526
2024-12-06,-0.26727671458709673,-0.23219919563346053,0.044921235877933036,-0.07472078005925296,0.016936544000374164
2024-12-09,-0.08378863429116742,-0.02529375002576565,-0.003602102543369362,-0.011589532450395675,-0.008143028525351441
2024-12-10,-0.8166845304452456,-0.6801442034531504,0.1575654186601133,-0.19885151221793831,0.26124471923384995
2024-12-11,-0.2090677323769977,0.32874743745110235,-1.0487270919703549,-0.9093327477417579,-0.45971135709887345
2024-12-12,-0.05173877019978364,-0.6064769771587845,0.06142576273812683,0.6084483800351739,-0.2598126162624614
2024-12-13,0.30739972598038173,0.47915007097058593,0.023726311679248293,-0.24780966392768894,-0.1574126942786281
2024-12-16,1.2016550666272448,-0.49115692409919853,-0.30964859937757655,-0.012022357143413487,-0.5885356599341925
2024-12-17,-0.7694770989173578,0.07455977917918062,0.08533295369239804,0.19154536172216227,0.2968705789995042
2024-12-18,0.3929649869691065,1.9273073773982152,-1.3279444399841205,0.8008258310699237,-1.092876215909319
2024-12-19,-0.8058115974212843,0.11366247050468194,-0.08308947420020873,-0.21486124015878344,-1.315920617181649
2024-12-20,0.1048007009515763,0.7704855598317208,-0.2513400287222893,0.9416753224436641,-0.2641226503384042
2024-12-23,1.033095075593353,1.3420060067640385,0.09522617229104251,-1.1611221724943377,0.6846061169005453
2024-12-24,0.2641882810818226,0.11182797150461839,-0.015108454190050713,-0.24541792994150377,-0.023354991321020376
2024-12-26,-0.012632846003741493,-0.6160749728187112,-0.10101556671465428,0.36496471869134434,-0.6125214782611985
2024-12-27,0.31975505674318383,2.3164631929765096,-0.8931278243230042,1.9427369194410151,-0.34812350488007654
2024-12-30,0.3888490657413386,-0.16609459675915803,-0.0725065225116373,-0.1300116099020671,0.13740117675295446
2024-12-31,-0.24951006363707726,-0.009216415928559105,0.006982872647366496,0.04594029684431092,0.29042505295582965
2025-01-02,0.02529665481685316,1.157458513730038,0.24917932239823465,-0.7768391368290058,0.2767321032896918
2025-01-03,-0.1403096585815476,-0.05000449568253959,0.0639298353220451,-0.31495939090817265,0.24193285405357823
2025-01-06,0.4081928203408998,-0.4526745871173306,-0.2875278746908213,0.33393927073882396,0.9584720294820834
2025-01-07,-0.8736140356025774,0.3319944860997786,0.9849268836782112,0.09708107304919633,-0.5170469172958466
2025-01-08,0.44579226647229764,0.16220916420131548,-0.5429734611285294,0.23441906404420695,-0.2499028533795768
2025-01-10,-0.7702249375225451,-0.8020067310679432,-0.21807669151196585,1.0965133739246333,-0.2041314832584294
2025-01-13,-0.5515567545027242,-2.4567711652651227,0.5523667442139262,-2.1538726148428506,0.2847463566563678
2025-01-14,-0.9278764514772633,0.3285782100211533,0.1998208922106273,0.017255165700673095,-0.4992599961326498
2025-01-15,0.12416613977606467,-0.18784520922096493,-0.4668774277771583,-0.020064426388394938,0.38224771565465687
2025-01-16,-0.1807763020717567,-0.03566784735042307,-0.02481823584473721,0.09464543819451766,-0.04596854945927692
2025-01-17,-0.9175418825046577,-0.671226620307649,-0.17710317798936948,1.0705165635212122,0.005941261585678149
2025-01-21,0.8703168820956775,-0.469981890766117,0.006919108383950341,-0.6542958558385003,-0.9077817730098239
2025-01-22,1.1976795308688553,0.044939507104411955,-0.12444190330374111,-0.5443409588761615,-0.5533934448068812
2025-01-23,-0.8891617997578486,0.938266035567752,-0.5658711048672052,1.4543858939622698,-0.023361486470732204
2025-01-24,0.008462057426584431,-0.23544637934707158,-0.0557281187166331,-0.037767394675058706,-0.8067403068197511
2025-01-27,-0.9339655253492439,-0.3140874362195079,0.005922914525664622,0.5867127593281565,-0.02078543403555206
2025-01-28,-0.22325745358409066,-1.5518454864438518,0.37834365236150397,-1.4572345684512493,-0.07626815293799599
2025-01-29,-0.004923656864570892,-0.8127370146381454,0.18603776526776708,-0.8102111293740595,-0.09451099666781049
2025-01-30,0.1813774083967112,0.9470647178650033,0.04946437128847647,-0.9584688580830685,0.6301582196581982
2025-01-31,-0.17178049316360355,-0.199681873032205,-0.05125272841959547,0.19637073035945818,-0.015208400927976854
2025-02-03,-0.4119515241454579,-2.3084176572482167,0.10128025695857135,-1.463394748201213,0.5170317345029566
2025-02-04,-0.37955594099928297,-0.8504552408143258,-0.14073561282652572,0.5911087533232341,-0.27004475881625334
2025-02-05,0.2324044756952251,1.3264979108721198,-0.14444664118156791,0.5048597306249056,-0.177311296456662
2025-02-06,-0.25668605432230307,-0.41906834882298705,0.1380494997237869,-1.2888780880461341,0.567675953837856
2025-02-07,0.6153132931464975,0.394209805470821,-0.13791202383158502,-0.23512107161946186,0.6176619058990817
2025-02-10,-0.04276601225434602,0.20013730934016635,-0.4560531027975378,0.2065131382674182,-0.23797404390767854
2025-02-11,-0.22744709040772762,0.32107448918345144,-0.022749947372135846,-0.4146077269350548,-0.2701295352596102
2025-02-12,0.4789616397392911,-0.54708338745314,-0.2024282613461715,0.0922136922551942,0.18911507203699301
2025-02-13,-0.8061239161532807,0.4935676593925252,-0.8588110708547178,-0.6111181255917373,-0.2928363144701586
2025-02-14,1.3412039304036982,0.2918768819408023,0.4122955855024568,0.5008680748023902,-0.3647121800311891
2025-02-18,-0.11232571246791744,-0.5261444941062257,-2.2300401825269542,-1.1067751458799735,-0.05594226609647346
2025-02-19,-0.5150243777471872,-0.1036602470439447,-0.10303850599104605,0.4653266013433719,0.32596368067020465
2025-02-20,0.6411298601198495,-0.19634105008028138,0.010588106619804678,-0.41152128723805376,-0.5033777829795972
2025-02-21,-0.63896436186742,0.35353143848814894,0.3733167326410068,-0.39038372713218894,-1.1858849486651633
2025-02-24,0.1367888633260771,0.5379384474148836,0.04272153714713407,-0.5253691726700689,0.3850854408560272
2025-02-25,0.5393345086715289,-0.12757697177925326,-0.2092300732113499,0.015525215838863078,0.3343710350268789
2025-02-26,0.13200825386057924,-0.8418442697159673,-0.06564568445560588,-0.06483496541109757,-0.6177845304112362
2025-02-27,-0.15655107108632066,-0.1736683594529494,-0.3457729863364933,-0.3761660940975979,0.3600901052751125
2025-02-28,1.722544766003998,-1.4411107669833165,-0.4807617302064761,0.8895672379191942,-2.319039753762361
2025-03-03,0.4489215825662172,0.6016271467710863,0.35748510955980617,-0.7360531546948366,0.5506022022287949
2025-03-04,-0.0944630926172695,-0.6695595988534633,0.95370335136578,0.2806015476561939,-0.4576025530367878
2025-03-05,0.799003879292735,0.43500899996443715,-0.11506509021612009,-0.2747827828616806,0.22087814047608356
2025-03-06,-0.26344889432577717,-0.3668777772592275,1.2933622444472699,0.7494342472425812,0.020258534015067543
2025-03-07,-0.16245784868702454,-0.11924581037729105,-0.41178477784279566,0.006947454410173041,0.007332702787528725
2025-03-10,0.701331999371691,0.10480315011888108,1.4864028010693304,0.0017807472208675183,0.2208914499466619
2025-03-11,-0.9937043014594973,-0.4777565712848539,-2.6644347202125465,-0.048468874068265055,-0.3531194028646858
2025-03-12,0.3864237629054706,0.5773198565645209,0.08847149187434668,-0.6998252341692253,0.446983402394188
2025-03-13,-0.7367873638582743,-0.16000747061116546,0.12771029545437415,0.19715664190693474,-0.3526776718414322
2025-03-14,0.3694467059176502,0.36446382143026756,0.1401283883779044,-0.6798032759017879,-0.5170905684231694
2025-03-17,-0.08378863429116742,-0.02529375002576565,-0.003602102543369362,-0.011589532450395675,-0.008143028525351441
2025-03-18,2.9274838506275516,-1.0127366449638984,-0.8827627340304772,0.48009855785802646,-2.343599831059115
2025-03-19,-0.4303231337987698,0.3447531956920878,0.26356872704501705,-0.5249023099623568,0.6889862981491438
2025-03-20,1.1375366512060479,-1.0202683437120637,-0.6701738265077275,0.8323633054395189,0.7331998877594689
2025-03-21,0.8735250022706551,-1.7585329299936812,-0.044759492620334684,-1.1377679508669458,-0.5604757126847945
2025-03-24,0.41822376880186424,1.0543429760320508,-0.04402158164380851,0.2315025226504002,-0.919677415703961
2025-03-25,0.9376537335096464,0.0655318757407915,-0.2246696705716023,-0.1770172749731764,0.3255750483411496
2025-03-26,-0.5972048389155404,0.06068995168651591,-0.5995196458784533,-0.26358811026859785,0.17026500078396645
2025-03-27,-1.498645352823716,0.48565064736243024,-0.43772877097066076,0.15238511545423844,-0.3023348267577297
2025-03-28,1.5067975385751118,0.8316470467389233,0.10809139545218296,-1.4819116483462587,2.2075302139085498
2025-03-31,-0.9101900728786866,0.414611664956055,0.2981157894721622,-0.22660848049693316,-0.07833957417763075
2025-04-01,0.4555987937670831,-0.13712941386202915,-0.04255201466318144,-0.22606318152628285,-1.1460959812701896
2025-04-02,0.6973735991797616,0.552719680171533,0.006869882906863957,-0.5519240795387864,0.30223605023070366
2025-04-03,-0.47782681762843227,0.16164266278628817,0.11241762725537244,-0.08610264221157725,0.31044728151985135
2025-04-04,-2.962881910173797,0.37913896061148034,-0.4367963033597816,0.4612827046130188,-0.39215200445322934
2025-04-07,-0.9585172568068663,-0.24799761692851396,-0.09986415766257442,1.0443952402157102,-0.564356999437331
2025-04-08,1.077090700630721,0.027063454467227955,-0.06312152013492035,-0.7566142835786867,0.2591294510559207
2025-04-09,-0.42546306619511864,0.13202628868830674,-0.5680974663387923,-0.03639778293149809,-0.3706240264545271
2025-04-10,0.746325426769611,0.4078551829005304,-0.006856014702859031,-0.6739526806410991,0.18067138463969165
2025-04-11,-0.06299637401041942,0.716697007079499,0.19767552573197686,-0.7201315233558062,0.8032197970654255
2025-04-14,1.1318999492692743,-0.09418751806217435,2.0746994609008564,-0.10914702268274523,0.05544707791033884
2025-04-15,-0.5021891050730144,4.395556949057923,-2.5983225717949505,2.7820582998183014,-1.8979973792602596
2025-04-16,-0.34138170216040986,-1.8282846834320439,1.4373041326041625,-2.202869634087681,0.8291996994880335
2025-04-17,-0.08378863429116742,-0.02529375002576565,-0.003602102543369362,-0.011589532450395675,-0.008143028525351441
2025-04-21,0.989443071470915,0.7769997850722914,-0.6381322385577308,1.4290922092559042,0.6119797083956828
2025-04-22,-0.9011104865720805,0.08459114452781231,-1.2255150715372807,-1.3672259778486946,-0.20712692785080442
2025-04-23,-0.2679152677227434,-1.9178541278233605,0.17784696508659123,-0.7485995480619925,-0.40049176862173036
2025-04-24,0.10329256972254026,-0.5288913801943452,-0.29889060031884185,0.5994195694631302,0.46775292520581674
2025-04-25,0.49057594871549665,0.4001611919775645,-0.1784993670322726,0.30959623801241665,-0.25701436805798894
2025-04-28,0.5167272883745094,0.6084726991071895,0.9396524616259708,-0.5141506839788379,0.5913249075910751
2025-04-29,0.8724700980518539,0.4144688826888194,0.10649098223598047,-1.0808318711166653,0.28555039594488735
2025-04-30,0.024475240462397966,-0.4845231873682873,0.46328084081031234,-0.22885675378405596,-0.02056735757143306
2025-05-02,-0.08378863429116742,-0.02529375002576565,-0.003602102543369362,-0.011589532450395675,-0.008143028525351441
2025-05-05,0.9253202745373286,0.21179420458199105,0.0758480121528345,-0.662266799946179,-1.88643453891384
2025-05-06,-0.16144805825034292,-0.34775613866752036,-0.028760433023242302,0.10953650338959835,-0.21959962524171
2025-05-07,0.7882465644821326,0.04067027244893244,-0.09116542314908646,-0.30067712112713796,-0.22872283597121626
2025-05-08,-0.6789500989417244,0.05272639047047904,0.01997311650391889,0.2674061981928983,0.35187142763118184
2025-05-09,-0.08378863429116742,-0.02529375002576565,-0.003602102543369362,-0.011589532450395675,-0.008143028525351441
2025-05-12,0.3620030226519126,-1.0031068972644908,-0.24698130160763554,0.031242349345051323,0.6860147511759477
2025-05-13,0.6653958285721611,-0.4921485704224637,-0.11394756429594209,-0.24197682512941737,0.45259592079237126
2025-05-14,-0.5627914524825304,0.35897201259354267,0.11290141678251295,0.06761694409575875,-0.5021658269336667
2025-05-15,0.9984460610219978,0.6056119739470006,0.5256568283093535,-1.0036387678276928,0.5822221714457404
2025-05-16,0.5035136265230434,0.35752333265731046,-0.28670031619302905,0.552979164835831,-0.5811533771225142
2025-05-19,0.748702406572951,0.013129959923283427,-0.0019480699387307556,-0.8213669622670418,0.9968666153702422
2025-05-20,-0.6620396202241221,0.04912046673012293,-0.9946155196525625,-0.00021482532032052147,-0.0649371957111135
2025-05-21,0.0036981970376347333,-0.040222004620891996,0.11201573844620066,-0.3822659124955802,-0.6679510540487718
2025-05-22,-0.43097632552696113,-1.4024813284066726,-0.11516763833015184,0.585186775787277,-0.8709242109170091
2025-05-23,-0.08378863429116742,-0.02529375002576565,-0.003602102543369362,-0.011589532450395675,-0.008143028525351441
2025-05-27,1.2736191701771404,0.5379154000150346,-0.519363752289756,-0.10851881482427785,0.4458621557466064
2025-05-28,-0.9005230386380595,-0.784207761190066,0.278926883875485,-0.40566107883659774,-0.6599546942852847
2025-05-29,0.8288097845222817,-0.15423715270761307,2.3976621147452932,0.5155535150792236,0.5987917400276146
2025-05-30,0.14892356414645477,0.0819602935773717,-1.3253248728352023,-0.1094149017582651,-0.7913680822125166
2025-06-02,-1.3363632935024363,0.38452062414246935,1.138263937838252,1.2019102728750861,0.9545045579288077
2025-06-03,-0.5405878138450162,0.5687139772953136,0.15134939294706873,0.14393122604371061,-0.5290714784235614
2025-06-04,-0.45865482896815557,-0.2298340625042274,-1.6656762363352509,-0.2737020744170343,0.27014526628552715
2025-06-05,-0.6856107953912344,-0.40856020755782296,-0.6201636269657104,-0.6823119223514149,0.18820338347957247
2025-06-06,0.4847719877855984,-0.13015406634050064,-0.3065720664937812,-0.20927370691435382,-0.16994685000432272
2025-06-09,-0.08378863429116742,-0.02529375002576565,-0.003602102543369362,-0.011589532450395675,-0.008143028525351441
2025-06-10,-0.08373116912249486,-0.025300368048015373,-0.0036022398633505535,-0.011622658378847527,-0.00814903765121104
2025-06-11,-0.08378863429116742,-0.02529375002576565,-0.003602102543369362,-0.011589532450395675,-0.008143028525351441
2025-06-12,1.284130572634795,0.5564821555138136,-0.37155675742286903,-1.2359594171035349,-0.8278946529506328
2025-06-13,0.27625079939671293,0.38490070260326664,-0.24748777069174105,0.5721494593946056,0.32363822733763464
2025-06-16,-0.07777269028988136,-0.09772879352888053,0.17231942364372116,-0.7963762180188135,0.3835244070842266
2025-06-17,1.5939869490280456,0.4150250408332927,-0.3087324554129159,-0.07085271839624073,-0.9725649228356692
2025-06-18,1.015300615276729,-0.38706879702367003,-0.22854154800497925,-0.07535276228591135,-1.0784967675583301
2025-06-20,0.08656919049583946,0.7666834685503685,-0.442359333800493,0.7266777734021832,-0.22814975507775856
2025-06-23,-0.8972048805812272,-0.3807639035526717,-0.765507510329007,-0.08982465733469189,-0.05292898159523947
2025-06-24,-0.009173264741121108,0.7917171076981018,0.9301561156225335,-0.5242289609653357,1.2423973924650096
2025-06-25,0.9992017748054003,-0.010983183337934044,-0.15766169321943907,-0.2243579816451596,-0.7483404565938546
2025-06-26,-0.3412420267950459,-0.1957492729876735,-0.6464689521502544,-0.0961660677125081,-0.4582079446115809
2025-06-27,-0.2351467087381747,0.08629543437977857,-0.046796380516057084,0.20825323103610355,0.4931179758533682
2025-06-30,-0.6900531733607419,-1.970311478900596,0.09335356390242713,-0.4069397041628451,-0.26761510021021895
2025-07-01,2.785812530775743,3.334167910250077,0.49064034489309705,-3.7629092575819385,2.5032824989639386
2025-07-02,-1.7158872084346912,-3.1852371737510667,-0.5915015551835408,3.284579242694569,-2.71934017942425
2025-07-03,1.3265422357486223,0.58034905567441,-0.17364429414340582,-0.498432215189537,-0.12204327908053271
2025-07-07,1.5384930626368538,0.5869809440087834,-0.18933658769800712,-0.7683287858712373,0.5994379020591764
2025-07-08,0.4401874467123033,1.6194536895292986,-0.10405530015855295,0.13431270497555894,0.07720096075739451
2025-07-09,0.2455689905595226,-1.5024162732807922,0.13876799105704019,-0.9748168624492504,0.8771745912445331
2025-07-10,-0.119315058316959,-0.9034082048104124,-0.192049440395625,0.27481835108404157,-0.7378481481418864
2025-07-11,-0.49441287515270566,0.09231433825783887,0.0784472810417991,0.0037460712515372005,0.4469190822168582
2025-07-14,-0.7204131576499236,0.1681681713858544,0.09994722116931531,0.12081804563907893,-0.04798354396186072
2025-07-15,-0.1979187478333468,0.0019588859274712197,-0.862384370116171,-0.2601283724434547,-0.10372475592584515
2025-07-16,0.986627083100825,-0.3456492396863007,0.6830791532667565,0.14971113853615764,-0.47674100397307706
2025-07-17,-0.3986030995586227,0.11353744474104731,0.09104066113548999,-0.04964469197663324,0.07923670709945169
2025-07-18,0.31684573882075445,0.29744314004820466,0.05756234751445635,-0.49632769890052353,0.24991015774621148
2025-07-21,-0.625183086895517,-0.9214012084474391,-0.19827694793871858,1.0139850056425954,-0.6900894766206923
2025-07-22,0.3750391691209582,0.04712442178319108,0.016396199122421604,-0.3622619630307314,0.045730671747381366
2025-07-23,-0.08378863429116742,-0.02529375002576565,-0.003602102543369362,-0.011589532450395675,-0.008143028525351441
2025-07-24,-0.22497799535824484,-0.4200016556068067,0.03624042174314985,-0.07681056572876399,-0.25258957365187995
2025-07-25,-0.7422626665104186,0.18863029958168068,0.014412288409870555,0.36170481240607105,0.42007794733611725
2025-07-28,-0.08378863429116742,-0.02529375002576565,-0.003602102543369362,-0.011589532450395675,-0.008143028525351441
2025-07-29,-0.08378863429116742,-0.02529375002576565,-0.003602102543369362,-0.011589532450395675,-0.008143028525351441
2025-07-30,-1.0708800994315042,-0.9733733969991787,-0.619271489855361,1.2553338374789544,-0.7497846588252381
2025-07-31,-0.6771920061036567,-0.21924745920857153,0.020634255214832,0.3289549003802774,-0.031141351472117447
2025-08-01,-0.37344585245401435,0.34769771797213983,0.4893686176228962,0.12204374283257013,0.34603614123972515
2025-08-04,0.8511691694596991,-0.2632891758486974,-0.12271301697836609,-0.26763953937771023,-0.1312992738097053
2025-08-05,-0.28296702965373777,-0.1028715886371543,0.06497383282686042,-0.11830496753544664,0.11064150925699218
2025-08-06,-0.08378863429116742,-0.02529375002576565,-0.003602102543369362,-0.011589532450395675,-0.008143028525351441
2025-08-07,-1.0947727026657064,0.2961000610041208,-1.058375654755421,-0.3401576171379508,0.4624299408032786
2025-08-08,-0.2541896394431117,-0.031719488523068384,0.04131827784230663,-0.051016841222664464,0.1500171864060733
2025-08-11,-0.14341086102520126,-0.132155934912437,-0.28778071508190817,-0.051001598994399516,-0.20154310284627985
2025-08-12,-0.019654821570299612,1.0269591872278454,0.3024492927241113,-0.901557603915265,0.29889132541231417
2025-08-13,-0.3321361889891852,-0.4727484355080118,-0.3871211135289666,0.501602103159246,0.43256159183482995
2025-08-14,0.3420144928776414,-0.36055296626792266,-0.03581665154919442,-0.1633727921281164,-0.39453667302852136
2025-08-15,-0.07096135498944652,0.7130203402722609,-0.28896553285445625,-0.8093906517888436,0.7766309819887854
2025-08-18,-1.1632135015864862,-0.5985852479380632,-0.09882826122984134,1.123559465729627,0.14172190347480848
2025-08-19,0.12536389876876208,0.5979530361069031,-0.8020639392567084,-0.8811101712673146,0.527066314109125
2025-08-20,-0.9710027627989484,0.3701928417088947,0.30238742702051197,-0.21164403963315698,-0.02626418171572858
2025-08-21,-1.202940332962108,-0.26616078637983703,-0.0666074920190827,0.7896922684176648,1.5959725457508867
2025-08-22,-0.01866800220539631,0.31844014263445236,0.016542948056033246,-0.09177680592552576,0.16977403652103193
2025-08-25,1.0280916621607705,-0.7011837787822256,0.7552293337799264,0.03615006270085727,-0.7778722532187476
2025-08-26,0.2829106732057367,-0.22140399707051803,-0.36258840962683575,0.6666729363080229,0.8709184227006932
2025-08-27,-0.38223636989707294,0.11761193287124065,0.10746642092265624,-0.19688311044791873,0.4677185957657991
2025-08-28,1.6543107119421858,-0.7808622968485094,-0.5832795830690185,0.36901845367039965,0.03698858136359469
2025-08-29,0.4552139012932017,0.46257446127686286,-0.1300834919432563,0.21842375312816842,-0.12710572384740682
2025-09-02,1.0039760548616763,0.30117170086823186,-0.8463879970182957,2.0083748738248426,0.4530540539680978
2025-09-03,-0.30158943771403485,0.4240441350680802,0.052669278089942415,0.05055882916077794,0.5143118244015008
2025-09-04,1.152910938684765,1.206205636018125,-0.07886905939806116,-0.5926661943989522,0.5325540302740029
2025-09-05,-0.8540206772199529,-0.900825625946601,0.029729925515326033,0.3689478302397885,-0.43978746801491997
2025-09-08,-0.01660638914149788,-0.28573981997939407,0.2226621848589324,-0.9877424297730163,0.24581444726368892
2025-09-09,-0.28558520155447614,-0.181758198868462,0.1587355979619006,-0.2483956346420173,-0.42230789826164766
2025-09-10,-0.01772791459677871,-0.16814429983909257,0.0345514249531135,-0.14773339516100895,-0.8147424735375437
2025-09-11,-0.03501759690034387,-0.3504559162211124,0.0360902728206626,-0.2582509614320312,-0.09413583420975703
2025-09-12,-0.014171892943133046,0.03566167024508193,-0.24256231725254476,0.6119986968584898,0.6263740387831874
2025-09-15,0.16681967557025756,-0.3291222753610466,-0.10909666266323194,0.16005700313885657,-0.17816650815171817
2025-09-16,0.2198699928924177,0.09863793973089494,0.018244187969584245,-0.3240105939940198,0.5754331844874113
2025-09-17,-0.08378863429116742,-0.02529375002576565,-0.003602102543369362,-0.011589532450395675,-0.008143028525351441
2025-09-18,-0.08378863429116742,-0.02529375002576565,-0.003602102543369362,-0.011589532450395675,-0.008143028525351441
2025-09-19,-0.08378863429116742,-0.02529375002576565,-0.003602102543369362,-0.011589532450395675,-0.008143028525351441
2025-09-22,-0.08378863429116742,-0.02529375002576565,-0.003602102543369362,-0.011589532450395675,-0.008143028525351441
2025-09-23,-2.331237981385348,-1.082015816241699,0.7639003867085813,-0.3661359658107156,0.8085387861418807
2025-09-24,-0.14967780278209794,-0.043943574313453665,0.0347370387031447,0.09066583288713331,-0.04103944156822233
2025-09-25,0.2774798621393022,1.5607746432898562,-0.1621308056729307,0.9207781532295627,-0.0811544947618218
2025-09-26,0.29841590373146915,-0.28453729052591004,0.13641370567773817,0.13795008262586805,-0.8720287214816674
2025-09-29,0.03297193853624866,-0.22895153949707878,-0.15885833614537756,0.07447923684611849,0.1003269775032953
2025-09-30,0.14677542775697486,-0.6933939947487138,-0.2302910490422309,-1.3879569492756456,-1.3487192597720257
2025-10-01,-0.2967855479024372,0.4310386475039135,-0.14623040200541088,0.4560795316248005,1.5157110097006747
2025-10-02,-0.16262531933502972,-0.35554624951863295,-0.07810065395278327,0.3084311999814024,-0.3473882866178546
2025-10-03,0.3077265373070124,0.2116759810487324,0.2798927249304754,-0.2677508790349763,0.13467318557303434
2025-10-06,1.5690046194382183,-0.8087912881856656,-0.5292848468829601,-0.3638434266740457,-1.7378385902017786
2025-10-07,-0.39479412379033646,0.10401866704777235,0.04023434009983118,0.039268351334220984,0.21198206727085
2025-10-08,-0.08378863429116742,-0.02529375002576565,-0.003602102543369362,-0.011589532450395675,-0.008143028525351441
2025-10-09,-0.18064592979211283,-0.0350435235049294,0.1260381564807857,-0.3160567436055542,-0.07074072291863095
2025-10-10,-0.9567816799529993,-0.22636770551906016,-0.4756351723901349,0.3586736640057127,0.0715820947009915
2025-10-13,0.7330942130640816,-0.7787181513559918,-0.40190435954535186,0.3512505819690162,0.7467694326822091
2025-10-14,0.6215728318012941,0.16999200150022414,0.4654720556788029,-0.3873111658499369,0.24606950136462302
2025-10-15,-0.08378863429116742,-0.02529375002576565,-0.003602102543369362,-0.011589532450395675,-0.008143028525351441
2025-10-16,-0.07460730689634504,0.26700453541556807,-0.04801548435381409,0.21534685126450565,-0.03902517297565816
2025-10-17,0.203942388140364,0.06607760838362418,-0.06329202538547354,0.14515202242784223,-0.32331210442285285
2025-10-20,0.12978637425447953,0.446652053554646,-0.16282975847337905,0.4751884230306794,0.005581980357553318
2025-10-21,-1.5215774519624659,-0.03516866281645541,0.28452055326204556,0.03641913604322176,0.47157790884451617
2025-10-22,0.30528446250118607,0.08310316795419997,-0.053550810495280925,-0.19230006868656677,0.1925564642759881
2025-10-23,0.051095233097045376,-0.25774033981499306,0.02362127360854505,-0.28168628918529487,-0.028464550017659608
2025-10-24,-0.3652154436956955,-0.36051214100531953,0.12774861208963328,-0.33833156547552123,0.1530349160374226
2025-10-27,0.2707404893995852,0.5619696062716643,-0.131192174034545,0.4317964628799472,-0.5679718121154513
2025-10-28,0.15972450769849844,-0.19675986881508326,-0.09197002213935954,0.0882142729571864,-0.23603270049533356
2025-10-29,-0.13380672886071918,-0.07817630328680246,-0.9224610434325003,0.08301813910423131,-0.057661600160958046
2025-10-30,-0.49984309416564815,-0.5400409414845527,0.036808601251226446,0.10132212973552425,-0.059788052063516645
2025-10-31,-0.6797477795090172,0.19160328332217297,0.16435772689516898,-0.15221276810557594,0.354732845311969
2025-11-03,0.4040417552394034,0.41095277269845343,-0.149553500678327,0.29531355342355975,-0.3096915444871846
2025-11-04,-0.11880554224574688,-0.0177139199052379,-0.055975925072913525,0.2300322895445268,-0.1257716038296725
2025-11-05,-0.21395943753704233,1.2208854993565745,-0.25162861798303054,1.1948645769884698,-0.13882899101432536
2025-11-06,0.0034579811506938356,-0.3377807022088061,0.016461737319321528,-0.23193459069705416,-0.03683361681930086
2025-11-07,-0.38931791259355053,0.23845233246698386,0.019866379834223093,0.24493281889017285,0.2880067217515665
2025-11-10,0.608945859876227,0.7617795429151089,-0.22445593928198473,0.43830556398173237,-0.49798084139287246
2025-11-11,0.2419527176404711,0.7444698034298082,0.23191235073340682,-0.954194541956524,0.29419810264895757
2025-11-12,0.18581433166891095,-1.041235378250181,-0.014439217125076067,-0.48109360244709143,0.1172803645773317
2025-11-13,0.04192522115183704,0.04168921036523604,0.24099999004024963,0.47959672701538125,-0.04189543451984366
2025-11-14,0.597040478698107,0.2362067908920332,-0.12064885616636084,-0.07960542691390866,0.3034655075338004
2025-11-17,-1.0095483471917395,-0.5008875555781638,0.194012630011762,-0.10646121025514073,-0.07612760768290312
2025-11-18,-1.0389980285851053,-0.05327442030940672,0.5866974963224966,0.475589123166356,0.3265831647576229
2025-11-19,1.4645177576195443,-0.21357037670310325,-0.20686240117071578,-0.4539732865025534,-1.0901939377751246
2025-11-20,2.5999578502468923,-1.7279396150964745,-1.4780294394911122,1.8992380051571651,3.1482497271791687
2025-11-21,-2.884064108944298,3.0143357348635393,1.5859207068707795,-1.8583233375954649,-3.108712696503632
2025-11-24,-0.7158638776157412,-0.17876045801468377,0.28733395742216516,-0.5925941106704979,0.38848503976935356
2025-11-25,0.570510342383821,-1.7546902900875245,0.14382168595389686,-1.4581524460977542,-0.4369424013449272
2025-11-26,0.21382229860120444,1.6806475044898472,-0.14745518750282963,0.6871935431810803,-0.22779283743472253
2025-11-28,2.2392979873893664,-0.34584922159195813,-0.7370475327899773,0.5681999209240627,-0.3426839775007772
2025-12-01,0.7613538224218636,0.03324020294152239,-1.7806459113594624,-1.6821023170100977,0.5624420257261573
2025-12-02,-1.570465472374544,-4.581184817556989,-1.081891066032357,3.26206732183731,3.3058470701642926
2025-12-03,-0.11880554224574688,-0.0177139199052379,-0.055975925072913525,0.2300322895445268,-0.1257716038296725
2025-12-04,0.016321166045654607,1.155732197779043,0.7442871734662,1.485887585512514,-0.08424609240787163
2025-12-05,4.228981707402034,3.7210072094577002,1.5221647110408445,-5.40257239030766,-3.4280936307355567
2025-12-08,-0.08378863429116742,-0.02529375002576565,-0.003602102543369362,-0.011589532450395675,-0.008143028525351441
2025-12-09,-0.08378863429116742,-0.02529375002576565,-0.003602102543369362,-0.011589532450395675,-0.008143028525351441
2025-12-10,-0.7312459830818043,-1.0007466156192386,-0.8799281406503789,-0.23863023360770655,0.45011749254221334
2025-12-11,0.3679604638367218,1.5339507775569068,-0.31564565280869644,0.9708586153377201,-0.3305980265897961
2025-12-12,2.0920091425272926,-0.41435547443287,-0.4622585354640428,-0.3662766095015413,0.603653558227367
2025-12-15,-0.08378863429116742,-0.02529375002576565,-0.003602102543369362,-0.011589532450395675,-0.008143028525351441
2025-12-16,1.4733422311153992,0.4160097313153372,0.5367317142937885,-1.143815014049601,0.43931304354840006
2025-12-17,11.595623315766654,-10.823233608914537,-8.39388510148689,13.041334584610476,20.721529003305125
2025-12-18,-0.08378863429116742,-0.02529375002576565,-0.003602102543369362,-0.011589532450395675,-0.008143028525351441
2025-12-19,0.6358542134048512,0.22078302226310467,0.04086950771898325,-0.6080537666896201,-0.5115444413307189
2025-12-22,1.2499099738058985,-0.02765754715115054,0.7449139942968066,-0.06115510932367951,-0.49713090942771265
2025-12-23,0.7828478360292724,-0.20918142788875688,-0.125702245145344,-0.20179995212683816,-0.47997334675674685
2025-12-24,0.2156508915205969,0.4429256270790917,-0.0649008714871794,-0.23608731716805967,0.4271600410735593
2025-12-26,2.533625697314628,-1.2056688805395241,0.10356832172063385,-2.1407531536247704,-1.1687539445788897
2025-12-29,1.6902357367776677,2.0836457032511992,0.37489879725886366,-0.7684447506715931,-0.7376131567987365
2025-12-30,1.5657420946395344,-0.5931374765498986,-0.4935324159251515,0.09182942437624127,0.42477248248173594
2025-12-31,0.892444271453073,-0.20552845966010438,-0.179612523386611,-0.22157754727451856,0.09160972939420294
2026-01-02,1.6855471019617567,1.2305493211122498,1.4010469135549244,0.9316846938963405,-0.45528596146082334
2026-01-05,1.0011391330634585,-0.2688616617051924,-0.45026457758462063,0.6328575878960467,-0.42979626750178024
2026-01-06,0.6907712596759907,0.06010382228444409,-1.4957399987810447,-0.8580786567897557,-2.0956337472661875
2026-01-07,-1.0998028920272958,-0.7091886503364401,0.527303088309055,-1.2565869371190177,0.5179291279940789
2026-01-08,0.6608414980101396,2.1413427912425127,-0.26333201854489086,0.6596186206394362,0.8346174221141297
2026-01-09,1.335036276946984,-0.7072825177759741,1.6324672719035789,0.8621883073708771,-0.2528360117084366
2026-01-12,1.9281695341554632,0.21919405833694983,0.9929695504310675,-0.5890235448004082,-0.5403800854811353
2026-01-13,2.096972803235544,0.6224505821973298,-0.5688021987676692,0.5855148480875106,-1.0711887156538196
2026-01-14,0.4407489304950489,0.34404768809484315,0.08633201949697554,-0.667558691258831,0.4565498683789023
2026-01-15,0.8230504344562792,1.0741003421815596,0.36074998482860804,0.8303332741199422,-0.2613245634809698
2026-01-16,1.8029335730599558,1.6527689291014653,0.5420266779730312,0.037983728894867286,1.277377636743045
2026-01-20,-0.12125950948613988,-0.3685936369017619,0.9151575845907571,-3.648367111433898,1.4551399099806173
2026-01-21,-0.7662350444308688,-0.9182694688094165,1.4595337405654634,1.6319918557879525,-0.45883060693999883
2026-01-22,-0.9173453741802556,0.12051118973828333,-1.1552511143892163,-0.037950671242948375,0.009988567991080503
2026-01-23,1.525171262266456,-0.9620837096940688,-0.883177326709228,0.06338323937062333,0.20256182998936048
2026-01-26,1.1131403898306662,0.37397998887319756,-0.4979071086559343,0.8332407328079657,0.12714066965609538
2026-01-27,1.3857000139237063,-1.2292946667498181,0.8440356098925235,0.37443278981078465,0.40579857411043796
2026-01-28,0.48099935751252865,0.15638566409616417,2.0930198643885647,0.0015682241563415027,0.034872106324562835
2026-01-29,0.8054657590858033,-0.19018604098616368,0.2994400836935485,-0.21146203649948236,0.12315711552059998
2026-01-30,-2.1100163334668327,-1.135906963182392,0.6132363672890362,-0.776500540152572,-0.26268220602125175
2026-02-02,-0.9745255389888022,-1.352865711064411,2.6310098685021956,0.7768380451656987,-0.25318107099231413
2026-02-03,0.5260568360299287,1.747894700011489,-0.20711132077781688,1.4003963062223743,-0.43846667884887514
2026-02-04,-0.13656891157776588,-0.15069302377463967,-0.45647991646989383,-1.2536557077877784,0.2899952398544803
2026-02-05,-0.20643874243664048,0.715310837923641,-1.5354550293553968,-1.438086006412198,-0.5216444780581924
2026-02-06,2.260732112125347,0.4670719586733119,-0.540616303075727,0.19943393235890325,-1.0297222271360622
2026-02-09,0.40748544464774084,1.4244429179562408,-0.642703073332991,-1.7795018353122891,0.7958808015154166
2026-02-10,-0.775897337447431,-0.07662393700102192,-0.7080836544480466,0.4951861190203087,1.2815369842080846
2026-02-11,0.10539061968690706,0.06505100868030271,-0.6449928075226848,-0.5505812767855788,0.10009252520848902
2026-02-12,-0.42207565716264983,-0.08784458759969516,0.007773283016269961,0.20607341711016056,-0.06156321887393752
2026-02-13,-0.4732207325883569,0.9014846751816583,0.05072474640620493,0.4405845378152143,-0.6179748344963123
2026-02-17,-2.1577977190662434,0.7573999672374407,-6.346923085823291,0.6352363025546734,-1.186740960460119
2026-02-18,1.2803022262182098,-0.2967635814748686,6.37329419085432,2.048772139303379,-0.3016248133152506
2026-02-19,-0.6170851361854451,-1.1461311550146365,-0.39879194222208236,-1.113929909225628,0.7059330604866502
2026-02-20,0.5231397387368477,-0.5934526892299518,-0.6456907907928165,0.17903818220815432,-1.0498363961017778
2026-02-23,-0.48741752686116063,1.6724523577066823,0.0630160715971698,0.550790700382834,-0.6111327973242615
2026-02-24,-0.24695827606302945,0.6784274523328697,0.27971202240452386,0.8116712187030691,0.11841475656216871
2026-02-25,0.07046571911758413,-0.1109813856334626,0.05572047356741802,-0.2841792429470781,-0.06897532551011812
2026-02-26,0.20654173814668564,0.36201357964842606,-0.1831862830349876,0.5299497650617688,-0.3663902524035386
2026-02-27,0.7071124164243416,0.04042403780834098,2.6635249990388155,0.982178002980552,0.5813682491896637
2026-03-02,-0.2344722476454519,-0.5223078956821608,-3.4636183685776443,-0.15210118185960053,0.6881341401931302
2026-03-03,-1.509985893958471,0.18115454888577304,0.7795129053251106,-1.3363584316787567,-0.746894834967513
2026-03-04,0.16209134067417325,0.026229345454140667,-0.0029644094330227187,-0.18859117795758573,0.04177354243832486
2026-03-05,-1.2188255993327726,0.34756716720576236,-0.10668713147718872,1.228247481073065,0.08828828834243152
2026-03-06,-0.1825639234073727,0.21282717924123512,0.15980578221842018,-0.3583652464155847,-0.027060415702746383
2026-03-09,-0.3617675434991675,-0.8869902204547084,3.0876723731248243,1.9930350238243668,-0.5084472039995448
2026-03-10,0.24767231612232282,-1.5146005509668654,0.33041065848911305,-1.9867146849835486,0.4572157832196013
2026-03-11,0.054208628059899025,0.2523864107108136,-2.9840184601953053,-1.3867412222496824,-0.00614993148815268
2026-03-12,-1.3542468339917497,-1.9909844928984206,0.44124234649723865,-1.0979050545634392,0.18701059507177845
2026-03-13,1.0127080361562166,0.8786230802418723,-0.16299117069832825,-0.07907790928030767,0.00604285404630552
2026-03-16,-0.36166939456494834,0.8209618964851667,-0.7583659952034814,1.124652903889938,0.005654131460298461
2026-03-17,0.016262544599114515,-0.141670613541103,-0.4314052621705213,-0.11551602336770714,-0.6880407130926156
2026-03-18,-0.09121019330952301,1.4631214606823062,-0.09451287066729815,0.7790787279708535,-0.5485748203741043
2026-03-19,-3.178303132910957,1.8691117416733878,1.1150503359811692,0.4025872257081236,0.40950459460603217
2026-03-20,-0.5488625832634695,-1.8052050898717122,0.27813466507629475,-1.0941716714145309,0.11244214684295752
2026-03-23,0.2360243819602615,-1.079244255043375,-0.5861982681634479,-0.3248164910387884,1.0959862068966866
2026-03-24,1.3685347235449354,-0.45380025986463624,0.019409147903709328,-1.0144020828760347,-0.09664834426076659
2026-03-25,1.0149306292118603,-0.22418128415700211,-0.3181576500606061,0.19665181214580757,0.07381082660477077
2026-03-26,0.00921535810369447,-0.21866816407740292,0.10074367016546346,-0.4277068207231312,0.22718476374972607
2026-03-27,-1.080843359301449,-0.22883210703595372,0.09428783930194676,0.30616380903775037,-0.43716193988408947
2026-03-30,0.32783797958548005,-0.3207338414347881,0.351616161171231,-1.4150501548808414,-1.1390068504259234
2026-03-31,0.7678770384911682,1.1504180778858077,-0.9926738875714447,2.450038580734333,3.297453918938736
2026-04-01,0.6666325652114073,-0.14227807524484465,0.13002062093673733,-0.9928021975792352,-1.2409658974250408
2026-04-02,-0.08378863429116742,-0.02529375002576565,-0.003602102543369362,-0.011589532450395675,-0.008143028525351441
2026-04-06,1.4874192073093035,-0.8672335045588085,0.49434540473641214,-3.280800062230556,0.7905024575437053
2026-04-07,-0.5641354549888473,0.17989449389904688,0.024286512006732566,0.15441248646152692,0.6938082781721274
2026-04-08,0.821820732430572,0.8998807537700692,-0.4272237175418152,0.9668580663465571,-0.31172394044899443
2026-04-09,0.15990519147269572,1.455816385488028,-0.20590556388931336,0.9702861962494536,-0.6621828594870511
2026-04-10,-0.4060018956525663,0.8812549028188656,-0.12181970612519356,0.7776023489655248,0.4995168246650068
2026-04-13,-0.5704215365714382,-1.7494937973692408,0.292947266961464,-1.1872797327673719,0.5008460060194934
2026-04-14,0.5661316599688204,0.8519474949959682,-0.06126088090420007,0.0057242778221081,-0.052575834347359726
2026-04-15,-3.2886775554606804,-0.9496848061692036,1.3094958677110913,1.90633520924709,0.3552011008485783
