,price,rsi,macd,signal,hist,sma,upper,lower,bandwidth,pct_b,cross,position,ret_daily,ret_strat,equity_strat,equity_bh
2019-01-02,275.09450054429647,,0.0,0.0,0.0,,,,,,0,0,,,100.0,100.0
2019-01-03,278.26681958644264,,0.2530624876925458,0.05061249753850916,0.20244999015403664,,,,,,1,1,0.011531742858797545,0.0,100.0,101.15317428587976
2019-01-04,277.779713946531,,0.4095894855477127,0.12240789514034987,0.2871815904073628,,,,,,0,1,-0.001750498462718575,-0.001750498462718575,99.82495015372814,100.97610580979321
2019-01-07,277.6569071802034,,0.5177603602223826,0.20147838815675645,0.31628197206562614,,,,,,0,1,-0.0004421012772416466,-0.0004421012772416466,99.7808174157646,100.93146414444382
2019-01-08,279.2564271986376,,0.7242062565495075,0.30602396183530667,0.4181822947142009,,,,,,0,1,0.005760778777947229,0.005760778777947229,100.35563263117957,101.51290798111428
2019-01-09,282.117133998117,,1.1059030851796479,0.46599978650417495,0.6399032986754729,,,,,,0,1,0.010244014177853034,0.010244014177853034,101.38367715468077,102.55280764970792
2019-01-10,274.4127252688947,,0.7777537151350202,0.5283505722303441,0.24940314290467613,,,,,,0,1,-0.027309254918468584,-0.027309254918468584,98.61496447069187,99.75216688299736
2019-01-11,267.58930911796557,,-0.032524757368776136,0.4161755063105201,-0.4487002636792962,,,,,,-1,0,-0.024865523799025402,-0.024865523799025402,96.16285172470585,97.27177700336384
2019-01-14,269.93576401153297,,-0.47980607899040706,0.23697918925033468,-0.7167852682407417,,,,,,0,0,0.008768866369519124,0.0,96.16285172470585,98.12474021743199
2019-01-15,270.348420936649,,-0.7918537861890513,0.031212594162457474,-0.8230663803515088,,,,,,0,0,0.001528722681957806,0.0,96.16285172470585,98.2747457334636
2019-01-16,272.27325717026633,,-0.8737634437206339,-0.1497826134141608,-0.7239808303064731,,,,,,0,0,0.007119835310850142,0.0,96.16285172470585,98.97444573830153
2019-01-17,276.4209842012999,,-0.5971074470749613,-0.23924758014632092,-0.3578598669286404,,,,,,0,0,0.015233692335930638,0.0,96.16285172470585,100.48219199379808
2019-01-18,271.12376339335464,,-0.796119850939931,-0.3506220343050429,-0.4454978166348881,,,,,,0,0,-0.019163598679931115,-0.0,96.16285172470585,98.55659159194914
2019-01-21,270.1286844629805,,-1.022348174898866,-0.48496726242380755,-0.5373809124750586,,,,,,0,0,-0.0036702018219274546,-0.0,96.16285172470585,98.19486900992543
2019-01-22,272.63495837487284,47.02908931387028,-0.9880112143749784,-0.5855760528140418,-0.4024351615609366,,,,,,0,0,0.009278073955288457,0.0,96.16285172470585,99.10592826662938
2019-01-23,275.15900667622645,51.94782322224776,-0.7485010678237813,-0.6181610558159898,-0.13034001200779155,,,,,,0,0,0.009257977467009404,0.0,96.16285172470585,100.02344871736888
2019-01-24,274.13974763829447,49.931491327534665,-0.6336291546876396,-0.6212546755903198,-0.012374479097319813,,,,,,0,0,-0.003704254678936758,-0.0,96.16285172470585,99.65293638945417
2019-01-25,273.779357080196,49.20426279169785,-0.5651580518260175,-0.6100353508374593,0.044877299011441774,,,,,,1,1,-0.001314623513019253,-0.0,96.16285172470585,99.52193029613518
2019-01-28,275.5125215906713,52.76707004283455,-0.36681391567913124,-0.5613910638057937,0.1945771481266625,,,,,,0,1,0.006330515671302495,0.006330515671302495,96.77161216454623,100.15195543551314
2019-01-29,273.8263080182664,49.154735997695326,-0.34174863626100205,-0.5174625782968354,0.17571394203583335,274.3728155197849,281.5783055263687,267.16732551320115,0.05252335216179015,0.4620770064895531,0,1,-0.006120279262334716,-0.006120279262334716,96.17934287343286,99.5389974995789
2019-01-30,274.4567840598505,50.518711636378534,-0.2679216403938085,-0.46755439071623006,0.19963275032242156,274.3409296955627,281.5386127575887,267.1432466335367,0.05247254261340652,0.5080480317964443,0,1,0.0023024670132940628,0.0023024670132940628,96.40079263775924,99.76818275785804
2019-01-31,277.1710917008277,55.992163357092586,0.009499226764091873,-0.3721436672201657,0.38164289398425755,274.2861433012819,281.3738453489328,267.1984412536311,0.051681079928748444,0.7035178948092166,0,1,0.009889745120620796,0.009889745120620796,97.35417190637249,100.75486465648076
2019-02-01,273.00423964511896,47.335661298497,-0.105654949869745,-0.3188459237500816,0.2131909738803366,274.04736958621135,280.95909425318837,267.1356449192343,0.05044182454597648,0.42453909904164183,0,1,-0.015033501618582634,-0.015033501618582634,95.89059780544227,99.24016623558748
2019-02-04,267.9017270908432,39.31923302587529,-0.6017094521334343,-0.37541862942675214,-0.22629082270668216,273.5596105817433,280.7692340919093,266.3499870715773,0.052709707363848425,0.10761588431614262,-1,0,-0.01869023192060515,-0.01869023192060515,94.09838029345308,97.38534451280493
2019-02-05,271.98166370053605,47.042079517370325,-0.6580340254741373,-0.43194170863622916,-0.2260923168379081,273.19587240683825,279.91252532638447,266.479219487292,0.04917096924176003,0.40961207011540546,0,0,0.015229228471189904,0.0,94.09838029345308,98.86844817413598
2019-02-06,268.9726690002448,42.72345543281604,-0.9346977667133274,-0.5324929202516488,-0.40220484646167853,272.53864915694464,278.04264705755725,267.03465125633204,0.040390586198605985,0.1760554581331759,0,0,-0.011063226319566355,-0.0,94.09838029345308,97.7746441561212
2019-02-07,268.02599310033753,41.434650607172,-1.2163235871444158,-0.6692590536302023,-0.5470645335142135,272.21931254851677,277.9996576893586,266.4389674076749,0.04246829577759401,0.13727776231295108,0,0,-0.0035195988626874897,-0.0,94.09838029345308,97.43051662974963
2019-02-08,265.17911461613005,37.746955521684534,-1.6502107775369836,-0.8654493984115585,-0.7847613791254251,272.098802823425,278.3656051731991,265.83200047365085,0.04606269696703443,-0.0520908288693939,0,0,-0.010621650726023946,-0.0,94.09838029345308,96.39564371205236
2019-02-11,264.3091092880548,36.67278583761631,-2.04074719757665,-1.1005089582445768,-0.940238239332073,271.8174700872511,278.9399102639744,264.69502991052775,0.05240605156421394,-0.027091882339297806,0,0,-0.0032808214528307067,-0.0,94.09838029345308,96.07938681620243
2019-02-12,265.6542518686859,39.53766915738627,-2.2161618256761813,-1.3236395317308978,-0.8925222939452835,271.58276163385295,279.2011448589087,263.9643784087972,0.05610358462535149,0.1109076171392213,0,0,0.00508927817226712,0.0,94.09838029345308,96.56836154233093
2019-02-13,267.2653599871858,42.87125967790938,-2.1998180880883638,-1.498875243002391,-0.7009428450859727,271.3323667746989,279.1809079768805,263.48382557251733,0.05785186113604085,0.24090683333721438,0,0,0.006064680339828543,0.0,94.09838029345308,97.15401778602617
2019-02-14,269.1311754859477,46.546867933608844,-2.0131040306685577,-1.6017210005356244,-0.4113830301329333,270.9678763389313,278.4917645481958,263.4439881296668,0.05553343304690102,0.37794204260491365,0,0,0.006981134775009501,0.0,94.09838029345308,97.8322630781241
2019-02-15,265.8097054337839,41.43595742592002,-2.10883730573255,-1.7031442615750096,-0.40569304415754015,270.7021734409527,278.5703332765681,262.83401360533736,0.05813148624262237,0.18909706275773805,0,0,-0.012341454111239658,-0.0,94.09838029345308,96.6248706927467
2019-02-18,264.6174603271105,39.74881446516861,-2.2549175462069684,-1.8134989185014014,-0.44141862770556695,270.4266122341593,278.75208204154933,262.10114242676923,0.061572858814509884,0.1511216759267858,0,0,-0.004485333237654876,-0.0,94.09838029345308,96.19147594864442
2019-02-19,263.35157843959905,37.98054666669991,-2.444652841921993,-1.9397297031855198,-0.5049231387364732,269.9624432373956,278.78954419865426,261.1353422761369,0.06539502943745723,0.1255359020582754,0,0,-0.004783818444733856,-0.0,94.09838029345308,95.73131339177512
2019-02-20,263.22739597883566,37.802882219001795,-2.5753528529057235,-2.0668543331295606,-0.5084985197761629,269.365862702526,278.32597962335313,260.40574578169884,0.06652748667504499,0.1574561036462647,0,0,-0.00047154629373857837,-0.0,94.09838029345308,95.6861716457505
2019-02-21,265.0923864946937,42.17747302329952,-2.4996302237458963,-2.153409511252828,-0.3462207124930683,268.913494645346,277.77176389178646,260.0552253989056,0.06588192428292293,0.28431971052427796,0,0,0.007085092753825739,0.0,94.09838029345308,96.36411704711914
2019-02-22,266.014592450574,44.26499565970156,-2.338251275943662,-2.190377864190995,-0.14787341175266722,268.5252564138649,277.1634808283204,259.8870319994094,0.06433826396681172,0.3546770816066411,0,0,0.003478809663584048,0.0,94.09838029345308,96.69934946872539
2019-02-25,265.889612066673,44.032983443184996,-2.1951379853449,-2.1913298884217762,-0.0038080969231235606,268.0441109376649,276.09571557672024,259.9925062986096,0.0600767135744143,0.36620686387522994,0,0,-0.0004698252932279212,-0.0,94.09838029345308,96.6539176685063
2019-02-26,266.301119165274,45.05417054616057,-2.025169593274029,-2.158097829392227,0.13292823611819804,267.6678514950153,275.27266155013194,260.0630414398987,0.05682273767761936,0.41014027175985823,1,1,0.0015476614351439544,0.0,94.09838029345308,96.80350520943742
2019-02-27,268.05849301031583,49.3080363948826,-1.728735251810349,-2.0722253138758515,0.3434900620655026,267.3479369425386,274.2567183094396,260.4391555756376,0.05168382031229894,0.5514241246062165,0,1,0.0065991981203472605,0.0065991981203472605,94.71935414781335,97.44233071905856
2019-02-28,268.2117298386301,49.673905688853466,-1.4645614167603753,-1.9506925344527564,0.48613111769238104,266.8999688494287,272.0699580665086,261.72997963234883,0.038741025256518714,0.6268630295076609,0,1,0.0005716544422578185,0.0005716544422578185,94.77350088737974,97.49803406027807
2019-03-01,269.2675620652378,52.23213304697843,-1.1566715231683133,-1.7918883321958679,0.6352168090275545,266.7131349704347,271.1760106805584,262.25025926031094,0.03346573621594191,0.7861862239417284,0,1,0.003936562458483728,0.003936562458483728,95.14658269303207,97.88184116093574
2019-03-04,268.6183246018876,50.53115586991483,-0.9540568284199367,-1.6243220314406817,0.670265203020745,266.7489648459869,271.2632300440479,262.23469964792594,0.03384654332711187,0.7070502810406046,0,1,-0.002411123933275472,-0.002411123933275472,94.91717249033152,97.64583591107953
2019-03-05,268.82269118771023,51.07130706302213,-0.7681379316321113,-1.4530852114789676,0.6849472798468563,266.59101622034564,270.51713797338795,262.6648944673033,0.029454269005053418,0.7842085788138506,0,1,0.0007608065686715015,0.0007608065686715015,94.98938609864189,97.72012550444411
2019-03-06,268.43962624225895,49.96992132754697,-0.6442791570722193,-1.291324000597618,0.6470448435253988,266.56436408244633,270.4291697741279,262.69955839076476,0.028997167006811254,0.7426075603035943,0,1,-0.0014249725116537437,-0.0014249725116537437,94.85402883455247,97.58087701176493
2019-03-07,269.92799249896643,54.11082223886577,-0.421166522257181,-1.1172925049295308,0.6961259826723498,266.65946405237776,270.76199705853816,262.55693104621736,0.030769828633230675,0.8983549238580926,0,1,0.005544510240691025,0.005544510240691025,95.37994796879644,98.12191518365226
2019-03-08,270.18739376735584,54.81280428680227,-0.22087057872994365,-0.9380081196896134,0.7171375409596698,266.909878009939,271.2371939808898,262.5825620389882,0.03242529653240975,0.8787007673369301,0,1,0.000961001732306066,0.000961001732306066,95.47160826402171,98.21621051412095
2019-03-11,268.19673556387556,48.660955546457515,-0.22022545882265376,-0.7944515875162215,0.5742261286935677,267.1042593237301,271.28650813206747,262.92201051539274,0.03131547822506627,0.6306087095975249,0,1,-0.007367694605301733,-0.007367694605301733,94.7682026108554,97.49258346976288
2019-03-12,265.6766139348137,42.203240042449785,-0.4182456747882384,-0.7192104049706249,0.30096473018238656,267.10537742703644,271.2860056581997,262.9247491958732,0.03130321277268381,0.32912095823631915,0,1,-0.009396541027106076,-0.009396541027106076,93.8777093069574,96.57649040935068
2019-03-13,264.79610155046,40.196086053032005,-0.6388636903246834,-0.7031410620414367,0.0642773717167533,266.98191450520017,271.28665235350337,262.67717665689696,0.03224741163671114,0.24611543934065971,0,1,-0.003314226161320155,-0.003314226161320155,93.56657734680748,96.25641407826753
2019-03-14,265.2156588699237,41.62081882760423,-0.7709631050433359,-0.7167054706418166,-0.05425763440151932,266.78613867439896,271.03509942447914,262.53717792431877,0.03185293487279608,0.31519247919086674,-1,0,0.0015844542914607018,0.0015844542914607018,93.71482931182192,96.40892796663447
2019-03-15,268.382302435525,51.091490822434906,-0.6130641500308229,-0.6959772065196179,0.08291305648879499,266.914768524486,271.19491423098185,262.6346228179902,0.032071254282081296,0.6714350411963481,1,1,0.011939881600861346,0.0,93.71482931182192,97.56003915182204
2019-03-18,270.22263479401624,55.59957189101458,-0.3355605167934641,-0.6238938685743871,0.288333351780923,267.1950272478313,271.57468788813594,262.8153666075267,0.032782501122240994,0.8456440800826914,0,1,0.006857130078214979,0.006857130078214979,94.3574440866708,98.22902103072182
2019-03-19,269.06216233579283,52.32439496025969,-0.2068923903627251,-0.5404935729320548,0.3336011825693297,267.48055644264105,271.537917162786,263.4231957224961,0.03033761237905184,0.6949057530550645,0,1,-0.004294505007354399,-0.004294505007354399,93.95222557055942,97.80717600803787
2019-03-20,271.1095623418039,57.123250917506695,0.059599075444111804,-0.4204750432568215,0.4800741187009333,267.8746647607894,271.7181614861587,264.03116803542014,0.02869623171569061,0.9208274147421935,0,1,0.007609394008570636,0.007609394008570636,94.66714507290791,98.55142934714866
2019-03-21,274.27484166564267,63.277411341640736,0.5202104083859922,-0.2323379529282588,0.752548361314251,268.33378751933685,272.90312552356613,263.7644495151076,0.03405712002555773,1.150100095550702,0,1,0.011675277317766186,0.011675277317766186,95.77241024451531,99.70204461483885
2019-03-22,274.4733377360529,63.62995697046069,0.8909943539613892,-0.007671491550329201,0.8986658455117184,268.7567247836108,273.94603422030997,263.5674153469117,0.03861715044248522,1.0508067135112227,0,1,0.0007237122778187555,0.0007237122778187555,95.84172191368556,99.77420020865026
2019-03-25,276.25054066990697,66.71135600555415,1.313111988620335,0.2564852044838037,1.0566267841365313,269.2747712137725,275.2656753397505,263.28386708779453,0.044496586880186435,1.082196719347074,0,1,0.006474956542274812,0.006474956542274812,96.46229289801347,100.42023381904148
2019-03-26,273.5355911338996,58.55036073875102,1.4122895230036079,0.4876460681877645,0.9246434548158433,269.6364948122038,275.74390237359756,263.52908725081005,0.045301045510530304,0.8192104245951094,0,1,-0.009827852388718084,-0.009827852388718084,95.5142757223345,99.43331858422738
2019-03-27,278.703062757778,66.86022508445359,1.8861182105591183,0.7673404966620353,1.118777713897083,270.1687232995769,277.44122739585237,262.8962192033015,0.053836758063303396,1.0867538433269421,0,1,0.01889140496290631,0.01889140496290631,97.31867458474382,101.3117536724077
2019-03-28,275.6495206734512,59.29531064514408,1.9922698854149417,1.0123263744126167,0.9799435110023249,270.54061284131797,278.1448710668994,262.93635461573655,0.05621528055044065,0.8359241414860432,0,1,-0.010956255930996583,-0.010956255930996583,96.25242627912799,100.20175617035471
2019-03-29,276.5831584551513,60.75733260928195,2.1272114493217487,1.2353033893944432,0.8919080599273055,270.9063926608136,278.94424170152564,262.86854362010155,0.059340416161945485,0.8531271715594964,0,1,0.003387046635956681,0.003387046635956681,96.57843773575938,100.54114419150847
2019-04-01,273.7706895974077,54.416660100114235,1.9843366808324276,1.3851100476820402,0.5992266331503875,271.16401091058964,279.2233295438295,263.1046922773498,0.05944239138649736,0.6617183043283,0,1,-0.010168619352865171,-0.010168619352865171,95.59636836473005,99.51877956692347
2019-04-02,275.25731784785216,56.97276906668717,1.968375663608981,1.5017631708674284,0.4666124927415527,271.48574224359675,279.66438056260597,263.3071039245875,0.06025096015297006,0.7305747886839135,0,1,0.005430195075413868,0.005430195075413868,96.11547529345165,100.05918595363899
2019-04-03,276.9473738396402,59.73693105662795,2.068258243036837,1.61506218530131,0.45319605773552696,271.9111296234658,280.3048566184594,263.5174026284722,0.06173875270656969,0.8000004776887698,0,1,0.00613991302757011,0.00613991302757011,96.70561595235702,100.6735406530038
2019-04-04,271.42628015714274,48.724645014454346,1.6825148050327812,1.6285527092476044,0.053962095785176745,271.98604400637464,280.33185422494535,263.64023378780394,0.06136940039743437,0.4664643794567519,0,1,-0.019935533621251444,-0.019935533621251444,94.77773789417498,98.66655989854543
2019-04-05,271.53599232792766,48.92613232432031,1.3698721728696341,1.5768166019720105,-0.20694442910237631,272.0534739344032,280.35979457021034,263.74715329859606,0.06106388215288835,0.46885013057136476,-1,0,0.000404206146587649,0.000404206146587649,94.81604763839148,98.70644152851908
2019-04-08,270.83037880743615,47.62980523248486,1.053024904749691,1.4720582625275467,-0.4190333577778558,272.18515609658124,280.3156807626602,264.0546314305023,0.05974260156342937,0.41668574017139964,0,0,-0.0025986003344976583,-0.0,94.81604763839148,98.44994293654598
2019-04-09,271.84570311819084,49.695212062731564,0.87377699121447,1.3524020082649313,-0.47862501705046134,272.4936105557501,280.0309145981022,264.956306513398,0.05532095983446945,0.4570199481194702,0,0,0.0037489306599411965,0.0,94.81604763839148,98.81902494609027
2019-04-10,268.91693392361776,44.271343376322406,0.48974900934814514,1.179871408481574,-0.6901223991334289,272.699652174408,279.5444570572448,265.8548472915712,0.05020031986296138,0.2236796142812384,0,0,-0.010773645347264216,-0.0,94.81604763839148,97.75438381775862
2019-04-11,274.6854628731483,54.74749656601788,0.6434587516165493,1.0725888771085692,-0.4291301254920199,273.17314237456924,279.0846540684229,267.2616306807156,0.04328032867702565,0.6279131782951113,0,0,0.021450969507071038,0.0,94.81604763839148,99.85131012421589
2019-04-12,274.17896503880957,53.79133174264177,0.7161493634566796,1.0013009743781913,-0.28515161092151176,273.46297550473344,278.93775647991976,267.9881945295471,0.04004038181096699,0.5653897879496232,0,0,-0.0018439193288238842,-0.0,94.81604763839148,99.66719236346945
2019-04-15,273.7877677620222,53.02110221731115,0.7337328308416886,0.9477873456708908,-0.21405451482920224,273.6412321531337,278.89966899079866,268.3827953154688,0.0384330738192425,0.5139333810990069,0,0,-0.001426795366055833,-0.0,94.81604763839148,99.52498767525746
2019-04-16,272.3828112945513,50.23883308426872,0.6270711246261271,0.8836441014619382,-0.25657297683581104,273.80726460107167,278.650217323153,268.9643118789903,0.035374903066486385,0.3529354519583054,0,0,-0.0051315530966018486,-0.0,94.81604763839148,99.01426991656325
2019-04-17,274.73835611256794,54.545492518518046,0.724264860229141,0.8517682532153789,-0.1275033929862378,273.98870428960987,278.67549051397083,269.3019180652489,0.034211528803807616,0.5799750390855822,0,0,0.00864792020767191,0.0,94.81604763839148,99.87053742222257
2019-04-18,279.19030079204026,61.35327593282799,1.1473009538905785,0.9108747933504189,0.23642616054015964,274.2344772459297,279.4680727482901,269.0008817435693,0.03816876386164227,0.9734626074823143,1,1,0.01620430704494802,0.0,94.81604763839148,101.48887027535625
2019-04-19,274.43555284069305,52.337481183728386,1.086368701194317,0.9459735749191986,0.1403951262751184,274.23258800116173,279.4658477202883,268.99932828203515,0.03816657792037764,0.5193918179513928,0,1,-0.017030491166270423,-0.017030491166270423,93.20128377666518,99.76046496665703
2019-04-22,272.6229705865131,49.35969420098681,0.8816560305012331,0.9331100660356056,-0.051454035534372555,274.05120949699204,279.24126185713664,268.86115713684745,0.037876514901508264,0.36240611737882567,-1,0,-0.006604764708573185,-0.006604764708573185,92.58571122678335,99.1015705683344
2019-04-23,275.00185054821236,53.12886459348911,0.9009894503443547,0.9266859428973555,-0.02569649255300077,274.12452246770766,279.32532031962387,268.92372461579146,0.03794478367055884,0.5843455278867885,0,0,0.00872589700193438,0.0,92.58571122678335,99.96632066584361
2019-04-24,276.48810295828525,55.36417453342485,1.0244304763772334,0.9462348495933312,0.07819562678390224,274.0137744777331,278.8881456082446,269.13940334722156,0.035577562768893733,0.7538100212624266,1,1,0.005404517850007506,0.0,92.58571122678335,100.50659043028173
2019-04-25,274.823681147359,52.35304307817476,0.9766947201025573,0.9523268236951764,0.024367896407380907,273.97248250142843,278.8022973341193,269.14266766873754,0.03525766375216682,0.5881191800738619,0,1,-0.006019867737952378,-0.006019867737952378,92.02835749077384,99.90155404909889
2019-04-26,275.54881971411083,53.53863475761728,0.9860102984874857,0.9590635186536384,0.0269467798338473,273.92076556437644,278.65406297965546,269.1874681490974,0.034559610006395174,0.6719788560591035,0,1,0.0026385592526976254,0.0026385592526976254,92.27117976494169,100.16515021889403
2019-04-29,277.56368517288286,56.758312043745754,1.142802252070112,0.9958112653369331,0.1469909867331789,274.1104153431502,279.1145924553439,269.1062382309565,0.03651212673498109,0.8450387298760946,0,1,0.007312190489012105,0.007312190489012105,92.94588420802883,100.8975768776551
2019-04-30,275.4247901928716,52.59185455378404,1.0819974622884843,1.0130485047272435,0.06894895756124075,274.11878896040116,279.1315996910127,269.1059782297896,0.0365740031876157,0.6302663617933107,0,1,-0.007705961169520381,-0.007705961169520381,92.22964683345502,100.12006406813721
2019-05-01,276.94708113213795,55.11714228787083,1.1434642408080435,1.0391316519434035,0.10433258886464003,274.11877432502604,279.1315502853477,269.10599836470436,0.03657375145255804,0.7821098358972359,0,1,0.005527065803337061,0.005527065803337061,92.73940616052207,100.67343425047612
2019-05-02,279.56752478032064,59.15083602699654,1.3876292814882731,1.1088311778523774,0.27879810363589574,274.5258365561849,279.92531015458354,269.1263629577863,0.03933672448562825,0.9668684948872595,0,1,0.009461892999451438,0.009461892999451438,93.61689649844558,101.62599551324143
2019-05-03,279.97765620777903,59.76038574846091,1.595830275875585,1.206230997457019,0.389599278418566,274.94791975017745,280.67326656045555,269.22257293989935,0.041646773072371294,0.9392516841575643,0,1,0.0014670209917289068,0.0014670209917289068,93.75423445078933,101.77508298196469
2019-05-06,279.01426195910227,57.58661761263722,1.663912650206214,1.297767328006858,0.366145322199356,275.3571139077608,281.0127637115223,269.70146410399923,0.04107865399588754,0.8233181135887463,0,1,-0.003440968331993588,-0.003440968331993588,93.43162909905385,101.42487814443773
2019-05-07,280.3519843497377,59.77461436421835,1.805004471510756,1.3992147567076376,0.40578971480311843,275.78242796933813,281.60319232171014,269.9616636169661,0.0422127283107332,0.8925220214882446,0,1,0.004794458825303716,0.004794458825303716,93.8795831977503,101.91115554656267
2019-05-08,279.48286454710285,57.69223680604887,1.8256451509948874,1.4845008355650877,0.3411443154297997,276.3107245005124,281.37686476692284,271.2445842341019,0.036669877910591654,0.813072662794436,0,1,-0.003100102197067356,-0.003100102197067356,93.5885468956192,101.5952205493471
2019-05-09,284.35376014322793,65.04241646895693,2.20957302263497,1.6295152729790643,0.5800577496559058,276.79413936401636,282.9378154465289,270.65046328150385,0.044391663036137244,1.1152359497540432,0,1,0.017428244139469085,0.017428244139469085,95.2196309395742,103.36584685648434
2019-05-10,280.44376562518397,56.54946909655235,2.1732824987182653,1.7382687181269045,0.43501378059136075,277.10737939333507,283.3279875690194,270.88677121765073,0.044896734177941926,0.7681720289738284,0,1,-0.013750458288557588,-0.013750458288557588,93.91031737608773,101.94451909082281
2019-05-13,281.7182747944136,58.45380904133068,2.2217532470557444,1.8349656239126726,0.3867876231430718,277.50390474495464,283.84345025058843,271.16435923932085,0.045689775150805724,0.8323873963609674,0,1,0.004544615803415697,0.004544615803415697,94.33710368853889,102.40781776335457
2019-05-14,284.92897614146597,62.868801685993326,2.490534103243931,1.9660793197789244,0.5244547834650066,278.13121298730044,284.8109151754734,271.4515107991275,0.048032740492725184,1.0088372926417006,0,1,0.011396851515562467,0.011396851515562467,95.41224965168539,103.57494445643628
2019-05-15,283.64950273388723,60.12670832461325,2.5706689853709577,2.0869972528973313,0.4836717324736264,278.57677031836636,285.4883489868766,271.6651916498561,0.04962063893993358,0.8669734990236526,0,1,-0.004490499439212869,-0.004490499439212869,94.98380099813045,103.10984122643816
2019-05-16,281.100702483091,54.9820427767318,2.400834254946915,2.149764653307248,0.25106960163966674,278.672290402919,285.67181596174646,271.6727648440915,0.05023481558720607,0.6734697630405426,0,1,-0.00898573847734685,-0.00898573847734685,94.1303014027769,102.18332315873664
2019-05-17,278.14771874019885,49.67847733258535,2.004847267233515,2.1207811760925015,-0.11593390885898636,278.85789869789426,285.57558426747937,272.14021312830914,0.04817999132140661,0.4471410242159293,-1,0,-0.010505074220046873,-0.010505074220046873,93.14145560018534,101.10987976490307
2019-05-20,275.75655814108245,45.82394323019364,1.4810059354233545,1.992826127958672,-0.5118201925353176,279.01457807562264,285.24874012800933,272.78041602323594,0.04468699876102545,0.23869624280195903,0,0,-0.008596729140711856,-0.0,93.14145560018534,100.24066551511426
2019-05-21,274.42579382718844,43.78768575033205,0.9475535400429749,1.7837716103755328,-0.8362180703325579,278.98577523957147,285.3027707771816,272.66877970196134,0.04528543100224789,0.13907039468099916,0,0,-0.004825866419514768,-0.0,93.14145560018534,99.75691745353505
2019-05-22,274.75789038632865,44.4510680213255,0.5453002088923995,1.5360773300789063,-0.9907771211865068,278.8992646109736,285.40485761660307,272.39367160534414,0.046651919392500935,0.1817066314276572,0,0,0.0012101506731883038,0.0,93.14145560018534,99.87763835434664
2019-05-23,275.0749918672008,45.11708930652277,0.24922606234662226,1.2787070765324497,-1.0294810141858275,278.9118301469657,285.3851688329548,272.43849146097665,0.04641853077783109,0.2036430143791666,0,0,0.0011541123729925662,0.0,93.14145560018534,99.99290837255667
2019-05-24,276.37136923491676,47.86895166489962,0.11783367416023793,1.0465323960580075,-0.9286987218977696,278.952957623006,285.34628989589913,272.55962535011287,0.04583806766109626,0.2981030644195648,0,0,0.004712814345339655,0.0,93.14145560018534,100.4641563855671
2019-05-27,277.53687436020624,50.282554507315865,0.10652285381894444,0.8585304876101949,-0.7520076337912505,278.9516170823722,285.3461870040563,272.5570471606881,0.045847161515438106,0.3893793687853392,0,0,0.004217170282565741,0.0,93.14145560018534,100.88783084033935
2019-05-28,274.28035114457475,44.13407098350825,-0.16333246540273194,0.6541578970076096,-0.8174903624103416,278.89439512995733,285.4405345597372,272.34825570017745,0.04694349936096463,0.14757518268002062,0,0,-0.011733659619604153,-0.0,93.14145560018534,99.7040473734986
2019-05-29,277.94026113108174,51.336152492470234,-0.08093760301568409,0.507138797002951,-0.588076400018635,278.94405412990454,285.44289194290104,272.44521631690804,0.0465959945500038,0.42277134560771784,0,0,0.013343682736419726,0.0,93.14145560018534,101.03446654918753
2019-05-30,275.6999245556841,47.31511216127926,-0.19417716581523337,0.3668756044393141,-0.5610527702545475,278.7506741186727,285.3998289654147,272.10151927193067,0.04770682523200839,0.2705911778785387,0,0,-0.00806049676387488,-0.0,93.14145560018534,100.22007855852797
2019-05-31,271.5547889654518,40.9274752386248,-0.6113508627756801,0.1712303109963153,-0.7825811737719954,278.3295307565564,285.68131577858423,270.9777457345285,0.052827919495600804,0.03924511048638493,0,0,-0.01503495366171237,-0.0,93.14145560018534,98.71327432142732
2019-06-03,273.1145175052664,43.991479804039905,-0.8068066009472545,-0.02437707139239867,-0.7824295295548559,278.0345435338646,285.735790001102,270.33329706662727,0.055397767265558076,0.1805694993966891,0,0,0.005743697416483506,0.0,93.14145560018534,99.28025350011993
2019-06-04,272.9250493668802,43.69499162148767,-0.9658613287768958,-0.2126739228692981,-0.7531874059075977,277.66319678472166,285.6063781307274,269.7200154387159,0.05721450619301398,0.20174749817187343,0,0,-0.000693731479808779,-0.0,93.14145560018534,99.2113796629435
2019-06-05,272.0778815105078,42.32152506023679,-1.1470502313878796,-0.3995491845730144,-0.7475010468148653,277.2929476328919,285.56261298935027,269.0232822764336,0.059645695478750906,0.18468699169844024,0,0,-0.003104031155577891,-0.0,93.14145560018534,98.90342444948186
2019-06-06,271.25123107091645,40.96829560695292,-1.3418791761201874,-0.588015182882449,-0.7538639932377383,276.63782117927633,284.6233796782388,268.65226268031387,0.05773294819139995,0.16272928129824948,0,0,-0.003038286078243413,-0.0,93.14145560018534,98.6029275518864
2019-06-07,273.1413092880543,45.27677826914718,-1.328455395541937,-0.7361032254143467,-0.5923521701275902,276.2726983624199,284.19305887280876,268.352337852031,0.057337265371034285,0.30232029399051713,0,0,0.006967998669262121,0.0,93.14145560018534,99.2899926198533
2019-06-10,273.2326481622662,45.48385187723418,-1.2955128037496024,-0.8479851410813979,-0.44752766266820454,275.8484170308125,283.4429418590897,268.2538922025354,0.05506302997873523,0.327785876819646,0,0,0.0003344015390787103,0.0,93.14145560018534,99.32319534620049
2019-06-11,273.10710369773255,45.230507568802366,-1.2649543451998966,-0.9313789819050977,-0.33357536329479887,275.25732340862584,281.6156622618502,268.89898455540146,0.04619923477047898,0.33091340674593944,0,0,-0.00045947827017756016,-0.0,93.14145560018534,99.27755849621431
2019-06-12,273.5895269688301,46.464496240770366,-1.1881131911466696,-0.9827258237534121,-0.20538736739325747,274.754324620373,279.766477475113,269.742171765633,0.03648461484029619,0.38380266072279534,0,0,0.0017664252030276106,0.0,93.14145560018534,99.45292487763707
2019-06-13,271.4497294754693,41.94977255005627,-1.2850663526419908,-1.0431939295311279,-0.24187242311086288,274.27177596999184,278.5098176039295,270.0337343360542,0.030903957353609294,0.16705771931026472,0,0,-0.007821196655691365,-0.0,93.14145560018534,98.67508399418537
2019-06-14,271.7984775764876,42.923177589512335,-1.318561814670943,-1.098267506559091,-0.22029430811185202,273.9543139118063,277.9118081921449,269.9968196314677,0.02889163688521173,0.22762609588228278,0,0,0.0012847612767643568,0.0,93.14145560018534,98.80185792108257
2019-06-17,271.52690576573406,42.32796166793466,-1.3514422007118583,-1.1489024453896446,-0.2025397553222137,273.74283129303893,277.7465951205203,269.7390674655576,0.02925200859923423,0.22326970036356403,0,0,-0.0009991660482244757,-0.0,93.14145560018534,98.70313845914632
2019-06-18,272.9897588591212,46.621814826021456,-1.2451073025453638,-1.1681434168207885,-0.07696388572457535,273.6710295446356,277.67472949608515,269.667329593186,0.029259216498811472,0.41491986240530665,0,0,0.005387506955385257,0.0,93.14145560018534,99.23490230411332
2019-06-19,273.37704736639284,47.731351686810704,-1.1167124181876034,-1.1578572170941515,0.0411447989065481,273.60198739363875,277.57427258614865,269.62970220112885,0.029036961539280516,0.47168631954346435,1,1,0.0014186924406622836,0.0,93.14145560018534,99.37568610986203
2019-06-20,276.73514659481225,56.22751304066422,-0.735509508595328,-1.0733876753943867,0.3378781667990587,273.68499513001933,277.85151897598604,269.5184712840526,0.03044758697119892,0.8660307221984984,0,1,0.012283764349531268,0.012283764349531268,94.28558329195035,100.59639362010857
2019-06-21,278.7805104075089,60.44491969909278,-0.2653014603681072,-0.9117704323891308,0.6464689720210236,273.8054521886489,278.4147584866665,269.1961458906313,0.03366847709695597,1.0396753759887583,0,1,0.007391051833728346,0.007391051833728346,94.98245292523447,101.33990677964093
2019-06-24,279.39559625256106,61.64180429101292,0.1551852141772656,-0.6983793030758515,0.8535645172531171,273.8983882832667,278.88406362656633,268.91271293996704,0.03640529157216832,1.0513002342483242,0,1,0.0022063444971567314,0.0022063444971567314,95.1920169375725,101.56349752530657
2019-06-25,278.38093294160404,58.49726878510906,0.40191604590506813,-0.47832023327966766,0.8802362791847358,274.10341737311813,279.477372613948,268.7294621322883,0.03921115097601755,0.8979857829840594,0,1,-0.0036316367350321954,-0.0036316367350321954,94.8463141119802,101.19465579675533
2019-06-26,276.26245897809747,52.47799308612182,0.42164836374939796,-0.29832651387385456,0.7199748776232525,274.0195272654689,279.18981618227406,268.8492383486638,0.037736645766826546,0.716905839182244,0,1,-0.007609982268257487,-0.007609982268257487,94.12453534337845,100.4245662604996
2019-06-27,273.95883991274707,46.8345144537158,0.24853856352825687,-0.18895349839343228,0.43749206192168916,273.9324730333221,279.04190383199443,268.82304223464973,0.03730430892032885,0.5025802169032052,0,1,-0.008338516474049928,-0.008338516474049928,93.3396763548054,99.5871743603371
2019-06-28,278.8105736212686,57.25959223060627,0.49711176729942963,-0.05174044525485991,0.5488522125542895,274.2952622661129,279.71481765536276,268.87570687686303,0.03951621580683357,0.9165758102696192,0,1,0.017709717671701153,0.017709717671701153,94.99269567061697,101.35083510198115
2019-07-01,281.1719497853592,61.24298177128947,0.8745696492435968,0.13352157364483144,0.7410480755987654,274.69813388011755,280.8908897538637,268.5053780063714,0.045087717097115405,1.022692645828897,0,1,0.008469464172109253,0.008469464172109253,95.79723290321134,102.20922236869075
2019-07-02,280.330705236063,59.128740636815344,1.093224326045231,0.3254621241249114,0.7677622019203196,275.06841667357673,281.6858325259793,268.45100082117415,0.04811469039177598,0.8976090274404998,0,1,-0.00299192202471954,-0.00299192202471954,95.51061505218104,101.9034203451564
2019-07-03,282.9903086583796,63.4274026418214,1.4642386697522056,0.5532174332503702,0.9110212365018354,275.6140380309703,282.95336875367246,268.2747073082681,0.05325803268320809,1.002516571749034,0,1,0.009487378202387653,0.009487378202387653,96.41676037952374,102.8702166340878
2019-07-04,277.1910582341508,50.86497026202861,1.2756146753419557,0.6976968816686874,0.5779177936732683,275.91102938913207,282.9828603027423,268.8391984755218,0.051261676122678485,0.5905019407742906,0,1,-0.020492752743803577,-0.020492752743803577,94.4409155487076,100.76212271990393
2019-07-05,273.4732520564417,44.74634393145273,0.8167182931765637,0.7215011639702626,0.0952171292063011,275.92762652755135,282.9735983341368,268.8816547209659,0.05107115873286361,0.3258313729828091,0,1,-0.013412431848968676,-0.013412431848968676,93.17423320515634,99.41065761596579
2019-07-08,272.93607698296324,43.9241908352835,0.4050251868358714,0.6582059685433845,-0.2531807817075131,275.91279796858623,282.9838542640746,268.8417416730979,0.051255732590507926,0.289513697725595,-1,0,-0.001964269154072884,-0.001964269154072884,92.99121393291706,99.21538832762465
2019-07-09,268.4684906226056,37.7172580657817,-0.2785307193779545,0.47085863095911673,-0.7493893503370712,275.6808673148299,283.4128130948998,267.9489215347601,0.056093452225249286,0.03359885743022059,0,0,-0.016368617918680273,-0.0,92.99121393291706,97.59136954443628
2019-07-10,274.58089581757696,48.45030922141902,-0.32330680448365,0.31202554387056336,-0.6353323483542134,275.73043575726723,283.41851639632984,268.0423551182046,0.05576519413207343,0.42523882138738645,0,0,0.022767681901127768,0.0,92.99121393291706,99.81329880251941
2019-07-11,281.55194030199203,57.45509584943604,0.2013913418909965,0.28989870347465,-0.08850736158365352,276.23554629859336,284.06556961373684,268.4055229834499,0.05669091773351799,0.839487750510054,0,0,0.025387944283809194,0.0,92.99121393291706,102.34735327130097
2019-07-12,279.110732803178,53.90401928951352,0.41544437584730076,0.3150078379491802,0.10043653789812057,276.6011590599279,284.23935496246077,268.96296315739505,0.055228950800441,0.6642779116478214,1,1,-0.0086705404913765,-0.0,92.99121393291706,101.45994640057694
2019-07-15,279.37812509727013,54.23765202522661,0.5997457749048181,0.3719554253403078,0.22779034956451027,276.99372002650466,284.335110769485,269.6523292835243,0.05300763311368858,0.6623946438926009,0,1,0.0009580150910237784,0.0009580150910237784,93.08030091919741,101.55714656036317
2019-07-16,279.20557002779947,53.96620132544354,0.7235416714746634,0.44227267456717895,0.28126899690748447,277.3045105849386,284.45602637081663,270.1529947990606,0.051578791638064635,0.632913042477991,0,1,-0.000617639872164566,-0.000617639872164566,93.02281081403663,101.49442081734423
2019-07-17,281.46442206152005,57.000107845750655,0.9924805940245278,0.5523142584586488,0.44016633556587903,277.708879319695,284.8399006587592,270.57785798063077,0.05135609172118017,0.7633243236317335,0,1,0.008090282846060948,0.008090282846060948,93.77539166465782,102.31553938905368
2019-07-18,283.99383171989024,60.16599497778276,1.3936536759602518,0.7205821419589694,0.6730715340012824,278.07181357594885,285.7146637762116,270.4289633756861,0.05497033375642916,0.8874220996597456,0,1,0.008986605269128312,0.008986605269128312,94.618114093506,103.23500875444107
2019-07-19,284.2913658426092,60.534083726209865,1.715815893238414,0.9196288922148583,0.7961870010235557,278.34735634770385,286.47948378269183,270.2152289127159,0.058431504733456485,0.865464605813456,0,1,0.0010476781165178473,0.0010476781165178473,94.71724342106795,103.34316581397162
2019-07-22,288.65177574649164,65.55718998599102,2.2965076980453887,1.1950046533809644,1.1015030446644243,278.8101653224004,288.15640597667857,269.4639246681222,0.06704375820351248,1.026501017261219,0,1,0.015337820376495337,0.015337820376495337,96.16999948721708,104.9282247283647
2019-07-23,285.2128046897464,59.16166167949779,2.450960763403998,1.446195875385571,1.004764888018427,279.15175890980754,288.92173272972514,269.38178508988995,0.06999758022713533,0.8101874115354583,0,1,-0.01191390923493052,-0.01191390923493052,95.02423884220306,103.67811938276856
2019-07-24,284.09642913626385,57.21047801052658,2.4549842232971173,1.6479535449678804,0.8070306783292369,279.5434574177158,289.45285752946495,269.6340573059666,0.0708970276270266,0.7297299365856564,0,1,-0.003914184549662636,-0.003914184549662636,94.65229643468346,103.27230408974246
2019-07-25,285.34480667396673,58.84503597681798,2.5297451510267592,1.8243118661796562,0.705433284847103,280.11275575577685,289.97942147309107,270.2460900384626,0.07044781442168034,0.7651377409598755,0,1,0.004394203550879938,0.004394203550879938,95.0682178917757,103.72610361508117
2019-07-26,286.3129892000108,60.11748787903517,2.636723456584548,1.986794184260635,0.649929272323913,280.48787653471396,290.7101493612698,270.2656037081581,0.07288923109866197,0.7849225785758775,0,1,0.0033930266239270424,0.0033930266239270424,95.39078688617178,104.07804904624336
2019-07-29,287.88712607088763,62.165699350919716,2.8160624098227345,2.152647829373055,0.6634145804496794,280.82363534899036,291.56829719252545,270.0789735054553,0.07652248949902153,0.828697674471127,0,1,0.005497958284306659,0.005497958284306659,95.91524145317915,104.65026581821162
2019-07-30,287.91352126633984,62.20075374803373,2.9265838570417486,2.307435034906794,0.6191488221349548,281.2027761505042,292.39981897819075,270.0057333228176,0.07963678723921089,0.7996659573026825,0,1,9.168591806263393e-05,9.168591806263393e-05,95.92403553014798,104.65986077390865
2019-07-31,289.8100808588649,64.72944268342877,3.131115854613654,2.472171198848166,0.6589446557654881,281.54376476052846,293.3678290331665,269.7197004878904,0.08399450282761688,0.8495547684676181,0,1,0.0065872543400649075,0.0065872543400649075,96.55591154951048,105.34928189602218
2019-08-01,292.408669229812,67.8982554799687,3.462974288517728,2.6703318167820784,0.7926424717356495,282.30464531031146,294.88375636950417,269.72553425111875,0.08911727998925172,0.9016191554377211,0,1,0.008966521672558958,0.008966521672558958,97.42168222303286,106.29389851533138
2019-08-02,295.3655508213126,71.08196982315556,3.919389834761546,2.920143420377972,0.999246414383574,283.3992602485551,296.54013080483224,270.25838969227794,0.09273750781672443,0.9553081366074873,0,1,0.010112154332800216,0.010112154332800216,98.40682530903318,107.3687588217534
2019-08-05,296.34342405766637,72.06854970692649,4.310321933040541,3.198179122910486,1.112142810130055,284.5696276022902,297.9539841659014,271.18527103867905,0.09406735832199857,0.9398342348180663,0,1,0.003310722031173441,0.003310722031173441,98.73262295360163,107.72422693704434
2019-08-06,298.8475290157552,74.47048227888155,4.767244947630445,3.511992287854478,1.2552526597759672,286.0885795219477,298.6490631784367,273.5280958654587,0.08780835416413679,1.0079004058580172,0,1,0.008450010207081693,0.008450010207081693,99.56691462533152,108.63449775421235
2019-08-07,297.2694773591709,70.36398871700528,4.945021024090067,3.798598035101596,1.1464229889884714,287.22300859902737,299.50251155992277,274.94350563813197,0.08550500895308136,0.909074731776071,0,1,-0.005280457435206443,-0.005280457435206443,99.04115577069761,108.06085791282621
2019-08-08,301.30652861488636,74.27250725056753,5.349994733748417,4.108877374830961,1.2411173589174567,288.21073801467213,301.6890383059858,274.7324377233585,0.09353086830947635,0.985810165865427,0,1,0.01358044321125429,0.01358044321125429,100.38617856221856,109.52837225707074
2019-08-09,303.1010872087211,75.80035302595263,5.749468898558746,4.436995679576518,1.3124732189822277,289.41025573494926,303.7228729002689,275.0976385696296,0.09890884570744146,0.9782784069340428,0,1,0.005955923365100535,0.005955923365100535,100.98407094865043,110.18071484853806
2019-08-12,304.936621094036,77.28615893908366,6.143350575246529,4.778266658710521,1.3650839165360082,290.6881805347876,305.7725386815661,275.60382238800906,0.10378377351997863,0.9722919073056938,0,1,0.006055847249571089,0.006055847249571089,101.59561505695531,110.84795242750936
2019-08-13,301.3331800446792,68.40661155327365,6.094483650477741,5.041510057063966,1.0529735934137756,291.79456103563155,306.575693764705,277.01342830655807,0.10131191394803639,0.8226619767200191,0,1,-0.011817016389925827,-0.011817016389925827,100.39505800868267,109.53806035688376
2019-08-14,296.62533181397754,58.88739580755609,5.611189948560423,5.155446035363258,0.455743913197165,292.55260652325444,306.6419520195856,278.4632610269233,0.09632008180526123,0.6445320966748823,0,1,-0.015623398093776442,-0.015623398093776442,98.82654605076524,107.82670363350806
2019-08-15,291.77997833898615,51.018426588507594,4.782071928271932,5.080771213944993,-0.29869928567306037,292.94191385420925,306.45396689595424,279.42986081246426,0.0922507323309811,0.45700373911968317,-1,0,-0.016334928124176695,-0.016334928124176695,97.21222152426535,106.0653621797878
2019-08-16,297.62167718922564,58.26019023049245,4.543985958227154,4.973414162801426,-0.4294282045742719,293.60842942154005,306.6300093774587,280.5868494656214,0.08870031409911104,0.654099878097414,0,0,0.020020903707973714,0.0,97.21222152426535,108.18888658274068
2019-08-19,296.082655205574,55.91472940213343,4.18289706609761,4.815310743460663,-0.6324136773630533,293.97997339449415,306.82897348423336,281.13097330475495,0.08741411832497194,0.5818227798425718,0,0,-0.0051710681768423195,-0.0,97.21222152426535,107.62943447424466
2019-08-20,294.1244824679224,52.99156085290978,3.6961168089629837,4.5914719565611275,-0.8953551475981438,294.42555728340295,306.5945130526221,282.2566015141838,0.08266236043840303,0.48762938985109544,0,0,-0.006613601652187273,-0.0,97.21222152426535,106.91761626858182
2019-08-21,294.7467996187709,53.81787837908348,3.3222588097489734,4.337629327198697,-1.0153705174497238,294.95807580752836,306.11379032355865,283.8023612914981,0.07564271285326546,0.4905305846409998,0,0,0.0021158291401885965,0.0,97.21222152426535,107.1438356766824
2019-08-22,290.04726135853025,47.08661333662389,2.616597680661812,3.9934229978913205,-1.3768253172295086,295.1931985417565,305.67358464694047,284.7128124365725,0.07100696192836896,0.2544967746617241,0,0,-0.015944323284660333,-0.0,97.21222152426535,105.43549972269486
2019-08-23,300.7465686597091,59.504813959054594,2.887416493229864,3.772221696959029,-0.8848052037291652,295.91487751474136,305.79093289874993,286.0388221307328,0.0667492994401174,0.7446164463998088,0,0,0.03688815143802837,0.0,97.21222152426535,109.32482040340983
2019-08-26,312.7084301924387,68.42644709241134,4.020914015736253,3.821960160714474,0.19895385502177865,297.1559427208189,308.854543569527,285.4573418721109,0.07873711521023835,1.1647157071496,1,1,0.03977389197169612,0.0,97.21222152426535,113.67309399996013
2019-08-27,312.3973779245636,68.00686878561694,4.838346206977803,4.02523736996714,0.8131088370106632,298.38013555373016,311.08718311770525,285.67308798975506,0.08517354910636737,1.0515538641160362,0,1,-0.0009947038130173613,-0.0009947038130173613,97.11552415684328,113.56002293992088
2019-08-28,312.1361704534299,67.63182923028324,5.402809621712265,4.300751820316165,1.1020578013961,299.4964400334584,312.93509574142433,286.05778432549243,0.08974167243166326,0.9702751039480505,0,1,-0.0008361384876821587,-0.0008361384876821587,97.03432212934432,113.46507103407875
2019-08-29,313.3567859463375,68.50587036741189,5.880853594266512,4.6167721751062345,1.2640814191602772,300.54384586928467,314.89118733244976,286.1965044061196,0.0954758625761725,0.9465266303847423,0,1,0.003910522420821794,0.003910522420821794,97.41377702162036,113.90877873833765
2019-08-30,314.52626240494214,69.35957146727853,6.281662764968132,4.949750293078614,1.3319124718895186,301.5018814484662,316.91278717471874,286.0909757222136,0.10222759242639522,0.9225702625086097,0,1,0.003732092333896153,0.003732092333896153,97.77733423205862,114.33389681823047
2019-09-02,315.4640615973687,70.06042129182657,6.5989113355408335,5.279582501571058,1.3193288339697755,302.4579133254513,318.8617570698325,286.05406958107005,0.10847025666496832,0.8964359961784079,0,1,0.002981624444508668,0.002981624444508668,98.06886952192382,114.67479755981964
2019-09-03,315.4272187647684,69.99268668097415,6.7693276097645025,5.577531523209747,1.1917960865547554,303.28689781290194,320.5744511612006,285.99934446460327,0.1140013200238105,0.8511289511960122,0,1,-0.00011678931797731718,-0.00011678931797731718,98.05741612553754,114.66140476842344
2019-09-04,316.70512730613524,71.03858418845456,6.9276427212480485,5.847553762817408,1.0800889584306406,304.25868031025016,322.29101931859765,286.22634130190266,0.11853294696447154,0.8451146018861835,0,1,0.004051357857990823,0.004051357857990823,98.45468180889202,115.12593915164024
2019-09-05,317.4341617845789,71.64575800521342,7.030887878425858,6.084220585939098,0.9466672924867598,305.06506196873477,323.963171163472,286.16695277399754,0.12389559835386225,0.8272576025565752,0,1,0.0023019345617949494,0.0023019345617949494,98.68131804371843,115.39095152993251
2019-09-06,316.79224146493954,70.24922084438543,6.980446561503641,6.263465781052007,0.7169807804516335,305.74961968154565,325.32783087735623,286.17140848573507,0.12806695371331825,0.7820130417674936,0,1,-0.0020222156179743322,-0.0020222156179743322,98.48176314116813,115.15760614557576
2019-09-09,315.7702802806451,67.9774483640707,6.779853793526797,6.366743383546966,0.41311040997983106,306.2913026408761,326.36794234347235,286.21466293827984,0.131095068841285,0.7360698249354755,0,1,-0.0032259665816579686,-0.0032259665816579686,98.16406426437196,114.78611155652641
2019-09-10,318.35309424630185,70.56796849088276,6.751467368087106,6.443688180454995,0.30777918763211076,307.1422983509573,327.76935981162177,286.5152368902928,0.13431599341029157,0.7717497089132982,0,1,0.008179408028397228,0.008179408028397228,98.96698819971607,115.72499399894036
2019-09-11,318.7419336371606,70.94899397548328,6.68330601901522,6.49161174816704,0.19169427084817947,308.2481284421164,328.8725756434222,287.62368124081064,0.1338171771263726,0.7544020960324171,0,1,0.0012214091770628155,0.0012214091770628155,99.08786738732947,115.86634156862621
2019-09-12,318.7749250712945,70.98331791750797,6.556372016408147,6.504563801815262,0.05180821459288509,309.59787577873186,329.19204396701656,290.00370759044716,0.12657818235347684,0.734178077996941,0,1,0.00010350515778512204,0.00010350515778512204,99.09812349267798,115.87833433259225
2019-09-13,317.54720014437856,67.77420514925309,6.284267638242227,6.460504569100656,-0.17623693085842884,310.59415192648953,329.64303850906094,291.5452653439181,0.1226609481499822,0.6825053707929223,-1,0,-0.0038513848811707607,-0.0038513848811707607,98.71645847810588,115.43204226768846
2019-09-16,316.6025276231626,65.32691357110463,5.9241063700296195,6.353224929286449,-0.4291185592568292,311.6201455473689,329.55599124015885,293.68429985457897,0.11511351848761356,0.6388945400493872,0,0,-0.002974904268677081,-0.0,98.71645847810588,115.0886429924042
2019-09-17,316.36246062236967,64.68765208746775,5.55526691059714,6.193633325548587,-0.638366414951447,312.73204445509134,328.7564607296077,296.707628180575,0.10248016830150876,0.6132776416028266,0,0,-0.000758259899550362,-0.0,98.71645847810588,115.00137588952938
2019-09-18,316.0799817077776,63.895344406527634,5.180448310611723,5.990996322561215,-0.8105480119494919,313.79870355954165,327.44613265681005,300.15127446227325,0.0869820617004485,0.5835790437882757,0,0,-0.0008928964392183047,-0.0,98.71645847810588,114.89869157049242
2019-09-19,316.8809365477223,65.19699927228045,4.891644399728591,5.77112593799469,-0.8794815382660994,315.1403873190012,323.0085827509936,307.27219188700883,0.04993454186516428,0.6106066342508436,0,0,0.002534025836173237,0.0,98.71645847810588,115.18984782347455
2019-09-20,317.39952786808874,66.05043103330439,4.650997402231326,5.547100230842018,-0.896102828610692,315.97303527942023,320.02846749975686,311.9176030590836,0.025669482946545363,0.6758742978757146,0,0,0.0016365494435111039,0.0,98.71645847810588,115.37836170482818
2019-09-23,317.37183200541574,65.9574081003154,4.407244131360926,5.3191290109458,-0.911884879584874,316.2062053700691,319.99906958228706,312.4133411578511,0.02398981517632795,0.6536604753199198,0,0,-8.725867634096218e-05,-0.0,98.71645847810588,115.36829394170742
2019-09-24,317.0829794144814,64.93031936721846,4.14300197021862,5.083903602800364,-0.9409016325817436,316.44048544456496,319.796437363101,313.0845335260289,0.02121063563545794,0.5957245493249926,0,0,-0.0009101393438388783,-0.0,98.71645847810588,115.26329271835951
2019-09-25,316.90242467391516,64.25675288008951,3.8743577111562786,4.8419944244715465,-0.9676367133152679,316.6787981555892,319.3560655929015,314.00153071827697,0.016908409738228637,0.5417639484216873,0,0,-0.0005694242589104892,-0.0,98.71645847810588,115.19765900332376
2019-09-26,318.97413935709113,68.31793233998462,3.784994204153861,4.630594380408009,-0.8456001762541483,316.9596658261269,319.3306286581992,314.58870299405464,0.014960659589872914,0.9248218284391052,0,0,0.006537389814255112,0.0,98.71645847810588,115.95075100591814
2019-09-27,318.8929891303913,67.9920500272936,3.6653727010488524,4.437550044536178,-0.7721773434873258,317.17800216239937,319.4053361477738,314.9506681770249,0.014044693958530155,0.8849864859184132,0,0,-0.00025441004986614946,-0.0,98.71645847810588,115.92125196957271
2019-09-30,322.37063316041275,73.76706408683671,3.807300418093064,4.3115001192475555,-0.5041997011544916,317.52333074055156,320.6082897396726,314.4383717414305,0.019431384723296304,1.2856348206316925,0,0,0.010905363706818605,0.0,98.71645847810588,117.18541538365066
2019-10-01,326.451297089192,78.63758964100158,4.200632356898211,4.289326566777687,-0.08869420987947585,318.0745346567727,322.9830449825559,313.1660243309895,0.03086390006719566,1.3532896822502567,0,0,0.012658299202919832,0.0,98.71645847810588,118.66878343379534
2019-10-02,322.69854200924703,66.42365069072927,4.161562874007473,4.263773828223644,-0.10221095421617132,318.3742053919283,323.64885411958096,313.0995566642756,0.03313489999077923,0.9099170239193508,0,0,-0.011495604745352384,-0.0,98.71645847810588,117.30461400382862
2019-10-03,319.10773746243694,57.25937067918433,3.7970817155982104,4.170435405698558,-0.37335369010034736,318.4578841758213,323.7228320335704,313.19293631807216,0.033065269345583743,0.5617150733657497,0,0,-0.011127427240459009,-0.0,98.71645847810588,115.99931544653089
2019-10-04,327.0553239024826,67.83648670002987,4.102243467439621,4.15679701804677,-0.054553550607149504,318.9710382976983,325.41992268747197,312.5221539079247,0.04043554815628647,1.1267972191906541,0,0,0.024905652565009317,0.0,98.71645847810588,118.8883540948211
2019-10-07,321.24893344303626,56.78084687079827,3.831393253827457,4.091716265202908,-0.26032301137545133,319.24497095581796,325.5859271228143,312.9040147888216,0.0397247051254187,0.6580173742288741,0,0,-0.01775354209240032,-0.0,98.71645847810588,116.7776646961025
2019-10-08,310.9145570818251,43.26555252363466,2.7511313738486365,3.8235992869320543,-1.0724679130834178,318.87304409759406,326.2261022336146,311.5199859615735,0.04611903246214857,-0.0411685089760559,0,0,-0.032169371740633834,-0.0,98.71645847810588,113.0210005894905
2019-10-09,318.2605583469616,52.009888065495765,2.459426225513198,3.550764674648283,-1.091338449135085,318.8489753330842,326.2069901755458,311.49096049062257,0.04615360507133571,0.46001523517410253,0,0,0.023627074055600605,0.0,98.71645847810588,115.69135614025647
2019-10-10,330.0259336537173,62.088311151153064,3.141403114102559,3.4688923625391386,-0.32748924843657967,319.4115257622053,328.3057163044434,310.5173352199672,0.05569110582978544,1.096704547822797,0,0,0.03696774544689041,0.0,98.71645847810588,119.96820474445502
2019-10-11,328.0443044441322,59.80998543234716,3.4818373421289266,3.4714813584570963,0.010355983671830327,319.9363809771929,329.57507676673276,310.2976851876531,0.060253827714747736,0.9205923521177106,1,1,-0.006004465126865921,-0.0,98.71645847810588,119.24785984273423
2019-10-14,329.10719626750017,60.64417798430105,3.7936693489467075,3.535918956555019,0.2577503923916886,320.56161440940986,330.8875358694328,310.23569294938693,0.06442394220560062,0.9137927007858213,0,1,0.003240086198628145,0.003240086198628145,99.03630831279824,119.6342331876266
2019-10-15,328.27953668298613,59.60667252937225,3.928725349267836,3.6144802350975826,0.31424511417025336,321.1574682124407,331.8325715951049,310.48236482977643,0.06647893596921017,0.8335831146193529,0,1,-0.0025148632235962864,-0.0025148632235962864,98.78724554322163,119.33336945429991
2019-10-16,330.6610968450423,61.64029808353271,4.179748663310022,3.727533920740071,0.452214742569951,321.88652396930394,333.0805763858356,310.69247155277225,0.06955278697904849,0.8919301317001094,0,1,0.007254671388049472,0.007254671388049472,99.50391454696826,120.19909383531954
2019-10-17,334.1207476201018,64.44099640958328,4.604770425161917,3.9029812216244406,0.701789203537476,322.74851452292285,334.9310482992712,310.5659807465745,0.07549242353202588,0.9667433436243549,0,1,0.010462829791799688,0.010462829791799688,100.54500706849096,121.45671649524705
2019-10-18,322.35221544399354,50.84245467831742,3.9464883792291516,3.911682653145383,0.03480572608376864,322.99614890171813,334.91946575542977,311.0728320480065,0.07382946759120455,0.47299688225914527,0,1,-0.03522239268268712,-0.03522239268268712,97.00357134724102,117.17872033290166
2019-10-21,326.3579171428192,54.371877421231694,3.7053092664619385,3.870407975808694,-0.16509870934675552,323.4454531585883,335.1516558475233,311.7392504696533,0.07238440098396016,0.6243983237614635,-1,0,0.012426474852385905,0.012426474852385905,98.20898378717914,118.63483875435324
2019-10-22,322.747408026889,50.829431198784405,3.1861077042884745,3.73354792150465,-0.5474402172161756,323.7286745892087,335.05464863966114,312.4027005387563,0.06997201631782775,0.4566806988101602,0,0,-0.011063035171750335,-0.0,98.20898378717914,117.3223773606189
2019-10-23,326.8985356439277,54.49991621670019,3.074161017286258,3.601670540660972,-0.527509523374714,324.2284801377093,335.16151302345395,313.2954472519647,0.06744029939073248,0.6221095524966274,0,0,0.01286184648984956,0.0,98.20898378717914,118.83135976805539
2019-10-24,322.1995288766061,49.95407929913695,2.5765707823012463,3.396650588989027,-0.8200798066877808,324.389749613685,335.0891015634367,313.6903976639333,0.06596602982981759,0.39764703753250535,0,0,-0.014374511522559863,-0.0,98.20898378717914,117.12321701782801
2019-10-25,323.5912667799637,51.25101854075531,2.2683800801472103,3.170996487220664,-0.9026164070734537,324.62466349616363,335.01779013243566,314.2315368598916,0.06403165134983561,0.45028460864734443,0,0,0.004319490808102788,0.0,98.20898378717914,117.62912967715195
2019-10-28,323.30500604637035,50.95849786158447,1.9782340289974059,2.9324439955760124,-0.9542099665786066,324.67138214046156,335.03019050989286,314.31257377103026,0.06381103441355852,0.4340476218228264,0,0,-0.0008846367716962567,-0.0,98.20898378717914,117.52507062361693
2019-10-29,322.1051478763539,49.67859734597526,1.6326524650582428,2.6724856894724587,-1.0398332244142159,324.45407467981966,334.8379826439818,314.07016671565754,0.06400849164498397,0.386895819398025,0,0,-0.003711226697938441,-0.0,98.20898378717914,117.08890844384146
2019-10-30,318.99577899011643,46.4244768254223,1.0952511295649288,2.3570387774909527,-1.261787647926024,324.2689365288631,334.91340048232775,313.62447257539844,0.06565207304411158,0.25230516248635015,0,0,-0.009653272872965801,-0.0,98.20898378717914,115.95861726023536
2019-10-31,314.66535019630584,42.27153660167131,0.3162813916572418,1.9488873003242106,-1.6326059086669689,324.04681716555655,335.31205073924525,312.78158359186784,0.06952843217054812,0.08360974462339404,0,0,-0.013575191519837548,-0.0,98.20898378717914,114.38445682255211
2019-11-01,312.97358059878803,40.73830890309257,-0.4325828596868746,1.4725932683219938,-1.9051761280088684,323.34273000037183,335.5380849921649,311.14737500857876,0.07543299329339517,0.07487299842596731,0,0,-0.0053764089260618375,-0.0,98.20898378717914,113.76947920788861
2019-11-04,311.4695185074355,39.37106797748863,-1.1343523076604356,0.951204153125508,-2.0855564607859436,322.85375925359176,336.1381708967141,309.56934761046944,0.08229367794158361,0.07151882025388157,0,0,-0.004805715832227442,-0.0,98.20898378717914,113.22273542043497
2019-11-05,316.2337354878486,45.59919973801661,-1.291193086892747,0.5027247051218571,-1.793917792014604,323.119718173893,335.5854568925492,310.65397945523677,0.07715863822304735,0.22380366533197038,0,0,0.015295933301092468,0.0,98.20898378717914,114.95458282959319
2019-11-06,315.7081141690373,45.049364381011074,-1.4412894939241596,0.11392186531265375,-1.5552113592368133,322.99209596499674,335.7168686520007,310.2673232779928,0.07879309027043789,0.2137873510542664,0,0,-0.0016621291779652658,-0.0,98.20898378717914,114.7635134633313
2019-11-07,317.15669681233504,46.94796019300397,-1.426904992344646,-0.1942435062188062,-1.2326614861258398,322.3486341229276,334.87578684257295,309.82148140328223,0.07772424880117923,0.29277265046627715,0,0,0.004588360508599898,0.0,98.20898378717914,115.29008983633462
2019-11-08,314.7951549345007,44.26300087332181,-1.5877591652096612,-0.4729466380169772,-1.1148125271926839,321.6861766474461,334.34570833244817,309.026644962444,0.07870734028385923,0.22783267642083316,0,0,-0.00744597828634741,-0.0,98.20898378717914,114.43164233078222
2019-11-11,312.13060482703656,41.386945266462256,-1.9082470965088874,-0.7600067297153592,-1.1482403667935281,320.8373470754229,333.6770877234341,307.99760642741165,0.0800389403855334,0.16094555618088272,0,0,-0.008464393640424839,-0.0,98.20898378717914,113.46304786517419
2019-11-12,309.9453971125243,39.14079120111787,-2.311913788040499,-1.0703881413803873,-1.241525646660112,319.9206400968998,333.13563412253757,306.705646071262,0.082614200957057,0.1225786040832489,0,0,-0.00700094024974951,-0.0,98.20898378717914,112.66869984651562
2019-11-13,310.99661607718593,40.80514359785416,-2.5179723464692643,-1.3599049823981626,-1.1580673640711017,318.937416058507,331.70635470348304,306.1684774135309,0.08007175077027452,0.18905794748863652,0,0,0.003391626313714813,0.0,98.20898378717914,113.0508299736471
2019-11-14,310.0277665428398,39.726816354635254,-2.7280065377620417,-1.6335252934709383,-1.0944812442911034,317.7327670046439,328.9182108575811,306.54732315170673,0.07040787110744348,0.15557913646042487,0,0,-0.003115305711576255,-0.0,98.20898378717914,112.69864207733175
2019-11-15,308.315462502385,37.824352562793095,-2.998068901258307,-1.9064340150284123,-1.0916348862298948,317.0309293575634,328.74495182221756,305.3169068929093,0.07389829432977797,0.1279900059319312,0,0,-0.005523066722535552,-0.0,98.20898378717914,112.0761999575995
2019-11-18,309.3943609112581,39.78116561537383,-3.089424225782466,-2.143032057179223,-0.9463921686032428,316.1827515459854,327.5031885416813,304.8623145502895,0.07160692315026213,0.20017099881796546,0,0,0.003499332794133725,0.0,98.20898378717914,112.46839187955302
2019-11-19,308.0623759677437,38.18342121161597,-3.232047005723814,-2.360835046888141,-0.8712119588356728,315.44849994302814,326.88055710389904,304.01644278215724,0.07248129037187112,0.1769556051309254,0,0,-0.004305136459472947,-0.0,98.20898378717914,111.98420010513405
2019-11-20,306.7474705878016,36.6198204215599,-3.411848792331739,-2.571037795976861,-0.840810996354878,314.4409466902218,325.15333985798543,303.7285535224581,0.06813612082345748,0.14090768598879408,0,0,-0.004268308896246964,-0.0,98.20898378717914,111.50621694758622
2019-11-21,303.75226631459606,33.27700845859154,-3.752771344461621,-2.807384505673813,-0.9453868387878082,313.5185835621213,324.58893477498157,302.44823234926105,0.0706200639661078,0.05889758781185426,0,0,-0.009764397624749899,-0.0,98.20898378717914,110.41742590767836
2019-11-22,302.1209502799162,31.585848722453278,-4.1072427559399785,-3.067356155727046,-1.0398866002129323,312.44506773711896,323.56663127339596,301.32350420084197,0.07119052073265124,0.03585134754088649,0,0,-0.005370547698203221,-0.0,98.20898378717914,109.82442385512836
2019-11-25,300.3734993295117,29.83663921734697,-4.477554134128411,-3.3493957514073194,-1.1281583827210917,311.298492401276,322.43416658083237,300.16281822171965,0.07154338650122365,0.009459737434613967,0,0,-0.0057839449690115785,-0.0,98.20898378717914,109.18920543129688
2019-11-26,298.0303036729594,27.627236113970355,-4.903579464181803,-3.6602324939622166,-1.2433469702195863,310.0947501911063,321.51307812391195,298.67642225830065,0.07364412280935892,-0.028293047333353333,0,0,-0.0078009400355980585,-0.0,98.20898378717914,108.33742698719276
2019-11-27,299.05432107511126,30.0645198181374,-5.099790748078419,-3.9481441447854575,-1.1516466032929618,309.09767729535605,320.7241098378169,297.4712447528952,0.07522821034563329,0.06808091460706128,0,0,0.003435950604793403,0.0,98.20898378717914,108.70966903497117
2019-11-28,298.41985669475594,29.40379755330146,-5.246012807135969,-4.2077178772555595,-1.0382949298804096,308.2854026202785,320.5276698096605,296.0431354308965,0.07942164685923231,0.09707030679418742,0,0,-0.0021215690115240493,-0.0,98.20898378717914,108.47903396989354
2019-11-29,299.0756919424932,31.089656658555768,-5.248473285983948,-4.415868959001237,-0.832604326982711,307.5905081874638,320.2818184823257,294.8991978926019,0.08252081879670414,0.16454148361584855,0,0,0.002197693059038386,0.0,98.20898378717914,108.71743758990036
2019-12-02,301.7204676025567,37.564784129009276,-4.979610095264491,-4.5286171862538875,-0.45099290901060307,307.10305564221983,319.9153679893411,294.29074329509854,0.08343982328881709,0.28994470733175287,0,0,0.008843164895433908,0.0,98.20898378717914,109.67884381751689
2019-12-03,304.9503168673869,44.43180401203935,-4.45456280966863,-4.513806310936836,0.05924350126820599,306.5388847111968,318.6318325863841,294.4459368360094,0.07889992740451592,0.4343184201153576,1,1,0.010704773496124753,0.0,98.20898378717914,110.85293099790026
2019-12-04,299.1132956156011,36.5977468017315,-4.458068052610145,-4.502658659271498,0.044590606661353505,305.709143783525,317.4244715652413,293.99381600180874,0.07664362038194043,0.2184949371106012,0,1,-0.019140892561604228,-0.019140892561604228,96.32917617992442,108.73110695553052
2019-12-05,299.7798878449398,37.943403873012095,-4.356834682744022,-4.473493863966003,0.11665918122198082,304.8403033351552,315.5119009568834,294.1687057134271,0.07001434852920557,0.2629026285665031,0,1,0.0022285610138688128,0.0022285610138688128,96.54385162645708,108.97342086148643
2019-12-06,298.3915880878887,36.2192468883813,-4.338617810246205,-4.446518653222044,0.10790084297583835,304.0201249928246,313.9671132993805,294.0731366862687,0.06543638061322865,0.21707331247055803,0,1,-0.004631063701542315,-0.004631063701542315,96.09675089958272,108.46875800770191
2019-12-09,298.17875333072607,35.949548750043476,-4.291880665011661,-4.415591055579967,0.12371039056830657,303.322532418009,312.8214106842594,293.82365415175866,0.06263219676116871,0.22924281461955,0,1,-0.0007132733148628168,-0.0007132733148628168,96.02820765152103,108.39139013711869
2019-12-10,300.05311400547134,40.17448603170982,-4.0568312732954155,-4.343839099123057,0.28700782582764184,302.82791826265645,311.8951544370062,293.7606820883067,0.05988375329704804,0.34698731764400653,0,1,0.006286030288235711,0.006286030288235711,96.63184387334347,109.0727416985046
2019-12-11,301.03441258739423,42.31964122108383,-3.748163842785459,-4.224704047855537,0.4765402050700782,302.3298080881669,310.56384438112497,294.0957717952088,0.05447055548394243,0.42133897309388196,0,1,0.003270416256719866,0.003270416256719866,96.94787022646368,109.4294549661204
2019-12-12,300.8414939008344,42.00079039259078,-3.4790057928204874,-4.075564396848527,0.59655860402804,301.8704944560666,309.2800766510922,294.46091226104096,0.04909113233061598,0.4305628490144154,0,1,-0.0006408526018726324,-0.0006408526018726324,96.88574093158303,109.35932681518385
2019-12-13,300.6721477475956,41.703756184232034,-3.241989283928831,-3.9088493742645882,0.6668600903357573,301.4883287183271,308.25918691071206,294.7174705259422,0.04491622094406696,0.4397283957556911,0,1,-0.0005629082313179934,-0.0005629082313179934,96.8312031505153,109.2977675499482
2019-12-16,300.8383531625203,42.13627984798394,-3.006088290484911,-3.728297157508653,0.7222088670237423,301.0605283308902,306.7177237100277,295.40333295175265,0.03758178071699796,0.48036348813502266,0,1,0.0005527795513147193,0.0005527795513147193,96.88472945954611,109.35818512085416
2019-12-17,298.446639319481,37.791101718745544,-2.977800145886931,-3.5781977551843087,0.6003976092973775,300.5797414984771,305.28587990360523,295.873603093349,0.03131374311300324,0.27337022465470223,0,1,-0.007950162663426297,-0.007950162663426297,96.11448010074066,108.48876976056627
2019-12-18,298.17027950879975,37.312302103282164,-2.9437478221008178,-3.451307768567611,0.507559946466793,300.150881944527,303.97016744919136,296.3315964398626,0.02544910399677085,0.24071034578216466,0,1,-0.0009259940447358117,-0.0009259940447358117,96.0254786645545,108.38830980584729
2019-12-19,300.339884485078,43.37748448219218,-2.710447766074026,-3.303135768068894,0.5926880019948682,299.9802628530511,303.4068311372861,296.5536945688161,0.022845291564488827,0.5524754801591828,0,1,0.007276395822723991,0.007276395822723991,96.72419805638434,109.17698605055067
2019-12-20,298.3612101806739,39.61322088526739,-2.654617492716966,-3.173432112998509,0.5188146202815429,299.79227584808893,303.1358798002306,296.44867189594726,0.022306138093003785,0.2859995250785586,0,1,-0.006588117018811901,-0.006588117018811901,96.08696772103814,108.45771529068844
2019-12-23,298.5017026496622,40.01128100288272,-2.569416397914324,-3.0526289699816718,0.4832125720673477,299.69868601409655,303.0783805627767,296.3189914654164,0.02255394972616728,0.3229154517969988,0,1,0.00047088047706744796,0.00047088047706744796,96.13221319823859,108.50878591140616
2019-12-24,300.6640673533993,45.92013160353562,-2.3008859752162607,-2.90228037102859,0.6013943958123291,299.8303741981184,303.140890721313,296.51985767492386,0.022082596081523617,0.6259158728614896,0,1,0.007244061539826152,0.007244061539826152,96.82860086660632,109.2948302341602
2019-12-25,306.19671089053463,57.46456723664873,-1.6229274875164492,-2.646409794326162,1.0234823068097127,300.1874936888896,304.5266669343445,295.8483204434347,0.02890975364851118,1.1924380362018747,0,1,0.018401412532719874,0.018401412532719874,98.61038389611882,111.30600949299256
2019-12-26,296.8045803901562,41.33370645072565,-1.82249831356512,-2.4816274981739537,0.6591291846088336,300.1067298736597,304.64021051912977,295.5732492281896,0.030212455731190156,0.13580417103986064,0,1,-0.030673518579159675,-0.030673518579159675,95.58565645358314,107.89186254283713
2019-12-27,294.61197047220224,38.608952089730224,-2.1329970645959975,-2.411901411458363,0.2789043468623653,299.8835438001451,305.02894999493833,294.7381376053519,0.034316029013064735,-0.012260172314219607,0,1,-0.007387385717133266,-0.007387385717133266,94.87952834033514,107.09482373849329
2019-12-30,292.12353217070137,35.73017317513333,-2.550465556667575,-2.4396142405002053,-0.11085131616736987,299.4036970285523,305.52519764039573,293.28219641670887,0.04089128272360418,-0.0946389063300758,-1,0,-0.008446494205623822,-0.008446494205623822,94.07812895397618,106.1902479303338
2019-12-31,290.29147555945264,33.73579313447286,-2.994623842160422,-2.5506161608322486,-0.4440076813281735,298.6707549631557,305.46888416880904,291.8726257575023,0.045522563509721545,-0.11629303814458068,0,0,-0.006271513279451191,-0.0,94.07812895397618,105.5242743802905
2020-01-01,293.6864341277641,40.37727363254362,-3.0376614297079527,-2.6480252146073893,-0.38963621510056345,298.3994118887638,305.54738523407735,291.2514385434502,0.047908762956799446,0.1703276905691264,0,0,0.011694999178906818,0.0,94.07812895397618,106.75838068252274
2020-01-02,293.8992709874719,40.77801658476011,-3.01978467410936,-2.7223771065077838,-0.29740756760157616,298.1053810458904,305.49400253294266,290.71675955883813,0.04957053415895808,0.21536571024857226,0,0,0.0007247078345307134,0.0,94.07812895397618,106.83574931740519
2020-01-03,293.90914584044305,40.797898566184124,-2.970577430892149,-2.772017171384657,-0.198560259507492,297.8812589335181,305.50162729770983,290.26089056932636,0.05116379856506829,0.23937525699281859,0,0,3.3599446973786584e-05,0.0,94.07812895397618,106.83933893949929
2020-01-06,292.5462689986253,38.858898352633226,-3.0068915333496875,-2.818992043777663,-0.18789948957202451,297.5996347169131,305.58145534064556,289.61781409318064,0.05364133347357795,0.18344529672449894,0,0,-0.004637068499248498,-0.0,94.07812895397618,106.3439176064224
2020-01-07,295.57288912624705,45.09918890217273,-2.7596364007828242,-2.8071209151786958,0.047484514395871535,297.3756234729518,305.3189020424001,289.4323449035035,0.05342252654525859,0.38652454204246944,1,1,0.010345782696124406,0.0,94.07812895397618,107.44412866903299
2020-01-08,293.7029711157931,42.23134321987722,-2.683636392901576,-2.782424010723272,0.09878761782169576,297.00905139937174,304.9179882419079,289.1001145568356,0.05325721088480524,0.2909908531701917,0,1,-0.006326419232770886,-0.006326419232770886,93.48295126957865,106.7643920669729
2020-01-09,293.1827233393239,41.4417605714401,-2.6350107233920994,-2.7529413532570373,0.11793062986493785,296.62611287129624,304.4952922168819,288.75693352571056,0.05305790019235464,0.2812103790782225,0,1,-0.001771339848871012,-0.001771339848871012,93.31736119280478,106.57527604486418
2020-01-10,294.06091421279285,43.36661800395248,-2.496829964230301,-2.70171907545169,0.2048891112213891,296.2955511945562,304.00287303764435,288.58822935146804,0.05202455326794497,0.35503155134443076,0,1,0.002995370475676218,0.002995370475676218,93.59688126138973,106.89450848016602
2020-01-13,293.4304751856821,42.291870837962854,-2.410406215320563,-2.643456503425465,0.2330502881049017,295.92515729571426,303.42240065545343,288.4279139359751,0.05066986144910467,0.33362670848936216,0,1,-0.002143906233844306,-0.002143906233844306,93.39621832418504,106.66533667707168
2020-01-14,293.9170001102072,43.45648021004683,-2.2764151791434415,-2.5700482385690604,0.2936330594256189,295.6986753352505,303.1487204441806,288.2486302263205,0.05038943850853246,0.38042520555293613,0,1,0.0016580586055938706,0.0016580586055938706,93.55107472770739,106.84219405646766
2020-01-15,293.7110874228256,43.06039918866699,-2.161920477096203,-2.4884226862744887,0.3265022091782859,295.47571573095183,302.8810840029715,288.0703474589322,0.0501250551416731,0.38085479051773163,0,1,-0.0007005810732431117,-0.0007005810732431117,93.4855346153716,106.76734243748794
2020-01-16,293.4879297670235,42.60716207888235,-2.0653811306320904,-2.403814375146009,0.33843324451391865,295.1331179950491,302.21803477734045,288.0482012127577,0.04801166897447425,0.38389502102990863,0,1,-0.0007597862844068715,-0.0007597862844068715,93.41450558838041,106.68622207508136
2020-01-17,291.4441860011776,38.600023876042435,-2.129241474345747,-2.348899794985957,0.21965832064020985,294.78726678607427,301.8839909603676,287.6905426117809,0.04814810525342943,0.2644631027787176,0,1,-0.0069636382234467,-0.0069636382234467,92.76400076664079,105.94329782112419
2020-01-20,290.91528565520923,37.61411970394198,-2.197201127653443,-2.318560061519454,0.12135893386601104,294.4079459363516,301.47967042611583,287.3362214465874,0.04804030996699434,0.2530545564806904,0,1,-0.001814756894708669,-0.001814756894708669,92.59565665666877,105.75103649095514
2020-01-21,295.57948399468444,49.792816822889236,-1.8533337391739906,-2.2255147970503617,0.3721810578763711,294.1537167684159,300.6179489053622,287.6894846314696,0.043951388464253296,0.6102812519772894,0,1,0.016032840381591917,0.016032840381591917,94.08022803987383,107.44652597920252
2020-01-22,294.0191583398072,46.52101755898566,-1.6872717777722528,-2.11786619319474,0.4305944154224872,293.54483914087956,296.6586342719085,290.4310440098506,0.021215124341086182,0.5761641628572524,0,1,-0.005278869946553244,-0.005278869946553244,93.58359075150926,106.87932974234936
2020-01-23,292.96540751904945,44.39922601437319,-1.621997978583238,-2.0186925502724398,0.39669457168920186,293.3528804973242,296.06843166309125,290.6373293315571,0.01851388785522314,0.4286566603569631,0,1,-0.003583952918945088,-0.003583952918945088,93.24819156827002,106.49627925654437
2020-01-24,293.45190058267616,45.632102188594544,-1.5135646666947764,-1.9176669735569072,0.4041023068621308,293.29487700284784,295.94598383986414,290.64377016583154,0.018078098493282298,0.5296147212243325,0,1,0.0016605819360946406,0.0016605819360946406,93.40303783076178,106.67312505413908
2020-01-27,293.7197744934324,46.33768256790712,-1.3899923335400786,-1.8121320455535417,0.4221397120134631,293.37468911898446,295.9729004521143,290.77647778585464,0.01771258005203076,0.5664082574900173,0,1,0.0009128375390459187,0.0009128375390459187,93.48829962995462,106.77050028709584
2020-01-28,292.15355323383886,42.83716653405498,-1.4022767617934164,-1.7301609888015166,0.32788422700810016,293.46779300270373,295.70985199334314,291.2257340120643,0.015279761828029632,0.2069123126662111,0,1,-0.005332365729528221,-0.005332365729528221,92.989785824896,106.20116093044037
2020-01-29,281.01713547901954,27.138547654563794,-2.2842961573986713,-1.8409880225209476,-0.4433081348777237,292.8343280702665,298.83122108820953,286.8374350523235,0.040957582107682744,-0.48527625521159834,-1,0,-0.03811837176563715,-0.03811837176563715,89.44516659841564,102.15294559615158
2020-01-30,268.9257902294855,18.997885039973724,-3.9138568871672987,-2.255561795450218,-1.658295091717081,291.5856540323672,303.81265856362177,279.3586495011126,0.0838656110968843,-0.426631855944714,0,0,-0.04302707459074784,-0.0,89.44516659841564,97.75760318632136
2020-01-31,264.26722654060393,16.89509508921273,-5.51759921316841,-2.9079692789938565,-2.6096299341745532,290.1035580673753,307.31487005465414,272.8922460800964,0.11865633156613412,-0.25056252381768934,0,0,-0.017322859532758805,-0.0,89.44516659841564,96.06416195806554
2020-02-03,246.20287483912568,11.554439712191993,-8.152244769974743,-3.956824377190034,-4.195420392784709,287.7863883594003,313.826869512036,261.74590720676457,0.18097090207140182,-0.2984398075545098,0,0,-0.06835638280974166,-0.0,89.44516659841564,89.497563328963
2020-02-04,245.43429459986422,11.389475717499678,-10.184833931630521,-5.202426288078131,-4.98240764355239,285.27945863308116,317.1620820053295,253.39683526083277,0.22351853529878543,-0.12487273346363649,0,0,-0.003121735437750961,-0.0,89.44516659841564,89.2181756139266
2020-02-05,238.12737794934742,9.936952420584817,-12.244139771924722,-6.61076898484745,-5.633370787077272,282.5006789747589,320.41002727241795,244.59133067709985,0.2683841216611462,-0.08525539237707741,0,0,-0.029771375929469768,-0.0,89.44516659841564,86.56202776798295
2020-02-06,235.1939265287168,9.417682859385067,-13.952029192924329,-8.079021026462826,-5.873008166461503,279.6012391342285,322.5994067747106,236.60307149374634,0.3075677902832179,-0.016386104831393626,0,0,-0.012318833079557168,-0.0,89.44516659841564,85.49568459688118
2020-02-07,230.38791082028243,8.622672956351522,-15.514507579931092,-9.566118337156478,-5.9483892427746135,276.41758896460294,324.0834399414378,228.75173798776805,0.3448829081780233,0.017162945788060508,0,0,-0.020434267922507576,-0.0,89.44516659841564,83.74864287161031
2020-02-10,227.2165044889441,8.134672809347023,-16.814857732023967,-11.015866216129975,-5.7989915158939915,273.10689042976605,324.8232267058114,221.3905541537207,0.37872597205192127,0.05632601567255597,0,0,-0.013765506705828101,-0.0,89.44516659841564,82.59580036655716
2020-02-11,213.08730040803025,6.397513204193885,-18.769144270950022,-12.566521827093984,-6.202622443856038,269.0654054446572,326.2757667318425,211.85504415747187,0.42525244888052066,0.010769519915917703,0,0,-0.06218388101996952,-0.0,89.44516659841564,77.45967294381401
2020-02-12,215.99299272709663,10.624535653034982,-19.85459394669644,-14.024136251014477,-5.830457695681963,265.17950070987075,325.7976099942059,204.5613914255356,0.457185484715552,0.09429196519426235,0,0,0.0136361590460925,0.0,89.44516659841564,78.51592536373417
2020-02-13,214.69593282741943,10.398787115573043,-20.58222346873191,-15.335753694557965,-5.246469774173946,261.2399008628906,324.30369747370406,198.17610425207707,0.482803709559758,0.13097711732526518,0,0,-0.006005101754925968,-0.0,89.44516659841564,78.04442924254278
2020-02-14,203.52667220427827,8.687052251362374,-21.808743474808182,-16.63035165060801,-5.1783918242001725,256.8440251730456,323.2130018571983,190.47504848889292,0.5168037421889599,0.09832623891051916,0,0,-0.05202362464928212,-0.0,89.44516659841564,73.98427514966127
2020-02-17,194.33706784919826,7.581307262541728,-23.254233360033226,-17.955127992493054,-5.299105367540172,252.01511428274506,321.9066036815118,182.12362488397835,0.5546610932259632,0.08737432175422652,0,0,-0.04515184302653197,-0.0,89.44516659841564,70.64374877167202
2020-02-18,175.41907587328924,5.912768416914531,-25.630861737019558,-19.490274741398355,-6.140586995621202,246.0070938766753,320.62904491117047,171.38514284218013,0.6066650343985899,0.02702913134262843,0,0,-0.09734628697078529,-0.0,89.44516659841564,63.76684213105278
2020-02-19,170.98026659910616,5.601270666900618,-27.554895971778194,-21.103198987474325,-6.451696984303869,239.85514928964022,318.0142407838639,161.69605779541655,0.651719104015079,0.05939301894505616,0,0,-0.02530402837938439,-0.0,89.44516659841564,62.153284148104895
2020-02-20,166.75491425089004,5.314266311347467,-29.085379437366726,-22.699635077452804,-6.385744359913922,233.5446246262323,313.995325350259,153.09392390220557,0.6889535638234535,0.08490286738176657,0,0,-0.024712514679388176,-0.0,89.44516659841564,60.61732020122267
2020-02-21,166.5581523718093,5.300645799523153,-29.96871495845403,-24.15345105365305,-5.815263904800979,227.19993721568895,307.77249622342094,146.62737820795695,0.7092656802210435,0.12368214693255394,0,0,-0.001179946509910268,-0.0,89.44516659841564,60.54579500581112
2020-02-24,144.1184810499459,4.031576736259353,-32.10932238146643,-25.74462531921573,-6.364697062250698,219.7198725435146,302.0482449198814,137.39150016714777,0.7493939571629966,0.040854572297661366,0,0,-0.13472574594710396,-0.0,89.44516659841564,52.38871760969278
2020-02-25,127.17033616708491,3.3744491231450553,-34.77250702113213,-27.55020165959901,-7.222305361533117,211.4707116901769,296.2653487544984,126.67607462585536,0.8019515930750079,0.002914462272269783,0,0,-0.11759869212739904,-0.0,89.44516659841564,46.22787293656127
2020-02-26,129.4063090654057,5.561470624353433,-36.28441159854111,-29.297043647387433,-6.987367951153679,203.8901703694962,289.60903611546684,118.17130462352553,0.8408337252416653,0.0655340241853836,0,0,0.017582503638136293,0.0,89.44516659841564,47.04067468065166
2020-02-27,131.44024546629885,7.609997036607325,-36.893203316969334,-30.816275581303813,-6.076927735665521,197.0158931313369,282.8258848874796,111.20590137519416,0.8710971525422989,0.11790202793986523,0,0,0.015717443883397797,0.0,89.44516659841564,47.780033845181975
2020-02-28,130.1392455688763,7.497960397732953,-37.053524987703554,-32.06372546258376,-4.989799525119793,190.3094940827505,274.9463818159749,105.67260634952605,0.8894657425385468,0.1445388640498522,0,0,-0.009898033078126867,-0.0,89.44516659841564,47.30710548970834
2020-03-02,121.16681968875855,6.758916914205031,-37.47261981432578,-33.14550433293217,-4.327115481393612,184.05769132523216,269.7758362939102,98.33954635655414,0.931426927627958,0.13315309926822175,0,0,-0.06894481246526896,-0.0,89.44516659841564,44.045525973445706
2020-03-03,118.542756669571,6.555411543098614,-37.583259024015376,-34.03305527114881,-3.5502037528665653,177.71311442871746,263.0867796689601,92.33944918847482,0.9608032081896454,0.15346247234062008,0,0,-0.021656613798463842,-0.0,89.44516659841564,43.091649027888586
2020-03-04,124.39102028313587,12.85319333651725,-36.77511476586372,-34.58146717009179,-2.193647595771928,172.0262965454069,255.58870617305314,88.46388691776065,0.9715073951567594,0.21497186070546784,0,0,0.04933463484290712,0.0,89.44516659841564,45.21755979745818
2020-03-05,123.25365821402094,12.674291975526529,-35.81359342079264,-34.82789242023196,-0.985701000560681,166.42928312967211,247.1233799942808,85.7351862650634,0.9697103219718431,0.23247346092680923,0,0,-0.009143441918283868,-0.0,89.44516659841564,44.8041156657636
2020-03-06,119.82536499375337,12.126395827348674,-34.92561469312818,-34.84743687481121,-0.07817781831697346,160.90115583834566,238.2245605192144,83.57775115747691,0.9611292632174017,0.23438966497840202,0,0,-0.027814940910837693,-0.0,89.44516659841564,43.55789183595804
2020-03-09,115.53547050688924,11.458867687232896,-34.174105965925776,-34.71277069303412,0.5386647271083476,155.3171041392429,228.4953358762313,82.13887240225448,0.9423074444059116,0.22818669781927947,1,1,-0.03580122194568547,-0.0,89.44516659841564,41.99846608285275
2020-03-10,107.12577242739377,10.265839301652193,-33.86672768211241,-34.54356209084978,0.6768344087373706,150.0190277402111,220.8934477494989,79.1446077309233,0.9448724082123967,0.1973996026549752,0,1,-0.07278888502898351,-0.07278888502898351,82.93455265048529,38.94144456375432
2020-03-11,106.37423248550566,10.163996595916629,-33.299910529963526,-34.29483177867253,0.9949212487090051,144.53808972813152,210.73017332577945,78.3460061304836,0.9159119747901985,0.21171887053286548,0,1,-0.007015491462593504,-0.007015491462593504,82.35272600441179,38.66825119187624
2020-03-12,113.8060902475135,18.748172542298633,-31.883482107464914,-33.81256184443101,1.929079736966095,139.49359759913625,198.11819545287173,80.86899974540077,0.8405346032038747,0.2809152788074436,0,1,0.06986520690544573,0.06986520690544573,88.1063162459375,41.36981656206842
2020-03-13,109.23135830452622,17.631343884036383,-30.775336095461114,-33.205116694637034,2.4297805991759205,134.77883190414863,186.4783578548346,83.07930595346268,0.7671757533475788,0.25292352173604943,0,1,-0.040197602193677184,-0.040197602193677184,84.56465359473299,39.706849133081
2020-03-16,106.3032384716342,16.93592818721065,-29.789996658532587,-32.52209268741615,2.7320960288835607,130.37714043527043,175.26805586472955,85.48622500581132,0.6886316923287105,0.23186220716009248,0,1,-0.026806586298494195,-0.026806586298494195,82.29776391034352,38.642444055153774
2020-03-17,106.7982073064336,17.528087862014317,-28.63903523641335,-31.74548119721559,3.1064459608022403,126.94609700692766,167.63470094049666,86.25749307335867,0.6410374937537237,0.2524136029170613,0,1,0.004656197138636298,0.004656197138636298,82.68095852317902,38.82237089259329
2020-03-18,102.40149711291974,16.40905255924804,-27.76164877883484,-30.94871471353944,3.187065934704602,123.51715853261832,159.9132217635451,87.12109530169155,0.5893280522853888,0.20991833257180403,0,1,-0.04116838947397761,-0.04116838947397761,79.27711662061499,37.224116407383804
2020-03-19,105.87690268988057,20.717764593639004,-26.480625339791146,-30.055096838789783,3.574471498998637,120.47325795456786,151.41825918657995,89.52825672255578,0.5137239875040464,0.26415649242909683,0,1,0.03393901139090216,0.03393901139090216,81.96770358463993,38.487466118150266
2020-03-20,107.16913246398255,22.321048777734816,-25.072117132466275,-29.058500897525082,3.9863837650588074,117.50380695917652,140.10048444328623,94.90712947506681,0.38461183631199813,0.2713231402611854,0,1,0.012205020559460378,0.012205020559460378,82.96812109210221,38.957206433403826
2020-03-23,103.64127183736586,21.068418465884008,-23.964287707967856,-28.03965825961364,4.075370551645783,115.47994649854752,135.09361245416295,95.86628054293207,0.33968955737024237,0.1982034187802559,0,1,-0.03291862633862719,-0.03291862633862719,80.23692451585333,37.67478871162584
2020-03-24,105.02151854424854,22.8916413475351,-22.713127735427562,-26.974352154776426,4.2612244193488635,114.37250561740571,133.70608963239042,95.038921602421,0.3380809734055951,0.25816726309230653,0,1,0.013317539262240663,0.013317539262240663,81.30548290837464,38.176524189489534
2020-03-25,112.85108608739603,32.426824223283376,-20.849454246543146,-25.749372573129772,4.899918326586626,113.54474446850523,131.539399742177,95.55008919483343,0.3169614825926726,0.4807259886182956,0,1,0.07455203135201938,0.07455203135201938,87.36697181925086,41.02266161777548
2020-03-26,112.20848677667594,32.076235354388174,-19.202972064978425,-24.440092471499504,5.237120406521079,112.58315653402406,128.48502526915263,96.68128779889548,0.282491079921406,0.4882193167485895,0,1,-0.005694223538286858,-0.005694223538286858,86.86948475184883,40.78906941238837
2020-03-27,107.63414166465277,29.62113757238319,-18.059060882489618,-23.16388615369753,5.104825271207911,111.45790133881289,125.16216337212956,97.75363930549622,0.24590920641252811,0.3604901283679447,0,1,-0.04076648071306144,-0.04076648071306144,83.32812157715901,39.12624260088452
2020-03-30,111.78140607129815,34.5149261726893,-16.626197001861556,-21.856348323330334,5.230151321468778,110.9886306579399,123.91367407854948,98.06358723733031,0.23290752113959798,0.5306681914930413,0,1,0.03853112351252519,0.03853112351252519,86.53884772171524,40.63382068712023
2020-03-31,109.4146792661072,33.10041154126323,-15.502909239369217,-20.58566050653811,5.082751267168895,110.53222678776667,122.96957261730779,98.09488095822556,0.22504469856419537,0.4550729095670444,0,1,-0.02117281297822793,-0.02117281297822793,84.70657688355202,39.773488401120986
2020-04-01,114.80479829954315,39.21071066766367,-14.016188143702337,-19.27176603397096,5.255577890268622,110.05291568858706,120.87550309375752,99.23032828341661,0.19667970334915533,0.7195354231413226,0,1,0.04926321650431076,0.04926321650431076,88.87949531990549,41.732858371357096
2020-04-02,114.87205559685013,39.2852283141911,-12.68628427416445,-17.95466968200966,5.268385407845209,109.6338355577285,118.83122459556371,100.4364465198933,0.16778376841503925,0.7847666885446084,0,1,0.0005858404727256961,0.0005858404727256961,88.93156452545932,41.75730716883357
2020-04-03,121.432848775439,46.21183336009364,-10.976395641058843,-16.559014873819496,5.582619232760653,109.7142097468128,119.30622478947978,100.12219470414581,0.1748545619533232,1.110853870458898,0,1,0.05711391812830735,0.05711391812830735,94.0107946207887,44.14223059173291
2020-04-06,122.21900923534214,46.992211822650475,-9.448938519846422,-15.136999603024883,5.688061083178461,110.04838668323544,120.8799344043367,99.21683896213418,0.19685064084181284,1.0618136422183118,0,1,0.006474034561743336,0.006474034561743336,94.61942375434063,44.428008918216236
2020-04-07,120.43028233920592,45.37900149963902,-8.287223108675505,-13.767044304155007,5.479821195479502,110.71361217882604,122.39060807753029,99.03661628012179,0.21094056401742933,0.9160603568190898,0,1,-0.01463542297820375,-0.01463542297820375,93.23462846574196,43.77778621561873
2020-04-08,123.02354266209107,48.157667822423775,-7.07573615839776,-12.428782675003557,5.353046516605797,111.54607768765531,124.24930814044635,98.84284723486428,0.22776651077524865,0.9517537888133818,0,1,0.021533291066950566,0.021533291066950566,95.24227685801378,44.72046602846638
2020-04-09,123.49026576774877,48.66383970236548,-6.008698828145938,-11.144765905632035,5.136067077486096,112.03028646366707,125.7905198846218,98.27005304271233,0.24565202598883584,0.9164166025930164,0,1,0.003793770652009698,0.003793770652009698,95.6036042127883,44.890125220029375
2020-04-10,119.90861699457653,45.030324838783216,-5.3899412911572995,-9.993800982737088,4.603859691579789,112.56414939816959,126.69077981923515,98.43751897710403,0.25099697366513873,0.7599511482035699,0,1,-0.029003490687341538,-0.029003490687341538,92.8307659683264,43.58815489125666
2020-04-13,120.73960504858644,46.03705408897625,-4.777446267371587,-8.950530039663988,4.173083772292401,113.2859677270172,127.5403236556688,99.03161179836559,0.251652631206718,0.7614512138913009,0,1,0.006930177954162398,0.006930177954162398,93.4740996961081,43.89022856134666
2020-04-14,116.9383721747711,42.227297862687124,-4.546359668671528,-8.069695965465497,3.5233362967939694,113.79297597043407,127.79481438179984,99.7911375590683,0.2460931932214121,0.6123208293056649,0,1,-0.03148289968553153,-0.03148289968553153,90.53126399218016,42.50843689837473
2020-04-15,111.72616313574632,37.62902574738962,-4.729287303359527,-7.401614233044303,2.6723269296847763,114.25920927157543,127.24829764504909,101.27012089810177,0.22736177602281016,0.4024933058041971,0,1,-0.04457227291683896,-0.04457227291683896,86.4960797860143,40.61373924767215
2020-04-16,113.63581340255085,40.19841990325465,-4.666374889841677,-6.854566364403778,2.1881914745621014,114.64715480720892,127.03151254449148,102.26279706992636,0.21604300181907066,0.459168596946555,0,1,0.017092238856214248,0.017092238856214248,87.97449144184303,41.307918979737366
2020-04-17,115.16587292652865,42.25114482574425,-4.441850445544944,-6.372023180632012,1.9301727350870683,115.04699183033622,126.92061905163249,103.17336460903996,0.2064135190741312,0.5050060985567747,0,1,0.013464589007319505,0.013464589007319505,89.15903181223538,41.86411313154718
2020-04-20,122.76809956763312,51.21197947492628,-3.608876172283672,-5.819393778962345,2.210517606678673,116.0033332168496,127.06205342724141,104.94461300645779,0.19066211122949908,0.8058566552948282,0,1,0.06601110596326043,0.06601110596326043,95.04451810877457,44.62760953953166
2020-04-21,119.59738992453735,47.875282425074005,-3.168068309522141,-5.289128685074305,2.1210603755521635,116.73212678586404,126.60070348775983,106.86355008396825,0.16908073164809073,0.6451710426551625,0,1,-0.02582682027548222,-0.02582682027548222,92.58982042140943,43.475020288629786
2020-04-22,121.01146423940719,49.456921369837076,-2.6737990322746583,-4.766062754514375,2.092263722239717,117.14014569346459,127.00787611705022,107.27241526987896,0.16847734592046287,0.6961605343762464,0,1,0.011823621868019663,0.011823621868019663,93.68456744690002,43.98905248922703
2020-04-23,119.68191185491851,47.982688414409104,-2.3621415376693164,-4.285278511145363,1.9231369734760468,117.51381694737672,127.1587141972468,107.86891969750666,0.16414916135672972,0.6123959567102175,0,1,-0.01098699526400504,-0.01098699526400504,92.65525554805058,43.50574497785982
2020-04-24,120.86672541796864,49.429349579957915,-1.9965314039583433,-3.8275290897079595,1.8309976857496162,118.1754461350425,126.719365511058,109.63152675902701,0.14459720111827817,0.6574967625795426,0,1,0.00989968780316941,0.00989968780316941,93.57251365129916,43.93643827078493
2020-04-27,121.92572580161047,50.74783410806828,-1.602853560287926,-3.382593983823953,1.779740423536027,118.68266212155814,126.82325100552616,110.54207323759012,0.13718244499150517,0.699190975387492,0,1,0.008761719819741165,0.008761719819741165,94.39236979874075,44.321397032790905
2020-04-28,122.37656453987,51.3296039050643,-1.2401860220492011,-2.954112391469003,1.7139263694198017,119.33075638524629,126.35144049374874,112.31007227674384,0.11766763776870634,0.7169167639187088,0,1,0.003697650641777628,0.003697650641777628,94.74139980550598,44.48528207497369
2020-04-29,124.20199483347648,53.71361259623204,-0.7962932433460139,-2.5225485618444052,1.7262553184983913,119.80061621194292,126.8037257124308,112.79750671145504,0.11691274589270002,0.8142445952920574,0,1,0.014916502195252868,0.014916502195252868,96.15461010368614,45.14884688270148
2020-04-30,126.4894396303619,56.58351833196285,-0.25696520508516585,-2.0694318904925577,1.8124666854073919,120.38148541361852,127.58759825886042,113.17537256837662,0.11972128139941843,0.9238036752905123,0,1,0.018417134120529255,0.018417134120529255,97.92550245427292,45.98035925112743
2020-05-01,125.60441371761125,55.158511545952834,0.0979132729349459,-1.635962857807057,1.733876130742003,120.59006366072713,128.15677487782375,113.02335244363049,0.12549477108470758,0.8313427665611476,0,1,-0.006996836378886262,-0.006996836378886262,97.24033373628015,45.658642200804884
2020-05-04,126.39407752584658,56.21799352927196,0.437829270069912,-1.2212044322316635,1.6590337023015755,120.79881707525234,128.77408631081815,112.82354783968654,0.13204217439641916,0.8507881856603732,0,1,0.0062869113024219825,0.0062869113024219825,97.85167508949806,45.94569403451037
2020-05-05,126.10239728942733,55.694542987995995,0.6758877758023942,-0.8417859906248519,1.5176737664272462,121.08242282276342,129.39863233241465,112.76621331311219,0.13736443846724528,0.8018186627476176,0,1,-0.0023077049346683642,-0.0023077049346683642,97.62586229602846,45.83966492966016
2020-05-06,126.23262594041992,55.89201328031055,0.8650870356343461,-0.5004113853730124,1.3654984210073584,121.24287698667986,129.83600279548273,112.649751177877,0.14175060873467948,0.7903337542567178,0,1,0.0010327214532939166,0.0010327214532939166,97.72668261841788,45.88700453504483
2020-05-07,125.49214163262852,54.40712317868803,0.9443915589764771,-0.21145079650311452,1.1558423554795916,121.34297077992387,130.09154926760985,112.5943922922379,0.14419588430141556,0.7371340017435284,0,1,-0.005866029501286785,-0.005866029501286785,97.15341501511536,45.617830012716574
2020-05-08,125.51502521571089,54.44739957295586,0.9975879065818702,0.030356944113882428,0.9672309624679878,121.62329119098058,130.53609449697325,112.7104878849879,0.14656408684085398,0.7183226697100813,0,1,0.00018235072558847598,0.00018235072558847598,97.17113101083676,45.626148457119164
2020-05-11,126.76190407803557,56.692332158395146,1.1273635536196025,0.24975826601502643,0.8776052876045761,121.92440614245304,131.1141239101654,112.73468837474068,0.15074451553162133,0.7632016596080267,0,1,0.009934100400982082,0.009934100400982082,98.1364387823754,46.079403196802296
2020-05-12,125.84923663041032,54.57233326782541,1.143386802016721,0.42848397321536535,0.7149028288013557,122.36994936523499,131.4045660606079,113.33533266986207,0.14766070824148964,0.692553119987772,0,1,-0.007199855936712685,-0.007199855936712685,97.42987056100027,45.74763813213563
2020-05-13,124.0466725995145,50.55156761112237,0.9991162984157427,0.5426104382554409,0.4565058601603018,122.98597483842339,130.5204134866917,115.4515361901551,0.12252516855140434,0.570389966035153,0,1,-0.014323201945114161,-0.014323201945114161,96.03436284946872,45.09238547265704
2020-05-14,123.4756496391727,49.312094131033255,0.8291462227077631,0.5999175951459053,0.2292286275618578,123.47796665025449,129.5930047309881,117.36292856952088,0.09904662745304461,0.49981054810688047,0,1,-0.004603291232045725,-0.004603291232045725,95.59228870898868,44.88481208997874
2020-05-15,123.46150894221151,49.279870528134595,0.6854017918660418,0.6170144344899327,0.06838735737610913,123.89274845103864,128.5963533597248,119.18914354235251,0.07593026980985837,0.45415861693328335,0,1,-0.00011452215074403416,-0.00011452215074403416,95.58134127449117,44.87967178476245
2020-05-18,123.59093903151198,49.604480380592584,0.5752955720696917,0.6086706620058845,-0.03337508993619276,123.9338904242326,128.61039207389004,119.25738877457516,0.07546768093294762,0.4633324845778956,-1,0,0.0010483436530899226,0.0010483436530899226,95.6815433669701,44.92672110383077
2020-05-19,123.15511854362289,48.47936935515902,0.44770763362760135,0.5764780563302279,-0.1287704227026265,124.11177685518687,128.34322052790918,119.88033318246458,0.06818762537997552,0.38695840172338564,0,0,-0.003526314237146222,-0.0,95.6815433669701,44.768295367574034
2020-05-20,122.75833376266549,47.424712382020935,0.3109911451008571,0.5233806740843537,-0.2123895289834966,124.19912033134976,128.22839716657833,120.16984349612119,0.06488414450084508,0.32121027822073916,0,0,-0.0032218293940974307,-0.0,95.6815433669701,44.62405955763515
2020-05-21,124.3493584129218,51.93961224923177,0.3272523738242654,0.48415501403233613,-0.1569026402080707,124.43249265924995,127.855164355419,121.00982096308088,0.05501250715183885,0.4878553577865511,0,0,0.012960624354288797,0.0,95.6815433669701,45.202415230725066
2020-05-22,125.31739521405588,54.499842409316145,0.413485589879528,0.4700211292017745,-0.05653553932224653,124.65502614905431,127.65406707451046,121.65598522359815,0.0481174489004575,0.6104301477481211,0,0,0.007784815406280954,0.0,95.6815433669701,45.554307689214326
2020-05-25,125.41626714139299,54.76489566974225,0.48422235917047374,0.4728613751955144,0.011360983974959327,124.82955321604342,127.55347779434429,122.10562863774256,0.043642302774032214,0.6076964336721011,1,1,0.000788972090971285,0.0,95.6815433669701,45.59024876660464
2020-05-26,125.19052235235571,53.991546831587776,0.5161165700687036,0.4815124141701523,0.034604155898551314,124.9702511066677,127.43947692216894,122.50102529116647,0.03951701774838618,0.5446033012260763,0,1,-0.0017999641847319392,-0.0017999641847319392,95.50932001576969,45.50818795165173
2020-05-27,123.77486356456295,49.29082256792906,0.42229319587650593,0.4696685705114231,-0.047375374634917145,124.94889454322204,127.4532370129158,122.44455207352827,0.04008586836800659,0.26560095257206356,-1,0,-0.011308034835163627,-0.011308034835163627,94.42929729794857,44.99357977700928
2020-05-28,126.58554613639065,57.24914772118761,0.5681863905340947,0.48937213451595746,0.07881425601813724,124.95369986852347,127.470824823081,122.43657491396594,0.04028892233212869,0.8241488399120867,1,1,0.022708023995207993,0.0,94.42929729794857,46.01529506621591
2020-05-29,125.24878862798121,52.98971092402111,0.569379190343895,0.5053735456815449,0.06400564466235004,124.93591861404198,127.43867230074333,122.43316492734063,0.04006459814703857,0.5625051549422742,0,1,-0.010560111712668463,-0.010560111712668463,93.43211336953344,45.529368409825274
2020-06-01,124.68882379141824,51.26891224779091,0.5191555087557447,0.5081299382963849,0.011025570459359813,124.85065592732056,127.25864132689877,122.44267052774235,0.038573852603224955,0.4663967780015064,0,1,-0.004470820378360663,-0.004470820378360663,93.01439517308762,45.32581478172473
2020-06-02,126.43626964254543,56.06390168373621,0.6132875582138411,0.5291614622798761,0.08412609593396492,124.86734954497646,127.31615638142625,122.41854270852667,0.039222532477439113,0.8203437842087083,0,1,0.014014454527619513,0.014014454527619513,94.3179411846549,45.96103135191052
2020-06-03,127.72958350425675,59.25909480074098,0.7832190439575442,0.5799729786154098,0.2032460653421344,124.94219742316832,127.6450407753269,122.23935407100974,0.04326550049386896,1.015639590963037,0,1,0.010228978325347082,0.010228978325347082,95.28271736072409,46.43116574541981
2020-06-04,128.4826729067321,61.03600856326204,0.9675061826270621,0.6574796194177402,0.31002656320932187,125.09172398687346,128.22006084234195,121.96338713140496,0.050016687847339446,1.04197311167611,0,1,0.0058959669468447995,0.0058959669468447995,95.84450111288847,46.70492236395828
2020-06-05,126.87068202220306,55.4600835427131,0.9722731160652245,0.7204383187472372,0.2518347973179873,125.15950682719809,128.3837391561775,121.93527449821865,0.051521972412866414,0.7653616458753478,0,1,-0.012546367911408618,-0.012546367911408618,94.64200073964075,46.11894522470628
2020-06-08,127.46593558771559,57.02145631790107,1.0124124723774344,0.7788331494732768,0.23357932290415762,125.1947084026821,128.50677901240144,121.88263779296274,0.05291071247302643,0.8428711903617836,0,1,0.004691813396324074,0.004691813396324074,95.0860433465659,46.335326709735895
2020-06-09,126.81859715567039,54.772734680575255,0.9806836888990347,0.8192032573584285,0.1614804315406062,125.24317642894509,128.62324899676418,121.863103861126,0.053976155255639334,0.7330453999308368,0,1,-0.005078521010813408,-0.005078521010813408,94.60314687759525,46.1000117794976
2020-06-10,129.0984183821381,60.65731475474475,1.1265151536538554,0.8806656366175138,0.2458495170363415,125.49576371807628,129.23526811836342,121.75625931778914,0.05959570728917767,0.9817021560109934,0,1,0.01797702606400242,0.01797702606400242,96.30383011475044,46.928752892808454
2020-06-11,129.4050696577995,61.385092569008016,1.2523950052535184,0.9550115103447148,0.29738349490880367,125.79223471900761,129.78874381306252,121.7957256249527,0.06354142770389991,0.9519988387072884,0,1,0.002375329454104458,0.002375329454104458,96.53258343896508,47.04022414179913
2020-06-12,130.1947699493187,63.269454815607915,1.3997425475082963,1.043957717777431,0.3557848297308652,126.12889776936296,130.42211388876817,121.83568164995775,0.06807664532604901,0.9735228866744117,0,1,0.00610254523727316,0.00610254523727316,97.12167789627219,47.32728923759593
2020-06-15,130.3215582759688,63.57677385137359,1.5093484651043951,1.137035867242824,0.3723125978615711,126.4654287315858,130.97092719400405,121.95993026916754,0.0712526499551251,0.9279359516542041,0,1,0.0009738357900204164,0.0009738357900204164,97.21625846219442,47.373378245700145
2020-06-16,131.45260058579663,66.28664317744429,1.6682470923229005,1.2432781122588394,0.42496898006406103,126.88030283369449,131.62414143098545,122.13646423640354,0.07477659638799622,0.9819196161852158,0,1,0.008678858086033081,0.008678858086033081,98.05998457304291,47.784525072550544
2020-06-17,131.85131489060424,67.21271162737975,1.8055352252300452,1.3557295348530807,0.4498056903769645,127.33495189009145,132.15771018765093,122.51219359253194,0.0757491674669534,0.968234433684792,0,1,0.003033141246584714,0.003033141246584714,98.35741435689087,47.92946228649656
2020-06-18,130.74711218864658,62.12330321917208,1.8044367066936786,1.4454709692212002,0.3589657374724784,127.65483957887768,132.49247156609073,122.81720759166464,0.07579237893638777,0.8196060198401278,0,1,-0.008374605159408577,-0.008374605159408577,97.53370984715156,47.528071964344385
2020-06-19,127.93777833378707,51.449152271963314,1.5589062583736109,1.4681580270516825,0.09074823132192833,127.78585873486422,132.49722982155254,123.07448764817589,0.07373853622510275,0.5161226526341866,0,1,-0.02148677556110079,-0.02148677556110079,95.43802491402428,46.506846949194674
2020-06-22,128.31268372566882,52.61914906996348,1.3786807673512982,1.4502625751116056,-0.07158180776030743,127.93067956407803,132.5116229742203,123.34973615393577,0.07161602558122519,0.5416949225726106,-1,0,0.0029303728481484548,0.0029303728481484548,95.71769391091325,46.64312935074759
2020-06-23,127.60925779051456,50.17591792655031,1.165653248021215,1.3933407096935277,-0.2276874616723128,128.05161633598595,132.45212559738732,123.65110707458459,0.06873024155907832,0.44973780087778736,0,0,-0.005482123159844199,-0.0,95.71769391091325,46.38742597108625
2020-06-24,129.82608389080102,56.958648518656794,1.1623083762268323,1.3471342430001887,-0.18482586677335644,128.35417735229788,132.3280008013961,124.38035390319968,0.06191965904142135,0.6852002935406151,0,0,0.01737198490665648,0.0,95.71769391091325,47.193267634914605
2020-06-25,131.89330380591954,62.135201346275394,1.3113485026511853,1.339977094930388,-0.02862859227920267,128.61956523577433,132.79965062711534,124.43947984443332,0.06499921506776106,0.8915875231791578,0,0,0.015922993694066134,0.0,95.71769391091325,47.94472573786773
2020-06-26,132.2641968913835,62.995126039669124,1.4427606027910542,1.3605337965025213,0.08222680628853296,128.97033564894443,133.13681082802765,124.80386046986119,0.06461137219064575,0.8952815150531931,1,1,0.0028120691101174433,0.0,95.71769391091325,48.07954962010824
2020-06-29,133.35564544253842,65.47962857098723,1.6163442055250528,1.4116958783070277,0.20464832721802506,129.40367673150044,133.4973588099733,125.30999465302759,0.06326995000253091,0.9826912099280875,0,1,0.008252033254707802,0.008252033254707802,96.50755950413006,48.47630366244474
2020-06-30,132.58196410347344,62.287188319922606,1.6722047081915434,1.4637976442839309,0.20840706390761254,129.71096145454686,133.7893805064799,125.63254240261384,0.06288472471715013,0.8519749457287652,0,1,-0.005801639191933217,-0.005801639191933217,95.94765746459308,48.19506163923665
2020-07-01,129.54087864786217,51.63147987093938,1.4543198838137243,1.4619020921898898,-0.007582208376165411,129.8015262117271,133.7737498869745,125.82930253647967,0.06120457580395606,0.46719122773861843,-1,0,-0.022937399337649378,-0.022937399337649378,93.7468677298157,47.08959226431485
2020-07-02,128.16500185313788,47.65897950187552,1.1572824009321607,1.4009781539383441,-0.2436957530061834,129.7856426590474,133.7825350463818,125.78875027171298,0.06159221167220206,0.29726239177152997,0,0,-0.010621178496591832,-0.0,93.7468677298157,46.58944529954383
2020-07-03,128.68137963204978,49.2375522858233,0.9525648522523227,1.3112954936011398,-0.35873064134881716,129.87617753953973,133.6720319712615,126.08032310781795,0.05845343624416668,0.3426180549094465,0,0,0.004029007696684683,0.0,93.7468677298157,46.777154533239965
2020-07-06,126.92029918333982,44.327440145750224,0.6408331204578985,1.1772030189724916,-0.536369898514593,129.84889571932095,133.72469081611098,125.97310062253092,0.0596970051276813,0.12219409658593396,0,0,-0.013685588806597981,-0.0,93.7468677298157,46.13698163075534
2020-07-07,126.80985436271702,44.03088652726723,0.3804855030711849,1.0178595157922303,-0.6373740127210454,129.84845857967326,133.72569444841702,125.9712227109295,0.05971939769103598,0.10814813441556793,0,0,-0.0008701903583071546,-0.0,93.7468677298157,46.096833674178875
2020-07-08,127.39673045608701,46.09459632504316,0.21898975897067885,0.8580855644279202,-0.6390958054572413,129.76337418337073,133.78201951202195,125.74472885471951,0.06193805230391751,0.2055421001686114,0,0,0.004628000689057998,0.0,93.7468677298157,46.31016985218636
2020-07-09,126.26320595473068,42.81117564667363,-0.0004574624011013384,0.6863769590621159,-0.6868344214632173,129.6062809982173,133.91879409964375,125.29376789679085,0.06654790289809742,0.112398273946016,0,0,-0.008897594917061546,-0.0,93.7468677298157,45.898120720301286
2020-07-10,126.51476411578142,43.76847671635589,-0.1523165151595549,0.5186382642177817,-0.6709547793773366,129.42228070654045,133.938297563053,124.90626385002788,0.06978731686474347,0.1780883815163259,0,0,0.0019923314884062737,0.0,93.7468677298157,45.98956499147101
2020-07-13,127.15107669044278,46.220750150587854,-0.2187986272889333,0.3711508859164387,-0.589949513205372,129.26375662726412,133.86857124816513,124.6589420063631,0.07124680174937403,0.27060097845937225,0,0,0.0050295519191658755,0.0,93.7468677298157,46.220871896335474
2020-07-14,127.00790507232958,45.73743329099028,-0.27981341826783535,0.2409580250795839,-0.5207714433474192,129.04152185159077,133.6305378335754,124.45250586960614,0.07112464137337758,0.27842561594417153,0,0,-0.001125996112968486,-0.0,93.7468677298157,46.16882737424219
2020-07-15,128.72757763742945,52.20250838534459,-0.18724641548530485,0.15531713696660615,-0.342563552451911,128.88533498893202,133.28021978641613,124.4904501914479,0.06819836869511212,0.4820521630518191,0,0,0.013539886073394625,0.0,93.7468677298157,46.793948037031655
2020-07-16,127.29679763416566,47.167210000979125,-0.22672484472818155,0.0789087406276486,-0.3056335853558302,128.71281926120798,133.07071136102584,124.35492716139012,0.06771496615226825,0.33753365220980236,0,0,-0.011114790082461523,-0.0,93.7468677298157,46.273843127470435
2020-07-17,127.76805114266068,48.91501714287675,-0.21747860662280516,0.01963127117755785,-0.23710987780036302,128.70433290165167,133.06923526078234,124.339430542521,0.06782836693565042,0.3927488312502069,0,0,0.0037020059989989473,0.0,93.7468677298157,46.44514917232506
2020-07-20,127.69835644667084,48.65863974051721,-0.21331570514773546,-0.026958124087500816,-0.18635758106023464,128.67361653770178,133.05872289836776,124.2885101770358,0.06815859348106734,0.38879858197067496,0,0,-0.0005454782738449904,-0.0,93.7468677298157,46.41981435252607
2020-07-21,128.02266457640684,49.972617765615716,-0.1817524904501795,-0.057916997360036554,-0.12383549309014294,128.6942868769964,133.06213189973982,124.32644185425295,0.06787939276462433,0.42311743009511565,0,0,0.0025396421595405005,0.0,93.7468677298157,46.53770407009379
2020-07-22,127.76429261876287,48.89889539032081,-0.17556309104959666,-0.08144621609794858,-0.09411687495164808,128.59119731339447,132.94386640029452,124.23852822649442,0.06769777679714725,0.4050117665594784,0,0,-0.0020181735671480627,-0.0,93.7468677298157,46.44378290586377
2020-07-23,128.53371208974391,52.19311700159056,-0.10733493610138112,-0.08662396009863509,-0.02071097600274603,128.4232177275857,132.48918076605005,124.35725468912133,0.06332130763284838,0.5135877233896293,0,0,0.006022179242810344,0.0,93.7468677298157,46.72347569123705
2020-07-24,129.41781953739832,55.72501013537459,0.01787045104816798,-0.06572507786927448,0.08359552891744246,128.28089885988643,131.96181070099433,124.59998701877853,0.057388307594076655,0.6544346518727931,1,1,0.006878409043668654,0.0,93.7468677298157,47.04485886898328
2020-07-27,127.82074027691752,48.72251341702959,-0.011640146192689826,-0.05490809153395755,0.043267945341267725,128.0041536016054,130.80585294301108,125.20245426019972,0.043775131705890855,0.4672674862043096,0,1,-0.012340489634190432,-0.012340489634190432,92.5899854803581,46.464302275768645
2020-07-28,126.58433555989727,44.10209944327532,-0.13325890896484793,-0.07057825502013564,-0.0626806539447123,127.70427217442656,129.57066035943797,125.83788398941518,0.0292298472593331,0.1999722181260852,-1,0,-0.009672958506902973,-0.009672958506902973,91.69436639265184,46.014855007802936
2020-07-29,125.2454658007766,39.710534588451225,-0.33383006959692807,-0.12322861793549414,-0.21060145166143393,127.4895015320723,129.45211257163697,125.5268904925076,0.03078859068361726,-0.071696501766704,0,0,-0.010576899212676572,-0.0,91.69436639265184,45.528160524099476
2020-07-30,125.60761593444752,41.41002359887364,-0.4582789161856766,-0.19023867758553065,-0.268040238600146,127.36163223613778,129.46698538925565,125.25627908301992,0.033061026561192135,0.08343893538889205,0,0,0.0028915229094759187,0.0,91.69436639265184,45.65980624328121
2020-07-31,125.97490967710749,43.16003271132197,-0.5212592362787802,-0.2564427893241806,-0.26481644695459966,127.22630873839066,129.32239274673802,125.13022473004328,0.032950480590574156,0.20149119589204603,0,0,0.0029241359286020785,0.0,91.69436639265184,45.7933217232102
2020-08-03,126.9899681712839,47.80034140939278,-0.4836891885396142,-0.3018920691672673,-0.18179711937234688,127.22979218778787,129.3239656152424,125.13561876033332,0.03291954488715343,0.4427401729580111,0,0,0.008057624306126998,0.0,91.69436639265184,46.16230710538542
2020-08-04,128.3019639783287,53.1268568601459,-0.34408120426699895,-0.3103298961872136,-0.033751308079785325,127.30439766856846,129.44145448142194,125.16734085571495,0.03357396683839988,0.7333972367417451,0,0,0.010331491738585052,0.0,91.69436639265184,46.63923259987874
2020-08-05,129.1701212173669,56.304211808613836,-0.1615258675573017,-0.28056909046123124,0.11904322290392955,127.39306720663244,129.6876126577201,125.09852175554478,0.03602308196828161,0.8872344323996918,1,1,0.006766515586502209,0.0,91.69436639265184,46.954817694208316
2020-08-06,129.58121864878223,57.764213303151585,0.016136665619413293,-0.22122793924510234,0.23736460486451563,127.55896784133502,129.9855495523932,125.13238613027683,0.03804643063710741,0.9166871443544655,0,1,0.0031826046731313617,0.0031826046731313617,91.98619331163292,47.104256316427936
2020-08-07,130.0442149053971,59.409186688872474,0.1920812386859012,-0.13856610365890162,0.33064734234480286,127.73544038081579,130.34847087421272,125.12240988741885,0.040913163732895816,0.9417810144993577,0,1,0.003573019774337771,0.003573019774337771,92.31486179930144,47.272560755702
2020-08-10,131.34100116986565,63.67638615034743,0.4311879282689688,-0.02461529727332755,0.45580322554229635,127.94493660478695,130.9958544660216,124.8940187435523,0.04769110747475261,1.0565644044747204,0,1,0.00997188737239818,0.00997188737239818,93.23541520396257,47.743957407362714
2020-08-11,129.6123379791489,55.326591885997466,0.4757093487310726,0.07544963192755248,0.4002597168035201,128.0751582501279,131.17953613485452,124.97078036540131,0.048477439764920256,0.7475825730791072,0,1,-0.013161641645178634,-0.013161641645178634,92.00828408040859,47.11556854924434
2020-08-12,128.78931347020105,51.8411408613331,0.4395152375676048,0.14826275305556294,0.2912524845120419,128.07824504176648,131.18547585489904,124.97101422863393,0.048520821192065536,0.6144215655672038,0,1,-0.006349893241492488,-0.006349893241492488,91.42404129916508,46.816389718944414
2020-08-13,127.26840068147905,46.06577294892419,0.2848229310022248,0.1755747886448953,0.10924814235732946,128.07682519413214,131.18558508621905,124.96806530204523,0.04854523661676986,0.3699763666678041,0,1,-0.011809308922777206,-0.011809308922777206,90.3443865524945,46.263520510104264
2020-08-14,131.79043519863814,60.24640910100298,0.521111507785605,0.24468213247303727,0.2764293753125677,128.27794439693102,131.79609051437762,124.75979827948441,0.054851925387272966,0.9991962648010206,0,1,0.0355314790862864,0.0355314790862864,93.55445623384784,47.90733182156702
2020-08-17,133.15635650835208,63.37856322855956,0.8092616766069227,0.3575980412998144,0.45166363530710835,128.5508444000151,132.67435636245193,124.42733243757829,0.0641537903804907,1.0584453434706786,0,1,0.01036434326706015,0.01036434326706015,94.5240867324186,48.403859853574694
2020-08-18,132.44352653117377,60.6911343873408,0.9689340707905103,0.4798652471979536,0.4890688235925567,128.77188749775343,133.23607755272315,124.30769744278369,0.06933485470650742,0.9112323835017877,0,1,-0.0053533304445259056,-0.0053533304445259056,94.01806806117293,48.144737996987985
2020-08-19,130.52182986866165,54.03866670702521,0.9296938017505738,0.5698309581084777,0.3598628436420961,128.9097643602484,133.4130863223895,124.40644239810732,0.06986781776369091,0.6789862596951431,0,1,-0.014509555225863058,-0.014509555225863058,92.65390771041038,47.44617926218598
2020-08-20,128.604839687682,48.345741481480744,0.7354329064217495,0.6029513477711321,0.1324815586506174,128.91332074014528,133.41550446968117,124.4111370106094,0.06984823141141609,0.4657409525027211,0,1,-0.01468712308821174,-0.01468712308821174,91.29308836326376,46.74933138729689
2020-08-21,127.9052304714416,46.42358029867897,0.5190439152655131,0.5861698612700084,-0.06712594600449528,128.83769128684747,133.35498455554315,124.32039801815179,0.07012378479583689,0.3967898739420218,-1,0,-0.0054399913559971536,-0.0054399913559971536,90.79645475170533,46.49501542865136
2020-08-24,129.45905540132333,51.07605766745175,0.46754519676881046,0.5624449283697688,-0.09489973160095833,128.91960704306774,133.4186340242338,124.4205800619017,0.06979585315774461,0.5599516696069873,0,0,0.01214825167160516,0.0,90.79645475170533,47.05984857755377
2020-08-25,131.79513967186892,57.106792194233435,0.6082233483403456,0.5716006123638842,0.036622735976461485,129.18014724866632,133.7131485540991,124.64714594323354,0.07018108280534688,0.7884394076909436,1,1,0.0180449661346882,0.0,90.79645475170533,47.90904195143929
2020-08-26,134.29672897731734,62.445357798426436,0.9110669347830083,0.639493876847709,0.2715730579352993,129.63271040749336,134.31649882470137,124.94892199028534,0.0722624467618517,0.9978895452117998,0,1,0.01898089194849395,0.01898089194849395,92.51985244865377,48.81839830007542
2020-08-27,134.06962384757625,61.69463590956061,1.1198383732441073,0.7355627761269887,0.38427559711711856,130.0558108031498,134.7374532873826,125.37416831891699,0.07199436081051176,0.9286757327096717,0,1,-0.0016910697041582212,-0.0016910697041582212,92.36339492914465,48.735842985704636
2020-08-28,133.28944285000614,59.06751113521925,1.2084073879217954,0.8301316984859501,0.3782756894358452,130.42153746179474,134.89924693499597,125.94382798859351,0.06866518460592316,0.8202424593841567,0,1,-0.005819222693255965,-0.005819222693255965,91.82591176534682,48.45223826222727
2020-08-31,135.3636970859485,63.51576750878236,1.4294956161014625,0.9500044820090527,0.47949113409240973,130.84022390752796,135.52795138430704,126.15249643074887,0.07165575442750946,0.9824803917066227,0,1,0.015562029457025783,0.015562029457025783,93.25490930915738,49.20625342132288
2020-09-01,136.614975848113,65.92166332865546,1.6862394497926516,1.0972514755657725,0.5889879742268791,131.2558745010172,136.4435103168346,126.06823868519977,0.07904615066622722,1.0165263655127452,0,1,0.009243828213187921,0.009243828213187921,94.11694167084765,49.66110757496418
2020-09-02,136.6784119411612,66.04391540594912,1.8732360511352795,1.252448390679674,0.6207876604556055,131.6312890372069,137.25201683234124,126.01056124207255,0.08540109021564908,0.9489741442668151,0,1,0.0004643421605454723,0.0004643421605454723,94.16064413488702,49.684167320950614
2020-09-03,136.49186167445177,65.3020099968405,1.9835144377358631,1.3986616000909118,0.5848528376449513,131.97682118849036,137.9079928648965,126.04564951208424,0.0898820205395792,0.8806196087631368,0,1,-0.0013648846519355162,-0.0013648846519355162,94.03212571689096,49.616354163530055
2020-09-04,137.33024037390916,67.091201379957,2.1141899424339385,1.5417672685595172,0.5724226738744214,132.34112246191597,138.65516878294096,126.02707614089098,0.09542077630242245,0.8950808766939236,0,1,0.006142334708988173,0.006142334708988173,94.60970250644175,49.92111441784216
2020-09-07,136.4619726585313,63.44255919872556,2.1232141817264107,1.658056651192896,0.4651575305335147,132.59717103634927,139.15122250779135,126.04311956490717,0.0988565807281877,0.7948406523066002,0,1,-0.00632248012538128,-0.00632248012538128,94.01153454267653,49.60548916409847
2020-09-08,135.7008616086182,60.3445492302342,2.0453728702761396,1.735519895009545,0.3098529752665946,132.9015972178227,139.43747740368408,126.36571703196135,0.09835668378235073,0.7141459383581527,0,1,-0.005577458943947899,-0.005577458943947899,93.48718906850722,49.328816584891264
2020-09-09,135.3357661037967,58.859763543264876,1.9319525675270484,1.774806429513046,0.15714613801400246,133.2289198495025,139.54982443181783,126.90801526718715,0.09488787553716611,0.6666570209103254,0,1,-0.0026904435277242955,-0.0026904435277242955,93.23566706575271,49.196100189580136
2020-09-10,136.8091310917541,62.834052805440955,1.9386073428453017,1.8075666121794973,0.13104073066580435,133.70595637001628,139.5552849317122,127.85662780832035,0.087495407392451,0.7652590540099611,0,1,0.010886737707070049,0.010886737707070049,94.25069931804127,49.73168522855484
2020-09-11,136.94158314042164,63.178424992659465,1.9322947821724483,1.8325122461780876,0.09978253599436071,133.96351376710544,139.91052371799944,128.01650381621144,0.08878551754372212,0.7503837556946173,0,1,0.0009681521080542321,0.0009681521080542321,94.34194833127162,49.77983306444595
2020-09-14,137.63557517838063,65.00792754475643,1.960689778608696,1.8581477526642094,0.10254202594448669,134.18747470060686,140.34030489430467,128.03464450690905,0.0917049852443491,0.7802044237549073,0,1,0.005067796224083043,0.005067796224083043,94.82005410079748,50.032107114485434
2020-09-15,139.55290966178416,69.5145515452924,2.1135422869871263,1.909226659528793,0.20431562745833332,134.54294385713737,141.0809563958761,128.00493131839866,0.09718848646096244,0.8831413426451828,0,1,0.013930515282248646,0.013930515282248646,96.14094631351229,50.729080147246876
2020-09-16,138.6744732293778,65.36119887521141,2.139137872596109,1.9552089021422563,0.1839289704538527,134.95057602517318,141.4494590927937,128.45169295755267,0.09631501041400867,0.7865028625271214,0,1,-0.006294647919096064,-0.006294647919096064,95.53577290586,50.40975844846035
2020-09-17,137.66536065598055,60.86250087901552,2.0543147458068063,1.9750300708751665,0.07928467493163982,135.40360207358813,141.27262098679924,129.53458316037703,0.08668925823733192,0.6926862577748063,0,1,-0.007276844468182109,-0.007276844468182109,94.8405739452765,50.04293447655228
2020-09-18,135.74723662613047,53.3463833375483,1.8114341427125566,1.9423108852426447,-0.13087674253008807,135.79570238132254,140.48461930850442,131.10678545414066,0.06905839941848994,0.49483188165361697,-1,0,-0.013933236514328207,-0.013933236514328207,93.51913779734232,49.34567443461945
2020-09-21,133.29434486432646,45.592434453793906,1.4048276704838258,1.834814242290881,-0.42998657180705524,135.98746685447273,139.8208780460607,132.15405566288476,0.05637888961767783,0.14873035326133963,0,0,-0.018069552079057583,-0.0,93.51913779734232,48.45402020054687
2020-09-22,135.34636187352928,51.8921527644411,1.2339455784976394,1.7146405095322328,-0.4806949310345934,136.16502796455572,139.47390902562148,132.85614690348996,0.04860104111206993,0.3762926082990184,0,0,0.015394629166687102,0.0,93.51913779734232,49.199951873169454
2020-09-23,136.2792225406394,54.47293859077766,1.160417775275107,1.6037959626808078,-0.4433781874057008,136.26415264272185,139.45401425237102,133.07429103307268,0.04681879346526062,0.5023621554414728,0,0,0.006892395585644362,0.0,93.51913779734232,49.539057404274004
2020-09-24,138.31640293308084,59.57330804183939,1.2520965046228696,1.5334560710692202,-0.28135956644635063,136.47649159699705,139.61626360222607,133.33671959176803,0.046011909721426415,0.7930007868436901,0,0,0.014948576565543048,0.0,93.51913779734232,50.27959579686663
2020-09-25,137.3071633993647,56.21344431605396,1.2291465262983365,1.4725941621150436,-0.24344763581670703,136.677377624465,139.4513897737122,133.9033654752178,0.04059211842458785,0.6135153238370994,0,0,-0.007296600492165961,-0.0,93.51913779734232,49.91272567342931
2020-09-28,135.45217371927987,50.56823945186623,1.0491820214926122,1.3879117339905576,-0.33872971249794537,136.68180145613158,139.4472616468673,133.91634126539586,0.040465667869080665,0.277681172021395,0,0,-0.013509780802109295,-0.0,93.51913779734232,49.23841569034546
2020-09-29,133.85328048363598,46.25629637935581,0.7686806610778376,1.2640655194080135,-0.49538485833017587,136.5437166879077,139.58524071661554,133.50219265919986,0.04455018659935448,0.05771577359283215,0,0,-0.0118041164769902,-0.0,93.51913779734232,48.65719969639416
2020-09-30,135.21183838768934,50.1461832375495,0.6485297338844589,1.1409583623033026,-0.4924286284188437,136.4703880102341,139.56842949946358,133.37234652100463,0.04540239878261571,0.29687979858885266,0,0,0.010149604844533089,0.0,93.51913779734232,49.1510510461541
2020-10-01,134.2990808041511,47.65077651842896,0.47419116906169734,1.0076049236549816,-0.5334137545932842,136.3607489667191,139.6072382298872,133.11425970355097,0.04761618409650229,0.18247728616294573,0,0,-0.00675057446464955,-0.0,93.51913779734232,48.819253216051244
2020-10-02,133.4240925315415,45.322427479218405,0.2623976031483721,0.8585634595536598,-0.5961658564052876,136.1654415746007,139.6290775536108,132.70180559559057,0.05087393598488799,0.10426715456359201,0,0,-0.006515221603680121,-0.0,93.51913779734232,48.5011849628225
2020-10-05,132.21683191225173,42.25456937625781,-0.0028335033441351243,0.6862840669741008,-0.689117570318236,135.95318453728675,139.83532187618337,132.07104719839012,0.05710991400619829,0.018776346782086104,0,0,-0.009048295524321182,-0.0,93.51913779734232,48.062331907999116
2020-10-06,132.7523985545254,44.06347035136578,-0.16788009675838111,0.5154512342276045,-0.6833313309859856,135.8057613845821,139.94374707148475,131.66777569767945,0.06093976639451225,0.13105686424664884,0,0,0.004050669151028474,0.0,93.51913779734232,48.25701651318534
2020-10-07,133.61035269385286,46.93140967057271,-0.22683615630458576,0.36699375612116647,-0.5938299124257522,135.71949071408488,139.96917101221283,131.46981041595694,0.06262446573838952,0.251847448246738,0,0,0.006462814598224176,0.0,93.51913779734232,48.5688926639735
2020-10-08,133.65697631507214,47.09016833268972,-0.2667225105947466,0.24025050277798388,-0.5069730133727305,135.5618829752508,139.87474777060038,131.2490181799012,0.06362946133076319,0.27915993770165826,0,0,0.000348952160362348,0.0,93.51913779734232,48.585840883995004
2020-10-09,132.71214299071576,44.20416421430363,-0.37030424982376076,0.11813955225763495,-0.4884438020813957,135.3504109677655,139.79129400617063,130.90952792936037,0.06562053275867416,0.20295682702811904,0,0,-0.007069090970074798,-0.0,93.51913779734232,48.24238315492846
2020-10-12,131.43748396888762,40.589989465606266,-0.548920243840513,-0.015272406961994639,-0.5336478368785184,135.04050640729085,139.6709561015096,130.4100567130721,0.06857867787096443,0.11094249194611662,0,0,-0.009604690219773726,-0.0,93.51913779734232,47.779030009261746
2020-10-13,133.1921898896222,47.01262620828182,-0.542629507654425,-0.1207438271004807,-0.42188568055394426,134.72247041868275,138.89951567953153,130.54542515783396,0.06200962983929265,0.316822606232714,0,0,0.013350118000964972,0.0,93.51913779734232,48.41688569785704
2020-10-14,133.75718144580856,48.92717275369474,-0.4864465046487112,-0.19388436261012681,-0.2925621420385844,134.4766058295043,138.2317728645241,130.72143879448453,0.05584862901404213,0.40420873732292406,0,0,0.004241927072860419,0.0,93.51913779734232,48.62226659608236
2020-10-15,133.39363595816062,47.73206989172107,-0.46588571208167195,-0.24828463250443586,-0.2176010795772361,134.26301959461327,137.7293497408671,130.79668944835944,0.0516349201249887,0.37459595598644513,0,0,-0.0027179511688142366,-0.0,93.51913779734232,48.49011364975714
2020-10-16,132.28243938797027,44.17987742238212,-0.5331100515718674,-0.3052497163179222,-0.22786033525394522,134.08977973270527,137.5899427065546,130.58961675885593,0.052206260325381566,0.2418205440377889,0,0,-0.008330206776422822,-0.0,93.51913779734232,48.08618097644242
2020-10-19,132.5682152302462,45.30716815436872,-0.556906432112612,-0.3555810594768602,-0.20132537263575184,134.05347325100126,137.60309139798667,130.50385510401586,0.05295824212385928,0.2907862255526778,0,0,0.0021603460262611396,0.0,93.51913779734232,48.19006376643296
2020-10-20,134.070648905778,50.9190972123927,-0.44935154893698837,-0.37433515736888584,-0.07501639156810253,133.9896876026137,137.4869454617683,130.49242974345913,0.05220189585823568,0.5115749690793258,0,0,0.011333287341330989,0.0,93.51913779734232,48.736215606095
2020-10-21,132.99311838225194,47.18006463733107,-0.4459209380814002,-0.38865231351138874,-0.05726862457001147,133.82538239469432,137.17540566202214,130.4753591273665,0.05006558856596465,0.3757823534303029,0,0,-0.008037035192418052,-0.0,93.51913779734232,48.34452092612354
2020-10-22,132.61647586778432,45.9110113570188,-0.46819697417109296,-0.4045612456433296,-0.06363572852776334,133.5403860414295,136.17518740505557,130.90558467780346,0.039460742053098956,0.3246717596248512,0,0,-0.0028320451392459534,-0.0,93.51913779734232,48.20760706062554
2020-10-23,132.68987377576696,46.214627271202126,-0.4744590271752429,-0.4185408019497123,-0.05591822522553058,133.3095215602496,135.28004849211666,131.33899462838255,0.02956318361665518,0.3427710440132018,0,0,0.0005534599490926162,0.0,93.51913779734232,48.23428804037519
2020-10-26,131.7765160607475,42.98138685941456,-0.5468186980812106,-0.444196381176012,-0.10262231690519863,133.125738677323,134.9337770138129,131.3177003408331,0.027162866541868398,0.12688218790900346,0,0,-0.006883401792686539,-0.0,93.51913779734232,47.90227205560911
2020-10-27,133.2811872970195,49.277139829401776,-0.477248441930783,-0.4508067933269662,-0.02644164860381676,133.09713401799218,134.8745505427775,131.31971749320684,0.026708561952131366,0.5517755057581545,0,0,0.011418356481502023,0.0,93.51913779734232,48.44923727421395
2020-10-28,135.04163352771252,55.47198171279976,-0.27686864515442267,-0.41601916369245756,0.1391505185380349,133.08862377499332,134.8245537047351,131.35269384525154,0.026086826664864178,1.0625255142094647,1,1,0.013208512516997839,0.0,93.51913779734232,49.0891796311894
2020-10-29,131.30552163850788,43.366923165610025,-0.4147581443100421,-0.4157669598159745,0.0010088155059324033,132.93894581671117,134.75002735519422,131.12786427822812,0.02724681660978522,0.04904731137300735,0,1,-0.02766637067107114,-0.02766637067107114,90.93180266620206,47.73106019157412
2020-10-30,132.62542238659017,47.7083422179556,-0.4127734113876613,-0.4151682501303119,0.0023948387426505624,132.89901230946361,134.70024659485995,131.09777802406728,0.02710681221922172,0.4240548758449704,0,1,0.010052134377989574,0.010052134377989574,91.84586136583556,48.21085922262374
2020-11-02,129.45638242554398,39.8162366849299,-0.6593153592796455,-0.46399767196017866,-0.1953176873194668,132.7609898351282,135.11924252778886,130.40273714246757,0.03552628969683464,-0.20064743694957723,-1,0,-0.023894664416666322,-0.023894664416666322,89.65123533043926,47.05887692026
2020-11-03,130.09847608381162,41.91292285454487,-0.7937402931875681,-0.5299461962056566,-0.2637940969819115,132.62829371159253,135.27019017210856,129.9863972510765,0.03983910803016091,0.021211814015076186,0,0,0.004959922765005009,0.0,89.65123533043926,47.292285315192366
2020-11-04,131.39806652271994,46.01250924458641,-0.7863424680095079,-0.5812254505664269,-0.20511701744308097,132.51767940303588,135.1716729737998,129.86368583227198,0.04005493580508777,0.28907015965496824,0,0,0.00998928256524012,0.0,89.65123533043926,47.76470131636178
2020-11-05,132.08248735996776,48.09033968600293,-0.7169876097788972,-0.608377882408921,-0.1086097273699762,132.43895495528065,135.0436039481779,129.8343059623834,0.03933357815722308,0.431570895678273,0,0,0.005208758814799319,0.0,89.65123533043926,48.01349612537963
2020-11-06,131.83776795061218,47.388050978997896,-0.6740007351618544,-0.6215024529595077,-0.05249828220234676,132.3952362032755,135.00991139949883,129.78056100705214,0.039498025324851645,0.39339627088891893,0,0,-0.001852777111083892,-0.0,89.65123533043926,47.924537818735416
2020-11-09,133.05050560745354,51.19197801849163,-0.5358980347291151,-0.6043815693134292,0.06848353458431411,132.47588728520378,135.06556302278156,129.886211547626,0.039096559995141375,0.6109440679988809,1,1,0.009198711990449304,0.0,89.65123533043926,48.36538183940536
2020-11-10,132.8206718653864,50.44755546432566,-0.4399251288030541,-0.5714902812113543,0.13156515240830013,132.457311383992,135.03063128457768,129.8839914834063,0.03885508279910147,0.5706014983429981,0,1,-0.001727417276753851,-0.001727417276753851,89.49637023764714,48.28183464321917
2020-11-11,131.7726829460489,47.08530121546462,-0.4433195450326366,-0.5458561339756107,0.10253658894297413,132.358086459004,134.8727393044269,129.8434336135811,0.03799772137385447,0.383601524953902,0,1,-0.007890254616387149,-0.007890254616387149,88.79022108922965,47.90087867453787
2020-11-12,131.85716149051805,47.38969491569996,-0.4341878841718483,-0.5235224840148582,0.08933459984300995,132.28126273562188,134.7562768366378,129.80624863460596,0.03742047890731877,0.4143234689188746,0,1,0.000641092998795223,0.000641092998795223,88.84714387833144,47.93158759249226
2020-11-13,131.37714919697586,45.778272671520156,-0.4603770179205071,-0.5108933907959881,0.05051637287548094,132.23599822607216,134.7438172697764,129.7281791823679,0.0379294454966317,0.32876574941633274,0,1,-0.003640396077968844,-0.003640396077968844,88.52370508421802,47.757097629009735
2020-11-16,131.03115616545614,44.60101941118292,-0.5032496919710923,-0.5093646510310089,0.006114959059916658,132.15914527283266,134.71778970898367,129.60050083668165,0.03872065653676684,0.2795729075444802,0,1,-0.0026335860812519707,-0.0026335860812519707,88.29057028664738,47.63132520141298
2020-11-17,134.29353921614373,56.072076855895254,-0.27085727367128243,-0.46166317555906367,0.19080590188778124,132.17028978835094,134.76566822247605,129.57491135422583,0.03927325026344699,0.9090442842314291,0,1,0.024897765891404466,0.024897765891404466,90.48880823606291,48.81723878537511
2020-11-18,134.1710164317538,55.60639107217643,-0.09547064642282521,-0.388424669731816,0.2929540233089908,132.22918469082603,134.95343975243978,129.50492962921228,0.0412050496716517,0.8563968308785117,0,1,-0.0009123505501834606,-0.0009123505501834606,90.40625072208329,48.772700350710835
2020-11-19,132.83424071634695,50.66259921295692,-0.06360886566034196,-0.32346150891752123,0.25985264325717927,132.24007293325417,134.97257377565842,129.50757209084992,0.04132636623368214,0.6087223421622068,0,1,-0.009963222691145024,-0.009963222691145024,89.50551311346769,48.28676707586821
2020-11-20,133.20010460460068,51.92246234351161,-0.008735321377088212,-0.2605162714094347,0.25178095003234646,132.26558447469586,135.02516061653523,129.50600833285648,0.04172780323467014,0.6693231282398913,0,1,0.002754289001696497,0.002754289001696497,89.75203716382731,48.41976278735276
2020-11-23,132.1961057682708,48.27908246395088,-0.04573475571848462,-0.21755996827124469,0.17182521255276006,132.28656396007202,135.03684907039806,129.53627884974597,0.041580717315420845,0.4835547610206684,0,1,-0.007537522881909231,-0.007537522881909231,89.075529130007,48.05479771740647
2020-11-24,134.80974858749917,56.78107707798192,0.13429400074130626,-0.1471891744687345,0.28148317521004074,132.362992024596,135.30773520861348,129.4182488405785,0.04449496251142893,0.9154448130116886,0,1,0.01977095167848497,0.01977095167848497,90.83663711217184,49.00488680099669
2020-11-25,131.28059543160887,45.826812862956,-0.00771613128563331,-0.11929456583211427,0.11157843454648096,132.17494011979085,134.8691395692282,129.4807406703535,0.04076717488194936,0.33402403850079715,0,1,-0.026178768174170086,-0.026178768174170086,88.45864584749108,47.72199923003194
2020-11-26,132.36860283521114,49.087788650981885,-0.03209708422409108,-0.10185506951050964,0.06975798528641856,132.22809417962597,134.8918463954067,129.56434196384524,0.04029026104183494,0.5263741977862575,0,1,0.008287648300384642,0.008287648300384642,89.19175999340338,48.117502375841674
2020-11-27,133.26891326242443,51.67980070600857,0.020986443527476695,-0.07728676690291238,0.09827321043038907,132.2602687234177,134.9595363044797,129.5610011423557,0.04081751242630095,0.6868367082395518,0,1,0.006801540606529821,0.006801540606529821,89.79840137076637,48.44477552213576
2020-11-30,133.98221546474377,53.6914053334737,0.11923854045767257,-0.03798170543079539,0.15722024588846795,132.48656037537768,134.94411071649918,130.02901003425617,0.03709886246813958,0.8042979556389379,0,1,0.005352352509356395,0.005352352509356395,90.27903406967938,48.70406903796687
2020-12-01,134.11608802774342,54.077807206754244,0.20553712808720093,0.010722061272803871,0.19481506681439706,132.68744097257428,134.97393373502655,130.400948210122,0.03446434335748285,0.8124101415560373,0,1,0.0009991815894019318,0.0009991815894019318,90.36923921843079,48.75273324707857
2020-12-02,132.86034177827707,49.873964048240545,0.1706341882032234,0.04270448665888778,0.12792970154433564,132.76055473535214,134.96551227145463,130.55559719924966,0.033217058191687965,0.5226278831431184,0,1,-0.009363129121441216,-0.009363129121441216,89.52310036302222,48.29625511066299
2020-12-03,133.1714870718992,50.89260322180622,0.1661647380622071,0.06739653693955164,0.09876820112265547,132.8150047209487,135.00317979559077,130.62682964630665,0.03295072088036335,0.5814565422761735,0,1,0.002341897434987583,0.002341897434987583,89.73275428213452,48.40935998662616
2020-12-04,133.34743116786586,51.49288970035903,0.17480484332159563,0.08887819821596044,0.08592664510563519,132.8904878818114,135.04054566863363,130.74043009498916,0.03235833987959205,0.6062630243835974,0,1,0.0013211844354614755,0.0013211844354614755,89.85130780044317,48.47331767957114
2020-12-07,134.83891880217755,56.36257005870359,0.29856114911581244,0.13081478839593086,0.16774636071988158,132.9799085415476,135.30002249532217,130.659794587773,0.03489420287952289,0.9006290849648882,0,1,0.011184974627926003,0.011184974627926003,90.8562923984771,49.01549050794854
2020-12-08,136.91530958583394,62.071272921657695,0.5577568227321308,0.21620319526317086,0.3415536274689599,133.18464042756997,136.09352459635267,130.27575625878728,0.043681976531890473,1.1412543335861278,0,1,0.015399046522337256,0.015399046522337256,92.25539267196832,49.77028232659562
2020-12-09,137.78146719099382,64.17659090664996,0.8235693466581324,0.33767642554216315,0.48589292111596927,133.48507963981723,136.96508422899507,130.0050750506394,0.05214072761641876,1.1172962479040334,0,1,0.006326229022743934,0.006326229022743934,92.83902141459437,50.08514053112029
2020-12-10,139.21772913444136,67.40725486723011,1.1370152187651001,0.4975441841867506,0.6394710345783495,133.85310802201337,138.084041890401,129.62217415362574,0.06321756634432159,1.1339760061615405,0,1,0.010424202708311903,0.010424202708311903,93.80679419306142,50.60723818869097
2020-12-11,136.8711647006361,58.17615585556412,1.182444705397046,0.6345242884288097,0.5479204169682362,134.1278087971964,138.39513608443758,129.8604815099552,0.06363076121959856,0.8214372508574638,0,1,-0.016855356342863614,-0.016855356342863614,92.22564724955569,49.75423515549241
2020-12-14,136.02123338108137,55.22611975255419,1.1367616656667678,0.7349717638764014,0.40178990179036644,134.37731265797765,138.46190877768507,130.29271653827024,0.06079294248283839,0.7012341826370676,0,1,-0.006209717886259569,-0.006209717886259569,91.65295199825827,49.44527539153019
2020-12-15,137.77680319302792,59.764591909274074,1.228061016510111,0.8335896144031433,0.39447140210696763,134.55147585682187,138.90896203343598,130.19398968020775,0.06477054449036262,0.8700903692495722,0,1,0.012906586481450821,0.012906586481450821,92.83587874950405,50.08344511447012
2020-12-16,140.28815223012862,65.19897914745297,1.4859323853268904,0.9640581685878928,0.5218742167389976,134.85733264674062,139.90625637512008,129.80840891836115,0.07487800076255612,1.0378195310083553,0,1,0.01822766226896877,0.01822766226896877,94.52805979379295,50.99634923728312
2020-12-17,142.33568926891874,68.88851918161012,1.834370943644359,1.1381207235991861,0.6962502200451728,135.3324050743692,141.28669210935087,129.37811803938754,0.0879949932421522,1.088087553841877,0,1,0.014595224231276127,0.014595224231276127,95.90771802263085,51.740652389377736
2020-12-18,141.471238348342,65.72059354630201,2.0175005561417265,1.3139966901076943,0.7035038660340323,135.74596176155626,142.20428601794185,129.28763750517066,0.09515309586490572,0.9432478425905103,0,1,-0.006073325144359987,-0.006073325144359987,95.3252392672258,51.426414584235744
2020-12-21,141.45425013842734,65.65669380504255,2.1366315286049655,1.4785236578071486,0.658107870797817,136.2088689800641,142.91816637389266,129.49957158623553,0.09851483892448376,0.8909039091923486,0,1,-0.00012008242885974685,-0.00012008242885974685,95.31379238096295,51.42023917546492
2020-12-22,141.1088211482246,64.2879472812914,2.1780630943807466,1.6184315451218683,0.5596315492588784,136.52382260810037,143.5409110331798,129.50673418302094,0.10279654189324011,0.8267023487788181,0,1,-0.002441983820667848,-0.002441983820667848,95.08103764208215,51.29467178334356
2020-12-23,139.15004666121385,57.02786605815796,2.0294469763594236,1.7006346313693794,0.3288123449900442,136.9172951695806,143.569512461276,130.2650778778852,0.09717132205184463,0.667820096197144,0,1,-0.013881304308773101,-0.013881304308773101,93.7611888245785,50.58263483490033
2020-12-24,139.55832006605806,58.09024243341795,1.9224510646054114,1.744997918016586,0.17745314658882538,137.27678103112297,143.66586357153207,130.88769849071386,0.09308322197561718,0.6785498168559426,0,1,0.002934051512309077,0.002934051512309077,94.03628898244514,50.73104689113425
2020-12-25,139.83261032895777,58.826705689676764,1.8385947893074217,1.7637172922747533,0.07487749703266844,137.60496588444963,143.79854384881176,131.4113879200875,0.09001968678315053,0.6798350208333548,0,1,0.0019654167717830795,0.0019654167717830795,94.22110948196749,50.830754541544195
2020-12-28,140.14045579623274,59.68301571896089,1.7765002543203252,1.766273884683868,0.010226369636457289,137.91287790102407,143.95867035342673,131.86708544862142,0.08767553174753608,0.6842254686003494,0,1,0.002201528431392097,0.002201528431392097,94.42853993332935,50.942659892856526
2020-12-29,139.90769609765294,58.68913823340003,1.6890379474856445,1.7508266972442232,-0.06178874975857873,138.20245830451955,144.03353079569263,132.37138581334648,0.0843844973918584,0.6462199102922093,-1,0,-0.0016609029652239204,-0.0016609029652239204,94.27170329135231,50.85804907798408
2020-12-30,139.58151617467226,57.25035812819103,1.5752450015798445,1.7157103581113475,-0.14046535653150305,138.53851702433928,143.82228686579847,133.2547471828801,0.07627871230252746,0.5986983897509184,0,0,-0.0023313937122730888,-0.0,94.27170329135231,50.73947894214519
2020-12-31,138.86470150888448,54.11089252894842,1.4109576774417576,1.6547598219774295,-0.24380214453567195,138.82317774618855,143.46378374176797,134.18257175060913,0.06685635743137756,0.5044739590837367,0,0,-0.00513545550609118,-0.0,94.27170329135231,50.47890860563555
2021-01-01,138.1543022511223,51.119037869526274,1.2094932214158405,1.5657065018651117,-0.35621328044927125,139.0635213003514,142.9460220513412,135.1810205493616,0.05583780296493895,0.3829080652466955,0,0,-0.00511576556204052,-0.0,94.27170329135231,50.22067034338146
2021-01-04,137.49458132852334,48.44044703069162,0.9852399902889033,1.44961319954987,-0.4643732092609667,139.1963044266687,142.62566025329747,135.7669486000399,0.04927366198052233,0.25188881175123984,0,0,-0.004775247037908215,-0.0,94.27170329135231,49.980854236082465
2021-01-05,136.2163549363181,43.666235406970806,0.6963484304518488,1.2989602457302658,-0.602611815278417,139.16135669419288,142.70105698488882,135.62165640349693,0.050871885339181334,0.08400408000422248,0,0,-0.009296558306913116,-0.0,94.27170329135231,49.5162043104474
2021-01-06,137.48591637114578,49.038600224335894,0.5633488506745721,1.1518379667191272,-0.5884891160445551,139.1465791532005,142.71290289572877,135.5802554106722,0.05125995571334539,0.26717442078359704,0,0,0.009320183581635222,0.0,94.27170329135231,49.977704424886525
2021-01-07,139.56471282397382,56.37488578534173,0.6185568872493263,1.045181750825167,-0.42662486357584073,139.1639283376771,142.73508213873174,135.59277453662247,0.05132298065615591,0.5561141452628496,0,0,0.015120068350974236,0.0,94.27170329135231,50.7333707318156
2021-01-08,141.4047375911688,61.63895609441811,0.8015445681340054,0.9964543142869348,-0.19490974615292933,139.39060698220374,142.9243305094629,135.85688345494458,0.05070246272347911,0.784987010645862,0,0,0.013184025746649342,0.0,94.27170329135231,51.40224079775816
2021-01-11,141.52100677077976,61.95138383851431,0.9450516080196394,0.9861737730334756,-0.041122165013836254,139.66559565168865,142.94191447082807,136.38927683254923,0.04691661971370838,0.783154848705852,0,0,0.0008222438766309903,0.0,94.27170329135231,51.44450597549922
2021-01-12,140.43348704839227,57.25433807968831,0.9599623695854973,0.9809314923438801,-0.020969122758382808,139.79842984445688,142.965928627307,136.63093106160676,0.04531522687879046,0.600245848139516,0,0,-0.00768451092316591,-0.0,94.27170329135231,51.049180107393624
2021-01-13,139.8257307652266,54.75582787305992,0.9122228653793343,0.967189766950971,-0.05496690157163675,139.77530877121177,142.93449608198554,136.616121460438,0.04520379655815781,0.5079802159629608,0,0,-0.004327716244461155,-0.0,94.27170329135231,50.82825374137643
2021-01-14,139.82378537805766,54.74759220134895,0.8642692301686452,0.9466056595945058,-0.08233642942586061,139.64971357666872,142.5710876166552,136.72833953668223,0.041838596946103056,0.5297927959594234,0,0,-1.3912941189686556e-05,-0.0,94.27170329135231,50.82754657087135
2021-01-15,139.60846224839042,53.7833506297176,0.7996727223786309,0.9172190721513309,-0.11754634977270007,139.55657477167114,142.34937669524442,136.76377284809786,0.040023939081947076,0.509289501751148,0,0,-0.0015399606660987386,-0.0,94.27170329135231,50.7492741483979
2021-01-18,139.47580620253123,53.16213229174558,0.7293675946982319,0.8796487766607112,-0.1502811819624793,139.45765257487636,142.1037387420411,136.81156640771164,0.037948239028962744,0.5034302790060536,0,0,-0.000950200609066032,-0.0,94.27170329135231,50.701052157192436
2021-01-19,139.11600296736228,51.42708614554734,0.6372710959072094,0.831173240510011,-0.19390214460280153,139.3580116658332,141.8899224317377,136.82610089992872,0.03633678086590038,0.4522082883548086,0,0,-0.0025796820607474347,-0.0,94.27170329135231,50.57025956248151
2021-01-20,139.52408339648917,53.28913855882156,0.5904067952359924,0.7830199514552073,-0.19261315621921493,139.376713502597,141.90768181338447,136.84574519180953,0.036318381273071305,0.5291133423646707,0,0,0.00293338236020646,0.0,94.27170329135231,50.71860146983316
2021-01-21,140.25856496589998,56.51992219967542,0.6055525903299497,0.7475264792301558,-0.14197388890020612,139.4117257475891,141.97247057003304,136.85098092514514,0.03673643387903094,0.6653501768096274,0,0,0.005264192041481541,0.0,94.27170329135231,50.98559392804572
2021-01-22,139.62874975431114,53.12664516945982,0.5602764004867424,0.7100764634814731,-0.1498000629947307,139.40153271885674,141.95684068665588,136.8462247510576,0.036661117248296696,0.5444598142998203,0,0,-0.004490386820526493,-0.0,94.27170329135231,50.756648889034516
2021-01-25,141.8533500826578,61.84104969210494,0.6958796807855094,0.7072371069422804,-0.011357426156770933,139.487177433178,142.25291879484425,136.72143607151176,0.039655850990191345,0.9277646280081459,0,0,0.015932251289659582,0.0,94.27170329135231,51.56531657375564
2021-01-26,143.7671692439406,67.44795850693828,0.946860649090155,0.7551618153718553,0.19169883371829965,139.68015109049242,143.0434518621476,136.31685031883723,0.048157175452598996,1.1075903451591738,1,1,0.013491533052744975,0.0,94.27170329135231,52.26101174668572
2021-01-27,144.97714993443657,70.40840783036668,1.229230401287623,0.8499755325550089,0.37925486873261405,139.94993277848062,144.0621440444435,135.83772151251773,0.058766891620761076,1.1112547277868052,0,1,0.008416251755245296,0.008416251755245296,95.06511767964813,52.700853578529646
2021-01-28,146.07569948565344,72.8248542894478,1.5240855228922783,0.9847975306224629,0.5392879922698154,140.31048267731904,145.21099185294204,135.40997350169604,0.06985236002491721,1.088226304831015,0,1,0.007577397898314908,0.007577397898314908,95.78546390255696,53.100188915675005
2021-01-29,144.78394285606882,65.9999269740215,1.6346827614146093,1.1147745767808923,0.519908184633717,140.6419647075664,145.81754153419814,135.46638788093463,0.07359932488703799,0.9001465234936928,0,1,-0.008843063111338978,-0.008843063111338978,94.93842700011777,52.63062059386967
2021-02-01,145.5825125316357,67.99670548049167,1.766407720001098,1.2451012054249335,0.5213065145761644,141.046361267722,146.4455539496675,135.6471685857765,0.07655912046815887,0.9200768088053474,0,1,0.0055155955820374025,0.0055155955820374025,95.4620689686452,52.920909812297104
2021-02-02,145.47025673512397,67.3975017798389,1.8405261542716005,1.364186195194267,0.4763399590773334,141.50905635766227,146.74915966519515,136.2689530501294,0.0740603243694677,0.877969683514378,0,1,-0.0007710802249503157,-0.0007710802249503157,95.38846005503063,52.880103545254464
2021-02-03,145.30685823210717,66.47917715077156,1.8645868571856283,1.4642663275925394,0.40032052959308895,141.90010345071036,147.04245658494327,136.75775031647746,0.07247849732567849,0.8312447329528844,0,1,-0.0011232433810459685,-0.0011232433810459685,95.28131559864565,52.82070631895823
2021-02-04,145.8051861109296,67.91501712272243,1.9019416334809307,1.5518013887702176,0.35014024471071314,142.21212711505814,147.51270256957594,136.91155166054034,0.07454463359836133,0.8389310299138398,0,1,0.0034294862946278037,0.0034294862946278037,95.60808156462531,53.00185420735166
2021-02-05,145.85273510394182,68.05562078866981,1.913326729639408,1.6241064569440558,0.28922027269535233,142.4345269906968,147.96091136690674,136.90814261448688,0.07759894307889113,0.8092626101036123,0,1,0.00032611318074815543,0.00032611318074815543,95.63926062020958,53.01913881061277
2021-02-08,147.21184373315927,71.85254166165603,2.0088613055457074,1.701057426664386,0.3078038788813213,142.71906883881576,148.62068940302797,136.81744827460355,0.08270262148189025,0.8806390842532283,0,1,0.00931836230735672,0.00931836230735672,96.53046190147641,53.5131903552741
2021-02-09,149.75576970574588,77.29296309106458,2.263751591541393,1.8135962596397877,0.45015533190160517,143.18518297168345,149.76080577382874,136.60956016953816,0.09184781086525827,0.9996170653157587,0,1,0.017280715383184875,0.017280715383184875,98.1985773394032,54.43793656704978
2021-02-10,152.99506476795187,82.0504503800737,2.6960595232348794,1.9900889123588061,0.7059706108760733,143.84364967181972,151.54410305829362,136.14319628534582,0.10706699119554508,1.0942127454603465,0,1,0.02163051926861237,0.02163051926861237,100.32266355869348,55.615457402906856
2021-02-11,152.11114620350796,77.29166350800351,2.9335259714352446,2.178776324174094,0.7547496472611508,144.45801771309226,152.74629598462795,136.16973944155657,0.11474999315021779,0.961683852767029,0,1,-0.005777431878502437,-0.005777431878502437,99.74305620411322,55.2941428863698
2021-02-12,153.87910729826316,79.81352332552584,3.2271786210720563,2.3884567835536865,0.8387218375183698,145.17154996558588,154.1318139374385,136.21128599373327,0.1234438011301349,0.985898482457148,0,1,0.011622824091995776,0.011622824091995776,100.90235220077166,55.93681698245576
2021-02-15,154.10511729279023,80.11750412038928,3.4385006837860033,2.5984655636001497,0.8400351201858536,145.90301552009882,155.28414283022326,136.52188820997438,0.12859401536950615,0.9371597091449453,0,1,0.0014687503618602271,0.0014687503618602271,101.0505525670791,56.018974202640045
2021-02-16,154.95929865950947,81.26573547549745,3.6330210335846402,2.805376657597048,0.8276443759875924,146.69518030470618,156.33532208824923,137.05503852116314,0.13143092722636335,0.9286305399009377,0,1,0.005542848814659163,0.005542848814659163,101.61066050259618,56.32947890739758
2021-02-17,154.57837646682407,79.07264950053562,3.713634112402559,2.9870281485581502,0.7266059638444089,147.44789495822292,157.0813580017622,137.81443191468364,0.13066938726075095,0.8700892127978441,0,1,-0.0024582080325646904,-0.0024582080325646904,101.36088036075448,56.191009329877225
2021-02-18,156.5282283854517,81.7827263560043,3.8900156336187592,3.167625645570272,0.7223899880484872,148.26137812920052,158.08453059269732,138.43822566570373,0.13251127957189948,0.920783973727941,0,1,0.012614001797632612,0.012614001797632612,102.63944668783466,56.89980282257508
2021-02-19,158.4743063753154,84.00858485032973,4.13911831030299,3.3619241785168157,0.7771941317861746,149.20365596025073,159.15482009219048,139.25249182831098,0.13339035250705697,0.9658073312904732,0,1,0.012432760594922598,0.012432760594922598,103.91553835609983,57.60722444896646
2021-02-22,157.62233364905472,79.43281415068608,4.219151149367519,3.5333695726869565,0.6857815766805628,149.9921051385706,159.98985242595856,139.99435785118263,0.1333103136081932,0.8815973884491743,0,1,-0.00537609373877268,-0.00537609373877268,103.35687868098242,57.2975226102983
2021-02-23,159.32710420358842,81.59325556230192,4.369766538747086,3.7006489658989827,0.6691175728481036,150.77010188655296,161.14286803298774,140.3973357401182,0.1375971232577632,0.9124744641995322,0,1,0.01081553936594637,0.01081553936594637,104.47473907109793,57.91722622166119
2021-02-24,158.61209064517777,77.8973299814948,4.380934021051644,3.836705976929515,0.544228044122129,151.45184892209002,162.01210941750708,140.89158842667297,0.13945370189372164,0.8390182337923934,0,1,-0.004487708240131005,-0.004487708240131005,104.00588692368302,57.657310608300705
2021-02-25,158.13591210208202,75.44630816210413,4.301772546244962,3.9297192907926046,0.37205325545235723,152.05485955291147,162.6995223087977,141.41019679702524,0.14001081961056486,0.7856385725234875,0,1,-0.0030021579134278387,-0.0030021579134278387,103.69364482721201,57.48421425699103
2021-02-26,159.10908733510524,77.03656532796403,4.268360611110637,3.9974475548562114,0.27091305625442574,152.77111677686327,163.28278874973037,142.25944480399616,0.13761334203271422,0.8014729994715231,0,1,0.00615404319036017,0.00615404319036017,104.33177999604455,57.837974594292476
2021-03-01,157.773013250268,70.30436506314287,4.086959474410236,4.015349938767017,0.07160953564321915,153.38064181279486,163.5452341064501,143.21604951913963,0.13254074534466204,0.716062352063785,0,1,-0.008397220468138844,-0.008397220468138844,103.45568303758441,57.35229637019359
2021-03-02,156.87578487711372,66.12524768941567,3.826687266608019,3.9776174043352173,-0.15093013772719832,153.9509182198944,163.50852723283606,144.39330920695272,0.12416436515552502,0.6530124664682795,-1,0,-0.005686830432344303,-0.005686830432344303,102.86734811088732,57.026143585830745
2021-03-03,157.00340884564076,66.43091968423064,3.5893421523821587,3.8999623539446056,-0.31062020156244685,154.53574575057104,163.26150843894106,145.809983062201,0.11292872915569804,0.6414009974370897,0,0,0.0008135351713269845,0.0,102.86734811088732,57.07253635932297
2021-03-04,157.06289617581103,66.5822873658227,3.367229247034942,3.793415732562673,-0.4261864855277313,155.09863125381514,162.851212551619,147.34604995601129,0.09996969328655063,0.6266845742431831,0,0,0.0003788919655161038,0.0,102.86734811088732,57.094160684801146
2021-03-05,158.75959563694315,70.64766997595902,3.290185426388433,3.6927696713278255,-0.4025842449393924,155.74397428046518,162.31462139847824,149.17332716245213,0.08437754524204673,0.7294767396814547,0,0,0.010802675249492966,0.0,102.86734811088732,57.710930361321424
2021-03-08,158.8126647915976,70.76745794985807,3.1965619048698386,3.5935281180362284,-0.3969662131663898,156.3240153333871,161.65445076884944,150.99357989792477,0.06819726865503409,0.7334377264617066,0,0,0.0003342736824287762,0.0,102.86734811088732,57.730221606529696
2021-03-09,159.94636273739886,73.27647839062922,3.177219530070289,3.510266400443041,-0.33304687037275205,156.83354498496976,161.41615433012032,152.2509356398192,0.05843914764012681,0.8396337673560548,0,0,0.007138586505609945,0.0,102.86734811088732,58.14233378745595
2021-03-10,158.6065630249945,66.06032844474247,3.0189790083110495,3.4120089220166427,-0.39302991370559326,157.1141198978219,161.38363686564756,152.84460292999623,0.054349245893396694,0.6747789197723533,0,0,-0.008376556299714344,-0.0,102.86734811088732,57.655301255088546
2021-03-11,158.26712828790917,64.3318340294723,2.8335196574409167,3.2963110691014976,-0.4627914116605809,157.42191900204196,161.00525936364113,153.8385786404428,0.04552530402774076,0.6179359481065335,0,0,-0.0021401052428822176,-0.0,102.86734811088732,57.53191284259257
2021-03-12,159.63111639410013,67.95978684699355,2.7647340929232485,3.189995673865848,-0.4252615809425997,157.7095194568338,161.00756725627926,154.41147165738832,0.041824333886809784,0.7913233910056486,0,0,0.008618265340037512,0.0,102.86734811088732,58.027738132989946
2021-03-15,157.44725351452556,57.81941241048953,2.5051240438003504,3.053021347852749,-0.5478973040523987,157.87662626792056,160.71192598672428,155.04132654911683,0.03591791623406179,0.42428088809317094,0,0,-0.01368068412290635,-0.0,102.86734811088732,57.233878977225785
2021-03-16,158.54104150293153,60.961294340782715,2.360431177678862,2.9145033138179715,-0.5540721361391094,158.05571341009164,160.54671170894707,155.5647151112362,0.031520509383830775,0.5974163838375347,0,0,0.006947012183385448,0.0,102.86734811088732,57.63148343178298
2021-03-17,157.57054860372773,56.91073215718821,2.1427500834571447,2.7601526677458064,-0.6174025842886617,158.20532201693683,160.10656551366299,156.30407852021068,0.02403513955772756,0.3330636201248941,0,0,-0.0061213985350655475,-0.0,102.86734811088732,57.27869815353001
2021-03-18,155.85640416207454,50.52504589765233,1.8110425461036357,2.5703306434173725,-0.7592880973137368,158.171730805768,160.2160892619011,156.1273723496349,0.025849858830254965,-0.06627218107163377,0,0,-0.010878583953934595,-0.0,102.86734811088732,56.65558702689475
2021-03-19,153.45526137281811,43.21092372635285,1.3389749077679767,2.3240594962874934,-0.9850845885195167,157.92077855564312,160.84962414864538,154.99193296264087,0.037092593131692,-0.26233400516132616,0,0,-0.015406122078624906,-0.0,102.86734811088732,55.78274413672225
2021-03-22,153.94137941971968,44.94845816412363,0.9926410192775847,2.057775800885512,-1.0651347816079273,157.73673084417638,161.16464183393543,154.30881985441732,0.04346370019732933,-0.05359538736498357,0,0,0.003167816095406062,0.0,102.86734811088732,55.959453611444474
2021-03-23,152.19211062790595,40.183923980823714,0.5704418466771415,1.7603090100438379,-1.1898671633666964,157.37998116539225,161.5217668109225,153.23819551986202,0.052634211986308334,-0.1262842867164061,0,0,-0.011363213701264585,-0.0,102.86734811088732,55.323574381451635
2021-03-24,151.55990072364287,38.591753418823984,0.1827255584400973,1.4447923197230899,-1.2620667612829926,157.02737166931553,161.86911815777682,152.18562518085423,0.061667547982112915,-0.06461763938927509,0,0,-0.004154025472507983,-0.0,102.86734811088732,55.093758844240895
2021-03-25,153.28926492525895,45.01019084490003,0.014831872247242472,1.1588002302279206,-1.143968357980678,156.78503931047436,161.8721126852994,151.6979659356493,0.06489233152853763,0.15640613692390137,0,0,0.011410433718674895,0.0,102.86734811088732,55.72240252784576
2021-03-26,155.05938429550605,50.69122735573712,0.02432831434094851,0.9319058470505261,-0.9075775327095776,156.5825541584944,161.60206724032136,151.56304107666742,0.06411331209664867,0.3482751376320803,0,0,0.011547575566431156,0.0,102.86734811088732,56.36586118177915
2021-03-29,155.61000035816807,52.34062259979612,0.07541508947753073,0.7606076955359271,-0.6851926060583964,156.4744035138894,161.47910481535587,151.46970221242293,0.06396830649713553,0.41364088447515857,0,0,0.0035510012190727025,0.0,102.86734811088732,56.56601642354973
2021-03-30,155.46573195261334,51.85121967459413,0.10307231867727751,0.6291006201641972,-0.5260283014869197,156.4039008676644,161.42449667341796,151.38330506191082,0.06420039113988048,0.40656797008276235,0,0,-0.0009271152575198727,-0.0,102.86734811088732,56.513573206666344
2021-03-31,155.49661175252237,51.95477342949228,0.1260298205367576,0.5284864602387094,-0.4024566397019518,156.32856101300845,161.35649472088633,151.30062730513058,0.06432520935773844,0.41726728027633225,0,0,0.00019862769448408812,0.0,102.86734811088732,56.52479836741945
2021-04-01,156.4147599169645,55.05027198166694,0.21582281863817343,0.46595373191860223,-0.2501309132804288,156.29615420006613,161.31250085980258,151.27980754032967,0.06419027627916303,0.5118219219028818,0,0,0.005904618461419542,0.0,102.86734811088732,56.858555735387725
2021-04-02,155.33199464619227,50.8864802151853,0.19733950132109612,0.41223088579910105,-0.21489138447800493,156.1247741505286,161.0194839286117,151.2300643724455,0.0627025378222656,0.41901669963292515,0,0,-0.006922398316802303,-0.0,102.86734811088732,56.46495816486927
2021-04-05,158.36013076203628,59.99878905527185,0.4221701023927551,0.4142187291178319,0.00795137327492318,156.1021474490505,160.94848511861338,151.25580977948763,0.0620918770018157,0.7329576957840659,1,1,0.019494606521607727,0.0,102.86734811088732,57.565720306552436
2021-04-06,159.48056262651505,62.75250526138199,0.68288755849116,0.4679524949924976,0.21493506349866243,156.07885744350634,160.8513233464752,151.30639154053748,0.0611545468891747,0.8563886313878721,0,1,0.007075214317437073,0.007075214317437073,103.59515664503824,57.97301011505893
2021-04-07,158.894924181763,60.41154108955427,0.8326535805425692,0.540892712102512,0.2917608684400572,156.09327550134475,160.8995176056798,151.2870333970097,0.06158166761378052,0.7914593792405169,0,1,-0.0036721618930047883,-0.0036721618930047883,103.21473845850649,57.76012383649163
2021-04-08,157.87274141287625,56.453006581816254,0.858961056933282,0.6045063810686659,0.254454675864616,156.07355615759312,160.8453573397207,151.30175497546554,0.06114810605467738,0.6885226549276454,0,1,-0.0064330737696658424,-0.0064330737696658424,102.55075043188614,57.38854869890644
2021-04-09,159.23282896655354,60.19084460885012,0.9782806104451538,0.6792612269439635,0.2990193835011903,156.0536417862158,160.76588226751656,151.34140130491502,0.060392573058387924,0.8373328667067693,0,1,0.008615087959487067,0.008615087959487067,103.43423416716826,57.88295609381482
2021-04-12,159.5092489485608,60.92493454107337,1.082666690987054,0.7599423197525816,0.3227243712344723,156.15674155791754,161.08274613368556,151.23073698214952,0.06309051439756118,0.8402866703712486,0,1,0.0017359484460666152,0.0017359484460666152,103.61379066524086,57.983437921499615
2021-04-13,159.119038825521,59.263558993193996,1.1209847022119561,0.8321507962444566,0.28883390596749947,156.18564142404702,161.17689356018587,151.19438928790817,0.06391435333786553,0.793853858857869,0,1,-0.002446316596761422,-0.002446316596761422,103.36031852948311,57.84159207497497
2021-04-14,157.429893512712,52.57947153695395,1.0034845469964466,0.8664175463948547,0.13706700060159194,156.17860866949624,161.16203480297025,151.19518253602223,0.06381701278975911,0.6255446363306955,0,1,-0.010615607819634887,-0.010615607819634887,102.26308592386158,57.227568417843734
2021-04-15,160.33888316615747,60.78281131252853,1.1320464541879574,0.9195433279534753,0.2125031262344821,156.40273261970037,161.71732986391225,151.0881353754885,0.06796041418450842,0.8703150366421419,0,1,0.018478000515261606,0.018478000515261606,104.15270327825492,58.28501945655582
2021-04-16,163.45832416303614,67.3129113404205,1.468715076904516,1.0293776777436836,0.4393373991608325,156.9028857592113,162.8897873458739,150.9159841725487,0.07631346686446955,1.0474817239712768,0,1,0.01945529952111502,0.01945529952111502,106.17902531646719,59.41897196767712
2021-04-19,164.52764818746306,69.20581833347013,1.801051497483968,1.1837124416917404,0.6173390557922276,157.43219919759844,164.14459516730466,150.7198032278922,0.08527348285697602,1.028533255627883,0,1,0.006541875612039005,0.006541875612039005,106.87363529269507,59.807683491284905
2021-04-20,162.83919073978936,63.00182081954446,1.9062124693772944,1.3282124472288512,0.5780000221484431,157.96455320319262,164.61565120404964,151.3134552023356,0.08421000618159687,0.8664535942763602,0,1,-0.010262454160591128,-0.010262454160591128,105.77684950952806,59.193909881004444
2021-04-21,163.89030192844388,65.09933967230012,2.0507296507889237,1.4727158879408657,0.5780137628480579,158.58107326343267,165.01485306118306,152.14729346568228,0.08114183698407293,0.9126057179379693,0,1,0.0064549030480884895,0.0064549030480884895,106.4596288178443,59.576000830323615
2021-04-22,164.99045145094064,67.19560065421904,2.228346439720383,1.6238419982967693,0.6045044414236136,159.16613258971674,165.70106281147315,152.63120236796033,0.08211458198336113,0.9456297667749605,0,1,0.006712718870803602,0.006712718870803602,107.17426237718858,59.97591777534434
2021-04-23,164.4740874167776,65.21565831234449,2.3009191982409334,1.7592574382856023,0.5416617599553311,159.63686774578034,166.28165054950736,152.9920849420533,0.08324872440254537,0.8639862892346222,0,1,-0.0031296601083401487,-0.0031296601083401487,106.83884336358591,59.788213538021765
2021-04-26,165.24201610536633,66.78319995095924,2.392816164282749,1.8859691834850318,0.5068469807977172,160.11846853314023,166.92853304669504,153.30840401958542,0.08506282349490878,0.8761746722096503,0,1,0.004668994980606245,0.004668994980606245,107.33767338698428,60.0673644069302
2021-04-27,165.86342346904604,68.03837510490642,2.4871176092610767,2.006198868640241,0.4809187406208357,160.6383531089619,167.53978848687188,153.7369177310519,0.08592512615251613,0.8785495388979858,0,1,0.003760589336331277,0.003760589336331277,107.74132629690997,60.29325309698043
2021-04-28,166.98081586603246,70.21768501690985,2.6217940025591133,2.1293178954240153,0.49247610713509804,161.2125633146374,168.22288024193884,154.20224638733598,0.08696985871528444,0.9114116816124814,0,1,0.006736822221657279,0.006736822221657279,108.46716045809784,60.69943802426017
2021-04-29,168.20836683985942,72.44086314841076,2.795355995191244,2.2625255153774613,0.5328304798137826,161.80224366078215,169.0918104309421,154.5126768906222,0.09010464385700982,0.9394035599825299,0,1,0.007351449131808074,0.007351449131808074,109.2645512706772,61.14566685522485
2021-04-30,165.86646872268398,62.808220599078766,2.7126636211517905,2.352553136532327,0.3601104846194634,162.3289673646067,169.15784595634796,155.50008877286547,0.08413629067697961,0.7590104151474791,0,1,-0.013922601837071613,-0.013922601837071613,107.74330442842927,60.294360081537334
2021-05-03,164.5738854939886,58.20759701385235,2.513850550642047,2.384812619354271,0.12903793128777608,162.63965510120434,169.27079336079856,156.00851684161012,0.0815439291907982,0.6458445229961635,0,1,-0.007792914617700597,-0.007792914617700597,106.90367005638961,59.82449128149302
2021-05-04,162.8020832328605,52.52782328681022,2.1880971036211463,2.3454695162076464,-0.15737241258650014,162.80573113152158,169.26795931352302,156.34350294952014,0.07938575794707091,0.49971775225523246,-1,0,-0.010765998844894598,-0.010765998844894598,105.75274526804752,59.18042087746006
2021-05-05,164.35664986548824,56.53526465387303,2.031952600397034,2.282766133045524,-0.25081353264849016,163.07881741570787,169.3023936876643,156.85524114375144,0.07632599218685494,0.6026606242088093,0,0,0.0095488129006569,0.0,105.75274526804752,59.74552364380106
2021-05-06,162.57589477921977,51.20309699698544,1.7444064716115122,2.1750942007587217,-0.43068772914720954,163.31397508402503,169.04523753175755,157.5827126362925,0.07018704241059327,0.4356092735643894,0,0,-0.010834700559581023,-0.0,105.75274526804752,59.098198785345105
2021-05-07,161.18726956209107,47.445221535834705,1.3884682454517474,2.017769009697327,-0.6293007642455795,163.41169711380192,168.91195805987093,157.91143616773292,0.06731783639990661,0.29778890733351226,0,0,-0.008541396736671536,-0.0,105.75274526804752,58.59341762309679
2021-05-10,160.9053439120295,46.69591542712851,1.0712864694475854,1.8284725016473786,-0.7571860321997932,163.48150186197535,168.80585278140475,158.15715094254594,0.06513704436021961,0.25807774610187445,0,0,-0.0017490565528375246,-0.0,105.75274526804752,58.49093442204997
2021-05-11,160.0440056694553,44.38933170024752,0.741863093176903,1.6111506199532837,-0.8692875267763807,163.52775020417207,168.70663249638588,158.34886791195825,0.06333949174678592,0.16365864889858472,0,0,-0.00535307418406894,-0.0,105.75274526804752,58.177828110993225
2021-05-12,159.33593538996803,42.529523467898436,0.41882933627434227,1.3726863632174955,-0.9538570269431532,163.62305229803485,168.38263452116462,158.86347007490508,0.05817740417725886,0.04963306577276312,0,0,-0.0044242224288590926,-0.0,105.75274526804752,57.920436459002254
2021-05-13,161.45370558067532,49.363041153617544,0.32990615919885613,1.1641303224137676,-0.8342241632149114,163.67879341876076,168.30054669285897,159.05704014466255,0.056473452394944994,0.25928097995239713,0,0,0.013291227653850601,0.0,105.75274526804752,58.69027016578924
2021-05-14,159.79347613424474,44.85974706230624,0.12403743318003535,0.9561117445670212,-0.8320743113869858,163.4955510173212,168.43387363807238,158.55722839657,0.06040925994650477,0.12516879035808043,0,0,-0.010283006143832263,-0.0,105.75274526804752,58.086757757091256
2021-05-17,160.40722614025537,46.79221227444822,0.010290854206800759,0.7669475664949772,-0.7566567122881764,163.2895299149608,168.38776544134464,158.19129438857698,0.06244412031854008,0.21732339945955315,0,0,0.0038408952659307882,0.0,105.75274526804752,58.309862909973745
2021-05-18,160.11267486698122,45.95973097413379,-0.1024410782323173,0.5930698375495184,-0.6955109157818357,163.15320412132039,168.44430756259425,157.86210068004652,0.06486055201636626,0.2126753154529957,0,0,-0.001836271846111237,-0.0,105.75274526804752,58.20279015036155
2021-05-19,161.98868616202296,51.836977038475496,-0.03994307494645,0.4664672550503247,-0.5064103299967747,163.05812333299934,168.36178474949347,157.75446191650522,0.06505240349986022,0.39917935111294156,0,0,0.01171681939984004,0.0,105.75274526804752,58.88474173112013
2021-05-20,164.85956813004688,59.157373555696886,0.23849401425033534,0.42087260689032685,-0.1823785926399915,163.05157916695467,168.3455155370031,157.75764279690623,0.06493572643816937,0.6707603602228099,0,0,0.017722731358858157,0.0,105.75274526804752,59.92834018995651
2021-05-21,167.55585588944373,64.59946982742224,0.6690133325843135,0.4705007520291242,0.19851258055518928,163.20566759058798,168.8422489565928,157.56908622458315,0.06907335326300755,0.8858888940282553,1,1,0.016355057762070135,0.0,105.75274526804752,60.90847165534824
2021-05-24,165.43859215528823,58.05755748100017,0.8297921777557065,0.5423590371744407,0.2874331405812658,163.21549639308407,168.867692795879,157.56329999028912,0.06926053625670857,0.6966576887796109,0,1,-0.01263616674521062,-0.01263616674521062,104.41643594507669,60.13882205131532
2021-05-25,164.70140929193178,55.93365806310434,0.8874955781463711,0.6113863453688269,0.2761092327775443,163.15739568422836,168.7181357964769,157.59665557197982,0.06816411954761384,0.6388316641792384,0,1,-0.004455930467931579,-0.004455930467931579,103.9511635667962,59.87084764183135
2021-05-26,164.17316775903362,54.39798077547851,0.8804519595529143,0.6651994682056444,0.21525249134726998,163.0170132788784,168.3064824982464,157.72754405951042,0.06489468936986502,0.6092883266927633,0,1,-0.0032072678380175024,-0.0032072678380175024,103.6177643431639,59.678825797754854
2021-05-27,162.25823222023726,49.13180056896994,0.712141423832918,0.6745878593310991,0.037553564501818903,162.7195065478973,167.41560109006866,158.02341200572596,0.05772011778795596,0.45088745301891126,0,1,-0.01166412005649431,-0.01166412005649431,102.40915429987969,58.98272480881923
2021-05-28,163.80152380532448,53.07455601201758,0.6952702026480324,0.6787243279944858,0.01654587465354662,162.61625930202933,167.10735890476525,158.12515969929342,0.055235554206108456,0.6319570492906791,0,1,0.009511329958238779,0.009511329958238779,103.38320155717003,59.5437289663119
2021-05-31,164.16400947895244,53.976868936457656,0.7030449383322548,0.6835884500620397,0.019456488270215067,162.59576550127753,167.05286426695778,158.13866673559727,0.05482429080411983,0.6759265455087532,0,1,0.002212956663692367,0.002212956663692367,103.61198410196981,59.675496658109
2021-06-01,165.0759307489775,56.25574643405755,0.7738702036328959,0.7016448007762109,0.072225402856685,162.70945787708337,167.30264157301212,158.1162741811546,0.056458717960926594,0.7576070356158076,0,1,0.005554940287578525,0.005554940287578525,104.18754248673379,60.00699047867638
2021-06-02,165.8587445265636,58.17050170127495,0.8829877333068339,0.7379133872823356,0.1450743460244983,162.78456261013713,167.53749630234472,158.03162891792954,0.058395386098013334,0.8233983593613547,0,1,0.0047421436549492935,0.0047421436549492935,104.68161478026201,60.29155224782744
2021-06-03,165.32602561409755,56.36246767347647,0.915920041506439,0.7735147181271562,0.1424053233792828,162.92206915188103,167.80688191451313,158.03725638924894,0.059965022394582033,0.7460643405420092,0,1,-0.0032118831840111106,-0.0032118831840111106,104.34538966207415,60.09790282502472
2021-06-04,163.794827723225,51.4157423993476,0.8091370319464204,0.780639180891009,0.02849785105541136,163.05244705993772,167.88117337401636,158.22372074585908,0.05922911800647319,0.5768712715320815,0,1,-0.009261686931533952,-0.009261686931533952,103.37897533027511,59.54129486381758
2021-06-07,163.09573932285085,49.2887729300919,0.6604864593901141,0.75660863659083,-0.09612217720071592,163.16196683047878,167.88382574891764,158.4401079120399,0.05787940670444066,0.4929871361288125,-1,0,-0.004268073724253751,-0.004268073724253751,102.9377462420277,59.28716822770128
2021-06-08,163.10053787252113,49.30427533450651,0.5368782146614137,0.7126625522049468,-0.17578433754353306,163.3147934406321,167.8038618606146,158.82572502064957,0.05497442485655011,0.476135854027394,0,0,2.9421673982454877e-05,0.0,102.9377462420277,59.28891255543623
2021-06-09,162.1788260467598,46.3718992119984,0.3603890087344723,0.6422078435108519,-0.2818188347763796,163.4569379734717,167.58070099042305,159.33317495652034,0.05045687345031051,0.3450308708989808,0,0,-0.0056511881431177136,-0.0,102.9377462420277,58.9538597557846
2021-06-10,160.78432389597515,42.27523956474577,0.10676465578055172,0.5351192059647919,-0.4283545501842402,163.42346888923666,167.62580593678226,159.22113184169106,0.05142880733236437,0.18599079947633898,0,0,-0.008598546337871493,-0.0,102.9377462420277,58.44694226087811
2021-06-11,163.9401391907067,52.5017929274306,0.15858537534475659,0.45981243984078485,-0.30122706449602826,163.63080204205977,167.47277615672957,159.78882792738997,0.046959057423458114,0.5402575784498119,0,0,0.019627630469580604,0.0,102.9377462420277,59.59411724565153
2021-06-14,167.7602816833163,61.413405042078665,0.5021191251220785,0.46827377689704364,0.03384534822503482,163.9984548192128,167.94737668237366,160.04953295605196,0.04815803743412127,0.9763106228053335,1,1,0.023302057150053512,0.0,102.9377462420277,60.982782771516696
2021-06-15,168.05218030898757,62.00008181087132,0.7888327040595868,0.5323855623295524,0.25644714173003447,164.39543009131313,168.2955796326436,160.49528054998265,0.04744839365868196,0.9687961549837133,0,1,0.0017399745800517064,0.0017399745800517064,103.11685530381665,61.08889126335995
2021-06-16,170.69864994678753,66.91201355446341,1.2155906905267955,0.6690265879690009,0.5465641025577945,164.83092828055135,169.47393164976916,160.18792491133354,0.05633655549540024,1.131888585859964,0,1,0.01574790421007366,0.01574790421007366,104.74072966358518,62.05091327127494
2021-06-17,173.10748294665618,70.63296666656647,1.72824997118974,0.8808712646131488,0.8473787065765913,165.24332402138185,171.18155277236283,159.30509527040087,0.071872540523484,1.1621636901386783,0,1,0.014111611313970984,0.014111611313970984,106.21879012933941,62.9265516410361
2021-06-18,172.447091279357,68.36317671165855,2.0575301296318287,1.1162030376168848,0.9413270920149439,165.48788579087747,172.18191161449442,158.79385996726052,0.08090049361167151,1.0198071886671707,0,1,-0.0038149227061585744,-0.0038149227061585744,105.8135736550543,62.68649171036045
2021-06-21,172.22215716079646,67.56674298912657,2.274122060496069,1.3477868421927215,0.9263352183033473,165.8270640411529,173.16685546966016,158.48727261264565,0.0885234442393041,0.935645425482081,0,1,-0.001304365976206423,-0.001304365976206423,105.67555402975783,62.60472558340571
2021-06-22,172.38386711129382,67.85666714611219,2.430800611378146,1.5643895960298067,0.8664110153483393,166.211186932121,174.0874419398248,158.3349319244172,0.09477406609123595,0.8918537536643557,0,1,0.0009389613576049616,0.0009389613576049616,105.77477929143527,62.66350900153199
2021-06-23,172.41490895686448,67.91595673050819,2.5283293028967933,1.7571775374032041,0.7711517654935891,166.62327399201254,174.90266433833406,158.34388364569102,0.09937855796445833,0.8497621637941689,0,1,0.00018007395988295372,0.00018007395988295372,105.793826574798,62.67479306773806
2021-06-24,174.34398718294926,71.44138317914494,2.729814383484836,1.9517049066195304,0.7781094768653056,167.22756174014813,175.91944537421247,158.5356781060838,0.10395276404939156,0.90937187739785,0,1,0.011188581299355072,0.011188581299355072,106.97750940440001,63.3760350853967
2021-06-25,173.9422713420176,69.72326094613226,2.824518360925566,2.1262675974807377,0.6982507634448285,167.7345991169828,176.76163274224294,158.70756549172265,0.10763472381705148,0.8438378808994357,0,1,-0.0023041565552250898,-0.0023041565552250898,106.7310164748442,63.230006778710504
2021-06-28,174.10504798069593,70.03770048183779,2.8795134214255143,2.276916762269693,0.6025966591558212,168.23165104206998,177.52179457251538,158.9415075116246,0.11044465738640571,0.8161090525338934,0,1,0.0009358084002379918,0.0009358084002379918,106.8308962566273,63.28917795020112
2021-06-29,173.12694653417046,65.627194685216,2.811760565155083,2.383885522846771,0.4278750423083122,168.63420183132962,178.04552252846307,159.22288113419617,0.1116181722916065,0.7386883226819199,0,1,-0.005617881031421468,-0.005617881031421468,106.23073299097743,62.93362687790043
2021-06-30,174.1217816246539,67.84515999523424,2.80599505176059,2.468307428629535,0.33768762313105505,169.04735368623412,178.6687993226477,159.42590804982055,0.11383136649712682,0.7637040279692984,0,1,0.005746275264475242,0.005746275264475242,106.84116402429056,63.29526082133262
2021-07-01,174.50332298581188,68.67987546769508,2.799937107948324,2.534633364493293,0.26530374345503116,169.50621855481984,179.25491569491007,159.7575214147296,0.11502465482630553,0.7562960136715144,0,1,0.0021912328118744995,0.0021912328118744995,107.07527788855944,63.433955473680484
2021-07-02,175.73455302723883,71.27158342743454,2.861500521565972,2.6000067959078286,0.26149372565814355,170.10320482002055,179.84157730607095,160.36483233397016,0.11449957684635255,0.789131896283739,0,1,0.0070556251901694456,0.0070556251901694456,107.83076091647435,63.88152168783267
2021-07-05,173.11975813247142,59.92964257594097,2.6685366457970474,2.6137127658856727,0.05482387991137472,170.60440576050158,179.84324246392066,161.3655690570825,0.10830712914165623,0.6361292797305836,0,1,-0.014879230348980532,-0.014879230348980532,106.22632218609228,62.931013811596
2021-07-06,170.70746458749724,51.747979718036014,2.294509774916918,2.549872167691922,-0.25536239277500394,170.9847520962504,179.52260358727574,162.44690060522504,0.09986681720273209,0.4837612829735548,-1,0,-0.013934247430777313,-0.013934247430777313,104.74613832908979,62.054117494075555
2021-07-07,169.96470131277005,49.50683448547959,1.9160687484665857,2.4231114838468546,-0.5070427353802689,171.37404585955088,178.86742526332367,163.88066645577808,0.08745057474938732,0.40596068403588054,0,0,-0.004351088433783623,-0.0,104.74613832908979,61.78411454117844
2021-07-08,168.24957626874433,44.69345022319423,1.4609147356448773,2.2306721342064595,-0.7697573985615822,171.74730847818935,177.57915552749395,165.91546142888475,0.0679119469292318,0.20011797464217662,0,0,-0.010091066149491401,-0.0,104.74613832908979,61.16064695435565
2021-07-09,164.4557698519604,36.28876228246785,0.7850241597516856,1.9415425393155048,-1.1565183795638192,171.77309001125204,177.4624325786962,166.08374744380788,0.06624253620950145,-0.14307255825683302,0,0,-0.022548683336498176,-0.0,104.74613832908979,59.781554893526526
2021-07-12,161.11520354185882,30.79695699629795,-0.019949805184126035,1.5492440704155788,-1.5691938755997048,171.44083610417914,178.68152522053504,164.20014698782325,0.08446866313642987,-0.2130283041013244,0,0,-0.020312855627435233,-0.0,104.74613832908979,58.56722079979072
2021-07-13,163.9281624628669,39.14808603072219,-0.42600448139037894,1.1541943600543874,-1.5801988414447663,171.23463521187313,179.0904128464883,163.37885757725795,0.09175454048645029,0.03496184026318036,0,0,0.017459301538090166,0.0,104.74613832908979,59.58976356798217
2021-07-14,164.10810598579317,39.64980004002215,-0.724929265975021,0.7783696348485057,-1.503298900823527,170.9051080138234,179.38376574997307,162.42645027767372,0.09922064746553845,0.09916992526715225,0,0,0.0010976974317455923,0.0,104.74613832908979,59.655175098409075
2021-07-15,165.86390212891814,44.46150151017832,-0.810804783608603,0.4605347511570841,-1.271339534765687,170.5429289729365,179.2414600535057,161.84439789236728,0.10200987086306677,0.23104500054782995,0,0,0.010699021432109879,0.0,104.74613832908979,60.29342709532322
2021-07-16,163.5993824272573,40.02870130194742,-1.0494916778003471,0.15852946536559787,-1.2080211431659449,170.10054353033152,179.27807915878148,160.92300790188156,0.10790718757243083,0.1458111759914661,0,0,-0.013652878490105325,-0.0,104.74613832908979,59.47024826143874
2021-07-19,165.3168366172225,44.5444790917555,-1.0875321674656107,-0.09068286120064387,-0.9968493062649668,169.75527750315283,179.11451100581633,160.39604400048933,0.11026736417652373,0.2628843812547674,0,0,0.010497925875293745,0.0,104.74613832908979,60.09456251947264
2021-07-20,165.62879853953888,45.34945834884859,-1.0800565895830516,-0.2885576068771254,-0.7914989827059262,169.41752407456505,178.8644867564479,159.9705613926822,0.11152285141087274,0.29947388051547497,0,0,0.0018870547531628645,0.0,104.74613832908979,60.20796424931425
2021-07-21,165.30298766688793,44.620961804010115,-1.0878819290650767,-0.4484224713147157,-0.6394594577503611,169.06192801006625,178.56904851144705,159.55480750868546,0.11246908885145006,0.30230920904850306,0,0,-0.0019671148708668706,-0.0,104.74613832908979,60.089528267494806
2021-07-22,163.7879384369172,41.29867326927455,-1.2024740062174715,-0.5992327782952669,-0.6032412279222046,168.53412557276462,177.97840732626187,159.08984381926737,0.11207560156022742,0.24872694082374736,0,0,-0.009165286431627062,-0.0,104.74613832908979,59.53879052938187
2021-07-23,163.0341904012543,39.7143983760619,-1.3386787645952154,-0.7471219755552567,-0.5915567890399587,167.98872152572648,177.37769164441985,158.5997514070331,0.1117809580717062,0.236151512794373,0,0,-0.004601975230020927,-0.0,104.74613832908979,59.26479449014025
2021-07-26,163.50032626058808,41.2162355104075,-1.3929516689660204,-0.8762879142374095,-0.5166637547286109,167.45848543972107,176.58725829886166,158.3297125805805,0.10902729515521155,0.28320420278779795,0,0,0.0028591294757653873,0.0,104.74613832908979,59.43424021094219
2021-07-27,164.20543119559784,43.508771600918344,-1.3633513950225051,-0.9737006103944287,-0.38965078462807645,167.01240967279244,175.8419067083523,158.1829126372326,0.10573462238953904,0.3410453921729743,0,0,0.004312559804229066,0.0,104.74613832908979,59.690553926270795
2021-07-28,166.0176764598558,49.01265342867709,-1.180056955382156,-1.0149718793919742,-0.16508507599018185,166.60720441455254,174.78255354430593,158.43185528479916,0.09813920302523602,0.4639447841712836,0,0,0.011036451419802695,0.0,104.74613832908979,60.34932582489919
2021-07-29,164.5039851900917,45.0633828596051,-1.1437525588885933,-1.040728015291298,-0.10302454359729518,166.10723752476653,173.42769319674363,158.78678185278943,0.08814132100518045,0.3904950452188292,0,0,-0.00911765121667707,-0.0,104.74613832908979,59.799081720866155
2021-07-30,165.64119644647784,48.425640899874026,-1.0115570191447318,-1.034893816061985,0.0233367969172531,165.60256969572848,171.3514604182894,159.85367897316755,0.06942996999531724,0.5033594959978777,1,1,0.006912970862511525,0.0,104.74613832908979,60.21247103040744
2021-08-02,166.74488870242635,51.526385937530016,-0.8084134730686685,-0.9895977474633217,0.18118427439465323,165.28382622422623,169.866427399422,160.70122504903046,0.05545129586943321,0.6594140993665787,0,1,0.006663150711454513,0.006663150711454513,105.44407763521937,60.61367579959214
2021-08-03,167.1793061948893,52.7310127015793,-0.6053883481337436,-0.9127558675974061,0.3073675194636625,165.10741830459583,169.03587602830942,161.17896058088223,0.04758668949042905,0.763702454755567,0,1,0.002605282211907589,0.002605282211907589,105.71878921503341,60.771591530951156
2021-08-04,166.32236217137117,50.08677779661089,-0.5077842738000413,-0.8317615488379333,0.323977275037892,164.92530134752593,168.18672706321792,161.66387563183395,0.03955033811118648,0.7141794640796869,0,1,-0.0051258977143926465,-0.0051258977143926465,105.1768855150277,60.46008256882265
2021-08-05,166.98777903333405,52.09557273285619,-0.3724454428258923,-0.7398983276355251,0.3674528848096328,164.86221148575538,167.893579698976,161.83084327253476,0.036774566905315796,0.8505954074316168,0,1,0.004000766062216332,0.004000766062216332,105.59767362912584,60.701969215282794
2021-08-06,167.36828181084095,53.25411555731411,-0.23181285576211508,-0.6382812332608432,0.4064683774987281,165.0078370836994,168.23077217250648,161.78490199489232,0.03906402442172803,0.8661948910077553,0,1,0.0022786264941636603,0.0022786264941636603,105.83829128597921,60.84028633058464
2021-08-09,166.61218135242012,50.63362950533722,-0.17930459356895767,-0.5464859053224661,0.36718131175350843,165.2826859742275,168.0068550576142,162.5585168908408,0.03296375621353924,0.7440185130762512,0,1,-0.004517585113739564,-0.004517585113739564,105.36015779680203,60.565435158741934
2021-08-10,165.09777881316293,45.775103595565,-0.2569293246851885,-0.4885745891950106,0.23164526450982215,165.3411667917423,167.99213556285503,162.69019802062957,0.032066651307133855,0.454094521740216,0,1,-0.009089386664075327,-0.009089386664075327,104.40249858359891,60.01493250010614
2021-08-11,165.8434413317414,48.40051000053244,-0.2553354022863914,-0.4419267518132868,0.18659134952689538,165.4279335590397,168.0219566322212,162.8339104858582,0.03136136706024568,0.5800894519785593,0,1,0.0045164903122185684,0.0045164903122185684,104.87403145702314,60.285989361331325
2021-08-12,165.49282743582387,47.24226609057063,-0.2791459972062853,-0.40937060089188654,0.13022460368560124,165.40937982438498,167.9955697630631,162.82318988570688,0.03127017272447136,0.5161333106650199,0,1,-0.0021141257869593533,-0.0021141257869593533,104.65231456273747,60.15853719663018
2021-08-13,166.63155535094987,51.3170319737609,-0.20378117666675166,-0.36825271604685955,0.1644715393801079,165.5609884705696,168.05425165481282,163.0677252863264,0.030118969538363332,0.7146919120183478,0,1,0.00688082941581003,0.00688082941581003,105.37240928721336,60.57247782898485
2021-08-16,166.34119882181446,50.25127081187017,-0.16557471644094335,-0.3277171161256763,0.16214239968473293,165.61220658079918,168.1263505021255,163.09806265947287,0.030361819013620873,0.6449782239655368,0,1,-0.001742506264938104,-0.001742506264938104,105.18879720387876,60.466929906885014
2021-08-17,165.43700123372892,46.97921610053632,-0.20588371085273138,-0.30335043507108733,0.09746672421835595,165.6026167155087,168.11795704747368,163.08727638354372,0.030378026408678316,0.46707891181262085,0,1,-0.005435800598347917,-0.005435800598347917,104.61701187709842,60.1382437331169
2021-08-18,164.5791173649186,44.04862197416851,-0.30355375913342186,-0.3033910998835543,-0.0001626592498675805,165.56642320041024,168.12045096371904,163.01239543710145,0.030852001437722272,0.3067159156068522,-1,0,-0.0051855622527774425,-0.0051855622527774425,104.07451384931016,59.82639312646613
2021-08-19,166.3357793191771,50.81459877899756,-0.23648399708616807,-0.29000967932407706,0.05352568223790899,165.69381524452325,168.12557227663268,163.26205821241382,0.029352417632737306,0.6319959326070055,1,1,0.010673662505817694,0.0,104.07451384931016,60.4649598556384
2021-08-20,164.91728878658685,45.97948448495379,-0.2943974283146247,-0.2908872291221866,-0.003510199192438057,165.78797016378988,167.9125598731228,163.66338045445696,0.025630203533271313,0.29509423081118025,-1,0,-0.008527873788767626,-0.008527873788767626,103.1869795305759,59.94932230934662
2021-08-23,161.95750769740238,37.88017409279682,-0.572524135926443,-0.3472146104830379,-0.2253095254434051,165.71082923563057,168.25562993837897,163.16602853288217,0.030713752559041924,-0.2374490140179891,0,0,-0.017947063712735467,-0.0,103.1869795305759,58.87340800232547
2021-08-24,160.6346556074577,34.91951421262446,-0.8894318469463371,-0.4556580577756978,-0.43377378917063936,165.53229045622356,168.89226677063712,162.17231414181,0.040596022747623764,-0.22881984729417604,0,0,-0.00816789606577717,-0.0,103.1869795305759,58.39253612472438
2021-08-25,160.64275167436912,34.95302241722125,-1.1269395485678615,-0.5899143559341306,-0.5370251926337309,165.26354421694924,169.25965661890345,161.26743181499504,0.04836048289885786,-0.07816098219865224,0,0,5.040049969795568e-05,0.0,103.1869795305759,58.3954791377237
2021-08-26,161.08369923600603,36.85981631503786,-1.2650031611770487,-0.7249321169827142,-0.5400710441943345,165.09252991924495,169.49735023129895,160.68770960719095,0.05336183671312831,0.044949578048783134,0,0,0.0027448954717279594,0.0,103.1869795305759,58.55576862397821
2021-08-27,161.81215224375626,39.98951855979868,-1.3006464563503073,-0.8400749848562329,-0.4605714714940744,164.90107770910888,169.53251179808376,160.269643620134,0.056172271925898416,0.16652602563147834,0,0,0.004522201881414167,0.0,103.1869795305759,58.820569631017214
2021-08-30,160.8783006259336,37.42823563942768,-1.388245218875312,-0.9497090316600487,-0.43853618721526333,164.60774830528425,169.48412782661683,159.73136878395167,0.05924848096808623,0.11760075656175688,0,0,-0.005771208187231092,-0.0,103.1869795305759,58.4811038779851
2021-08-31,161.1047080703214,38.457399976410045,-1.422995276926656,-1.0443662807133702,-0.37862899621328583,164.30401839905585,169.26203074826375,159.34600604984794,0.06035168704353972,0.1773595845071297,0,0,0.0014073212080616404,0.0,103.1869795305759,58.563405575743445
2021-09-01,162.42424882824238,44.21619056177921,-1.3287421248885494,-1.101241449548406,-0.2275006753401434,164.1091127318994,169.03944886509896,159.1787765986998,0.06008607384593117,0.3291329578614755,0,0,0.008190578498457057,0.0,103.1869795305759,59.04307374624855
2021-09-02,163.3266486608105,47.81269961360405,-1.1677683909228733,-1.1145468378232994,-0.05322155309957388,163.92605621327323,168.67489219036733,159.17722023617912,0.057938757105407454,0.43688900234141964,0,0,0.005555819645639115,0.0,103.1869795305759,59.37110641530688
2021-09-03,161.67992053050267,42.436008377046456,-1.1597043944680934,-1.1235783491522584,-0.036126045315834965,163.6416381492563,168.19997788949783,159.08329840901476,0.0557112455215574,0.28482103895905775,0,0,-0.010082421599966085,-0.0,103.1869795305759,58.7725018895713
2021-09-06,158.09046280094367,33.57344488875954,-1.42650895237324,-1.1841644697964546,-0.24234448257678531,163.2155522216825,168.17980606634728,158.2512983770177,0.06083064728932512,-0.01619937065132909,0,0,-0.022201011218840994,-0.0,103.1869795305759,57.46769291576158
2021-09-07,156.2902440254662,30.17026374289314,-1.7628945458997407,-1.299910485017112,-0.4629840608826288,162.77517548229764,168.53523049540948,157.0151204691858,0.07077313842291957,-0.06292270143857516,0,0,-0.011387269943944567,-0.0,103.1869795305759,56.81329278347409
2021-09-08,154.56915363269138,27.319121007477776,-2.1436495061102505,-1.4686582892357398,-0.6749912168745107,162.21146109734514,168.8473392004919,155.57558299419838,0.08181762322163509,-0.07583241779484702,0,0,-0.011012142206997755,-0.0,103.1869795305759,56.18765672409467
2021-09-09,156.67946460125657,35.3825064527356,-2.2491888477444775,-1.6247644009374875,-0.6244244468069899,161.7707929556168,168.65506218506724,154.88652372616636,0.08511139871013919,0.13022013051291847,0,0,0.013652859700454822,0.0,103.1869795305759,56.95477891824605
2021-09-10,158.34932421877946,40.963787899220684,-2.1730364097610106,-1.7344188027021923,-0.43861760705881836,161.35668139900827,168.00209442785493,154.7112683701616,0.08236923282294904,0.27372684232158645,0,0,0.010657807784655304,0.0,103.1869795305759,57.561792004374254
2021-09-13,158.07569154532564,40.34877134678255,-2.110437118513744,-1.8096224658645026,-0.30081465264924123,160.94340603518384,167.30564236815349,154.5811697022142,0.07906178314107253,0.274629993309313,0,0,-0.0017280318359663704,-0.0,103.1869795305759,57.462323395255424
2021-09-14,156.21472915686286,36.351502264612165,-2.1857943644108957,-1.8848568455737813,-0.3009375188371144,160.4822924313405,166.8099462759523,154.1546385867287,0.0788579692967556,0.16278470826026478,0,0,-0.011772603176808949,-0.0,103.1869795305759,56.78584226430562
2021-09-15,155.0295882744236,34.03877680025211,-2.314466757209715,-1.970778827900968,-0.3436879293087469,160.0048159768158,166.47050758529502,153.53912436833656,0.08081871247445567,0.11525943366463738,0,0,-0.007586614199799335,-0.0,103.1869795305759,56.35502998703568
2021-09-16,154.75092369095395,33.49910294843849,-2.411132424810802,-2.058849547282935,-0.352282877527867,159.4255731954046,165.5709418614657,153.2802045293435,0.07709388830020203,0.11966077557988963,0,0,-0.0017974928952037006,-0.0,103.1869795305759,56.25373222102499
2021-09-17,155.05690152784928,34.72290486301807,-2.4349818534659846,-2.134076008519545,-0.3009058449464397,158.9325538324677,164.79862723194793,153.06648043298748,0.07381839979320677,0.1696553179029575,0,0,0.001977227854913277,0.0,103.1869795305759,56.364958667315236
2021-09-20,156.44685793299854,40.11431691114557,-2.3150385090846157,-2.1702685086325593,-0.14477000045205646,158.65702134424754,164.4419628949104,152.87207979358467,0.07292386434144549,0.30897271027779455,0,0,0.008964169872178296,0.0,103.1869795305759,56.87022373164735
2021-09-21,155.6259070039505,38.11212557141765,-2.260172561141985,-2.1882493191344445,-0.07192324200754063,158.4065839140722,164.26425715922332,152.54891066892108,0.07395744672239911,0.2626466351273939,0,0,-0.005247474700959764,-0.0,103.1869795305759,56.571798671377614
2021-09-22,155.27383905706628,37.25337744540605,-2.219514659671802,-2.194502387241916,-0.025012272429886018,158.13813828320704,164.05610340690762,152.22017315950646,0.07484551402903447,0.2579996530674319,0,0,-0.002262270811216993,-0.0,103.1869795305759,56.44381794250531
2021-09-23,154.8606534007762,36.22185945892829,-2.195327243241991,-2.1946673584419307,-0.0006598848000600732,157.82698599144555,163.747249873898,151.9067221089931,0.07502220035771744,0.24947631984264054,0,0,-0.002661012690864495,-0.0,103.1869795305759,56.29362022663946
2021-09-24,156.32073709060063,42.301689581341165,-2.034885101343832,-2.162710907022311,0.12782580567847912,157.55241523378777,163.19743529814838,151.90739516942716,0.07165894671921234,0.39090577808897065,1,1,0.009428370975846034,0.0,103.1869795305759,56.82437736170961
2021-09-27,156.77299182449335,44.079877919222476,-1.8499156940037835,-2.100151864418606,0.2502361704148224,157.34714979371574,162.7774353138803,151.9168642735512,0.06902299186586759,0.44713372187425976,0,1,0.0028931205309670194,0.0028931205309670194,103.48551189958428,56.98877713451419
2021-09-28,156.65743191285137,43.70920036725518,-1.6931334368283615,-2.018748178900557,0.32561474207219554,157.12478598584224,162.26360742018878,151.9859645514957,0.06541070400960895,0.45452711492685854,0,1,-0.0007371161977398621,-0.0007371161977398621,103.40923105253171,56.946769783798956
2021-09-29,155.96128888623207,41.44801780145065,-1.6065361441640107,-1.936305771953248,0.32976962778923724,156.80163798874173,161.3116615330656,152.29161444441786,0.05752520958547243,0.40683539739307,0,1,-0.004443728063961649,-0.004443728063961649,102.94970855043087,56.69371382475873
2021-09-30,155.45652226350575,39.838689507179836,-1.560647441534286,-1.8611741058694558,0.30052666433516984,156.40813166887648,159.7406859706373,153.07557736711567,0.04261356831262438,0.35722522137629775,0,1,-0.003236486607228084,-0.003236486607228084,102.61651319748937,56.510225379250876
2021-10-01,156.65686988441232,45.2798239471479,-1.4111553720907182,-1.7711703591137082,0.36001498702299006,156.15697913657198,158.39359652314,153.92036175000396,0.028645756327188042,0.6117515116448681,0,1,0.007721436215277766,0.007721436215277766,103.40886005877799,56.946565480027736
2021-10-04,158.29520338902918,51.70068276134205,-1.1472571421345492,-1.6463877157178766,0.49913057358332735,156.16721616597624,158.4426326240525,153.8917997079,0.029140769925205208,0.9676039007057298,0,1,0.010458101874662118,0.010458101874662118,104.49032045201537,57.54211846322998
2021-10-05,158.99105286159292,54.16093189409668,-0.8719157545611438,-1.4914933234865302,0.6195775689253864,156.30225660778257,158.9053891209325,153.69912409463262,0.033308956244721674,1.0164539723252024,0,1,0.004395897397178938,0.004395897397178938,104.94964917972077,57.79506771201066
2021-10-06,160.0757010877301,57.77170296932853,-0.5597314385133245,-1.305140946491889,0.7454095079785645,156.5775839805345,159.5478419442416,153.60732601682741,0.03793975980720658,1.0888574578266055,0,1,0.006822070843705896,0.006822070843705896,105.6656231214469,58.18934975835878
2021-10-07,157.081832430401,46.81095497600945,-0.5475910104165109,-1.1536309592768135,0.6060399488603025,156.59770237199174,159.57630485626993,153.61909988771356,0.0380414583248818,0.5812679874143344,0,1,-0.018702830204618603,-0.018702830204618603,103.68937691374126,57.10104423011103
2021-10-08,158.77531372535995,52.32133388994877,-0.3967464006525745,-1.0022540475519657,0.6055076468993912,156.6190018473208,159.65586603214567,153.5821376624959,0.03878027760367608,0.8550227713201975,0,1,0.010780885788999717,0.010780885788999717,104.80724024378083,57.716644066388476
2021-10-11,158.77793664057654,52.32957141710017,-0.2738327399296452,-0.8565697860275017,0.5827370460978565,156.65411410208333,159.77691586442361,153.53131233974304,0.03986874880675423,0.840050810157988,0,1,1.6519666408143507e-05,1.6519666408143507e-05,104.80897162442682,57.71759752609466
2021-10-12,158.04515154810156,49.74380765926025,-0.23286805312272918,-0.7318294394465472,0.49896138632381803,156.74563522164524,159.92106342359588,153.5702070196946,0.04051695854191336,0.7046206438643506,0,1,-0.0046151569165039374,-0.0046151569165039374,104.32526177412267,57.45122175666811
2021-10-13,157.6171936543964,48.244473831582525,-0.23225853728041557,-0.6319152590133209,0.39965672173290534,156.87501549064388,159.96577922384674,153.784251757441,0.039404155257434195,0.6200638786749693,0,1,-0.002707820452023779,-0.002707820452023779,104.04276769662798,57.29565416340166
2021-10-14,158.78358041094,52.45102962206529,-0.13608907805254944,-0.5327500228211666,0.39666094476861713,157.0766483266432,160.10957761171625,154.04371904157017,0.038617188708610806,0.7813999147124344,0,1,0.007400123866569519,0.007400123866569519,104.81269706500373,57.719649101226956
2021-10-15,159.13255904553156,53.66448786230366,-0.03135301147582936,-0.4324706205520991,0.40111760907626975,157.28043120252732,160.2895568937657,154.27130551128894,0.03826446390350471,0.8077518244580225,0,1,0.002197825705204437,0.002197825705204437,105.043057104845,57.846506829717015
2021-10-18,159.522013881619,55.043349256711195,0.08213008187161108,-0.3295504800673571,0.4116805619389682,157.43418899995834,160.5753418918304,154.29303610808628,0.039904329698968816,0.8323341705306737,0,1,0.002447361108395052,0.002447361108395052,105.30013539751033,57.98807812078858
2021-10-19,160.9395717759194,59.7396178237435,0.28318692341994733,-0.20700299936989622,0.4901899227898435,157.6998722385568,161.086333519709,154.31341095740459,0.04294818040219358,0.9783311055988713,0,1,0.008886283841378573,0.008886283841378573,106.2358622891882,58.50337664238594
2021-10-20,160.26726840590945,56.713706648346985,0.3838518504052786,-0.08883202941486126,0.4726838798201398,157.94954370599893,161.31915212588152,154.57993528611635,0.04266689653950046,0.8439160298619027,0,1,-0.004177365222184259,-0.004177365222184259,105.7920762927126,58.25898667141969
2021-10-21,159.78889029140035,54.5946877982513,0.42018478577020346,0.012971333622151679,0.40721345214805177,158.19595555053016,161.32679757252959,155.06511352853073,0.039581821306416264,0.7543939824617703,0,1,-0.0029848771946215935,-0.0029848771946215935,105.4762999368148,58.0850907507224
2021-10-22,158.49515475909783,49.23677909098782,0.34065835607728445,0.07850873811317824,0.2621496179641062,158.304676433955,161.3098294531259,155.2995234147841,0.037966699239294556,0.5316919511132557,0,1,-0.008096529927350993,-0.008096529927350993,104.62230791775013,57.614803075126275
2021-10-25,153.01917583059912,34.01860934061666,-0.16236105015582325,0.03033478045937795,-0.1926958306152012,158.1169856342603,161.89456183671473,154.33940943180585,0.047782041724376605,-0.17474612429378863,-1,0,-0.034549819121107106,-0.034549819121107106,101.0076261031591,55.62422205018246
2021-10-26,158.64517759823332,50.832657980335576,-0.10581644337437979,0.0031045356926264027,-0.1089209790670062,158.2163729185294,161.93641882585942,154.49632701119938,0.04702479065482795,0.5576343263478274,0,0,0.036766645337722226,0.0,101.0076261031591,57.66933809448822
2021-10-27,159.22995685929936,52.19626566520841,-0.013660170017601558,-0.0002484054494191895,-0.013411764568182369,158.37980631718276,161.96755627242626,154.79205636193925,0.04530564897974966,0.6184796254925891,0,0,0.0036860828038971505,0.0,101.0076261031591,57.881912049950444
2021-10-28,159.54554649737256,52.95457355602394,0.08387295168961373,0.016575865978387398,0.06729708571122633,158.5842575288761,161.92835258611802,155.24016247163416,0.04217436345007971,0.6437293127201492,1,1,0.001981974022338351,0.0,101.0076261031591,57.99663249599673
2021-10-29,159.93675833680044,53.930178996508225,0.1905397555833872,0.05136864389938736,0.13917111168399984,158.74825195149552,162.0151728488925,155.48133105409855,0.041158511759803916,0.6819000861410359,0,1,0.0024520386060060684,0.0024520386060060684,101.25530070186508,58.13884247789526
2021-11-01,160.07322269562073,54.28629798387158,0.2828252658267445,0.09765996828485879,0.1851652975418857,158.8371529168251,162.14862880187084,155.52567703177934,0.04169649007470944,0.6866342715007512,0,1,0.0008532394944062993,0.0008532394944062993,101.34169572344189,58.188448834456466
2021-11-02,160.8658602002639,56.39472094478258,0.41513599056642647,0.16115517274117233,0.25398081782525417,158.93089328375862,162.36459981178524,155.497186755732,0.0432100576178856,0.7817606718442143,0,1,0.004951718290512552,0.004951718290512552,101.84351125174722,58.47658164084659
2021-11-03,161.75478418616976,58.69554259903859,0.5849786599297033,0.24591987017887856,0.33905878975082476,159.01484743868062,162.64300998337757,155.38668489398367,0.04563300349794119,0.8775928880989536,0,1,0.005525870963541957,0.005525870963541957,102.40628535339842,58.799715685382935
2021-11-04,161.90005663348543,59.07558294009225,0.7229685401576944,0.34132960417464175,0.38163893598305265,159.25575864883484,162.982025222428,155.52949207524168,0.04679600417853307,0.8548186814370541,0,1,0.0008981029404884211,0.0008981029404884211,102.49825673939881,58.85252388293986
2021-11-05,162.04600996671098,59.478976198229226,0.8344843128995194,0.4399605459196173,0.3945237669799021,159.41929346090237,163.338849011439,155.49973791036572,0.049172913333704056,0.8350783618118363,0,1,0.000901502669365728,0.000901502669365728,102.59065919145472,58.90557959031925
2021-11-08,161.99837426829725,59.27361859934348,0.9085444288448628,0.5336773225046665,0.37486710634019627,159.58031534228843,163.6506342992634,155.50999638531346,0.05101279500851252,0.7970355580936963,0,1,-0.00029396403171866314,-0.00029396403171866314,102.56050122766212,58.88826346865215
2021-11-09,161.70456445501787,57.94475660781159,0.9327771336818103,0.6134972847400952,0.319279848941715,159.76328598763422,163.87185852067464,155.6547134545938,0.05143325023195156,0.7362473160413057,0,1,-0.0018136590234713035,-0.0018136590234713035,102.37449144915882,58.781460238235674
2021-11-10,161.35727644978758,56.33699992128279,0.9134290457871828,0.6734836369495127,0.23994540883767002,159.95029012740378,163.98741864200795,155.9131616127996,0.05047978983205994,0.6742558253092608,0,1,-0.0021476697729636562,-0.0021476697729636562,102.15462484835093,58.655217072871345
2021-11-11,160.65212842962404,53.11448912793683,0.8316097155343414,0.7051088526664785,0.12650086286786288,160.043717528338,164.0535534197525,156.0338816369235,0.05010925706227111,0.5758648131446881,0,1,-0.004370103633863476,-0.004370103633863476,101.70819855108519,58.39888769559614
2021-11-12,160.38712817415143,51.91270893556685,0.7368895963465718,0.7114650014024972,0.025424594944074563,160.10644598476898,164.09546373267594,156.11742823686203,0.04982957086295493,0.5351818677078738,0,1,-0.0016495284442415992,-0.0016495284442415992,101.5404279845626,58.302557069230176
2021-11-15,162.17668967400763,58.70739416365866,0.7970381172410157,0.728579624570201,0.06845849267081472,160.23917977438842,164.32188347578946,156.15647607298737,0.05095762106557659,0.7372826980995862,0,1,0.011157762597463927,0.011157762597463927,102.67339197405923,58.95308315983374
2021-11-16,162.8489712414886,60.940235725433304,0.8887092701369568,0.7606055536835522,0.12810371645340457,160.3346497476669,164.5726582774712,156.0966412178626,0.05286453722229133,0.7966395036889912,0,1,0.004145364964794451,0.004145364964794451,103.09901065596509,59.197465205331135
2021-11-17,162.51057814176343,59.20484278244491,0.9234093361584144,0.7931663101785247,0.13024302597988968,160.4468152344596,164.79463754771425,156.09899292120494,0.054196430223949495,0.7373329403334065,0,1,-0.002077956631506006,-0.002077956631506006,102.88477538307082,59.07445543993936
2021-11-18,163.5084222922818,62.58805960439466,1.0196729174284656,0.8384676316285129,0.18120528579995265,160.63279183450365,165.1759354540414,156.0896482149659,0.05656558125713762,0.8164802500862549,0,1,0.006140179685090619,0.006140179685090619,103.51650639078305,59.43718321113948
2021-11-19,164.4203571192102,65.41126015237096,1.1562198357576392,0.9020180724543382,0.254201763303301,160.92905195250927,165.65438098301684,156.2037229220017,0.05872561819232028,0.8694245569102635,0,1,0.005577295738920629,0.005577295738920629,104.09384856078432,59.76868195979641
2021-11-22,164.64463595044487,66.08902790406367,1.267915933968652,0.975197644757201,0.29271828921145104,161.51032495850157,164.77233424091108,158.24831567609206,0.04039381733951248,0.9804264366820121,0,1,0.0013640575605371463,0.0013640575605371463,104.23583856191907,59.85020988230701
2021-11-23,164.9789075979431,67.12305878132058,1.3676434821228156,1.053686812230324,0.3139566698924916,161.82701145848705,165.14711088623477,158.50691203073933,0.041032697790373704,0.9746689380917472,0,1,0.0020302613903488975,0.0020302613903488975,104.44746456044199,59.97172145263534
2021-11-24,167.29714119067276,73.22153440882776,1.6151222354286006,1.1659738968699793,0.44914833855862124,162.23037067505572,166.1313338366105,158.32940751350094,0.048091650722642286,1.1494255784765735,0,1,0.014051696828901505,0.014051696828901505,105.91512866699276,60.8144259007951
2021-11-25,172.7393887019302,81.77045783241216,2.224749296775002,1.377728976850984,0.847020319924018,162.89006278528362,168.816106907546,156.96401866302125,0.0727612724917896,1.3310202989921753,0,1,0.03253042743303536,0.03253042743303536,109.36059307415495,62.79274516944262
2021-11-26,173.5937904551908,82.70401223800134,2.7451814727706108,1.6512194760349095,1.0939619967357013,163.5729143912031,171.0186132204068,156.12721556199944,0.09103828536546642,1.1729305263250505,0,1,0.00494618951520609,0.00494618951520609,109.90151129299505,63.10332998723073
2021-11-29,173.5387494047398,82.41122005265171,3.1172526211896354,1.944426105065855,1.1728265161237805,164.24619072665908,172.72323778683943,155.76914366647873,0.10322366713865504,1.0481011614133364,0,1,-0.0003170680835222761,-0.0003170680835222761,109.86666503143319,63.08332193532781
2021-11-30,174.29629655841828,83.28815032576333,3.433668221284961,2.242274528309676,1.1913936929752849,164.9177125445668,174.34215684549088,155.49326824364272,0.11429268761385773,0.9975669500710984,0,1,0.004365291073474609,0.004365291073474609,110.34626500356732,63.35869899745722
2021-12-01,173.21089095016958,77.33849079254568,3.555856996527467,2.5049910219532343,1.0508659745742328,165.4905178827668,175.4811059532111,155.49992981232248,0.1207390997171407,0.8863823136819331,0,1,-0.006227358983986742,-0.006227358983986742,109.65909919884797,62.964141634041695
2021-12-02,173.82166553041796,78.27879086571609,3.659789114625852,2.735950640487758,0.9238384741380941,166.08659832761342,176.58488549295114,155.5883111622757,0.12641943746273107,0.8683966289445516,0,1,0.003526190396561546,0.003526190396561546,110.04577806133855,63.1861651855994
2021-12-03,175.845180475043,81.07979429119979,3.8609304094066204,2.9609465942715305,0.8999838151350898,166.77655685303003,177.9488852120463,155.60422849401377,0.13397960204756776,0.905852000164963,0,1,0.011641327555171443,0.011641327555171443,111.32685700981429,63.92173603148012
2021-12-06,179.33971605624325,84.73963577880635,4.253286907129393,3.219414656843103,1.03387225028629,167.6436239424273,179.8942111091922,155.39303677566238,0.14615035011378721,0.9773686336254447,0,1,0.019872797035209055,0.019872797035209055,113.53923304373808,65.19203971777195
2021-12-07,178.47396153807466,80.58092558560588,4.443155177034015,3.4641627608812855,0.9789924161527295,168.48209379658016,181.3033619749596,155.6608256182007,0.15219739842335342,0.8896598839709093,0,1,-0.004827455608868436,-0.004827455608868436,112.99112743635446,64.87732803998281
2021-12-08,180.2573129668247,82.48747348344163,4.683539773958898,3.7080381634968083,0.9755016104620902,169.427095622432,182.81098660217663,156.04320464268739,0.15798997120945282,0.9045989824925845,0,1,0.009992221909466581,0.009992221909466581,114.12015985549935,65.52559669865158
2021-12-09,180.54423959543365,82.78040143982051,4.841390345638558,3.9347085999251585,0.9066817457133998,170.4217011807225,184.0147844907544,156.82861787069058,0.15952291540168614,0.8723415131002898,0,1,0.0015917613764815375,0.0015917613764815375,114.30181191823523,65.6298978126474
2021-12-10,180.4920716811262,82.51016942671194,4.90572836338427,4.128912552616981,0.7768158107672889,171.42694835607125,184.86825045323465,157.98564625890785,0.15681667586177228,0.8372115015169553,0,1,-0.0002889480961805191,-0.0002889480961805191,114.26878462729147,65.61093417862192
2021-12-13,178.62261789176682,73.27847095498035,4.751099689095042,4.253349979912594,0.49774970918244854,172.24924476695918,185.31477036884198,159.18371916507638,0.1517048811396475,0.7439003725915632,0,1,-0.010357539652279701,-0.010357539652279701,113.08524115949648,64.93136632624372
2021-12-14,178.1957734588833,71.31645097696054,4.541758013007694,4.311031586531614,0.23072642647608,173.01658487782893,185.54934322225648,160.48382653340138,0.1448734912121543,0.7066260450700066,0,1,-0.0023896438083902405,-0.0023896438083902405,112.81500771313937,64.7762034887319
2021-12-15,178.59474519746442,72.06922936148106,4.357812758603757,4.320387820946043,0.03742493765771382,173.82079323061396,185.5536739213427,162.08791253988522,0.13499973705864202,0.7034433014657183,0,1,0.002238951748612328,0.002238951748612328,113.06759507192841,64.92123428280146
2021-12-16,178.1410715715563,69.82518002342944,4.127843933757816,4.281879043508398,-0.15403510975058143,174.5524256945777,185.36666011053546,163.73819127861992,0.12390815393055525,0.665922326951,-1,0,-0.0025402406179785286,-0.0025402406179785286,112.78037617434956,64.75631872650699
2021-12-17,178.1947145619004,69.94434888606266,3.904907184931517,4.206484671793022,-0.3015774868615049,175.2411435667122,185.0457850233708,165.4365021100536,0.11189885271350208,0.6506210608641055,0,0,0.0003011264604555475,0.0,112.78037617434956,64.77581856755722
2021-12-20,179.8385095838441,73.4097950464964,3.816870221818874,4.128561781798193,-0.31169155997931863,176.00083724838217,184.6328380871122,167.36883640965215,0.09809045199652161,0.7222933249868945,0,0,0.009224712562238446,0.0,112.78037617434956,65.37335687482665
2021-12-21,183.15997952270254,78.74313805544584,3.9693588615475903,4.096721197748073,-0.12736233620048232,176.90989084462015,184.40967538675054,169.41010630248977,0.08478649222295255,0.916684548934188,0,0,0.01846918074746351,0.0,112.78037617434956,66.58074921901625
2021-12-22,180.88137093754025,68.58057935507962,3.8618258133842573,4.04974212087531,-0.1879163074910526,177.58910233196352,183.76738828359342,171.4108163803336,0.06957956170171933,0.7664386717733742,0,0,-0.012440537453105915,-0.0,112.78037617434956,65.75244891470123
2021-12-23,179.28426640583945,62.49267577642621,3.6061625131389974,3.961026199328048,-0.3548636861890504,177.91634621715897,183.6933490808115,172.13934335350646,0.06494066437944143,0.6183935875544645,0,0,-0.008829568923669262,-0.0,112.78037617434956,65.17188313510883
2021-12-24,177.76416972115453,57.2807539330512,3.243499365585791,3.817520832579597,-0.574021466993806,178.12486518045716,183.5343001372535,172.71543022366083,0.0607375612755251,0.46666052349428283,0,0,-0.008478695398981273,-0.0,112.78037617434956,64.61931058942824
2021-12-27,177.3464086710597,55.9009127871676,2.8890729483717337,3.6318312557380246,-0.7427583073662909,178.31524814377315,183.29611805924225,173.33437822830405,0.05586588883809973,0.4027439494349644,0,0,-0.0023500857948491882,-0.0,112.78037617434956,64.46744966553908
2021-12-28,176.33045536684253,52.58349406951958,2.4974198171881596,3.404948968028052,-0.9075291508398924,178.41695608419437,183.1280538379189,173.70585833046982,0.05280997789808042,0.27855472053171965,0,0,-0.0057286375959354485,-0.0,112.78037617434956,64.098139009671
2021-12-29,169.93415876543736,37.4962786929263,1.6518625659528823,3.054331687613018,-1.4024691216601357,178.25311947495774,183.86778986778316,172.63844908213233,0.06299660179146772,-0.24082360383528334,0,0,-0.036274485811870316,-0.0,112.78037617434956,61.77301197559739
2021-12-30,160.73022869783173,25.95580654076427,0.23634764787178142,2.490734879664771,-2.2543872317929896,177.59854763332845,187.09742422510732,168.09967104154958,0.10697020576305986,-0.38791125837427926,0,0,-0.054161742020978565,-0.0,112.78037617434956,58.42727803711627
2021-12-31,156.87246771586106,22.7897308421516,-1.1831090488774123,1.7559660939563344,-2.9390751428337465,176.64991199536934,189.92500953121186,163.37481445952682,0.15029837700899065,-0.24490768245240901,0,0,-0.02400146514581991,-0.0,112.78037617434956,57.0249377597433
2022-01-03,158.48274503486616,26.803278621427637,-2.1532811015223388,0.9741166548606,-3.1273977563829387,175.6070634443005,191.086382528738,160.12774435986302,0.17629494828774084,-0.053135390388415076,0,0,0.010264881673957893,0.0,112.78037617434956,57.61029199831188
2022-01-04,161.51736233491522,33.78842085479583,-2.646770861265651,0.24993915163534985,-2.896710012901001,174.75923348414253,191.39191233034666,158.1265546379384,0.1903496429298926,0.10193209789987209,0,0,0.019147934996844196,0.0,112.78037617434956,58.713410124644774
2022-01-05,168.6026041937987,46.60137169738605,-2.4380410277488522,-0.2876568842414906,-2.1503841435073614,174.1764980454912,190.81476795173108,157.53822813925132,0.1910506881576448,0.33249779324705764,0,0,0.04386675064809342,0.0,112.78037617434956,61.28897664628181
2022-01-06,168.55738048213718,46.539465687310226,-2.2503299040976117,-0.6801914882127149,-1.5701384158848968,173.5771550898264,190.112885024028,157.04142515562478,0.1905288737523593,0.34821430237238626,0,0,-0.0002682266497470165,-0.0,112.78037617434956,61.27253730940956
2022-01-07,167.6472723217574,45.23707839299744,-2.1502192199669707,-0.9741970345635662,-1.1760221854034045,172.93491512185796,189.33704736976256,156.53278287395335,0.1896913903863416,0.33881233487871537,0,0,-0.005399396678902546,-0.0,112.78037617434956,60.941702574953204
2022-01-10,168.77015653322317,47.20033285357628,-1.9577061916569107,-1.1708988659822352,-0.7868073256746755,172.44229205393077,188.71648167644926,156.16810243141228,0.18874940049426844,0.3871791589663399,0,0,0.0066978972930180625,0.0,112.78037617434956,61.3498838396619
2022-01-11,163.7948369941106,40.30548318573736,-2.181458441067889,-1.3730107809993661,-0.8084476600685229,171.72224523069215,188.19768474763035,155.24680571375396,0.1918847438176113,0.25941739738015834,0,0,-0.029479853792356736,-0.0,112.78037617434956,59.54129823389059
2022-01-12,165.0069013368312,42.50876846119542,-2.235214091288924,-1.5454514430572777,-0.6897626482316463,171.04285303766048,187.44550765171516,154.6401984236058,0.19179584908400846,0.3160068646553907,0,0,0.007399893457961548,0.0,112.78037617434956,59.9818974971701
2022-01-13,167.75723054483885,47.26516015002052,-2.032458335224561,-1.6428528214907345,-0.38960551373382657,170.52366098632461,186.635069323798,154.41225264885122,0.1889639038275805,0.4141468460255163,0,0,0.016667964707690386,0.0,112.78037617434956,60.98167364775323
2022-01-14,167.3355230932231,46.6281657581103,-1.8840826725084412,-1.691098791694276,-0.1929838808141653,169.9807014128907,185.73149809602117,154.22990472976025,0.1853245286342368,0.4160303325323004,0,0,-0.0025137959791429187,-0.0,112.78037617434956,60.828378161736104
2022-01-17,166.57604694426863,45.44041767678735,-1.806947898245653,-1.7142686130045515,-0.09267928524110158,169.31757828091196,184.42447267129455,154.21068389052937,0.17844448926996814,0.4092622459057946,0,0,-0.004538642691733541,-0.0,112.78037617434956,60.55229988774234
2022-01-18,168.6200034758181,49.19148377856482,-1.5628720082210634,-1.6839892920478539,0.12111728382679043,168.59057947856775,182.2198105985431,154.9613483585924,0.16168437361244106,0.5010794445039245,1,1,0.012270410836639156,0.0,112.78037617434956,61.295301484468325
2022-01-19,168.600765000204,49.15722635197346,-1.3553686450516693,-1.6182651626486169,0.26289651759694754,167.97654918170093,180.3201953573919,155.63290300600997,0.1469686838528727,0.5252849040558364,0,1,-0.00011409367345227572,-0.00011409367345227572,112.7675086469385,61.28830807835659
2022-01-20,166.78256089791796,45.90359620552591,-1.3223909111833052,-1.5590903123555546,0.2366994011722494,167.35146390630484,178.49155850569508,156.2113693069146,0.13313411594209,0.4744659704946302,0,1,-0.010784079789221912,-0.010784079789221912,111.55141483605814,60.62737007389318
2022-01-21,168.44681547685678,49.21690411247235,-1.1487226243775694,-1.4770167747599576,0.3282941503823882,166.88559619408997,176.9162629575372,156.85492943064273,0.12021009592441347,0.5778223083063657,0,1,0.009978588708428937,0.009978588708428937,112.6645405245505,61.232345664334275
2022-01-24,171.47533254953788,54.659148305372426,-0.7579757656762922,-1.3332085729432246,0.5752328072669324,166.5920423880139,175.62801045789706,157.55607431813075,0.10848018837343074,0.7702140005230851,0,1,0.017979069916564727,0.017979069916564727,114.69014417575904,62.333246288188604
2022-01-25,170.75220057086622,53.19330334830894,-0.5008829058394042,-1.1667434395224605,0.6658605336830563,166.31312964821507,174.37533252716548,158.25092676926465,0.0969520914675054,0.7753013654767429,0,1,-0.004217119558364235,-0.004217119558364235,114.20648212560384,62.070379536130346
2022-01-26,169.62993790256454,50.91137684957614,-0.3832740358506328,-1.010049558788095,0.6267755229374623,166.2979186050714,174.33245635554687,158.26338085459594,0.09662824186700848,0.7073560048489381,0,1,-0.006572463866056699,-0.006572463866056699,113.45586414856386,61.662424209476704
2022-01-27,166.93086056226207,45.82031622629085,-0.5020735519137531,-0.9084543574132268,0.40638080549947364,166.60795019829294,174.20448109552987,159.011419301056,0.09119049707046652,0.5212538044231861,0,1,-0.01591156239090774,-0.01591156239090774,111.65060408754964,60.681278699493
2022-01-28,165.14310812298146,42.76957681275596,-0.7320411901176271,-0.8731717239541069,0.14113053383647978,167.02148221864894,173.1440127661282,160.89895167116967,0.07331428827178323,0.3466014925445465,0,1,-0.010709538267873575,-0.010709538267873575,110.45487767044281,60.03141022311728
2022-01-31,166.1423238114292,44.97476415856506,-0.8241634022801634,-0.8633700596193183,0.03920665733915496,167.4044611574771,172.0607525642431,162.7481697507111,0.05562923920391627,0.3644696781419332,0,1,0.006050604834829887,0.006050604834829887,111.12319648730616,60.39463656405493
2022-02-01,160.97206445051808,37.02504331690514,-1.2993890912861445,-0.9505738659526837,-0.3488152253334609,167.37719626325725,172.18262988227832,162.57176264423617,0.05742041002363194,-0.166446810063727,-1,0,-0.03111945976378272,-0.03111945976378272,107.6651026453965,58.515188101551544
2022-02-02,160.06562268879682,35.82931171003645,-1.7292178019405355,-1.1063026531502542,-0.6229151487902813,166.95034718800716,172.71779475161446,161.18289962439985,0.06909177082587833,-0.09686060629775527,0,0,-0.005631050113045433,-0.0,107.6651026453965,58.185686144977424
2022-02-03,157.05210092301706,32.11586751881292,-2.2866669006984353,-1.3423755026598905,-0.9442913980385448,166.37508321005117,173.5829085536377,159.16725786646464,0.08664549047271149,-0.1467264287507759,0,0,-0.01882678938274407,-0.0,107.6651026453965,57.09023648683548
2022-02-04,156.9899159733136,32.04206781659427,-2.702316510804792,-1.6143637042888708,-1.0879528065159212,165.84221539262896,174.14642461168773,157.53800617357018,0.10014590313327262,-0.03300074611551655,0,0,-0.00039595108462731066,-0.0,107.6651026453965,57.067631545776884
2022-02-07,161.86918756906297,43.09206500317689,-2.6079426420157574,-1.813079491834248,-0.7948631501815093,165.49716694442094,173.8623884718347,157.1319454170072,0.10109202087094399,0.28315102813065507,0,0,0.031080159292389054,0.0,107.6651026453965,58.841302624659
2022-02-08,162.42953467617383,44.21391482125929,-2.459582803029548,-1.9423801540733083,-0.5172026489562396,165.42890182852412,173.8745130982323,156.98329055881592,0.1021056318014191,0.3224304282682241,0,0,0.003461728050446755,0.0,107.6651026453965,59.0449952124796
2022-02-09,164.86961198353964,48.93474656549105,-2.12066698667752,-1.978037520594151,-0.14262946608336913,165.42203736085952,173.8693158321249,156.97475888959414,0.1021300257938195,0.467301576525562,0,0,0.01502237454678701,0.0,107.6651026453965,59.93199124567472
2022-02-10,163.7292311706394,46.935682234120016,-1.921938055958691,-1.966817627667059,0.04487957170836809,165.22063739214957,173.6254563871129,156.81581839718623,0.10174054679397683,0.4112767197958746,1,1,-0.006916864782905541,-0.0,107.6651026453965,59.51744976605811
2022-02-11,158.1508504200137,38.623674312141105,-2.1893353575142385,-2.011321173636495,-0.17801418387774337,164.7614037584891,173.66836025685578,155.85444726012244,0.10811945389130917,0.12891065316824987,-1,0,-0.03407076861438307,-0.03407076861438307,103.9968698453214,57.48964450656058
2022-02-14,159.26780830320283,40.88124531480843,-2.284782923806034,-2.066013523670403,-0.2187694001356313,164.39599182643582,173.5846810444042,155.20730260846744,0.11178726580717986,0.22095130210711184,0,0,0.007062610667111224,0.0,103.9968698453214,57.89567148310104
2022-02-15,154.77893183010633,35.26696425495469,-2.6916133804491267,-2.191133495026148,-0.5004798854229788,163.7039382441502,173.6100113487476,153.7978651395528,0.12102424915182369,0.049518445916687547,0,0,-0.02818445560920191,-0.0,103.9968698453214,56.26391350022064
2022-02-16,157.22290904314883,40.09095649654132,-2.7847203892521577,-2.30985087387135,-0.4748695153808078,163.13504544629745,173.16312074671154,153.10697014588337,0.1229420113008794,0.20522078135449914,0,0,0.01579011551601317,0.0,103.9968698453214,57.1523271937721
2022-02-17,153.86932295774375,36.11398045215651,-3.0934553073580844,-2.466571760568697,-0.6268835467893874,162.48938354928876,173.1702326793048,151.80853441927272,0.1314651935617217,0.09647119406825358,0,0,-0.021330136338367334,-0.0,103.9968698453214,55.93326026267397
2022-02-18,149.88187413631104,32.04373969638881,-3.618175672742126,-2.6968925430033828,-0.9212831297387432,161.56113648226147,173.24205211178386,149.8802208527391,0.14460056278206349,7.076857775498242e-05,0,0,-0.02591451463348393,-0.0,103.9968698453214,54.48377697109844
2022-02-21,149.24833455235046,31.437483992400544,-4.038587371148253,-2.965231508632357,-1.0733558625158963,160.44978658240208,172.3857546748224,148.51381848998176,0.1487813520560886,0.03076901918140751,0,0,-0.004226925954931682,-0.0,103.9968698453214,54.2534780800966
2022-02-22,146.52237966306834,28.903560058143626,-4.539401059116898,-3.2800654187292655,-1.2593356403876323,159.2382955370122,171.67930206581684,146.79728900820754,0.15625646439945662,-0.011048517035286082,0,0,-0.018264558177203405,-0.0,103.9968698453214,53.26256227338704
2022-02-23,146.38254033287805,28.7754264913779,-4.891200663675988,-3.60229246771861,-1.2889081959573785,158.07592565852786,170.77039766316358,145.38145365389215,0.16061233804897063,0.03943002429011332,0,0,-0.0009543888825164215,-0.0,103.9968698453214,53.211729076098976
2022-02-24,147.88646271442764,32.253808176083965,-4.991115939788926,-3.8800571621326734,-1.111058777656253,157.12370576613617,169.8784078587084,144.36900367356392,0.16235235835840606,0.13788871803254896,0,0,0.010273919130858289,0.0,103.9968698453214,53.75842207743996
2022-02-25,151.217414148164,39.321968949976814,-4.7468014014051505,-4.053406009987169,-0.6933953914179813,156.4274210673953,168.855053605331,143.9997885294596,0.15889327399422334,0.2903861856500987,0,0,0.02252370752939381,0.0,103.9968698453214,54.96926105355393
2022-02-28,149.8052048562791,37.53399270400715,-4.61394714645246,-4.165514237280227,-0.448432909172233,155.61056511963778,167.48489018010946,143.7362400591661,0.15261592362115464,0.25554988457053024,0,0,-0.009338932951870382,-0.0,103.9968698453214,54.455906810160926
2022-03-01,147.78041063316218,35.07164628138746,-4.618800506992301,-4.256171491222642,-0.36262901576965856,154.95098242876998,167.03501048657364,142.8669543709663,0.15597226772484155,0.2033037427045213,0,0,-0.013516180729898353,-0.0,103.9968698453214,53.71987093190429
2022-03-02,148.43838353838467,36.5288246926908,-4.517479227146879,-4.30843303840749,-0.2090461887393893,154.3696204712494,166.53607566392438,142.2031652785744,0.1576275844370678,0.2562463002191584,0,0,0.004452368906023629,0.0,103.9968698453214,53.959051614877104
2022-03-03,145.42773045393028,32.891369276728184,-4.626781271302548,-4.372102684986501,-0.25467858631604656,153.78840194779502,166.5131221747315,141.06368172085854,0.16548348335469426,0.17147916241936892,0,0,-0.020282173738949805,-0.0,103.9968698453214,52.86464475523521
2022-03-04,145.29568643536194,32.73739477874406,-4.67022334987098,-4.431726817963397,-0.23849653190758335,153.20369047089744,166.3758434943728,140.0315374474221,0.17195607994805487,0.19982112941438304,0,0,-0.0009079700147708314,-0.0,103.9968698453214,52.81664524295595
2022-03-07,144.56253639973298,31.8459791182769,-4.709522151023236,-4.487285884575365,-0.22223626644787142,152.33835791243095,165.38688569822656,139.28983012663534,0.1713098127694974,0.202042190492839,0,0,-0.005045917422711099,-0.0,103.9968698453214,52.55013681251537
2022-03-08,146.07781128560006,35.74052281045708,-4.565765412870832,-4.502981790234458,-0.06278362263637316,151.52077174290224,163.9410270181562,139.10051646764828,0.16394128847665101,0.2808837122636804,0,0,0.010481795101305869,0.0,103.9968698453214,53.10095657912974
2022-03-09,148.38768932718975,41.251680690391275,-4.2168401997428475,-4.445753472136136,0.22891327239328874,150.69667561008478,161.46495261801624,139.92839860215332,0.14291326552940675,0.39278757032372347,1,1,0.015812655058704328,0.0,103.9968698453214,53.94062368880276
2022-03-10,145.83987456874215,37.437701461509256,-4.098655068196933,-4.376333791348296,0.27767872315136266,149.8022077799899,158.84630511765585,140.75811044232398,0.12074718352547555,0.28094368828020866,0,1,-0.017169987416070343,-0.017169987416070343,102.21124489876652,53.01446385885102
2022-03-11,143.95135551899494,34.864585345686905,-4.110002652085825,-4.323067563495802,0.21306491140997696,149.09223303493894,157.5896743164387,140.59479175343918,0.11398905373572923,0.19750438128142875,0,1,-0.012949264083856882,-0.012949264083856882,100.88768449623262,52.327965566078674
2022-03-14,142.82625395450438,33.392106491287834,-4.161807263957144,-4.29081550358807,0.12900823963092645,148.27015531750402,155.7419949543753,140.79831568063275,0.10078683226400018,0.13570542011262965,0,1,-0.007815845571124913,-0.007815845571124913,100.0991619341817,51.918978268163066
2022-03-15,148.05814889776448,45.02044691031372,-3.737607779049739,-4.180173958680404,0.44256617963066525,147.93411617088697,154.74907139374864,141.1191609480253,0.09213500440952152,0.5091000397523839,0,1,0.03663118508258756,0.03663118508258756,103.76591286160462,53.820831970402985
2022-03-16,145.62188362590985,41.39631524908011,-3.5570098820303713,-4.055541143350398,0.4985312613200268,147.354064900025,152.64442806649328,142.06370173355674,0.07180478081901044,0.336289001377619,0,1,-0.01645478678473078,-0.01645478678473078,102.05846688994396,52.93522165575318
2022-03-17,147.7186610876716,45.465243151450224,-3.207715779073766,-3.885976070495072,0.6782602914213061,147.0465318065214,151.36870322246298,142.7243603905798,0.05878644484629609,0.5777536585743881,0,1,0.014398779974225562,0.014398779974225562,103.52798429919905,53.697424265261226
2022-03-18,148.77171142069946,47.43902853307083,-2.813493127352558,-3.671479481866569,0.857986354514011,146.99102367074082,151.18653487647987,142.79551246500176,0.057085270936502584,0.7122134422526195,0,1,0.007128756280852633,0.007128756280852633,104.26601006751596,54.08022011575782
2022-03-21,152.64858888797306,54.0349026667352,-2.16330004810348,-3.3698435951139514,1.2065435470104715,147.16103638752193,151.97210910107492,142.34996367396894,0.06538514312829247,1.070304465051263,0,1,0.02605923821303957,0.02605923821303957,106.98310286138855,55.489509454367955
2022-03-22,157.04431165879214,60.14227485491979,-1.2785805763974167,-2.9515909913706446,1.6730104149732279,147.68713298730813,154.2032053131899,141.17106066142637,0.08824157113865486,1.218007582137893,0,1,0.02879635378775136,0.02879635378775136,110.06382614069648,57.08740500012471
2022-03-23,157.43653495118113,60.64475235790611,-0.5395651085579516,-2.469185814808106,1.9296207062501542,148.23983271822328,156.03889514432618,140.4407702921204,0.1052222237855257,1.0896030657593634,0,1,0.0024975326278684484,0.0024975326278684484,110.3387141376309,57.22998265675287
2022-03-24,156.69511613001913,59.12732723177958,-0.013560017111956313,-1.978060655268876,1.9645006381569197,148.68026538900284,157.34243794271802,140.01809283528766,0.11652081103099618,0.9626351351993527,0,1,-0.004709318719393174,-0.004709318719393174,109.81909396566878,56.960468428116876
2022-03-25,161.69713487983464,65.41473397803107,0.7977282028622312,-1.4229028836426547,2.220631086504886,149.2042514255864,159.60585452671455,138.80264832445823,0.13942770399294982,1.1005268290275978,0,1,0.031921982467309595,0.031921982467309595,113.32473715781668,58.778759502608956
2022-03-28,157.73562097765617,57.827654269394856,1.108243753917634,-0.916673556130597,2.024917310048231,149.60077223165524,160.68130941238093,138.52023505092956,0.14813475913837648,0.8670782658511941,0,1,-0.024499592433239292,-0.024499592433239292,110.54832728484621,57.33870385106364
2022-03-29,160.57591844082546,61.29394731246553,1.565472045921382,-0.4202444357202012,1.985716481641583,150.2405476220384,162.3118342318276,138.16926101224922,0.16069279300228637,0.9280973169175525,0,1,0.018006696556966295,0.018006696556966295,112.53893746914463,58.371184492279504
2022-03-30,159.58669566747304,59.46085788963634,1.8269468449625776,0.0291938204163546,1.797753024546223,150.79796322849282,163.53034429915675,138.06558215782889,0.16886675122224978,0.8451331055127589,0,1,-0.006160467789676494,-0.006160467789676494,111.84564496978156,58.01159069036955
2022-03-31,162.02887770653808,62.446801514294656,2.2058040513737183,0.46451586660782734,1.741288184765891,151.62802059112323,165.0330737794659,138.22296740278057,0.17681498625495393,0.8879453878056848,0,1,0.015303168154779945,0.015303168154779945,113.55723768213394,58.89935181763054
2022-04-01,160.82329850955767,60.093711851367694,2.3813205700122353,0.847876807288709,1.5334437627235262,152.404401194833,166.06150064388842,138.7473017457776,0.17922185110121908,0.8082242077144335,0,1,-0.007440520566734499,-0.007440520566734499,112.71231271965847,58.46110997906413
2022-04-04,157.89126710265822,54.69564135193004,2.257801712326625,1.1298617882962922,1.1279399240303327,153.07083772997925,166.41392848204524,139.72774697791326,0.17433876955195782,0.6806339124214005,0,1,-0.018231384594597166,-0.018231384594597166,110.65741119791987,57.395282999208774
2022-04-05,164.13030883952223,62.42941468440497,2.6329990796181733,1.4304892465606684,1.2025098330575048,153.97346260767537,167.75976920332687,140.18715601202388,0.17907380092865777,0.8683671968767381,0,1,0.0395147993385061,0.0395147993385061,115.03001659672422,59.66324608989928
2022-04-06,161.29715794836395,57.61929491844858,2.6709451045021524,1.6785804181489654,0.992364686353187,154.6189360387341,168.51250605213752,140.72536602533066,0.1797136931523434,0.740334986011055,0,1,-0.01726159483394618,-0.01726159483394618,113.04441505648948,58.63336330941742
2022-04-07,166.8597184520449,63.55643395303123,3.1139737954655686,1.9656590936122862,1.1483147018532824,155.66992823289922,169.94225521913447,141.39760124666398,0.1833665261910095,0.8920100145525501,0,1,0.034486413613448175,0.034486413613448175,116.94291151081788,60.655417728053564
2022-04-08,165.91564584817664,61.96970124372172,3.350278530293963,2.2425829809486215,1.1076955493453413,156.76814274935833,170.61771077703045,142.9185747216862,0.17668855144651266,0.8302450690354075,0,1,-0.005657882037836348,-0.005657882037836348,116.28126231232854,60.312236529592546
2022-04-11,168.21060457487872,64.3027972313946,3.6803113858617564,2.530128661931249,1.1501827239305076,158.03736028037704,171.13967382270377,144.93504673805032,0.16581286246595953,0.8882232043080498,0,1,0.013832081446990996,0.013832081446990996,117.88967420339158,61.14648029752006
2022-04-12,171.20690944323806,67.13745039602726,4.135964736436563,2.851295876832312,1.2846688596042508,159.19479830765073,172.66987905429997,145.7197175610015,0.169290465390811,0.9457157386078857,0,1,0.01781281790129663,0.01781281790129663,119.98962150241978,62.235671416365
2022-04-13,170.24303878451443,65.33997824225153,4.368934633923885,3.154823628250627,1.2141110056732582,160.42585606558094,173.15811179635762,147.69360033480427,0.1587307188882547,0.8855240943363706,0,1,-0.005629858408507715,-0.005629858408507715,119.31409692287073,61.88529339833245
2022-04-14,171.2520399365493,66.35545405496708,4.582162598397645,3.4402914222800307,1.141871176117614,161.60252500802483,173.72528787680477,149.47976213924488,0.15003184966544247,0.8979915730833565,0,1,0.005926827664959777,0.005926827664959777,120.0212510133329,62.25207686729984
2022-04-15,168.18959642815094,60.55634209187261,4.452705679883536,3.6427742738007316,0.8099314060828045,162.5734192583974,173.41169036390426,151.73514815289053,0.13333386423127758,0.7590900852673815,0,1,-0.017882668781831867,-0.017882668781831867,117.87495073468037,61.138843595700784
2022-04-18,170.81332605844008,63.499536344279406,4.509836603921087,3.816186739824803,0.6936498640962845,163.48165611692076,173.8523587273497,153.11095350649182,0.12687298204285247,0.8534799047340574,0,1,0.015599833081292758,0.015599833081292758,119.71378029060699,62.09259935057698
2022-04-19,171.09759585852126,63.81458068334903,4.525879943228517,3.9581253805055456,0.5677545627229716,164.1843203269072,174.62268972614996,153.74595092766444,0.12715427853840044,0.831147292608536,0,1,0.0016642132475304106,0.0016642132475304106,119.91300954967856,62.19593467698981
2022-04-20,167.66080993590558,57.367732760759075,4.212712970873525,4.009042898579142,0.2036700722943836,164.69553407614342,174.73634000126114,154.6547281510257,0.12193173277516528,0.6476612476068445,0,1,-0.020086699087563553,-0.020086699087563553,117.50435301017004,60.946623652663355
2022-04-21,166.49488210404166,55.32571999770627,3.826337618812829,3.9725018426258796,-0.1461642238130505,165.18552237484454,174.5136199140394,155.85742483564968,0.11294086073750731,0.5701836426825219,-1,0,-0.0069540868394327715,-0.0069540868394327715,116.68721753532596,60.5227955392125
2022-04-22,169.79320075376967,59.69632027664347,3.743130638472195,3.9266276017951425,-0.18349696332294751,165.5903256685413,174.98347217543667,156.19717916164595,0.11345042615227931,0.7237202987381859,0,0,0.019810330552184174,0.0,116.68721753532596,61.72177212478657
2022-04-25,160.96882166561684,46.5694577261279,2.931344152387169,3.7275709119135483,-0.7962267595263794,165.75198570293932,174.6754903284669,156.82848107741174,0.10767297402421819,0.23199072348552274,0,0,-0.051971333651632756,-0.0,116.68721753532596,58.51400931211924
2022-04-26,163.47595524028677,49.937691655576195,2.461922727338248,3.4744412749984885,-1.0125185476602407,165.89698754291243,174.55670155303991,157.23727353278494,0.10439868907067992,0.36021291812903533,0,0,0.015575274445867704,0.0,116.68721753532596,59.42538106608356
2022-04-27,158.811422980529,44.33754250612318,1.6939868695860696,3.118350393916005,-1.4243635243299355,165.8582239085652,174.64291107885376,157.07353673827666,0.10593007646255029,0.0989156590646839,0,0,-0.02853344550213255,-0.0,116.68721753532596,57.729770193991
2022-04-28,159.6085986714986,45.463162274641306,1.1366153909163756,2.722003393316079,-1.5853880023997036,165.73720995681322,174.80609251976185,156.6683273938646,0.10943689187614228,0.16210769393170055,0,0,0.005019636975782005,0.0,116.68721753532596,58.01955268306016
2022-04-29,158.13294887770095,43.70143385726765,0.5692597999643851,2.2914546746457405,-1.7221948746813553,165.6026924752204,175.05036953595175,156.15501541448907,0.11410052481054943,0.10467829554806846,0,0,-0.009245427916040994,-0.0,116.68721753532596,57.48313709100798
2022-05-02,159.9599193670447,46.467301353379206,0.26400437828340273,1.885964615373273,-1.6219602370898702,165.7061250884397,174.83836064482932,156.5738895320501,0.1102220639281211,0.1853888795403163,0,0,0.011553382785245647,0.0,116.68721753532596,58.14726177751716
2022-05-03,159.02853093830106,45.24688857635454,-0.05246324131840652,1.4982790440349372,-1.5507422853533437,165.45103619337868,175.04209408594915,155.85997830080822,0.11593832366647086,0.16518264580319647,0,0,-0.005822636273068338,-0.0,116.68721753532596,57.80869142191178
2022-05-04,159.9734641251457,46.77423022039251,-0.2244308002744333,1.1537370751730631,-1.3781678754474964,165.38485150221774,175.1138785281625,155.65582447627298,0.1176531821091764,0.22189472993335907,0,0,0.005941909802406942,0.0,116.68721753532596,58.15218545213596
2022-05-05,159.89040755184624,46.65104846489733,-0.3632311978932705,0.8503434205597964,-1.213574618453067,165.0363859572078,175.03840111966724,155.03437079474838,0.12120981811917338,0.24275291919792427,0,0,-0.0005191896903257165,-0.0,116.68721753532596,58.1219934369793
2022-05-06,155.00897580513987,39.9859699366072,-0.8572405239940508,0.5088266316490271,-1.366067155643078,164.49105245505598,175.43607817985435,153.5460267302576,0.1330774599766013,0.06683168736495643,0,0,-0.030529859929986802,-0.0,116.68721753532596,56.34753711849672
2022-05-09,152.57768199750106,37.13981520775328,-1.4284651085969813,0.12136828359982543,-1.5498333921968066,163.7094063261871,175.71724111786165,151.70157153451254,0.14669694382434237,0.03648078434573228,0,0,-0.015684858215534336,-0.0,116.68721753532596,55.46373398799853
2022-05-10,153.69453212071502,39.27797069606764,-1.770633475780528,-0.25703206827624525,-1.5136014075042827,162.83378746006093,175.0910683658103,150.57650655431158,0.15054960149171448,0.12719075259754048,0,0,0.007319878691250947,0.0,116.68721753532596,55.86972179255449
2022-05-11,149.86943514200192,34.89956605830601,-2.323671887393971,-0.6703600320997904,-1.6533118552941803,161.8151072779353,174.84194339888887,148.78827115698175,0.16100889886107522,0.04149756606215092,0,0,-0.024887658174519767,-0.0,116.68721753532596,54.479255254275884
2022-05-12,144.68139777247004,30.012827603507546,-3.1443440298185124,-1.165156831643535,-1.9791871981749773,160.48657516973134,174.81561108650007,146.1575392529626,0.17856990096042957,-0.051508750800362615,0,0,-0.034617047596237294,-0.0,116.68721753532596,52.59334428213105
2022-05-13,148.28741152849,36.65237357664363,-3.4638285821800707,-1.6248911817508422,-1.8389374004292285,159.4914659247483,174.32353816378014,144.65939368571645,0.18599204857807194,0.12230313419139474,0,0,0.02492382442759422,0.0,116.68721753532596,53.9041715610789
2022-05-16,149.9663738190792,39.528885344000564,-3.540728848374414,-2.0080587150755567,-1.5326701332988573,158.44911831278029,172.85501867299027,144.0432179525703,0.18183629563368828,0.2055808980488657,0,0,0.011322352135512359,0.0,116.68721753532596,54.5144935730665
2022-05-17,150.13949490824183,39.832269680173084,-3.5468179290393493,-2.3158105578683155,-1.2310073711710339,157.40121326526628,170.95710995674293,143.84531657378963,0.17224640662243265,0.23215647321986826,0,0,0.0011543993813671882,0.0,116.68721753532596,54.577425070722796
2022-05-18,152.48975157731635,43.943935290005044,-3.3236841362547693,-2.5173852735456066,-0.8062988627091627,156.64266034733683,169.4589836008203,143.82633709385337,0.16363771178381112,0.3379836132452527,0,0,0.01565382027234663,0.0,116.68721753532596,55.43177027370736
2022-05-19,152.530219832314,44.01487846993563,-3.1077592339735247,-2.6354600656311904,-0.4722991683423343,155.94442723375045,167.99975125596347,143.88910321153742,0.15461051396396347,0.3583942084366436,0,0,0.00026538344104465317,0.0,116.68721753532596,55.446480947645796
2022-05-20,150.52195831186594,41.226480375573566,-3.0633744405527636,-2.7210429406155052,-0.3423314999372584,154.98086511165528,165.33630689510906,144.6254233282015,0.1336351010299659,0.28470707030027925,0,0,-0.013166318927854914,-0.0,116.68721753532596,54.71645489606186
2022-05-23,146.19700231987997,35.9451675605429,-3.338700514121655,-2.844574455316735,-0.49412605880491967,154.24227414436842,164.90215830028407,143.58238998845277,0.13822260097044678,0.12263793363909262,0,0,-0.028733056894098552,-0.0,116.68721753532596,53.14428388448994
2022-05-24,144.40689716281904,34.00351728390467,-3.6591643676050296,-3.007492437774394,-0.6516719298306355,153.28882124049503,163.8822620464923,142.69538043449776,0.1382154382853163,0.08078190833672903,0,0,-0.012244472380795957,-0.0,116.68721753532596,52.49356016826913
2022-05-25,142.89970673098483,32.415840649500694,-3.988771872815505,-3.203748324782617,-0.7850235480328882,152.49323542801784,163.711877133357,141.27459372267867,0.14713625393088023,0.07242913406944514,0,0,-0.01043710834763556,-0.0,116.68721753532596,51.94567919323978
2022-05-26,141.48779762881492,30.957601320478375,-4.3141862070102945,-3.4258359012281527,-0.8883503057821418,151.58719537588362,163.30221698495413,139.87217376681312,0.15456479130735704,0.06895522329855884,0,0,-0.009880419872574708,-0.0,116.68721753532596,51.432434072244504
2022-05-27,143.78594455077047,36.00398411727593,-4.336647982682024,-3.6079983175189274,-0.7286496651630965,150.8698451595371,162.65403637669095,139.08565394238326,0.15621665422527173,0.1994320408491485,0,0,0.016242721707949714,0.0,116.68721753532596,52.267836785642444
2022-05-30,143.77816786786886,35.994396724871365,-4.305446112312325,-3.7474878764776074,-0.5579582358347173,150.0607575845783,161.43190302689231,138.6896121422643,0.15155388557737912,0.22374859909315523,0,0,-5.408513972560147e-05,-0.0,116.68721753532596,52.265009872386734
2022-05-31,143.74201842866717,35.9464787833559,-4.234819005465397,-3.8449541022751657,-0.38986490319023126,149.29643195909662,160.1738410792586,138.41902283893464,0.14571559383471555,0.2446812255993024,0,0,-0.0002514250928201678,-0.0,116.68721753532596,52.25186913742832
2022-06-01,144.70709404279376,38.30771047234341,-4.054238243071353,-3.8868109304344034,-0.16742731263694965,148.53311345497903,158.34632198018053,138.71990492977753,0.13213496030534533,0.30505767291301333,0,0,0.00671394227433586,0.0,116.68721753532596,52.60268517054316
2022-06-02,146.1295425543384,41.717990249812274,-3.753083767419241,-3.860065497831371,0.10698173041212966,147.8450702051036,156.11348182630073,139.5766585839065,0.11185238181735047,0.3962601446711217,1,1,0.009829846428427214,0.0,116.68721753532596,53.11976148749251
2022-06-03,148.16447886336746,46.29199965972863,-3.3120352417017784,-3.7504594466054524,0.43842420490367395,147.502845358015,155.058667338153,139.94702337787703,0.10244984714428643,0.5437830263266984,0,1,0.013925564081420205,0.013925564081420205,118.31215286059675,53.85948413007634
2022-06-06,148.20443583578293,46.380982818817,-2.925552960315059,-3.5854781493473737,0.6599251890323146,147.2841830499291,154.4654689003406,140.10289719951763,0.09751604960835529,0.5640729811501021,0,1,0.0002696798363683861,0.0002696798363683861,118.34405926262059,53.874008946943434
2022-06-07,148.67245558689592,47.478626057346965,-2.5520789083100226,-3.378798301139904,0.8267193928298813,147.03307922323816,153.5950955773823,140.47106286909403,0.08925904821976995,0.6249140717717382,0,1,0.003157933488789677,0.003157933488789677,118.71778193056532,54.044139483972344
2022-06-08,152.0016734720931,54.59854216682255,-1.96480887776832,-3.0960004164655874,1.1311915386972675,147.1396911397427,153.959939173499,140.31944310598638,0.09270439513535383,0.8564373544984277,0,1,0.022392970318912298,0.022392970318912298,121.37622569766357,55.25434829534809
2022-06-09,151.3094583259199,52.990058127064316,-1.5375254879757279,-2.7843054307676156,1.2467799427918878,147.47109416741517,154.4310875608124,140.51110077401796,0.0943912898007788,0.7757448133604624,0,1,-0.00455399687622704,-0.00455399687622704,120.82347874498818,55.002720165813116
2022-06-10,152.810799183276,56.01660462714913,-1.0654725587710345,-2.4405388563682995,1.375066297597265,147.6972635501545,155.05174928480045,140.34277781550855,0.09958865259746046,0.8476473962708468,0,1,0.009922319952545333,0.009922319952545333,122.02232795887551,55.54847475355863
2022-06-13,150.79617794791312,51.24858230711764,-0.8441989086963986,-2.1212708668339193,1.2770719581375207,147.73875375659617,155.15623193903102,140.32127557416132,0.1004134391800185,0.7060959342325513,0,1,-0.01318376218258377,-0.01318376218258377,120.41361460610045,54.81613687280246
2022-06-14,154.07698569612037,57.58080245409978,-0.39949900455076204,-1.776916494377288,1.377417489826526,147.93562829599014,155.81597829682707,140.05527829515322,0.10653755409170121,0.8896627306831545,0,1,0.0217565709745009,0.0217565709745009,123.03340195857426,56.00874804522354
2022-06-15,151.74137184992162,52.36616119446435,-0.23285147758582525,-1.4681034910189954,1.2352520134331701,147.8982093096204,155.69416295872898,140.10225566051182,0.10542323244479575,0.7464844400877539,0,1,-0.015158745711739141,-0.015158745711739141,121.16836990423405,55.159725675973135
2022-06-16,156.70158843272065,60.539407823457935,0.29605319518930173,-1.115272153777336,1.4113253489666377,148.1067777396407,156.61515367315042,139.598401806131,0.1148951596052778,1.0050793923685142,0,1,0.03268862355946589,0.03268862355946589,125.12919713534767,56.962821184238436
2022-06-17,154.28015918773383,55.53025252211926,0.51390092559609,-0.7894375379026508,1.3033384634987408,148.2946877834341,157.18507913695606,139.40429642991216,0.11990168341707905,0.8366258675400469,0,1,-0.015452486916088026,-0.015452486916088026,123.19563985379311,56.082603935185524
2022-06-20,150.69587156460182,49.059362994473624,0.3927968478518551,-0.5529906607517496,0.9457875086036047,148.5196312456702,157.41420600266707,139.62505648867335,0.11977641854340604,0.6223352649444921,0,1,-0.023232330339836627,-0.023232330339836627,120.33351805228224,54.77967435424508
2022-06-21,154.3352676876146,54.8167210615326,0.5837606161518352,-0.32564040537103267,0.9094010215228678,149.01604977191,158.05127154167332,139.98082800214667,0.12126508229943019,0.7943601192781754,0,1,0.024150602702162294,0.024150602702162294,123.23964503851639,56.10263650572828
2022-06-22,154.88186378476593,55.627852434117955,0.7703266689669874,-0.10644699050342865,0.8767736594704161,149.61515762459902,158.53098472845613,140.6993305207419,0.11918347372567568,0.79535712720856,0,1,0.003541614987558672,0.003541614987558672,123.6761124124462,56.30133044401852
2022-06-23,158.32172356980377,60.44088617648633,1.182122771044959,0.1512669618062489,1.0308558092387101,150.45685392164847,159.3203583779266,141.59334946537035,0.11782121219806786,0.94366591605787,0,1,0.022209571224027114,0.022209571224027114,126.42290583978122,57.551758852522426
2022-06-24,158.17252572136138,60.13620126214294,1.4793817375146716,0.4168899169479335,1.0624918205667382,151.176182980178,160.09511614765606,142.25724981269994,0.11799389284286264,0.8922185876834913,0,1,-0.000942371299896827,-0.000942371299896827,126.30376852166825,57.49752372672122
2022-06-27,152.96208344511956,50.5520137674831,1.2797700711167863,0.5894659477817041,0.6903041233350822,151.63537875904055,159.86998608512656,143.40077143295454,0.1086106341867802,0.5805566454806054,0,1,-0.032941512772076464,-0.032941512772076464,122.14313131775032,55.60346831451467
2022-06-28,156.17588284945893,55.28565209201799,1.3651663525345157,0.7446060287322664,0.6205603238022492,152.25707198008016,159.83366461083173,144.68047934932858,0.0995236875662869,0.7586130111755817,0,1,0.021010431683172293,0.021010431683172293,124.70941123387065,56.771721186884214
2022-06-29,160.15807176747978,60.35055735460012,1.7341823117490947,0.9425212853356322,0.7916610264134625,153.02962086631445,160.5151800957593,145.5440616368696,0.09783150722152249,0.9761468503999805,0,1,0.025498104094979768,0.025498104094979768,127.88926478313552,58.21929244335856
2022-06-30,161.4725534676712,61.88529571306561,2.108393557168938,1.1756957397022934,0.9326978174666447,153.7967714119811,161.44786306644215,146.14567975752004,0.09949612835455164,1.001613521464917,0,1,0.008207402135184338,0.008207402135184338,128.9389034079838,58.697121588467105
2022-07-01,162.23853475828872,62.78918399422223,2.438655649474015,1.4282877216566376,1.0103679278173772,154.50047420672715,162.5489838853644,146.4519645280899,0.10418750777254011,0.9807138750233665,0,1,0.004743724392584747,0.004743724392584747,129.55055402923335,58.97556455592083
2022-07-04,159.4088122035678,57.375885442113564,2.44388420005464,1.6314070173362383,0.8124771827184019,155.0606930251164,162.81851004656872,147.30287600366407,0.10006168384912005,0.7802411533056118,0,1,-0.017441741315876502,-0.017441741315876502,127.29096677852698,57.94692801497868
2022-07-05,155.45641403313752,50.78942680454275,2.1048390884803325,1.7260934315650571,0.3787456569152754,155.39989094742847,162.5511677034562,148.24861419140075,0.09203708847449567,0.5039519576459828,0,1,-0.024794100876826097,-0.024794100876826097,124.13490170751147,56.510186036273126
2022-07-06,152.21709454205367,46.116815489609145,1.5568114309669454,1.692237031445435,-0.1354256004784895,155.4106620009265,162.54100630549013,148.28031769636286,0.0917613272186065,0.27605797683368244,-1,0,-0.020837477251941183,-0.020837477251941183,121.54824351700924,55.332656320239316
2022-07-07,147.82712706543208,40.65771028773693,0.7595067560795883,1.5056909763722657,-0.7461842202926774,155.23654543790212,162.93592881739968,147.53716205840456,0.09919550010313102,0.01883040451003239,0,0,-0.028840173896557686,-0.0,121.54824351700924,53.73685288980516
2022-07-08,149.8454139511903,43.943175867779495,0.2871854460593397,1.2619898703096806,-0.9748044242503409,155.08827617629782,163.09252208052357,147.08403027207208,0.10322180504639629,0.1724949303256896,0,0,0.013653021105286545,0.0,121.54824351700924,54.47052327644134
2022-07-11,150.0940543002866,44.351924361071546,-0.06630507321449386,0.9963308816048458,-1.0626359548193398,155.05316999391653,163.142386603136,146.96395338469705,0.10434119611404082,0.193473674077542,0,0,0.0016593123709296442,0.0,121.54824351700924,54.560906889564954
2022-07-12,151.14504086255013,46.13967477237867,-0.258661337499575,0.7453324377839617,-1.0039937752835368,154.906572752238,163.17457057409314,146.63857493038284,0.10674818601892663,0.2725246201840521,0,0,0.00700218651007245,0.0,121.54824351700924,54.94295253576439
2022-07-13,149.68171886336108,44.01923170639711,-0.5231523440685066,0.49163548141346813,-1.0147878254819749,154.80359010290996,163.28611065435842,146.3210695514615,0.10959074716302729,0.19809261242082818,0,0,-0.009681574670516557,-0.0,121.54824351700924,54.41101823817074
2022-07-14,149.3448534233417,43.52335275994663,-0.7512852493412083,0.24305133526253286,-0.9943365846037412,154.43575335244103,163.20491963075335,145.6665870741287,0.11356393954060665,0.20972725527568092,0,0,-0.002250544973544155,-0.0,121.54824351700924,54.2885637945694
2022-07-15,147.38642353053334,40.655919894884676,-1.077688226410345,-0.021096577072042683,-1.0565916493383023,154.09106656958102,163.41064955785336,144.77148358130867,0.12096201545939737,0.14029275518632503,0,0,-0.013113474270565528,-0.0,121.54824351700924,53.576652110063364
2022-07-18,152.49975636263673,49.93105189498594,-0.9132345127051451,-0.19952416419866317,-0.713710348506482,154.18126080948275,163.39682770402894,144.96569391493657,0.11954198384631956,0.4087682577703851,0,0,0.03469337751481638,0.0,121.54824351700924,55.43540712769778
2022-07-19,151.18429651006892,47.858707725092174,-0.8789187478964777,-0.33540308093822613,-0.5435156669582516,154.02371225060546,163.33542918842292,144.711995312788,0.12091277117989165,0.3475353278295605,0,0,-0.008625980027402225,-0.0,121.54824351700924,54.95722241300335
2022-07-20,148.2832771141698,43.564512861905875,-1.0734373597802573,-0.4830099367066324,-0.590427423073625,153.69378291707565,163.3390975447261,144.04846828942522,0.12551340001637534,0.21952673335323716,0,0,-0.019188629129255563,-0.0,121.54824351700924,53.90266865414621
2022-07-21,150.5412611148716,47.51212674551824,-1.033480997413477,-0.5931041488480013,-0.44037684856547576,153.30475979432904,162.79044126964317,143.81907831901492,0.12374934069940094,0.3543331500931544,0,0,0.015227502687057859,0.0,121.54824351700924,54.72347168591681
2022-07-22,148.63355573585326,44.669199863451354,-1.1425802195558958,-0.7029993629895803,-0.4395808565663155,152.82781129505366,162.24192870969526,143.41369388041207,0.12319900854258045,0.2772358589517295,0,0,-0.012672309006117821,-0.0,121.54824351700924,54.029998942825344
2022-07-25,145.17320467754817,39.99448748485269,-1.4910753615601209,-0.8606145627036885,-0.6304607988564324,152.4383673566751,162.45428388614064,142.42245082720953,0.13140939125948953,0.13731912812203811,0,0,-0.02328108912670246,-0.0,121.54824351700924,52.772121721921785
2022-07-26,146.854072924536,43.10898915341726,-1.6130341982816674,-1.0110984898192843,-0.6019357084623831,151.97227686042893,162.12255597380152,141.82199774705634,0.13358066777790778,0.2478786603439362,0,0,0.011578364276805031,0.0,121.54824351700924,53.38313657087809
2022-07-27,143.9739136961239,39.34099463237108,-1.9199601290533224,-1.1928708176660918,-0.7270893113872305,151.16306895686114,161.1446732504538,141.18146466326849,0.1320640598589752,0.13987977036156063,0,0,-0.019612389163303212,-0.0,121.54824351700924,52.33616572169226
2022-07-28,145.47917771484782,42.18520851952509,-2.0184712342433784,-1.3579909009815492,-0.6604803332618292,150.36340016921994,159.3836786183555,141.34312172008438,0.11997970834636727,0.229264319171866,0,0,0.010455116347680704,0.0,121.54824351700924,52.88334642350405
2022-07-29,146.29432481124346,43.72406347556295,-2.0076237991756614,-1.4879174806203717,-0.5197063185552897,149.5661896718677,156.81098340171732,142.32139594201809,0.0968774259175008,0.27419199340737044,0,0,0.005603187405921473,0.0,121.54824351700924,53.17966172416722
2022-08-01,147.19531897756568,45.45231027767791,-1.9043720142828988,-1.5712083873528773,-0.33316362693002155,148.95551501056758,154.5862345233794,143.32479549775576,0.07560269940206449,0.3436970595856486,0,0,0.006158777296964457,0.0,121.54824351700924,53.507183417454264
2022-08-02,151.82161193928914,53.37071386243387,-1.4327254848501525,-1.5435118068523324,0.11078632200217986,148.77377490587517,153.71321861612412,143.83433119562622,0.06640207541112664,0.8085202719377033,1,1,0.03142962013913331,0.0,121.54824351700924,55.18889386697978
2022-08-03,152.31586967436928,54.136718542760086,-1.0074465272557234,-1.4362987509330105,0.42885222367728715,148.77871366249096,153.7328292763316,143.8245980486503,0.06659710239301059,0.8569916699154462,0,1,0.0032555163179124325,0.0032555163179124325,121.94394580719245,55.36856221153127
2022-08-04,154.74555057867252,57.8061770539472,-0.46894919173439575,-1.2428288390932876,0.7738796473588918,149.12463483815299,154.72322279424284,143.52604688206313,0.07508602401160724,1.0019940549835777,0,1,0.015951593944200093,0.015951593944200093,123.88914611466232,56.251779033203796
2022-08-05,154.3245499696295,56.955835791972575,-0.07528951372273696,-1.0093209740191775,0.9340314602964406,149.34859163907493,155.40797063463197,143.28921264351789,0.08114410626918413,0.9105996946389323,0,1,-0.0027205991220341508,-0.0027205991220341508,123.55209341251322,56.0987404925532
2022-08-08,157.85883947090986,62.008387957931376,0.5159289351204563,-0.7042709921912508,1.220199927311707,149.7368308976061,156.893062775064,142.58059902014818,0.09558412361954592,1.0674780186265371,0,1,0.022901667310715634,0.022901667310715634,126.38164235138905,57.38349518386383
2022-08-09,157.96457869603503,62.15152879574185,0.9816897784107255,-0.3670788380708556,1.348768616481581,150.07780778928034,158.11250666307714,142.04310891548354,0.10707377715802024,0.9907944299241545,0,1,0.0006698340459081464,0.0006698340459081464,126.4662970782138,57.42193260261119
2022-08-10,154.1134004892594,54.149301753998785,1.0281982769904232,-0.08802341505859984,1.116221692049023,150.29939187057525,158.53014249652264,142.06864124462786,0.10952473624158107,0.7316926360677544,0,1,-0.02438001125674072,-0.02438001125674072,123.38304733184864,56.021985239375724
2022-08-11,148.9422158673044,45.650037978767536,0.6404030478927325,0.05766187753166663,0.5827411703610659,150.2792599927734,158.52180230079264,142.03671768475417,0.10969633878175344,0.4188937056369022,0,1,-0.033554412565929836,-0.033554412565929836,119.24300165803415,54.14220043389128
2022-08-12,148.2505419965401,44.64074809394606,0.2741005733205668,0.10094961668944667,0.17315095663112012,150.32246591607372,158.51003674594654,142.1348950862009,0.1089334289452649,0.3734713895863907,0,1,-0.004643907482755116,-0.004643907482755116,118.68924819036822,53.890769064163514
2022-08-15,148.04530839542,44.327577801780144,-0.032384109391671245,0.0742828714732231,-0.10666698086489435,150.09974351771288,158.28027559148947,141.9192114439363,0.10900127984310948,0.3744314487269992,-1,0,-0.0013843699885084382,-0.0013843699885084382,118.52493835721485,53.81616430081344
2022-08-16,151.77144825819641,51.042808804947775,0.025103539752052484,0.06444700512898897,-0.03934346537693649,150.12910110511928,158.33020954092524,141.9279926693133,0.10925408032735251,0.6001295840637021,0,0,0.02516891553783074,0.0,118.52493835721485,55.170658794670636
2022-08-17,149.87222175772024,47.87313205564305,-0.08164760742121757,0.035228082618947665,-0.11687569004016524,150.2085483372968,158.36503153876,142.0520651358336,0.10860211741275376,0.47938286812653336,0,0,-0.012513727201477143,-0.0,118.52493835721485,54.48026822098835
2022-08-18,150.06092792300979,48.21721238602391,-0.14930060575414927,-0.0016776550556717208,-0.14762295069847756,150.1845316777037,158.33971852599925,142.02934482940813,0.10860222097701253,0.49242177052511454,0,0,0.0012591136841528794,0.0,118.52493835721485,54.548865072221716
2022-08-19,147.58035725231568,44.096671538798944,-0.39848394164582146,-0.08103891237370167,-0.3174450292721198,150.1318717535268,158.34263915446886,141.92110435258476,0.10938073714849511,0.34462387152031687,0,0,-0.016530423375542447,-0.0,118.52493835721485,53.647149237922555
2022-08-22,153.41036109246684,54.03816072649132,-0.12410039201446921,-0.08965120830185518,-0.03444918371261403,150.54372957427273,158.53052007805536,142.5569390704901,0.10610592053709206,0.679460793220784,0,0,0.0395039282238876,0.0,118.52493835721485,55.76642237083364
2022-08-23,151.89458107420796,51.475076943204336,-0.028630200546018614,-0.07744700675068786,0.048816806204669244,150.79575498175635,158.6085353963324,142.9829745671803,0.10362069430298304,0.5703223458323219,1,1,-0.009880558310825238,-0.0,118.52493835721485,55.2154189828125
2022-08-24,151.09553172880686,50.125362557490384,-0.01724717551815047,-0.06540704050418038,0.04815986498602991,151.15183588339048,158.27414006380062,144.02953170298034,0.0942403926328067,0.49604733572468873,0,1,-0.005260552020685538,-0.005260552020685538,117.90143175323817,54.92495539890947
2022-08-25,147.085093201826,43.903166842031716,-0.3280533241527053,-0.11793629723388535,-0.21011702691881992,151.23213165773942,158.11742761659988,144.34683569887895,0.09105599297433573,0.19884820633042463,-1,0,-0.02654240321400758,-0.02654240321400758,114.77204441213493,53.46711508620024
2022-08-26,150.62199114788334,49.81930321579471,-0.2856782104441038,-0.15148467987592906,-0.13419353056817473,151.4485149745714,157.94124090096705,144.95578904817575,0.08574169152448667,0.4363500141498431,0,0,0.024046610496442966,0.0,114.77204441213493,54.75281797704659
2022-08-29,146.6915985819884,44.23619917685398,-0.56275833219172,-0.23373941033908727,-0.3290189218526327,151.42332895479254,157.98902077231702,144.85763713726806,0.08671968662747692,0.13966246784728045,0,0,-0.026094413809972905,-0.0,114.77204441213493,53.32407528749141
2022-08-30,146.28172768584028,43.68637989682157,-0.806126951120433,-0.3482169184953564,-0.45791003262507657,151.1463347421201,158.09740260932668,144.19526687491353,0.09197798780984286,0.1500820342130567,0,0,-0.0027940993220482158,-0.0,114.77204441213493,53.17508252488179
2022-08-31,146.3608630584687,43.831538553880314,-0.9813009453293375,-0.47483372386215267,-0.5064672214671848,150.84858441132505,158.09270665209715,143.60446217055295,0.09604494823788672,0.1902508541615923,0,0,0.0005409792041721762,0.0,114.77204441213493,53.203849138707895
2022-09-01,145.34376392379806,42.32156772106673,-1.1884987242378884,-0.6175667239372998,-0.5709320003005885,150.37849507858135,157.77642127607163,142.98056888109107,0.09839074654423745,0.159720101256802,0,0,-0.006949256197432585,-0.0,114.77204441213493,52.834121960353464
2022-09-02,145.1630215501305,42.04438178308306,-1.3517072164475508,-0.76439482243935,-0.5873123940082008,149.92041865760638,157.42336357958163,142.41747373563112,0.10009236886018509,0.18296467873954383,0,0,-0.0012435509359887131,-0.0,114.77204441213493,52.76842003853752
2022-09-05,147.80123436754513,47.454192224525386,-1.253717323582208,-0.8622593226679216,-0.3914580009142865,149.41753840243814,155.96794237408363,142.86713443079265,0.08767918467513192,0.3766256217258169,0,0,0.018174138215382607,0.0,114.77204441213493,53.72744059772528
2022-09-06,151.4946629145103,53.93674011115569,-0.868024761908913,-0.8634124105161199,-0.004612351392793035,149.09404261336192,154.3851786143214,143.80290661240244,0.07097716190687403,0.7268530142405186,0,0,0.024989159006483685,0.0,114.77204441213493,55.070044153833244
2022-09-07,154.2545559310549,58.096821759616454,-0.3357895540142124,-0.7578878392157385,0.42209828520152615,149.1011003854517,154.4207267837086,143.7814739871948,0.0713559643021381,0.984381341826172,1,1,0.018217757401143952,0.0,114.77204441213493,56.07329685829806
2022-09-08,155.98725906048122,60.50822810946687,0.2232518363306326,-0.5616599041064644,0.784911740437097,149.45335254511053,155.597752205885,143.30895288433607,0.08222498266032355,1.0316960871769794,0,1,0.011232751726313772,0.011232751726313772,116.0612502921379,56.70315428038322
2022-09-09,159.96128175161837,65.42298262378523,0.9757191022888776,-0.254184102827396,1.2299032051162735,150.03888953286443,157.73636110504452,142.34141796068434,0.10260635220835919,1.144522823222568,0,1,0.02547658517158946,0.02547658517158946,119.0180946203267,58.14775701990518
2022-09-12,159.77459736278843,65.01366335304326,1.5392474750584597,0.10450221274977514,1.4347452623086845,150.62535398123288,159.39579964098368,141.85490832148207,0.11645377657792667,1.0215951239252936,0,1,-0.0011670598458933812,-0.0011670598458933812,118.8791933811606,58.07989510755848
2022-09-13,157.96645554422963,61.03084580047656,1.8189777932686013,0.4473973288535404,1.3715804644150609,150.9351043455345,160.2938350330673,141.57637365800173,0.12400999393895694,0.8756573104546069,0,1,-0.011316829135567641,-0.011316829135567641,117.5338578618919,57.42261485841455
2022-09-14,161.28066219307942,65.2348371989986,2.2817917890022272,0.8142762208832779,1.4675155681189493,151.50552636730248,161.92237468864144,141.08867804596352,0.1375111333706055,0.9691983373585528,0,1,0.02098044573723956,0.02098044573723956,119.99977058905176,58.62736691354191
2022-09-15,157.04742427410866,56.8052367539415,2.2806978287161144,1.1075605424498454,1.173137286266269,151.85485118485744,162.5330254196174,141.1766769500975,0.1406365901575458,0.7431395562149655,0,1,-0.02624764718477457,-0.02624764718477457,116.85005894837643,57.088536471422934
2022-09-16,151.69177562503035,48.30146168660052,1.8266186476114115,1.2513721634821586,0.5752464841292528,152.06042210349318,162.54872416766864,141.57212003931772,0.1379491378372876,0.4824258265919891,0,1,-0.034102110708486566,-0.034102110708486566,112.86522530182572,55.141696880489
2022-09-19,153.02071694446826,50.29005107260335,1.556054851457617,1.3123087010772503,0.24374615038036662,152.04093989609322,162.52012749697886,141.56175229520758,0.13784691949480518,0.5467487120992202,0,1,0.008760800076089481,0.008760800076089481,113.85401497623782,55.624782262715286
2022-09-20,158.08289798531393,57.06484971345261,1.7301625602768809,1.3958794729171764,0.33428308735970447,152.35035574164854,163.17121857344551,141.52949290985157,0.1420523474214486,0.7648837866616508,0,1,0.03308167117451655,0.03308167117451655,117.6204960615802,57.46494301868451
2022-09-21,155.44437726193624,53.0096215147944,1.6363744959737971,1.4439784775285005,0.19239601844529663,152.567798018305,163.45705256732026,141.67854346928976,0.14274643391928304,0.6320833869151936,0,1,-0.01669074110485258,-0.01669074110485258,115.65732281319202,56.50581053215454
2022-09-22,155.10900332260422,52.49893941412639,1.5174921997671333,1.458681221976227,0.05881097779090627,152.96899352434394,163.59581037329616,142.34217667539173,0.13894079583207866,0.6006891258538666,0,1,-0.002157517339896331,-0.002157517339896331,115.40779013373658,56.38389826612652
2022-09-23,150.74123795812227,46.24979683696925,1.0586317141221002,1.3786713204054017,-0.3200396062833015,152.97495586485587,163.59636063207464,142.3535510976371,0.13886462273736014,0.3948482825159056,-1,0,-0.02815932841369395,-0.02815932841369395,112.15798426986203,54.79616555760636
2022-09-26,150.37247460219427,45.75460006044787,0.6576444367008492,1.2344659436644914,-0.5768215069636422,153.15899966586616,163.44422180765008,142.87377752408224,0.13430777380659714,0.3645374389945563,0,0,-0.0024463336040164707,-0.0,112.15798426986203,54.662115856431534
2022-09-27,147.30066084712712,41.74497308981513,0.0909411199500596,1.005760978921605,-0.9148198589715455,153.2099463239305,163.36095225273314,143.05894039512785,0.13251105652553993,0.20893104002450325,0,0,-0.02042803221263423,-0.0,112.15798426986203,53.54547639290561
2022-09-28,149.02788929330964,44.680506237277854,-0.21630896578543002,0.7613469899801981,-0.9776559557656281,153.34329763567254,163.1806901493587,143.5059051219864,0.12830547751827745,0.28066299904374353,0,0,0.011725870313474607,0.0,112.15798426986203,54.17334370496204
2022-09-29,147.48977234804244,42.620826452543355,-0.5772656956474975,0.49362445285465906,-1.0708901485021567,153.45059805688476,162.96201873279603,143.9391773809735,0.12396720242674251,0.18664903425317014,0,0,-0.010321000670149405,-0.0,112.15798426986203,53.6142205882789
2022-09-30,145.36453759579913,39.88497106089408,-1.0230224221212723,0.19029507785947278,-1.213317499980745,153.4606738591682,162.93548539226302,143.98586232607337,0.12348194876023957,0.0727547595490501,0,0,-0.014409370347580608,-0.0,112.15798426986203,52.84167342792551
2022-10-03,150.60594919775139,48.641115104307936,-0.9424853430248277,-0.036261006317387295,-0.9062243367074404,153.60090960067853,162.80210095158108,144.399718249776,0.11980646956874402,0.33725148794816817,0,0,0.03605701699080499,0.0,112.15798426986203,54.74698654453879
2022-10-04,148.60688881579642,45.895365082946476,-1.028115122429739,-0.23463182953985764,-0.7934832928898813,153.4565208957428,162.88471084699472,144.0283309444909,0.12287767109821744,0.24281213546708202,0,0,-0.013273448974649216,-0.0,112.15798426986203,54.02030521212404
2022-10-05,144.9917506209438,41.34954839682233,-1.3718746617530826,-0.46208039598250267,-0.90979426577058,152.99338063023725,163.13922899166434,142.84753226881017,0.13263120691408375,0.10566974173818794,0,0,-0.024326854721612,-0.0,112.15798426986203,52.706161095211556
2022-10-06,143.94715173810812,40.11320313385128,-1.7088978622838908,-0.7114438892427803,-0.9974539730411105,152.3913752641186,163.1966310517248,141.5861194765124,0.141809282433195,0.1092538810744236,0,0,-0.007204540109089441,-0.0,112.15798426986203,52.32643744360498
2022-10-07,146.02109053272218,43.71167713401549,-1.7880303478896735,-0.926761180972159,-0.8612691669175145,151.6943657031738,162.23890753682483,141.14982386952275,0.13902351329625454,0.23098522155100423,0,0,0.01440764037059461,0.0,112.15798426986203,53.080337936166856
2022-10-10,152.1428267667288,52.738905350428624,-1.3413086886242809,-1.0096706825025834,-0.33163800612169747,151.31277717337082,161.15509984873688,141.47045449800476,0.1300924199426853,0.5421673633722394,0,0,0.04192364412341365,0.0,112.15798426986203,55.30565913375325
2022-10-11,152.73480246536428,53.515260544623985,-0.9288043848799248,-0.9934974229780518,0.06469303809812699,151.05119451942755,160.41541488700892,141.6869741518462,0.12398737259078056,0.5898957884291854,1,1,0.003890920861771008,0.0,112.15798426986203,55.52084907665077
2022-10-12,148.51800596622346,47.52626709317909,-0.931415213674029,-0.9810809811172473,0.04966576744321827,150.41306170808474,158.49360006106613,142.33252335510335,0.10744463627319491,0.3827395119557792,0,1,-0.027608615921686064,-0.027608615921686064,109.0614575596049,53.98799527884762
2022-10-13,146.81181888459824,45.31642847612606,-1.058952408401069,-0.9966552665740117,-0.06229714182705737,149.90128143860923,157.49445742876853,142.30810544844994,0.10130902040712728,0.2965632195266569,-1,0,-0.011488082340758377,-0.011488082340758377,107.80855055495704,53.36777674367175
2022-10-14,145.52312363290605,43.66496771248167,-1.2496087786680334,-1.0472459689928162,-0.20236280967521725,149.592848839003,157.37849434384148,141.80720333416454,0.10409114560305821,0.23863919160153202,0,0,-0.008777871301391404,-0.0,107.80855055495704,52.899321267774404
2022-10-17,150.50409768132639,51.08496413344463,-0.9874002127220933,-1.0352768177386718,0.04787660501657842,149.46701787584593,157.09923127807718,141.83480447361467,0.10212571991729869,0.5679409596420136,1,1,0.0342280589096291,0.0,107.80855055495704,54.70996235240718
2022-10-18,151.6829010035862,52.6736566646004,-0.6766781343480375,-0.9635570810605449,0.28687894671250747,149.14701802675955,155.72160205023823,142.57243400328088,0.0881624602417339,0.6928550131666653,0,1,0.007832366961568082,0.007832366961568082,108.65294668449823,55.13847085400481
2022-10-19,152.7088538225265,54.07178727505937,-0.3436810887053241,-0.8395818825895008,0.49590079388417674,149.01024185478906,155.13139195506858,142.88909175450954,0.08215744131527014,0.802117404992939,0,1,0.006763800086576843,0.006763800086576843,109.38785349468967,55.511416447940846
2022-10-20,148.52019851332616,47.85578511010823,-0.4130071193351057,-0.7542669299386219,0.3412598106035162,148.68080161432513,154.0874234160495,143.27417981260078,0.07272790761175768,0.4851475554524872,0,1,-0.02742902722633389,-0.02742902722633389,106.3874510829536,53.98879229481791
2022-10-21,152.20179707263716,52.97300577611531,-0.16892697769728215,-0.637198939490354,0.46827196179307184,148.7538295700509,154.31488316488534,143.19277597521645,0.07476854358516728,0.8100102744728997,0,1,0.02478853782962509,0.02478853782962509,109.02464043872078,55.32709551499377
2022-10-24,150.90113326321898,51.0663337288441,-0.07952766089536567,-0.5256646837713563,0.44613702287599066,148.78026250310214,154.37861157485284,143.18191343135143,0.07525660968146196,0.6894193031673184,0,1,-0.008545653431394462,-0.008545653431394462,108.09295364604907,54.85428933135697
2022-10-25,152.72271785695054,53.58597980675069,0.1367324285307916,-0.39318526131092674,0.5299176898417184,149.05136535359333,154.86887036427862,143.23386034290803,0.07806040551033498,0.81554356176865,0,1,0.012071377824274698,0.012071377824274698,109.39778452965234,55.51645618315787
2022-10-26,153.01067626211957,53.98930530144089,0.32757980808295883,-0.24903224743214963,0.5766120555151084,149.2505047020338,155.33133642756246,143.16967297650513,0.08148490670324422,0.8091823396707192,0,1,0.001885498170866473,0.001885498170866473,109.60405385227985,55.62113235974421
2022-10-27,149.8005908698151,48.88907467495209,0.21729581708578394,-0.15576663452856293,0.37306245161434687,149.36604562812244,155.39359406945667,143.3384971867882,0.08070841557044439,0.536046598872001,0,1,-0.020979486338622122,-0.020979486338622122,107.30461710182834,54.45422957326426
2022-10-28,146.44393862186038,44.18835494888598,-0.1393524556643797,-0.1524837987557263,0.013131343091346587,149.4200156794255,155.31456719586023,143.52546416299074,0.0788990884471765,0.24755695583731585,0,1,-0.022407470013732,-0.022407470013732,104.90019211178414,53.234048056980455
2022-10-31,145.76497916035075,43.281828830527346,-0.4713516867353462,-0.21625737635165027,-0.25509431038369595,149.17796717755544,155.2619990402574,143.0939353148535,0.0815674322128358,0.2195126443922853,-1,0,-0.004636309757161117,-0.004636309757161117,104.4138423275682,52.98723852056069
2022-11-01,146.97320665263607,45.427370339018196,-0.6297106953210516,-0.29894804014553056,-0.33076265517552106,149.09628306939743,155.25599513053743,142.93657100825743,0.08262730544762055,0.3276643132269693,0,0,0.008288873632370741,0.0,104.4138423275682,53.4264430447859
2022-11-02,150.62258373493324,51.40661795205859,-0.4554865536556747,-0.33025574284755943,-0.12523081080811527,149.3778247250969,155.2559168472786,143.4997326029152,0.07870100040617505,0.6058812097499369,0,0,0.024830220183752916,0.0,104.4138423275682,54.75303338922267
2022-11-03,151.12113297359838,52.17748253426409,-0.2740251181706981,-0.3190096179121872,0.0449844997414891,149.73652378687143,155.06954815750447,144.4034994162384,0.07123211138818529,0.629814631482979,1,1,0.0033099235606162125,0.0,104.4138423275682,54.93426174445286
2022-11-04,150.73152992051712,51.49006066145122,-0.15981113029386051,-0.28716992038852185,0.12735879009466133,149.97204575626117,155.022770319874,144.92132119264832,0.0673555466706299,0.5751856644220451,0,1,-0.002578084516804968,-0.002578084516804968,104.14465461732338,54.792636574807375
2022-11-07,150.11990012466472,50.36817800935398,-0.11729700806185406,-0.25319533792318827,0.1358983298613342,149.87089942415795,154.8185537868876,144.9232450614283,0.0660255510808275,0.5251635100445249,0,1,-0.004057742903392003,-0.004057742903392003,103.72206238412373,54.57030214258781
2022-11-08,150.48631016211618,51.05617313894384,-0.05342221405987857,-0.21324071315052634,0.15981849909064777,149.75847480899557,154.53121762423524,144.9857319937559,0.06373920168894484,0.5762491696385343,0,1,0.0024407825821040063,0.0024407825821040063,103.97522538737081,54.70349638555759
2022-11-09,150.56022335878828,51.20311871580585,0.003127149796540607,-0.16996714056111298,0.17309429035765359,149.8605856786238,154.60890630364008,145.11226505360753,0.0633698394212746,0.5736721185674012,0,1,0.0004911622631484924,0.0004911622631484924,104.02629409438345,54.73036467864446
2022-11-10,150.73093322781057,51.5648123857084,0.061014451203817544,-0.12377082220812688,0.18478527341194442,150.05654139578442,154.5938872378646,145.51919555370424,0.060475148898875716,0.5743156743499372,0,1,0.0011338311355681974,0.0011338311355681974,104.14424234554542,54.792419670178106
2022-11-11,151.3501301673424,52.927727666936164,0.15506705630087936,-0.06800324650632564,0.223070302807205,150.34789172250623,154.37972439108017,146.3160590539323,0.0536333781921652,0.6242906796018717,0,1,0.0041079619575896675,0.0041079619575896675,104.57206293120291,55.01750484574749
2022-11-14,152.41875509136827,55.2671857984101,0.3122342815123318,0.008044259097405845,0.30419002241492593,150.44362459300834,154.5806266555522,146.30662253046447,0.054997372919398976,0.7387151938166318,0,1,0.007060614502573115,0.007060614502573115,105.31040595529895,55.405962238356764
2022-11-15,153.19031901596702,56.931521541987784,0.4933620299335928,0.10510781326464323,0.38825421666894955,150.51899549362736,154.80336469952684,146.23462628772788,0.056927953735658184,0.8117522549948905,0,1,0.005062132439910272,0.005062132439910272,105.84350117754539,55.686434557168
2022-11-16,154.65047758336854,59.96712013820084,0.7461287609402802,0.23331200279977066,0.5128167581405096,150.61607668166948,155.1877356505077,146.04441771283126,0.060706122076204745,0.9412403603591964,0,1,0.009531663467907014,0.009531663467907014,106.85236581103479,56.21721891109455
2022-11-17,156.7115473412306,63.8412612950121,1.100078302829786,0.40666526280577375,0.6934130400240123,151.0256441230647,156.230549899834,145.8207383462954,0.06892744350791216,1.046206162227127,0,1,0.01332727703185399,0.01332727703185399,108.27641689170746,56.96644136148309
2022-11-18,155.182559481091,59.25969427907998,1.2428821510474108,0.5739086404541012,0.6689735105933097,151.17468224348738,156.68323677726667,145.6661277097081,0.07287668083081549,0.8637866533794586,0,1,-0.009756701953879121,-0.009756701953879121,107.21999616346112,56.41063677174597
2022-11-21,154.3132606356016,56.76540910131215,1.2712558319076948,0.7133780787448198,0.5578777531628749,151.34528861210651,157.02681058413904,145.663766640074,0.07508026214934381,0.761195154934279,0,1,-0.00560178185226623,-0.00560178185226623,106.61937313475258,56.09463669040322
2022-11-22,153.837642080644,55.39166608659551,1.2410575964949828,0.8189139822948525,0.42214361420013036,151.40103482329118,157.16080269690553,145.64126694967683,0.07608624181911182,0.7115195708246318,0,1,-0.003082162563337598,-0.003082162563337598,106.29075489435012,55.92174390119203
2022-11-23,153.04673301674285,53.090789343627065,1.1401624428946775,0.8831636744148176,0.2569987684798599,151.40283766102235,157.164749081412,145.6409262406327,0.07611365162507806,0.6426519114736177,0,1,-0.005141193359467611,-0.005141193359467611,105.74429357111448,55.634239402797384
2022-11-24,153.81542992110417,55.04529676598331,1.1094407799614885,0.9284190955241518,0.18102168443733668,151.60357961358682,157.410031021625,145.79712820554863,0.07660045261250292,0.6904648943118139,0,1,0.0050226286390395725,0.0050226286390395725,106.27540788841976,55.91366952693305
2022-11-25,154.8528658207715,57.61220781281566,1.1554863206002324,0.973832540539368,0.1816537800608644,152.02402597353233,157.46357187450872,146.58448007255595,0.07156166094329615,0.7600253678097846,0,1,0.006744680297675387,0.006744680297675387,106.9922015381322,56.290789352162086
2022-11-28,154.3879386102157,56.06712297430133,1.1413057408215934,1.007327180595813,0.13397856022578036,152.45517394602558,157.11724436032623,147.79310353172494,0.06115988449104624,0.7072860866988926,0,1,-0.003002380408599681,-0.003002380408599681,106.67097024836116,56.12178298902655
2022-11-29,155.13846464425288,58.024175698524026,1.177060289398895,1.0412738023564296,0.13578648704246543,152.86343684560646,156.8911118773007,148.83576181391223,0.052696382010071124,0.7824244484403494,0,1,0.004861299663648122,0.004861299663648122,107.18952980015052,56.394607793794435
2022-11-30,156.97108519311723,62.4256287796393,1.337851272502519,1.1005892963856476,0.23726197611687128,153.18086191851563,157.45788665933233,148.90383717769893,0.0558428081321524,0.9430911093909006,0,1,0.011812805760755163,0.011812805760755163,108.45573889526638,57.0607863416165
2022-12-01,155.73405809889357,58.004341946764534,1.349900721577228,1.1504515814239638,0.19944914015326431,153.4115081747804,157.71826764792664,149.10474870163418,0.05614649806114383,0.7696400784156704,0,1,-0.007880604843253702,-0.007880604843253702,107.60104207404967,56.61111283241289
2022-12-02,154.77845453045754,54.776843778878295,1.2677272050331396,1.173906706145799,0.09382049888734056,153.61385440527744,157.76802087341744,149.45968793713743,0.054085830789456286,0.6401725393182837,0,1,-0.006136124493906214,-0.006136124493906214,106.94078868420927,56.263739996334635
2022-12-05,154.4340859662996,53.61898782785751,1.1614282145311847,1.1714110078228763,-0.009982793291691605,153.8295636973592,157.65484452746875,150.00428286724963,0.049734013906914974,0.579016717437068,-1,0,-0.0022249127968271276,-0.0022249127968271276,106.70285475496297,56.138558081219436
2022-12-06,153.89482167676246,51.77343142309106,1.0218916465733514,1.1415071355729713,-0.11961548899961993,153.9999892730915,157.48685759066322,150.51312095551978,0.04528400727857689,0.48491947691298554,0,0,-0.003491873482223351,-0.0,106.70285475496297,55.942529338925375
2022-12-07,153.22199703837757,49.48485247189535,0.8472500150933797,1.0826557114770532,-0.23540569638367348,154.13307795707095,157.2507937562254,151.0153621579165,0.040454856809163095,0.35388647051465016,0,0,-0.004371977114331238,-0.0,106.70285475496297,55.69794988093779
2022-12-08,152.5777636356169,47.32760716759671,0.6493754168179748,0.9959996525452376,-0.34662423572726275,154.22541947746126,157.01051499022722,151.4403239646953,0.03611720457240165,0.20420119627997396,0,0,-0.004204575160310142,-0.0,106.70285475496297,55.463763664388196
2022-12-09,154.44941988318203,53.649526634866525,0.6362510827405288,0.9240499385842958,-0.2877988558437671,154.38038396325325,156.81466559510594,151.94610233140057,0.03153615205973461,0.5141799369114571,0,0,0.012266900516611168,0.0,106.70285475496297,56.14413213553608
2022-12-12,155.49420044457614,56.768756079703024,0.702062078514814,0.8796523665703996,-0.17759028805558563,154.53415623091365,156.83138039874888,152.23693206307843,0.02973095688182466,0.7089574511500932,0,0,0.00676454830445028,0.0,106.70285475496297,56.52392182937835
2022-12-13,157.03723210590337,60.94863588833745,0.8687135373211845,0.8774646007205567,-0.00875106339937215,154.72650188541047,157.1882701000209,152.26473367080004,0.03182089925917928,0.9693232707244472,0,0,0.009923403296814515,0.0,106.70285475496297,57.08483150160889
2022-12-14,158.10924435194943,63.58302273597107,1.074897696613931,0.9169512198992316,0.1579464767146994,154.8994402238395,157.78772696967013,152.01115347800885,0.03729241037484556,1.0556588404429408,1,1,0.006826484596488047,0.0,106.70285475496297,57.474520224547746
2022-12-15,157.03778607432022,59.278724157541,1.1387159907604598,0.9613041740714773,0.17741181668898254,154.915752160494,157.85044198486403,151.98106233612398,0.03788755866904564,0.8615431341678061,0,1,-0.006776695961206114,-0.006776695961206114,105.97976195009586,57.085032875469786
2022-12-16,155.43212747925915,53.440335253874224,1.0476525328275272,0.9785738458226872,0.06907868700483999,154.92823056040237,157.86981136882244,151.9866497519823,0.037973464200550935,0.585650701387229,0,1,-0.010224663981834081,-0.010224663981834081,104.89615449528135,56.50135759592616
2022-12-19,152.82453651830033,45.587740553139284,0.7563545044237685,0.9341299775429035,-0.177775473119135,154.85379435453734,157.93302151282865,151.77456719624604,0.03976947637771692,0.17049234565678076,-1,0,-0.01677639625248506,-0.01677639625248506,103.13637504210662,55.553468432093545
2022-12-20,148.39441696468975,35.928486403289654,0.16611027841290138,0.7805260377169031,-0.6144157593040017,154.58163309873962,158.7930797891997,150.37018640827952,0.054488319291723555,-0.23457134671386753,0,0,-0.028988274098773914,-0.0,103.13637504210662,53.94306926204643
2022-12-21,143.50625001243205,28.702056323446016,-0.6881640176835617,0.4867880266368102,-1.174952044320372,154.10460894852406,160.59353874067187,147.61567915637625,0.08421461027574234,-0.31664922225826625,0,0,-0.032940369673212455,-0.0,103.13637504210662,52.16616461924691
2022-12-22,144.4223791148313,31.483531484929728,-1.2765433922949967,0.1341217428504488,-1.4106651351454456,153.63495640821043,161.43853152202303,145.83138129439783,0.101585931955204,-0.09027927321879334,0,0,0.006383896884769147,0.0,103.13637504210662,52.49918803505008
2022-12-23,144.71469358307476,32.38986553581984,-1.6996583476743297,-0.23263427525450692,-1.4670240724198227,153.12804779632557,161.86036689941764,144.3957286932335,0.11405251002359615,0.018263469650823372,0,0,0.0020240247393448207,0.0,103.13637504210662,52.60544769042854
2022-12-26,144.6579209059032,32.30049871666459,-2.0163182174732697,-0.5893710636982594,-1.4269471537750102,152.64154691110997,162.1297744957173,143.15331932650264,0.12432038035008583,0.07928781039366474,0,0,-0.00039230762105690875,-0.0,103.13637504210662,52.584810172390476
2022-12-27,144.70523150517585,32.46771645637435,-2.2376615067757655,-0.9190291523137606,-1.3186323544620049,152.11988525415615,162.1612060331002,142.0785644752121,0.13201851634541265,0.13079290502658236,0,0,0.00032705156396795054,0.0,103.13637504210662,52.60200811679832
2022-12-28,144.56649738534213,32.21642154404988,-2.3966453070219984,-1.2145523832554082,-1.1820929237665903,151.49965586376737,161.80815436790698,141.19115735962777,0.1360860979566751,0.16371637558849733,0,0,-0.0009587360345624241,-0.0,103.13637504210662,52.5515766761264
2022-12-29,143.70173764716364,30.625279770608415,-2.5628767500664935,-1.4842172566176253,-1.0786594934488682,150.8980398411809,161.56424768255513,140.23183199980664,0.14136973353133483,0.16265882396821593,0,0,-0.00598174372222271,-0.0,103.13637504210662,52.23722661225108
2022-12-30,144.9498366396935,35.571229277590476,-2.564345035098256,-1.7002428123137516,-0.8641022227845045,150.40660894664268,161.22463841825711,139.58857947502824,0.1438504537450502,0.2477926862157628,0,0,0.008685343774995635,0.0,103.13637504210662,52.69092488323083
2023-01-02,145.05733092391915,35.99446952337507,-2.5276970530043172,-1.8657336604518648,-0.6619633925524524,149.93777119452366,160.83334630116016,139.04219608788716,0.14533462809048944,0.27603567398512857,0,0,0.0007415964496244598,0.0,103.13637504210662,52.73000028605166
2023-01-03,145.35285078351885,37.21555248827974,-2.4466043482845237,-1.9819077980183966,-0.4646965502661271,149.51067264986145,160.42280379021116,138.59854150951173,0.14597126675906005,0.30948625832729176,0,0,0.002037262492818659,0.0,103.13637504210662,52.83742513788074
2023-01-04,144.13541108617167,34.31144830860161,-2.4523063435399024,-2.0759875071226976,-0.37631883641720476,149.05634335225116,160.07399029334042,138.0386964111619,0.14783197673180887,0.27667952638201965,0,0,-0.008375753834786281,-0.0,103.13637504210662,52.394871871661906
2023-01-05,142.38626384375976,30.614992847378034,-2.5683603210572983,-2.1744620699096178,-0.3938982511476805,148.54676836265833,159.8184544645217,137.27508226079496,0.15175942534602915,0.22672657563271986,0,0,-0.012135444227277192,-0.0,103.13637504210662,51.75903682626802
2023-01-06,143.83317643572315,36.69092614583933,-2.5145935118210616,-2.2424883582919066,-0.272105153529155,148.01595619028538,159.11582089912517,136.9160914814456,0.14998200186701624,0.3115842010564723,0,0,0.01016188326671097,0.0,103.13637504210662,52.285006116493946
2023-01-09,144.79608267621146,40.429492139779875,-2.3669991490833695,-2.2673905164501993,-0.09960863263317021,147.48105030186713,158.0834750073132,136.87862559642105,0.14378016272253052,0.37337954759176445,0,0,0.006694604571418905,0.0,103.13637504210662,52.6350335574581
2023-01-10,146.13252508058886,45.2610428220589,-2.1177774007307733,-2.2374678933063143,0.1196904925755411,146.9358149506014,156.54399648181774,137.32763341938508,0.13078066139894512,0.45819761172274304,1,1,0.009229824313451429,0.0,103.13637504210662,53.120845669926055
2023-01-11,145.97943375292667,44.81266815687221,-1.9105963943907227,-2.172093593523196,0.2614971991324735,146.32932442065027,154.37156813414967,138.28708070715086,0.10991978190756228,0.4782467007847396,0,1,-0.0010476198065951792,-0.0010476198065951792,103.02832733283208,53.06519521985915
2023-01-12,144.7744546552197,41.34119992966016,-1.8226256035494828,-2.1021999955284536,0.2795743919789708,145.71615784969524,151.99806173264363,139.43425396674684,0.0862211023904174,0.42504635441560196,0,1,-0.008254444251006077,-0.008254444251006077,102.17788574858879,52.62717152424807
2023-01-13,144.82167825837266,41.53235783495404,-1.7291648320856154,-2.0275929628398863,0.2984281307542709,145.18563538865095,149.49515848200176,140.87611229530015,0.05936569526061635,0.45777292261876423,0,1,0.00032618740139911395,0.00032618740139911395,102.21121488762157,52.64433784457056
2023-01-16,145.84773370047708,45.67480318354257,-1.5543844222285657,-1.9329512547176222,0.37856683248905654,144.83679524775977,147.25900493773983,142.4145855577797,0.033447435588955146,0.7086810355229056,0,1,0.007084957545332893,0.007084957545332893,102.93537700575727,53.0173207432015
2023-01-17,146.5964852382892,48.540050693403145,-1.3400049536862753,-1.814361994511353,0.4743570408250777,144.74689866143973,146.70148477312492,142.79231254975454,0.02700694978283339,0.9731402125984653,0,1,0.0051337893213330155,0.0051337893213330155,103.46382554501683,53.28950049827864
2023-01-18,146.6938103284254,48.917194816150406,-1.149009295031874,-1.6812914546154574,0.5322821595835834,144.90627667723942,146.95259103048,142.85996232399884,0.02824328110780852,0.9367690742028993,0,1,0.0006638978416024788,0.0006638978416024788,103.53251495548011,53.32487928263953
2023-01-19,145.20912761046932,43.66041948343451,-1.1047109269198643,-1.5659753490763388,0.46126442215647456,144.9456141020213,146.982989851176,142.9082383528666,0.028112278688483528,0.5646698353402307,0,1,-0.010120963622337498,-0.010120963622337498,102.48466613788658,52.78518011925439
2023-01-20,145.6928133807508,45.707396111940426,-1.0188303100925964,-1.4565463412795905,0.4377160311869941,144.99452009190512,147.0553794573432,142.93366072646702,0.02842672073581554,0.6694179866313316,0,1,0.0033309598249153805,0.0033309598249153805,102.82603844346174,52.96100543358256
2023-01-23,146.340586093594,48.41074769107629,-0.888260148190966,-1.3428891026618657,0.4546289544708997,145.07865335128966,147.2175634452017,142.93974325737761,0.029486213781333415,0.7949943398500393,0,1,0.004446154191218188,0.004446154191218188,103.28321886525352,53.19647822986221
2023-01-24,145.90281097807886,46.717748054187055,-0.8107611969622326,-1.2364635215219393,0.4257023245597067,145.1385323249348,147.3003556265743,142.9767090232953,0.02978979140838515,0.6767671420149015,0,1,-0.002991481223364456,-0.002991481223364456,102.97424905532947,53.037341964088455
2023-01-25,145.7349962673164,46.05287993364148,-0.7541901300835718,-1.1400088432342659,0.38581871315069405,145.1969572690335,147.3568454591839,143.03706907888312,0.02975114948377816,0.6245525117310445,0,1,-0.0011501814779132369,-0.0011501814779132369,102.85580998136399,52.97633939572361
2023-01-26,144.95797298260783,43.00130569377621,-0.7632580732741019,-1.0646586892422332,0.3014006159681313,145.2597690358057,147.30668358841007,143.21285448320134,0.028182814363415524,0.42628025121666907,0,1,-0.005331754929223109,-0.005331754929223109,102.30740800949663,52.69388253701827
2023-01-27,144.64052027719808,41.78316306262447,-0.7869883520085068,-1.009124621795488,0.2221362697869811,145.24430321768097,147.30570071177763,143.1829057235843,0.02838524401204505,0.3535500935137517,0,1,-0.0021899637452010845,-0.0021899637452010845,102.08335849509034,52.57848484466832
2023-01-30,144.43288643061703,40.965750670199704,-0.813175306276861,-0.9699347586917626,0.15675945241490163,145.21308099301584,147.30509086788467,143.121071118147,0.02881296726938055,0.31352990447817053,0,1,-0.0014355164526725916,-0.0014355164526725916,101.93681615442655,52.5030075646172
2023-01-31,144.05321959042752,39.44613567820409,-0.8547120091942304,-0.9468902087922563,0.09217819959802587,145.14809943336127,147.30166152883692,142.99453733788562,0.0296739964750881,0.24579793978684236,0,1,-0.0026286730783566803,-0.0026286730783566803,101.66885759010802,52.364994322099335
2023-02-01,143.49643222921154,37.263089627352905,-0.9219307880533449,-0.9418983246444741,0.019967536591129154,145.11615049051326,147.3504168006227,142.88188418040383,0.030792800147430795,0.13752793165860458,0,1,-0.003865150413153162,-0.003865150413153162,101.2758921631888,52.162595742660514
2023-02-02,142.24655969726842,32.86599102959319,-1.0637936710404006,-0.9662773939236594,-0.09751627711674116,145.1091652831887,147.37994245552665,142.83838811085076,0.03129750168304524,-0.13031406621306665,-1,0,-0.00871012967030882,-0.00871012967030882,100.3937660099712,51.708252769802044
2023-02-03,142.6210823378753,35.32860647177591,-1.1329403496736745,-0.9996099850736625,-0.13333036460001202,145.0485605782963,147.5186762026624,142.57844495393022,0.03405915390704942,0.008630645368274955,0,0,0.0026329117653456358,0.0,100.3937660099712,51.84439603688512
2023-02-06,141.85225599820188,32.6785696097393,-1.2355349728540546,-1.046794982629741,-0.18873999022431365,144.90136924439582,147.75577674274248,142.04696174604916,0.03939793686189831,-0.03410615827628994,0,0,-0.005390692084722981,-0.0,100.3937660099712,51.56491886153184
2023-02-07,144.09938824798408,45.53757659704319,-1.1225767919118539,-1.0619513444861637,-0.060625447425690204,144.79971240276558,147.6140384171742,141.98538638835694,0.03887198348268106,0.37557870850853525,0,0,0.01584135714986923,0.0,100.3937660099712,52.38177715762139
2023-02-08,141.59838427818198,37.054307705706755,-1.2207941828739877,-1.0937199121637287,-0.127074270710259,144.58065992902837,147.6762978250381,141.48502203301865,0.04282229583859008,0.018309997643693097,0,0,-0.01735610400717358,-0.0,100.3937660099712,51.47263358519313
2023-02-09,139.81698836150593,32.42137957032877,-1.4259386029594907,-1.1601636503228812,-0.26577495263660955,144.33278661434267,148.08695098908868,140.57862223959665,0.05202095051039431,-0.10143853625778551,0,0,-0.012580623188300999,-0.0,100.3937660099712,50.82507577754832
2023-02-10,139.81865047720706,32.429868581527316,-1.5702816852160595,-1.242187257301517,-0.3280944279145426,144.08263522528438,148.33351027825728,139.83176017231148,0.05900607031966522,-0.0015419995813861997,0,0,1.1887795042575533e-05,0.0,100.3937660099712,50.825679975632184
2023-02-13,139.58665951673458,31.828883510648467,-1.6839824481018582,-1.3305462954615852,-0.35343615264027295,143.76958151609728,148.3801045221406,139.15905851005394,0.0641376702557504,0.046372288579859554,0,0,-0.0016592275757252306,-0.0,100.3937660099712,50.74134860586164
2023-02-14,139.55297943801847,31.736929617308235,-1.7565602891424135,-1.4157490941977509,-0.3408111949446626,143.41740622608376,148.1918597595724,138.64295269259512,0.06658122830588879,0.09530166531523508,0,0,-0.00024128436651982277,-0.0,100.3937660099712,50.729105511706905
2023-02-15,137.46095065607525,26.59696588849289,-1.9602909758204703,-1.5246574705222948,-0.43563350529817546,142.95576324246622,148.16224574655408,137.74928073837836,0.07284047017058252,-0.027689527629903992,0,0,-0.014990928824076932,-0.0,100.3937660099712,49.968629101671816
2023-02-16,134.1460577578117,20.83807062004594,-2.362005437599862,-1.6921270639378083,-0.6698783736620537,142.40260974983335,148.81270243877057,135.99251706089612,0.09002774176959531,-0.14402750417877086,0,0,-0.024115160577911077,-0.0,100.3937660099712,48.76362758702692
2023-02-17,135.65380803470467,28.42890229903398,-2.529545174026964,-1.8596106859556394,-0.6699344880713247,141.900659482531,148.7809275705446,135.02039139451742,0.09697302483447026,0.04603139238794716,0,0,0.01123961674382623,0.0,100.3937660099712,49.31171207214378
2023-02-20,135.5772753301284,28.280662472900545,-2.6380869476722353,-2.0153059382989587,-0.6227810093732766,141.36249394435774,148.4608365006634,134.26415138805208,0.10042752300478881,0.09249510936252524,0,0,-0.0005641766028173789,-0.0,100.3937660099712,49.283891557947804
2023-02-21,135.16225999836664,27.44492734925882,-2.726169766051413,-2.1574787038494496,-0.5686910622019634,140.82546639537213,148.10045843982516,133.5504743509191,0.10331926789474638,0.11077576701107687,0,0,-0.0030610980398537713,-0.0,100.3937660099712,49.133028734103405
2023-02-22,135.0560432850277,27.223193727262384,-2.7725861876000124,-2.2805002005995623,-0.49208598700045014,140.2915187462577,147.6167013600449,132.9663361324705,0.10442801787663455,0.14263857044492115,0,0,-0.0007858459405770679,-0.0,100.3937660099712,49.094417742924456
2023-02-23,135.46382035525016,29.57557336384177,-2.7448266810736186,-2.3733654966943734,-0.37146118437924525,139.81681111488984,147.0991019119908,132.5345203177889,0.10416903001910083,0.2011249014271316,0,0,0.0030193174648385224,0.0,100.3937660099712,49.242649375841744
2023-02-24,135.8215579532027,31.662466387891456,-2.6632602316100247,-2.431344443677504,-0.23191578793252088,139.37586299869002,146.49449724638473,132.25722875099532,0.10215017284250441,0.2503520393228271,0,0,0.0026408349994440083,0.0,100.3937660099712,49.37269108777882
2023-02-27,135.85045577677224,31.83817914085624,-2.566699110274186,-2.4584153769968404,-0.10828373327734564,138.94674146599783,145.81203378801465,132.08144914398102,0.09881904749377436,0.27449717040482835,0,0,0.0002127631578154876,0.0,100.3937660099712,49.383195777444506
2023-02-28,135.1431337985213,29.817262272175014,-2.5182202230450343,-2.4703763462064794,-0.047843876838554955,138.50123717640253,145.12336856613805,131.879105786667,0.09562559186819726,0.24644844837370786,0,0,-0.005206622047799425,-0.0,100.3937660099712,49.126076141518865
2023-03-01,137.67931102916884,43.63295394991893,-2.2492243901723157,-2.426145954999647,0.17692156482733123,138.21038111640036,144.40599261422634,132.01476961857438,0.08965479217668974,0.45714143088072395,1,1,0.018766600709649195,0.0,100.3937660099712,50.04800559689857
2023-03-02,135.00667008208126,35.66524830735278,-2.226042609311264,-2.3861252858619704,0.16008267655070618,137.84838663564102,143.8952881558146,131.80148511546744,0.08773264116839706,0.2650270519472433,0,1,-0.019412073804766172,-0.019412073804766172,98.44491481464722,49.076470018470225
2023-03-03,133.22666730422276,31.534999289377907,-2.324506762034929,-2.3738015810965623,0.049294819061633355,137.37866588395838,143.3231945332515,131.43413723466526,0.08654223872452466,0.15077142152983444,0,1,-0.013184554339250698,-0.013184554339250698,97.1469624858506,48.429418632733096
2023-03-06,130.4158596012471,26.346427226654413,-2.5993849119898584,-2.4189182472752218,-0.18046666471463668,136.80684606411063,143.12775295754813,130.48593917067313,0.09240629508373262,-0.005543474267814342,-1,0,-0.02109793602025034,-0.02109793602025034,95.09736208676246,47.40765785692177
2023-03-07,129.17378061532432,24.433316075575647,-2.884205889754753,-2.5119757757711283,-0.3722301139836248,136.06056568247763,142.2798004005086,129.84133096444666,0.09141862209429151,-0.05366820673184729,0,0,-0.009523987264436151,-0.0,95.09736208676246,46.95614792725571
2023-03-08,126.68269243085263,21.120830239029488,-3.273207070642343,-2.6642220347453716,-0.6089850358969713,135.31478109011118,142.27145696040714,128.35810521981523,0.10282211321264663,-0.12041762619100776,0,0,-0.019284781885343105,-0.0,95.09736208676246,46.050608856302674
2023-03-09,124.84238001549149,19.064537131157294,-3.687484119336432,-2.868874451663584,-0.818609667672848,134.56605067281046,142.61938904862456,126.51271229699637,0.11969346407282647,-0.10370433996175119,0,0,-0.014526944289297017,-0.0,95.09736208676246,45.38163422695896
2023-03-10,125.46460566967879,21.835462549489705,-3.920401309069433,-3.079179823144754,-0.8412214859246792,133.84834843243405,142.46915309082337,125.22754377404473,0.12881450924650079,0.013749406524561495,0,0,0.004984089970970551,0.0,95.09736208676246,45.607820374975795
2023-03-13,125.20263108344663,21.50168705202445,-4.079107606376567,-3.2791653797911167,-0.7999422265854506,133.12914701076966,142.1260704291376,124.13222359240171,0.1351608362313044,0.059487418157833545,0,0,-0.0020880357837482766,-0.0,95.09736208676246,45.51258961401408
2023-03-14,124.86251382442198,21.05176755602284,-4.184096451352758,-3.4601515941034453,-0.7239448572493128,132.39462373008982,141.58005967846307,123.20918778171655,0.13875844335037985,0.08999714613426889,0,0,-0.002716534437666618,-0.0,95.09736208676246,45.388953096980224
2023-03-15,124.13363485744722,20.081972267438175,-4.276814849182784,-3.623484245119313,-0.6533306040634712,131.72825794015841,141.29204391952715,122.1644719607897,0.14520477426663253,0.10294892111269834,0,0,-0.005837452287719369,-0.0,95.09736208676246,45.123997248887065
2023-03-16,124.55919380345124,22.331671461259475,-4.2667711156170185,-3.7521416192188544,-0.5146294963981641,131.24891474244038,141.25331206346146,121.24451742141929,0.15244921972350733,0.16566097265385493,0,0,0.0034282323762830913,0.0,95.09736208676246,45.27869279720301
2023-03-17,124.53647618894863,22.29558981491786,-4.2120901526911325,-3.84413132591331,-0.36795882677782243,130.6930481501526,140.9002884122079,120.48580788809728,0.15620173232669984,0.19842132627706488,0,0,-0.0001823840842969382,-0.0,95.09736208676246,45.270434684279024
2023-03-20,124.40182195251616,22.067991053726473,-4.131989563530794,-3.901702973436807,-0.23028659009398744,130.134275481272,140.43880840727093,119.82974255527307,0.15836769963777733,0.22184796875690835,0,0,-0.001081243347757499,-0.0,95.09736208676246,45.221486327926556
2023-03-21,124.03581737239759,21.4276996656248,-4.051341438089494,-3.9316306663673446,-0.11971077172214972,129.57795334997354,139.94075952484545,119.21514717510162,0.1599470574578886,0.2325948259548313,0,0,-0.002942115914172705,-0.0,95.09736208676246,45.08843947333862
2023-03-22,124.5926677125461,24.99344821647884,-3.8975653418704894,-3.924817601467974,0.027252259597484674,129.05478457134944,139.30903979352277,118.80052934917612,0.15891321280698653,0.2824260874083441,1,1,0.004489431778214925,0.0,95.09736208676246,45.29086094634035
2023-03-23,123.12075045538982,22.134067012521342,-3.850086696208578,-3.909871420416095,0.059784724207517126,128.43763107635644,138.55255767805576,118.32270447465712,0.15750721212984656,0.23717651000683634,0,1,-0.01181383530973279,-0.01181383530973279,93.97389751267941,44.75580217408427
2023-03-24,124.65078177782142,30.974202502534524,-3.6469589145278007,-3.8572889192384365,0.2103300047106358,127.87909226758738,137.4988012599968,118.25938327517795,0.15045006688474388,0.3322033186080106,0,1,0.012427079243526595,0.012427079243526595,95.14171858389253,45.31198607430922
2023-03-27,124.16921741956514,29.826441232477393,-3.484667821681242,-3.782764699726998,0.2980968780457558,127.29503034972701,136.27403831196375,118.31602238749028,0.1410739749630138,0.32593773480833355,0,1,-0.0038633079663681347,-0.0038633079663681347,94.77415682455343,45.13693191753638
2023-03-28,123.04935785887567,27.29360962388654,-3.4071388925637933,-3.707639538294357,0.3005006457305637,126.69034155274474,135.05162211779728,118.32906098769219,0.13199554855681733,0.28227116854042644,0,1,-0.009018817899975162,-0.009018817899975162,93.91940596252908,44.72985014800854
2023-03-29,124.48894214342987,34.941901654501336,-3.1927304280479234,-3.6046577162450704,0.41192728819714697,126.0308231084578,132.63969637661535,119.42194984030024,0.10487709443062485,0.38334766741125753,0,1,0.011699242560901935,0.011699242560901935,95.01819187406055,45.25315551460288
2023-03-30,124.7431392419042,36.21778120431109,-2.968084364767762,-3.477343045949609,0.5092586811818469,125.51764656644893,130.6123708859387,120.42292224695916,0.08117941116419242,0.4239892802853075,0,1,0.002041925122806987,0.002041925122806987,95.21221190717188,45.34555906973444
2023-03-31,124.8664758364645,36.86475431937674,-2.7484164744293054,-3.3315577316455482,0.5831412572162429,125.09963699306104,128.67712237867627,121.52215160744582,0.05719417692336965,0.46741270313303496,0,1,0.0009887244726229927,0.0009887244726229927,95.30635055117706,45.39039333371146
2023-04-03,124.8680971382173,36.873819004228956,-2.544861681865555,-3.17421852168955,0.6293568398239948,124.82224886990954,127.37876428074182,122.26573345907727,0.04096249561240786,0.5089669454198253,0,1,1.2984283747297098e-05,1.2984283747297098e-05,95.30758803587554,45.39098269545791
2023-04-04,124.07428115495216,34.27876349039818,-2.4197045104949666,-3.0233157194506335,0.6036112089556669,124.56727389689092,126.11431146671367,123.02023632706818,0.024838587558772305,0.3406655560422982,0,1,-0.00635723616726902,-0.00635723616726902,94.70169519019869,45.10242149859845
2023-04-05,124.95609593281576,39.3822889250086,-2.223727718617269,-2.863398119283961,0.639670400666692,124.48094407198907,125.68579611619629,123.27609202778186,0.01935801585036874,0.6971826595270177,0,1,0.007107152019380392,0.007107152019380392,95.37475453440847,45.422971264631165
2023-04-06,124.15451472741067,36.60001040420635,-2.108786821496224,-2.712475859726414,0.6036890382301898,124.44655080758503,125.64722494919421,123.24587666597584,0.019296222094023725,0.37838662046016963,0,1,-0.006414902765816799,-0.006414902765816799,94.7629347577566,45.13158732063406
2023-04-07,121.5923141697992,29.440343723481774,-2.199093720695217,-2.609799431920175,0.41070571122495814,124.25293623259105,125.92047058525887,122.58540187992324,0.02684096494180758,-0.2977712898493656,0,1,-0.02063719199609415,-0.02063719199609415,92.80729387904742,44.20019808800965
2023-04-10,119.90422657433842,25.852157829730032,-2.3794483505238304,-2.5637292156409064,0.18428086511707598,123.98801600713564,126.4933319236465,121.48270009062479,0.04041222687790518,-0.31502484494743915,0,1,-0.01388317680263429,-0.01388317680263429,91.51883380955057,43.58655892324236
2023-04-11,118.92528186195857,24.02356354840049,-2.571728070601907,-2.5653289866331064,-0.006399083968800401,123.69115440901248,127.02890914348917,120.3533996745358,0.05396917427805155,-0.2139339056021345,-1,0,-0.00816438869878311,-0.00816438869878311,90.77163847707007,43.23070131415059
2023-04-12,119.93076492524466,29.5365360430105,-2.6128576574026425,-2.5748347207870137,-0.03802293661562883,123.48101091240237,127.20799405838996,119.75402776641478,0.060365283997091936,0.02371048538549906,0,0,0.00845474610228969,0.0,90.77163847707007,43.59620591758566
2023-04-13,118.87716730348447,27.30105476305998,-2.699353210536188,-2.5997384187368486,-0.0996147917993393,123.19690958740402,127.41212119803178,118.98169797677626,0.0684304764582948,-0.012399220127909932,0,0,-0.00878504879391806,-0.0,90.77163847707007,43.213211121369966
2023-04-14,117.66369139789106,24.958099247980414,-2.833160018588032,-2.6464227387070856,-0.18673727988094635,122.85327034785114,127.6842743558424,118.02226633985987,0.07864673027120224,-0.037111844802412704,0,0,-0.010207813099175733,-0.0,90.77163847707007,42.77209873882779
2023-04-17,118.28352122455759,28.34094124019539,-2.8562625741243437,-2.688390705790537,-0.16787186833380652,122.5473553114532,127.72770814403074,117.36700247887566,0.08454450639773843,0.08846103492393809,0,0,0.005267808780284877,0.0,90.77163847707007,42.9974139761154
2023-04-18,119.8395228564967,36.12539870515442,-2.7176873797701973,-2.694250040586469,-0.023437339183728145,122.33754058565815,127.60327203175585,117.07180913956044,0.08608529190450334,0.2628042984405649,0,0,0.013154847064326791,0.0,90.77163847707007,43.56303838113275
2023-04-19,120.63768182744671,39.74149225679109,-2.514475473351169,-2.6582951271394095,0.14381965378824058,122.13979129140321,127.34564795619869,116.93393462660774,0.08524423711147916,0.3557288876089797,1,1,0.006660231549033835,0.0,90.77163847707007,43.853178303730544
2023-04-20,121.02368461095718,41.46731281643604,-2.2958166297701723,-2.5857994276655623,0.28998279789538994,122.03493799918155,127.24207907054863,116.82779692781448,0.08533852938741196,0.40289744656765347,0,1,0.0031996866788486233,0.0031996866788486233,91.06207927952241,43.99349473417416
2023-04-21,121.14714969742279,42.03912135760861,-2.0884905017790345,-2.4863376424882566,0.3978471407092221,121.85975639516161,126.93030642570295,116.78920636462027,0.08321943487395098,0.42973082866290724,0,1,0.0010201729261714032,0.0010201729261714032,91.15497834740425,44.03837570642963
2023-04-24,120.76321507242443,40.707370382992906,-1.932882303190084,-2.375646574628622,0.44276427143853825,121.68945627780461,126.66124021492841,116.7176723406808,0.08171264938145056,0.40685021542629485,0,1,-0.00316915937318607,-0.00316915937318607,90.866093693362,43.89881107527972
2023-04-25,120.6426332730824,40.27582841495299,-1.7985589600472167,-2.2602290517123413,0.4616700916651246,121.56912004851492,126.51876987428457,116.61947022274526,0.0814293929872057,0.4064088563792029,0,1,-0.0009984977567027986,-0.0009984977567027986,90.77536410264884,43.85497821089913
2023-04-26,121.90934172425345,46.671536736922434,-1.5717755075193764,-2.1225383428737485,0.5507628353543721,121.4401400275561,126.2002391297051,116.6800409254071,0.07839416359481931,0.5492848664101896,0,1,0.01049967508835592,0.01049967508835592,91.72847593175386,44.315441233120495
2023-04-27,122.75950248633679,50.50268720213526,-1.3083651006431296,-1.959703694427625,0.6513385937844953,121.34095818977774,125.8892315277329,116.79268485182257,0.07496682745560075,0.6559431669070271,0,1,0.006973713007214055,0.006973713007214055,92.36816399749105,44.62448440206834
2023-04-28,122.82407478465032,50.79184644574243,-1.0819282156108727,-1.7841485986642747,0.702220383053402,121.23883813718703,125.53875354023843,116.93892273413563,0.07093296948599687,0.6843334692513182,0,1,0.0005260065168537498,0.0005260065168537498,92.41675025370355,44.64795717167506
2023-05-01,122.0746275241883,47.33546532482813,-0.9519757000741862,-1.6177140189462569,0.6657383188720707,121.09916465648557,125.07172563948359,117.12660367348755,0.06560839613166175,0.6227750652384658,0,1,-0.00610179447128778,-0.00610179447128778,91.85284223795112,44.37552451345064
2023-05-02,121.8258840564537,46.211449297424004,-0.8591551089735674,-1.466002236951719,0.6068471279781515,120.98674480156065,124.72516360771513,117.24832599540616,0.06179881626348644,0.6122318416427284,0,1,-0.002037634459997162,-0.002037634459997162,91.6656797213584,44.28510341552159
2023-05-03,121.91026219927247,46.67403007058252,-0.7699104622855657,-1.3267838820184883,0.5568734197329226,120.83445311488349,124.11175023237637,117.55715599739061,0.05424441511523182,0.6641305389503362,0,1,0.0006926126042283709,0.0006926126042283709,91.72916852650856,44.31577583632673
2023-05-04,122.60565539161206,50.455643106413206,-0.6357425731862918,-1.188575620252049,0.5528330470657572,120.75701014809358,123.76621053198858,117.74780976419859,0.049838934902488544,0.8071655269971855,0,1,0.005704139912380057,0.005704139912380057,92.25240453783006,44.56855922202281
2023-05-05,123.09510062483554,52.982917248523826,-0.48433628735919854,-1.047727753673479,0.5633914663142805,120.8321494708454,124.00003533158971,117.66426361010107,0.05243448659346532,0.8571705631872807,0,1,0.003992028195274999,0.003992028195274999,92.62067873782699,44.74647816705991
2023-05-08,123.03232480717102,52.61222137164212,-0.3652013846319022,-0.9112224798651638,0.5460210952332616,120.98855438248702,124.27037382676025,117.7067349382138,0.05425008110929649,0.8113776457523246,0,1,-0.0005099781985299368,-0.0005099781985299368,92.57344421093765,44.723658438733715
2023-05-09,123.1413156889958,53.22412952285428,-0.2590058049178481,-0.7807791448757007,0.5217733399578526,121.19935607383886,124.4647294399382,117.93398270773952,0.0538843352288103,0.7973564425002828,0,1,0.0008858719202096133,0.0008858719202096133,92.65545242572121,44.76327787191364
2023-05-10,123.8507629830603,57.10673814649167,-0.11625842065906511,-0.6478750000323735,0.5316165793733084,121.39535597672963,124.80740787219668,117.98330408126259,0.05621387849665523,0.8598138424554319,0,1,0.005761245038637286,0.005761245038637286,93.18926319131158,45.02117008446634
2023-05-11,123.79038195266907,56.67555420430079,-0.007911140024162933,-0.5198822280307314,0.5119710880065684,121.64101670918888,124.99669869256479,118.28533472581296,0.055173527386711246,0.8202575890874296,0,1,-0.0004875305483543757,-0.0004875305483543757,93.14383057872719,44.99922088872751
2023-05-12,123.2154472280385,52.602812284418434,0.03120274728362915,-0.4096652329678593,0.44086798025148843,121.91860450069626,124.769512856819,119.06769614457352,0.04676740465982717,0.7274437767452394,0,1,-0.004644421606602611,-0.004644421606602611,92.71123135946561,44.790225534951624
2023-05-15,121.15767074898355,41.19299218131255,-0.10266116551701998,-0.3482644194776915,0.2456032539606715,122.06231197691754,124.38195921130001,119.74266474253507,0.03800759131649295,0.305004568253926,0,1,-0.016700637179416056,-0.016700637179416056,91.16289472207428,44.04220022910818
2023-05-16,122.19554552856977,47.391117510629286,-0.12357694195489444,-0.30332692397313205,0.1797499820182376,122.18011311052119,124.25035556775615,120.10987065328624,0.03388837028432381,0.5037272006461474,0,1,0.008566315060121177,0.008566315060121177,91.94382480005623,44.419479592211665
2023-05-17,122.6301504480432,49.77815005395163,-0.10388632374220208,-0.2634388039269461,0.159552480184744,122.27973654155103,124.22547336492516,120.3339997181769,0.0318243541964611,0.5900465834543096,0,1,0.0035566347168671797,0.0035566347168671797,92.27083539934166,44.5774634554345
2023-05-18,122.86910844508188,51.09213262253901,-0.06821313507967375,-0.22439367015749162,0.15618053507781787,122.37200773325728,124.24043793924972,120.50357752726484,0.03053688896018092,0.6330262993582251,0,1,0.0019486072239627283,0.0019486072239627283,92.45063501576189,44.664327422749686
2023-05-19,122.22679987068229,47.495037163229824,-0.09072498881380398,-0.1976599338887541,0.10693494507495013,122.42599024192025,124.2056960251288,120.64628445871169,0.029073986327441792,0.4440383986169756,0,1,-0.0052275839104560795,-0.0052275839104560795,91.96734156364205,44.43084090334318
2023-05-22,123.18911955177144,52.85092464120271,-0.03056233568312905,-0.1642404142476291,0.13367807856450006,122.54728546588758,124.1739203297999,120.92065060197527,0.026547056635785004,0.6972889245531553,0,1,0.007873229783544211,0.007873229783544211,92.69142157635429,44.7806551232513
2023-05-23,121.17890968011027,42.98653450584394,-0.143436687400623,-0.1600796688782279,0.0166429814776049,122.57409928623899,124.08187508652505,121.06632348595294,0.024601866284410513,0.03733519072794864,0,1,-0.016318079705215927,-0.016318079705215927,91.17887557108158,44.0499208236983
2023-05-24,121.33859155619024,43.88254790319125,-0.2174982470657767,-0.17156338451573766,-0.045934862550039035,122.54556177783584,124.12616001905803,120.96496353661365,0.02579609115649042,0.11819196359717556,-1,0,0.0013177365310639289,0.0013177365310639289,91.29902530628293,44.10796701355817
2023-05-25,121.18796412939177,43.192970142865995,-0.28506093615413874,-0.1942628948434179,-0.09079804131072083,122.46698485998859,124.15537839160834,120.77859132836883,0.027573039926638555,0.12123145266678734,0,0,-0.0012413810385191182,-0.0,91.29902530628293,44.053212219659905
2023-05-26,121.43940181390236,44.753622639561385,-0.31468840221791083,-0.2183479963183165,-0.09634040589959433,122.39775121145117,124.13727583793515,120.65822658496718,0.028424127228919863,0.22453698471464995,0,0,0.0020747743913094308,0.0,91.29902530628293,44.14461269622817
2023-05-29,121.21980586569182,43.62634322135262,-0.351832237285052,-0.2450448445116636,-0.10678739277338836,122.35501012852635,124.1684020341533,120.54161822289939,0.029641481844055295,0.18699422907095267,0,0,-0.0018082759378793556,-0.0,91.29902530628293,44.06478705530258
2023-05-30,121.30011792553373,44.18011831517489,-0.37051738833559966,-0.27013935327645083,-0.10037803505914883,122.32872182198037,124.18904749379075,120.46839615016998,0.03041519022029245,0.22354198191393868,0,0,0.0006625324902012064,0.0,91.29902530628293,44.093981408400516
2023-05-31,120.76022349794394,41.24679342421798,-0.4240028326606051,-0.30091204915328174,-0.12309078350732339,122.27121988691393,124.25312775086323,120.28931202296462,0.03241822345082232,0.11880256482784791,0,0,-0.004450897796498654,-0.0,91.29902530628293,43.897723603711015
2023-06-01,120.67233138422208,40.7721984124898,-0.46808677865190873,-0.33434699505300713,-0.1337397835989016,122.17455368654441,124.27294978893374,120.07615758415508,0.03435078809901861,0.14205463863284956,0,0,-0.000727823377400072,-0.0,91.29902530628293,43.86577381425759
2023-06-02,119.90112597878498,36.77388087546641,-0.5588118196354941,-0.37923995996950455,-0.17957185966598954,122.0148549542419,124.29642909397923,119.73328081450457,0.037398301060849806,0.036782754800098495,0,0,-0.006390904995293156,-0.0,91.29902530628293,43.585431821265644
2023-06-05,119.62811613955368,35.44860815548425,-0.6453030290098951,-0.43245257377758267,-0.21285045523231244,121.84464452086104,124.30734962627467,119.3819394154474,0.040423690595477804,0.049980958655001,0,0,-0.0022769580936179423,-0.0,91.29902530628293,43.48618961951639
2023-06-06,119.16695104775583,33.267634005225275,-0.7425010148567992,-0.494462261993426,-0.24803875286337318,121.64592628879902,124.30189317883728,118.98995939876076,0.043667173592525234,0.03331962639649488,0,0,-0.003854989167094036,-0.0,91.29902530628293,43.318550829614956
2023-06-07,119.5980090288952,37.159474957134435,-0.7758053412857606,-0.550730877851893,-0.2250744634338676,121.43328859109079,124.02621926465069,118.84035791753088,0.04270543445942946,0.14609937687306637,0,0,0.003617261139513772,0.0,91.29902530628293,43.47524534015098
2023-06-08,120.43860018703708,44.01617201119365,-0.7260016830944664,-0.5857850389004077,-0.14021664419405877,121.26569950280918,123.64133986526465,118.89005914035371,0.039180747271415156,0.3259207645981378,0,0,0.007028471167432215,0.0,91.29902530628293,43.780809848521265
2023-06-09,118.42965807400064,34.3653688972917,-0.8389656900176305,-0.6364211691238523,-0.20254452089377828,121.02641004510728,123.53550276342257,118.517317326792,0.041463556877877034,-0.01746831676475723,0,0,-0.016680218052323892,-0.0,91.29902530628293,43.0505363937406
2023-06-12,116.9898787596429,29.391580391224522,-1.0327635816011451,-0.715689651619311,-0.31707392998183415,120.81802044564026,123.90659619374863,117.72944469753189,0.05112773304373107,-0.11972604821849331,0,0,-0.012157252986900402,-0.0,91.29902530628293,42.52716013158013
2023-06-13,114.5602231217699,23.270752039777165,-1.3666488343632892,-0.8458814881681067,-0.5207673461951825,120.43625432530027,124.5314175904939,116.34109106010663,0.06800549034234378,-0.21743552369120683,0,0,-0.020768084073877646,-0.0,91.29902530628293,41.643952494544216
2023-06-14,112.60547517267797,19.71372836830527,-1.76859980800063,-1.0304251521346115,-0.7381746558660185,119.935020561532,125.18944098671453,114.68060013634947,0.08762112017960225,-0.1974646864691468,0,0,-0.01706305989832224,-0.0,91.29902530628293,40.93337923872692
2023-06-15,111.10355877710238,17.50031794277335,-2.183174672941888,-1.2609750562960669,-0.9221996166458213,119.34674307813302,125.73104741914548,112.96243873712055,0.1069874916793136,-0.14558202904557788,0,0,-0.013337862952688906,-0.0,91.29902530628293,40.38741543625034
2023-06-16,113.12163538209097,29.030621884108356,-2.3221183886894607,-1.4732037227747456,-0.8489146659147151,118.89148485370347,125.69580100395115,112.0871687034558,0.11446263218295935,0.07601547722011091,0,0,0.018163924065090375,0.0,91.29902530628293,41.121009383419654
2023-06-19,112.9003935818842,28.559371896595522,-2.4221634561584438,-1.6629956694514854,-0.7591677867069584,118.3770485552091,125.36650720933928,111.38758990107893,0.11808807094680024,0.10822037554448789,0,0,-0.0019557867905594106,-0.0,91.29902530628293,41.040585456453094
2023-06-20,112.25937634552172,27.182566140126667,-2.524078619541598,-1.835212259469508,-0.6888663600720899,117.93107188847966,125.29595459489018,110.56618918206915,0.12490147996577254,0.11495004271953892,0,0,-0.00567772366442254,-0.0,91.29902530628293,40.807568353205234
2023-06-21,110.7470970488745,24.216490583115743,-2.6957999179983716,-2.0073297911752808,-0.6884701268230908,117.40149716311387,125.24250177774196,109.56049254848578,0.13357588794177044,0.07566661153183069,0,0,-0.013471296081251971,-0.0,91.29902530628293,40.25783751756328
2023-06-22,112.94745232307855,35.281802374857534,-2.624091113798656,-2.130682055699956,-0.49340905809869984,116.98947157279822,124.85869624002014,109.12024690557631,0.13452876675872813,0.24317550834734059,0,0,0.019868288495480835,0.0,91.29902530628293,41.057691847566424
2023-06-23,113.50241135300186,37.75055308003531,-2.4937345940038824,-2.2032925633607414,-0.290442030643141,116.59262204975319,124.31613678071714,108.86910731878923,0.13248719507599932,0.2999478990852106,0,0,0.004913426717549019,0.0,91.29902530628293,41.25942580765115
2023-06-26,113.2404403820687,37.03241202774381,-2.384082758865844,-2.239450602461762,-0.14463215640408222,116.19365377557203,123.73292649266504,108.65438105847902,0.12977081746056654,0.30414467652776256,0,0,-0.002308065245578028,-0.0,91.29902530628293,41.16419636089201
2023-06-27,113.16757411215664,36.82258628204268,-2.276816861028564,-2.2469238541751224,-0.02989300685344176,115.78702658490317,123.03841158231829,108.53564158748806,0.12525384252954957,0.3193826094132169,0,0,-0.0006434650877920056,-0.0,91.29902530628293,41.13770863766676
2023-06-28,113.4397395237992,38.23039191363928,-2.145118795856604,-2.226562842511419,0.08144404665481497,115.42100238619597,122.34715223242605,108.49485253996588,0.12001541665797277,0.35697227851089847,1,1,0.0024049769890166495,0.0,91.29902530628293,41.23664388032122
2023-06-29,113.94147403442113,40.84725778376876,-1.9774663474146337,-2.176743543492062,0.19927719607742844,115.0844595187059,121.57675773159394,108.59216130581785,0.11282667077795648,0.41197373820446265,0,1,0.0044229166315801205,0.0044229166315801205,91.70283328375713,41.41903011837004
2023-06-30,115.62871048313491,48.71552639220734,-1.6889851244084042,-2.0791918596753307,0.3902067352669265,114.8708387439234,120.9647607032519,108.7769167845949,0.10610041723319205,0.5621825931042134,0,1,0.014807921900361398,0.014807921900361398,93.06076167706487,42.03235988155158
2023-07-03,113.79550263907602,42.154540601128204,-1.5899581808451586,-1.9813451239092965,0.3913869430641379,114.57920806889952,120.25870292277972,108.89971321501932,0.09913657023122327,0.4310057100159114,0,1,-0.015854261769409517,-0.015854261769409517,91.58535200097604,41.365967845203436
2023-07-04,115.22355443585349,48.026713254046015,-1.3803351252524578,-1.8611431241779288,0.480807998925471,114.3820382383044,119.64980359466739,109.11427288194142,0.09210826170780563,0.5798741155519207,0,1,0.012549281506377241,0.012549281506377241,92.73468236509696,41.88508102047664
2023-07-05,116.34738896657218,52.14398182985453,-1.1107196048845793,-1.711058420319259,0.6003388154346796,114.21950723518826,118.98644041996045,109.45257405041608,0.08346968569837444,0.7231918981140089,0,1,0.009753513821207038,0.009753513821207038,93.63917137125017,42.29360773711223
2023-07-06,113.67072890412383,43.338073709340364,-1.1003473405764623,-1.5889162043706997,0.48856886379423736,113.88111367104258,117.6444040390497,110.11782330303546,0.06609156244955199,0.4720477632144339,0,1,-0.02300575961543394,-0.02300575961543394,91.48493110409477,41.32061116424277
2023-07-07,112.33448668111775,39.730839395980944,-1.1862761730469202,-1.508388198105944,0.3221120250590237,113.57635510139843,116.72583881902379,110.42687138377308,0.05546020058160115,0.3028457151038991,0,1,-0.011755376567815778,-0.011755376567815778,90.40949128868544,40.8348718199948
2023-07-10,113.51078577005363,44.13874881981285,-1.146244690844597,-1.4359594966536746,0.2897148058090777,113.40240045191896,116.11158085570959,110.69322004812834,0.047779948096235945,0.520003340859659,0,1,0.010471397730912546,0.010471397730912546,91.35620503061875,41.26247000411281
2023-07-11,113.97889002431127,45.8364230907787,-1.0644767264906392,-1.3616629426210676,0.2971862161304284,113.37333379704603,116.04238713484563,110.70428045924643,0.047084323066261265,0.6134402633865063,0,1,0.004123874670429295,0.004123874670429295,91.73294657053107,41.432631259002115
2023-07-12,113.40218287599667,44.05984578336938,-1.0342878462898142,-1.296187923354817,0.26190007706500285,113.41316918221199,116.05763730759153,110.76870105683244,0.046634233827482385,0.49792277582968814,0,1,-0.005059771578680872,-0.005059771578680872,91.26879881464485,41.222991608927856
2023-07-13,114.83957171770692,49.33114973135621,-0.8841853362947347,-1.2137874059428007,0.32960206964806593,113.5999698292422,116.08021556195182,111.11972409653258,0.04366630970831772,0.7498949745415908,0,1,0.012675142622977642,0.012675142622977642,92.42564385664832,41.74549890691683
2023-07-14,115.96998394644139,53.07601779927212,-0.6663321340201236,-1.1042963515582653,0.43796421753814174,113.74238725745973,116.42577468244319,111.05899983247626,0.047183596013498946,0.9150717612078303,0,1,0.009843403382879146,0.009843403382879146,93.33542675205163,42.15641669207715
2023-07-17,114.84448832592966,49.17871379100913,-0.5778390235150823,-0.9990048859496288,0.42116586243454646,113.83959199466199,116.53537414037272,111.14380984895125,0.04736106478380815,0.6863830749206803,0,1,-0.009705059725036436,-0.009705059725036436,92.4296008609612,41.747286150287024
2023-07-18,113.32359564166511,44.43093130183372,-0.6232465268668363,-0.9238532141330703,0.30060668726623396,113.89280295946917,116.49773508887638,111.28787083006195,0.04574357749952348,0.39074430934720994,0,1,-0.013243062043589271,-0.013243062043589271,91.2055499220953,41.19442424964729
2023-07-19,114.48786137611535,48.52756025893127,-0.5588437825638692,-0.8508513278192301,0.2920075452553609,114.07984117583123,116.23150648438015,111.92817586728232,0.037722095093602956,0.5948149785803079,0,1,0.010273815685585053,0.010273815685585053,92.14257893149733,41.61764817166196
2023-07-20,114.37102962156538,48.14400390280727,-0.5113371139422753,-0.7829484850438393,0.27161137110156397,114.15102004075554,116.23817674084273,112.06386334066835,0.03656834077070903,0.5527055732807826,0,1,-0.0010204728531537643,-0.0010204728531537643,92.04854993107816,41.575178491490675
2023-07-21,114.53486723829144,48.7556832815639,-0.455219918514814,-0.7174027717380344,0.2621828532232203,114.20264283502004,116.27325966985777,112.13202600018232,0.036262152668900774,0.5802235347655313,0,1,0.0014325097646508134,0.0014325097646508134,92.18041037767638,41.63473534064684
2023-07-24,114.92826368297726,50.272465667602624,-0.37468371091422625,-0.6488589595732728,0.2741752486590465,114.28703400006547,116.32992470452066,112.24414329561029,0.03575017450280526,0.6569417496279597,0,1,0.003434730874287917,0.003434730874287917,92.49702527920512,41.777739451564166
2023-07-25,115.76369083826233,53.425227420861525,-0.24067188105154003,-0.5672215438689263,0.3265496628173863,114.41683983637074,116.48992527744848,112.343754395293,0.03623741826889272,0.8248421351103129,0,1,0.007269118391882712,0.007269118391882712,93.16939710685662,42.08142678578282
2023-07-26,116.6568764938386,56.59380115929002,-0.061682880787785166,-0.4661138112526981,0.4044309304649129,114.57769668487272,116.82360693805059,112.33178643169485,0.03920327111051775,0.962881320841722,0,1,0.007715594147945426,0.007715594147945426,93.88825436194189,42.4061099960284
2023-07-27,118.5964285097994,62.551657777229764,0.2339757033791443,-0.3260959083263296,0.5600716117054739,114.81044440864164,117.66190875162337,111.95898006565992,0.04967255997777676,1.163866639342018,0,1,0.0166261267595591,0.0166261267595591,95.44925238019727,43.11115935620217
2023-07-28,116.67367231982173,54.55705835751652,0.3095683942994185,-0.19896304780118002,0.5085314421005985,114.86269250047599,117.81383835786356,111.91154664308841,0.05138562910451265,0.8068265526104613,0,1,-0.01621259774967665,-0.01621259774967665,93.90177204584977,42.412215471037854
2023-07-31,117.35516759122501,56.67084623458247,0.41962988724860395,-0.07524446079122321,0.49487434803982716,115.04067574808342,118.14615379549845,111.93519770066838,0.05398921776529587,0.8726466276372737,0,1,0.005841037295330809,0.005841037295330809,94.45025579846723,42.65994680338179
2023-08-01,117.41893866148094,56.8730036703928,0.506165445593922,0.04103752048580583,0.4651279251081161,115.15044495936479,118.43327670602035,111.86761321270923,0.057018133934506846,0.8455086762255196,0,1,0.0005434023193426896,0.0005434023193426896,94.50158028653061,42.68312831741778
2023-08-02,117.60816973047224,57.50655941015961,0.5832910487117005,0.14948822613098475,0.4338028225807157,115.21348399755979,118.63843679792396,111.78853119719562,0.059454027107394954,0.8495939758144738,0,1,0.0016115889919330328,0.0016115889919330328,94.65387799304067,42.751915977155406
2023-08-03,117.81870748902497,58.241584002664545,0.6538649344724234,0.2503635677992725,0.40350136667315095,115.42088292680485,118.95316243078267,111.88860342282703,0.06120693958333076,0.8394160285900156,0,1,0.0017901626990304287,0.0017901626990304287,94.8233238347424,42.82844886244979
2023-08-04,118.12801035135551,59.35392318279027,0.7263801452746037,0.3455668832943387,0.380813261980265,115.71055911031674,119.12539344024411,112.29572478038936,0.05902372879681137,0.8539631805637539,0,1,0.0026252440628695695,0.0026252440628695695,95.0722582026611,42.94088399354785
2023-08-07,118.9472408121189,62.2241382191122,0.840267938126118,0.44450709426069457,0.39576084386542343,115.98238186242001,119.52310874729527,112.44165497754476,0.06105628851587678,0.9186794189582558,0,1,0.0069351075864794165,0.0069351075864794165,95.73159454178611,43.23868364390164
2023-08-08,119.10445094223,62.76748524044563,0.9324615419003948,0.5420979837886346,0.39036355811176016,116.23865990831595,119.90843158357826,112.56888823305364,0.06314201623034657,0.8904590377150925,0,1,0.0013216795029269424,0.0013216795029269424,95.8581210280745,43.29583132580733
2023-08-09,117.76650428021193,55.45676152849692,0.8873358676377592,0.6111455605584596,0.2761903070792996,116.45687597852671,119.93025310383882,112.9834988532146,0.059650872413107875,0.6885237701574863,0,1,-0.011233389276669614,-0.011233389276669614,94.78130943923604,42.809472398467506
2023-08-10,116.27950221004949,48.671620149710094,0.7232476572180389,0.6335659798903754,0.08968167732766341,116.52887250314384,119.91981320479634,113.13793180149135,0.058199150627858555,0.46322992422532877,0,1,-0.012626697881974125,-0.012626697881974125,93.5845344800889,42.26893012400535
2023-08-11,116.05217560900108,47.71057798341817,0.5683120637033596,0.6205151966529723,-0.05220313294961265,116.53298208627182,119.92126903853574,113.14469513400789,0.05815155317582975,0.42904873701008767,-1,0,-0.0019550014983531483,-0.0019550014983531483,93.40157657495764,42.18629430227914
2023-08-14,117.25497190574707,52.998716964557886,0.5363968495652927,0.6036915272354364,-0.06729467767014374,116.65350626526269,119.9593880029817,113.34762452754369,0.05667865190784132,0.5909690194936279,0,0,0.010364271849572226,0.0,93.40157657495764,42.62352452475402
2023-08-15,115.22583043174043,44.772417858930574,0.3434104320199509,0.5516353081923393,-0.20822487617238838,116.74861800476647,119.74619897571525,113.7510370338177,0.05135103133857042,0.2459972578248564,0,0,-0.017305376829885866,-0.0,93.40157657495764,41.88590837103527
2023-08-16,117.45773917278581,53.349577785876185,0.3663407402712835,0.5145763946081282,-0.1482356543368447,116.89711189459997,119.71180675730703,114.08241703189292,0.04815679048161465,0.5995893525820141,0,0,0.01936986466213897,0.0,93.40157657495764,42.69723274743298
2023-08-17,117.35099389653529,52.92621253414483,0.3716159655505322,0.48598430879660903,-0.11436834324607681,117.04611010834849,119.601303660632,114.49091655606497,0.0436613151845575,0.5596596269418285,0,0,-0.0009087973002229743,-0.0,93.40157657495764,42.65842961758512
2023-08-18,117.52578378809996,53.57586394255286,0.38545739020410963,0.4658789250781092,-0.08042153487399956,117.19565593583891,119.4662590980887,114.92505277358913,0.0387489304807146,0.5726960698702502,0,0,0.0014894623876706703,0.0,93.40157657495764,42.72196774401761
2023-08-21,116.925369864804,50.9735183059354,0.3440128670321201,0.44150571346891143,-0.09749284643679135,117.29551124493022,119.30715363225427,115.28386885760618,0.03430041552269533,0.4080002036001532,0,0,-0.0051087846763779865,-0.0,93.40157657495764,42.50371040986226
2023-08-22,118.69026841629628,57.507289275482634,0.4484113402553618,0.44288683882620156,0.005524501429160222,117.44184012383194,119.40960563144694,115.47407461621694,0.03351046791399327,0.8172197824469133,1,1,0.015094231076907993,0.0,93.40157657495764,43.14527123641469
2023-08-23,121.15834171678442,64.61017169193663,0.7219782553238616,0.4987051221257336,0.22327313319812803,117.66691338497921,120.2040289010472,115.12979786891123,0.04312368605722024,1.1880704307102692,0,1,0.020794234720504567,0.020794234720504567,95.3437908815225,44.04244413358454
2023-08-24,123.72708278355275,70.19442003199194,1.1329974533069134,0.6255635883619696,0.5074338649449438,117.92344609866689,121.62610548525572,114.22078671207805,0.06279767949608271,1.2837119322812733,0,1,0.021201520509193772,0.021201520509193772,97.36522421932138,44.97621091615775
2023-08-25,124.25040523737104,71.1917455605423,1.483855910113249,0.7972220527122256,0.6866338574010233,118.30228274454434,122.90706617031171,113.69749931877698,0.07784775270500384,1.1458634362196385,0,1,0.004229651601289186,0.004229651601289186,97.7770451958505,45.16644461867919
2023-08-28,122.25595337093263,62.5952818860786,1.582733402195899,0.9543243226089604,0.6284090795869386,118.54732203352974,123.45172915230827,113.6429149147512,0.08274176142741346,0.8780917089043112,0,1,-0.016051874137779754,-0.016051874137779754,96.20754037280271,44.44143853440916
2023-08-29,122.71299864604777,63.677672960930025,1.6786241270311564,1.0991842834933996,0.5794398435377568,118.81202503275809,124.02195487745605,113.60209518806012,0.08770037954090117,0.8743787085021515,0,1,0.0037384296021023555,0.0037384296021023555,96.56720548967786,44.60757972378621
2023-08-30,123.84491949480172,66.28013922319134,1.8249182483607314,1.244331076466866,0.5805871718938653,119.12386252097454,124.75959269610748,113.4881323458416,0.09461966823214168,0.9188505151167758,0,1,0.00922413160172919,0.00922413160172919,97.45795410152587,45.01904590959304
2023-08-31,124.61267210681397,67.95713772145726,1.9799845831428797,1.3914617778020688,0.5885228053408109,119.463560751864,125.56761656718426,113.35950493654373,0.10219109118970444,0.9217778728387839,0,1,0.006199306480589861,0.006199306480589861,98.0621258279725,45.29813277265035
2023-09-01,125.68752531570368,70.19219872443807,2.164654650326426,1.5461003523069403,0.6185542980194858,119.8415365000814,126.50770148814524,113.17537151201756,0.11124965821944903,0.9384821577391096,0,1,0.00862555300931489,0.00862555300931489,98.90796589250778,45.68885421810383
2023-09-04,126.52562656279181,71.8414986089595,2.3515278263738395,1.7071858471203203,0.6443419792535192,120.22045578761504,127.50540838274368,112.9355031924864,0.12119322867979229,0.9327530407948684,0,1,0.006668133889842887,0.006668133889842887,99.56749745185103,45.99351361530366
2023-09-05,125.7032469146076,67.87299093465072,2.4055374615829237,1.8468561700128412,0.5586812915700825,120.55039558623393,128.21059160270488,112.890199569763,0.12708703242688796,0.8363393911392092,0,1,-0.006499708166045615,-0.006499708166045615,98.92033777559051,45.69456919927314
2023-09-06,125.99242634358976,68.53127109696588,2.443507614995056,1.9661864590092843,0.47732115598577174,120.96169168940283,128.8717881366387,113.05159524216693,0.13078680261097703,0.8179945205310915,0,1,0.0023004929154979425,0.0023004929154979425,99.14790331184192,45.799689231992794
2023-09-07,126.33843227589382,69.34074509043748,2.4730116828949917,2.067551503786426,0.4054601791085659,121.46463819269505,129.40034112487518,113.52893526051491,0.1306668846218552,0.8070801745510793,0,1,0.0027462439000935923,0.0027462439000935923,99.42018763651913,45.92546634917234
2023-09-08,125.65602500417909,65.7485911875346,2.413507888971594,2.1367427808234596,0.2767651081481346,121.94483066245394,129.660765451208,114.22889587369988,0.12654796020196932,0.7404889649361862,0,1,-0.005401422666259759,-0.005401422666259759,98.88317718153544,45.67740349427537
2023-09-11,125.48323148515416,64.83273088859332,2.3255996456168475,2.174514153782137,0.15108549183471043,122.3562436414243,129.89470122964102,114.81778605320758,0.12322146159224741,0.7074023636226081,0,1,-0.0013751311886491813,-0.0013751311886491813,98.74719984056038,45.61459107211388
2023-09-12,125.99860597715711,66.33882532161127,2.2713356008050454,2.193878443186719,0.07745715761832628,122.89488241869512,129.8011115602702,115.98865327712005,0.11239246103098062,0.7247046466919097,0,1,0.004107118424535594,0.004107118424535594,99.15276628439685,45.80193559953381
2023-09-13,126.29356708965382,67.20449927554114,2.226466530786354,2.2003960607066464,0.02607047007970742,123.33667381453851,129.90038493759545,116.77296269148157,0.10643567594382834,0.7252455371419658,0,1,0.002340987110208026,0.002340987110208026,99.3848816322101,45.9091573403949
2023-09-14,125.46583644980608,62.35802007566195,2.0999100684102245,2.180298862247362,-0.08038879383713748,123.74241594220207,129.72578550108673,117.75904638331741,0.09670684887354047,0.644017554877996,-1,0,-0.006554020595998744,-0.006554020595998744,98.7335110710617,45.608267777641004
2023-09-15,125.70988479116272,63.200655282832194,1.9962937895809176,2.143497847714073,-0.1472040581331555,124.15162099235519,129.42177172309076,118.88147026161963,0.08489862135686625,0.6478386367319365,0,0,0.0019451378021480004,0.0,98.7335110710617,45.69698214338578
2023-09-18,127.00328351071028,67.36963960882808,1.9955402634012813,2.1139063308515147,-0.11836606745023337,124.65551667465051,128.82972011028107,120.48131323901997,0.06697182037318374,0.7812233366514278,0,0,0.010288759087610622,0.0,98.7335110710617,46.16714738368993
2023-09-19,125.58150061282102,59.4028556079748,1.8587901155554079,2.0628830877922937,-0.20409297223688583,125.00007828447676,128.10059380834414,121.89956276060936,0.049608217313451615,0.5937622024254593,0,0,-0.011194851491925117,-0.0,98.7335110710617,45.6503130249237
2023-09-20,125.35094873244452,58.2009538054837,1.712075289998765,1.992721528233588,-0.28064623823482293,125.20970863525977,127.72902165676743,122.69039561375212,0.04024149642974576,0.5280314704800408,0,0,-0.0018358745456251713,-0.0,98.7335110710617,45.56650477724142
2023-09-21,126.53053902326371,62.393447254248734,1.6717153183602136,1.9285202862589133,-0.25680496789869967,125.34988144724532,127.83357144951101,122.86619144497963,0.03962811888754715,0.7376821533567721,0,0,0.009410302057920372,0.0,98.7335110710617,45.99529935091894
2023-09-22,126.65493197140601,62.81699247958914,1.630966455323005,1.8690095200717318,-0.23804306474872683,125.47010778394706,127.96248025859147,122.97773530930264,0.03972854600453754,0.7376900321907136,0,0,0.0009831061268097407,0.0,98.7335110710617,46.04051761151528
2023-09-25,126.98381006814215,63.97229761727998,1.6066894853859282,1.8165455131345711,-0.20985602774864298,125.70650061880754,127.77630850161609,123.63669273599899,0.03293080107424251,0.8085574897901666,0,0,0.002596646586256801,0.0,98.7335110710617,46.16006856440072
2023-09-26,127.88844641414549,67.00880283042906,1.641523938416853,1.7815411981910276,-0.14001725977417467,125.96527300721243,127.73103317472717,124.19951283969769,0.02803566610638218,1.044573788194541,0,0,0.007124029004310861,0.0,98.7335110710617,46.48891423169449
2023-09-27,129.3409522128159,71.20522927422073,1.7659784717291416,1.7784286528986506,-0.012450181169509023,126.24007464311315,128.30221762163126,124.17793166459505,0.032670179962232794,1.2518580433086872,0,0,0.011357599841088861,0.0,98.7335110710617,47.016916716584774
2023-09-28,130.0876359115034,73.0995135404962,1.9029249855103672,1.803327919420994,0.09959706608937324,126.5138228333476,129.06253095477243,123.96511471192278,0.04029137788022026,1.2011028544449243,1,1,0.005772987487048464,0.0,98.7335110710617,47.28834478846922
2023-09-29,130.45048360789283,73.99480417050479,2.0174786232502413,1.8461580601868435,0.17132056306339782,126.75197074795707,129.81399034466827,123.6899511512459,0.04831513985372161,1.1039335711483038,0,1,0.0027892558262512246,0.0027892558262512246,99.0089040920629,47.42024407968423
2023-10-02,131.41126137561847,76.24889296714647,2.1608806556769764,1.9091025792848701,0.25177807639210625,126.9962524885984,130.69547332084488,123.29703165635193,0.058257165227432,1.0967484893756527,0,1,0.007365076319789887,0.007365076319789887,99.7381122270397,47.769497796434166
2023-10-03,133.48630511809282,80.23383724934493,2.4141378097622237,2.010109625380341,0.4040281843818825,127.38540539877265,132.02891212960262,122.74189866794268,0.07290484677257555,1.1569280581434311,0,1,0.015790456013835552,0.015790456013835552,101.31302250106376,48.52379995019177
2023-10-04,133.71352804677716,80.61733382731444,2.6031731605814628,2.1287223324205655,0.47445082816089723,127.77146048393203,133.15260123818163,122.39031972968245,0.08423071527661376,1.0521196930365138,0,1,0.0017022190290105765,0.0017022190290105765,101.48547945585165,48.606398085826896
2023-10-05,132.79905244453184,74.36406763106746,2.648662368473495,2.2327103396311516,0.4159520288423435,128.09449149236394,133.87431739686383,122.31466558786407,0.09024316092225451,0.9069811989064546,0,1,-0.006839065692181956,-0.006839065692181956,100.7914135950505,48.27397573625758
2023-10-06,133.0724921011891,74.98879026913468,2.6759307248348136,2.321354416671884,0.3545763081629296,128.46531484721444,134.53099938961273,122.39963030481616,0.0944330311977562,0.8797738921115287,0,1,0.0020590482509013075,0.0020590482509013075,100.99894797891926,48.373374181561374
2023-10-09,133.39997224515955,75.7509415143305,2.6929236568325052,2.3956682647040086,0.2972553921284966,128.86115188521472,135.13706734942755,122.5852364210019,0.09740585696150239,0.8616062378330739,0,1,0.0024609153912997783,0.0024609153912997783,101.24749784450566,48.49241696261388
2023-10-10,134.14531530468454,77.43622927274151,2.7350061848630958,2.463535848735826,0.2714703361272699,129.2684873515911,135.81385238368284,122.72312231949935,0.10126775931537473,0.8725405633744255,0,1,0.005587280469258493,0.005587280469258493,101.81319601177357,48.763357696816236
2023-10-11,132.2001176306317,64.78224250749093,2.58163620080461,2.4871559191495827,0.0944802816550272,129.56381487864,136.0769353164747,123.05069444080529,0.10053918903106436,0.7023840014286716,0,1,-0.014500675402899565,-0.014500675402899565,100.33683590467506,48.05625607529922
2023-10-12,131.24578981590173,59.63360008131674,2.3559254622526566,2.4609098277701977,-0.10498436551754109,129.85281254694473,136.10814667778138,123.59747841610809,0.09634499258266276,0.6113431544839546,-1,0,-0.00721881214505693,-0.00721881214505693,99.6125231350498,47.709346990296886
2023-10-13,130.10298098031575,54.08973910211982,2.0610741735141858,2.3809426969189955,-0.31986852340480976,130.0724673564024,136.0160174796168,124.12891723318799,0.09138828906703068,0.5025669526865912,0,0,-0.008707394250047962,-0.0,99.6125231350498,47.293922896640034
2023-10-16,127.49503571876242,44.0301350754797,1.5985360868457121,2.224461374904339,-0.6259252880586268,130.09705496680502,135.99100666905858,124.20310326455146,0.09060853381742476,0.2792636095874598,0,0,-0.020045238332762727,-0.0,99.6125231350498,46.34590494048558
2023-10-17,126.58764086427813,41.16171974694775,1.1455469868264174,2.008678497288755,-0.8631315104623374,130.14736197937788,135.8943759772236,124.40034798153215,0.0883154896179356,0.1902982038642926,0,0,-0.007117099496217971,-0.0,99.6125231350498,46.016056523781884
2023-10-18,127.17195587975867,43.705017027648395,0.8241983542932019,1.7717824686896444,-0.9475841143964425,130.23841233674358,135.71689589671337,124.75992877677379,0.08413007286674622,0.2201363823202,0,0,0.004615893080012645,0.0,99.6125231350498,46.22846172065948
2023-10-19,126.72944886217721,42.21675366773677,0.5277372037060672,1.5229734156929289,-0.9952362119868616,130.24835782868925,135.69915182118353,124.79756383619497,0.08369846780968258,0.17721134101219346,0,0,-0.003479595910279576,-0.0,99.6125231350498,46.067605354317756
2023-10-20,127.7996375028494,46.9240459327573,0.3748241459070414,1.2933435617357514,-0.91851941582871,130.3055931052614,135.6198438819959,124.99134232852691,0.08156596582069386,0.26422305723857126,0,0,0.008444672096980854,0.0,99.6125231350498,46.456631175828086
2023-10-23,126.43224392317192,42.19426980887953,0.1416691381881492,1.063008677026231,-0.9213395388380818,130.2780147980129,135.6700043993752,124.88602519665059,0.0827766620442015,0.14338109314330616,0,0,-0.010699510627696251,-0.0,99.6125231350498,45.95956795683535
2023-10-24,129.31390596436424,52.956029600892734,0.18725954695719338,0.8878588510124236,-0.7005993040552302,130.34928777552383,135.64511022794946,125.05346532309822,0.08125587094185925,0.4022454188692285,0,0,0.02279214503970506,0.0,99.6125231350498,47.00708509566972
2023-10-25,130.4204211491957,56.31886300462343,0.30911353384874474,0.7721097875796878,-0.4629962537309431,130.40326122234282,135.677773922544,125.12874852214165,0.08089541090859552,0.5016266836225676,0,0,0.008556815112648497,0.0,99.6125231350498,47.40931603181791
2023-10-26,130.44936415322337,56.406642406024886,0.40336936397000045,0.6983617028577503,-0.2949923388877499,130.42134763442886,135.69378368069061,125.1489115881671,0.08085234728658688,0.5026568855979182,0,0,0.00022192079869576276,0.0,99.6125231350498,47.419837145097304
2023-10-27,129.87416818163908,54.08070543094442,0.4267351435230182,0.6440363909908039,-0.21730124746778567,130.39253186311615,135.67059397398103,125.11446975225127,0.08095650932533006,0.4508945072463226,0,0,-0.004409342853589404,-0.0,99.6125231350498,47.2107468250632
2023-10-30,129.72369463955147,53.45966069747136,0.428175000003165,0.6008641127932761,-0.17268911279011112,130.3081535263128,135.57157951998784,125.04472753263775,0.0807842924826989,0.44447923391877664,0,0,-0.001158610247090519,-0.0,99.6125231350498,47.15604797001888
2023-10-31,130.32812314877629,55.66220235956172,0.47264012476193784,0.5752193151870085,-0.10257919042507069,130.15024442784699,135.19725288486316,125.1032359708308,0.0775566496890316,0.5176221936662327,0,0,0.004659353180652692,0.0,99.6125231350498,47.375764652115
2023-11-01,129.99544010823544,54.14336852396467,0.47555244292280463,0.5552859407341678,-0.07973349781136319,129.96434003091986,134.7244630626594,125.20421699918033,0.07325275580373893,0.503266730408879,0,0,-0.002552657342890341,-0.0,99.6125231350498,47.25483055860074
2023-11-02,131.5725545889704,59.750351192566036,0.5982244747835352,0.5638736475440413,0.0343508272394939,129.9030151381418,134.53936370853788,125.26666656774572,0.07138169295709854,0.6800489572213054,1,1,0.012132075397581987,0.0,99.6125231350498,47.82812972583764
2023-11-03,131.6198499505541,59.908664565296746,0.691290517481292,0.5893570215314915,0.1019334959498005,129.83038303061008,134.3001913959229,125.36057466529725,0.06885612228778493,0.7001726666663038,0,1,0.00035946221255223065,0.00035946221255223065,99.64833007301384,47.84532213117112
2023-11-06,131.63881108953967,59.97663181474585,0.7578401230754821,0.6230536418402897,0.13478648123519243,129.74232497282907,133.97936708559294,125.5052828600652,0.0653147246074279,0.7237983558149608,0,1,0.0001440598738919885,0.0001440598738919885,99.6626853988777,47.852214722243666
2023-11-07,133.12044746067534,64.97359982903829,0.9195369875709218,0.6823503109864162,0.23718667658450565,129.69108158062858,133.7237734551627,125.65838970609447,0.06218919335678457,0.9251956245036619,0,1,0.011255315654042697,0.011255315654042697,100.78442038197161,48.39080650368754
2023-11-08,130.41894267632495,52.18111089523923,0.8202388560158056,0.7099280199922942,0.11031083602351144,129.60202283291326,133.47699674792096,125.72704891790556,0.05979804682529424,0.6054097216303531,0,1,-0.02029368767820916,-0.02029368767820916,98.73913283191055,47.408778590005056
2023-11-09,130.19425727496835,51.27685100964868,0.7151701014867058,0.7109764362911765,0.004193665195529328,129.54944620586662,133.35848653825076,125.74040587348247,0.05880442478049978,0.5846421949932644,0,1,-0.001722797292677214,-0.001722797292677214,98.56902532118643,47.32710287460106
2023-11-10,130.07192327185317,50.76106720210295,0.6149423522312247,0.6917696194791861,-0.0768272672479614,129.54789332044348,133.3560086856273,125.73977795525965,0.05879084974024628,0.5688043692426834,-1,0,-0.0009396267214522025,-0.0009396267214522025,98.47640723108715,47.282633064091165
2023-11-13,130.012243265189,50.49422505431776,0.5246476495509569,0.6583452254935402,-0.13369757594258336,129.67375369776477,133.36065390371232,125.98685349181721,0.05686424740261228,0.5459043571179654,0,0,-0.00045882312772016487,-0.0,98.47640723108715,47.26093869850186
2023-11-14,131.36798814162594,56.13542394721104,0.5560756344653726,0.6378913072879068,-0.08181567282253421,129.91277106163218,133.36992563504054,126.45561648822382,0.05322270543776245,0.7104645668994604,0,0,0.010427824660109941,0.0,98.47640723108715,47.75376748052204
2023-11-15,132.2769474897842,59.470019138050766,0.646871232932682,0.6396872924168618,0.007183940515820164,130.16802064213348,133.5255204839301,126.81052080033685,0.051587169033280325,0.8140620918871297,1,1,0.0069191845061851165,0.0,98.47640723108715,48.08418460858523
2023-11-16,131.79264267458797,56.98434741282891,0.6720016312839334,0.6461501601902762,0.025851471093657263,130.42118033275398,133.4327247494326,127.40963591607537,0.04618183042041203,0.727700832542684,0,1,-0.0036612941588604064,-0.0036612941588604064,98.11585613650641,47.908134264344255
2023-11-17,131.72361850806007,56.62110952899251,0.6785263502545149,0.652625398203124,0.02590095205139087,130.61737938301454,133.41337749948647,127.8213812665426,0.04281203817867328,0.6978254417498349,0,1,-0.0005237330789270578,-0.0005237330789270578,98.06446961708048,47.88304318968034
2023-11-20,132.3266788079592,59.07560415773364,0.7240131898929008,0.6669029565410795,0.057110233351821305,130.91210112725392,133.00483308867024,128.8193691658376,0.03197155867786533,0.8379739275707182,0,1,0.004578224518348106,0.004578224518348106,98.5134307762602,48.10226251202446
2023-11-21,133.6300227883845,63.83793791259856,0.8553706246304955,0.7045964901589626,0.15077413447153287,131.1279069684549,133.4084507956347,128.8473631412751,0.0347835007803247,1.048578762247206,0,1,0.009849442245254192,0.009849442245254192,99.48373312307281,48.5760429685027
2023-11-22,131.8446707417403,54.484706746976116,0.8061169344546499,0.7249005790181001,0.08121635543654981,131.19911944808214,133.47558811126558,128.9226507848987,0.03470249911371206,0.6417878717371402,0,1,-0.013360411151553064,-0.013360411151553064,98.15458954565719,47.92704706232799
2023-11-23,132.84731763750278,58.18960213388142,0.8383245713354768,0.7475853774815755,0.09073919385390128,131.3190171222961,133.68023383374276,128.95780041084942,0.03596153494276759,0.8236256349952593,0,1,0.007604758615738838,0.007604758615738838,98.90103150617884,48.29152068640215
2023-11-24,131.5434508822327,52.235032779307886,0.7499927556925172,0.7480668531237639,0.001925902568753357,131.40248125732577,133.6645875192921,129.14037499535945,0.034430190972367346,0.5311589307887726,0,1,-0.009814776680910686,-0.009814776680910686,97.93033996843398,47.81755019528354
2023-11-27,129.94727008390825,46.025775713610756,0.5449093292604061,0.7074353483510923,-0.1625260190906862,131.41366002954362,133.64280469766823,129.18451536141902,0.03392561576358898,0.17108685977095983,-1,0,-0.012134247563213574,-0.012134247563213574,96.74202897930732,47.23732020334758
2023-11-28,129.32472149224674,43.83703269306633,0.32835964221655445,0.6316202071241849,-0.3032605649076304,131.36348994671715,133.73605646370007,128.99092342973424,0.036122160243234405,0.07034535388642671,0,0,-0.004790778530857409,-0.0,96.74202897930732,47.011016663862144
2023-11-29,129.67366262651447,45.40420394721732,0.1827919762723127,0.5418545609538105,-0.35906258468149777,131.3474010726311,133.7630025730669,128.9317995721953,0.036781869769924785,0.15355658915291467,0,0,0.0026981781228012647,0.0,96.74202897930732,47.13786076055522
2023-11-30,130.6896936710391,49.796949164970144,0.14771104523794065,0.46302585781063654,-0.3153148125726959,131.30325802673457,133.7337564873055,128.87275956616364,0.03702114474685858,0.37377808181138583,0,0,0.007835292255536919,0.0,96.74202897930732,47.50719967591498
2023-12-01,132.33189803676936,55.96415014871497,0.2495447262209609,0.42032963149270147,-0.17078490527174056,131.3388604310453,133.8094155505379,128.86830531155272,0.03762108352980057,0.7009745902629384,0,0,0.012565676141715443,0.0,96.74202897930732,48.10415976144233
2023-12-04,132.78613834291454,57.51868026807106,0.3627208286070527,0.40880787091557175,-0.046087042308519066,131.39622679371405,133.94805286054623,128.84440072688187,0.0388416947594458,0.7723366547716788,0,0,0.0034325836240856056,0.0,96.74202897930732,48.26928131248986
2023-12-05,133.04501207854108,58.41956412054051,0.4679088896876351,0.4206280746699845,0.047280815017650635,131.39245502460733,133.93375178393987,128.8511582652748,0.03868253711914588,0.8251405110137128,1,1,0.001949553913210389,0.0,96.74202897930732,48.36338487876048
2023-12-06,136.90636189928364,68.98483687470902,0.8530167991440578,0.5071058195647992,0.34591097957925865,131.71682598575526,135.21201097782807,128.22164099368246,0.053071199763814546,1.2423835827428888,0,1,0.029022883010924705,0.029022883010924705,99.54976156861325,49.767029740109066
2023-12-07,136.07906941066975,65.16445264689571,1.0790236886675473,0.6214893933853488,0.45753429528219847,132.01106659254032,135.93150997878,128.09062320630062,0.05939567776299193,1.0188192274893764,0,1,-0.006042761469496227,-0.006042761469496227,98.9482061051089,49.466299450344266
2023-12-08,136.46609919918765,66.11002474448199,1.2746722184190844,0.752125958392096,0.5225462600269885,132.33077538890706,136.61169208994994,128.04985868786417,0.06470024358977257,0.9829951268700441,0,1,0.0028441536982435345,0.0028441536982435345,99.2296300114373,49.606989208864384
2023-12-11,136.40807961903334,65.82158492332965,1.4088035818483888,0.8834614830833545,0.5253420987650343,132.6505672065993,137.15210283929562,128.149031573903,0.0678705825009449,0.9173589547022396,0,1,-0.0004251574603126862,-0.0004251574603126862,99.18744179395387,49.58589842731858
2023-12-12,136.42446506468292,65.86687804663842,1.499144616303795,1.0065981097274426,0.49254650657635235,132.90339105275214,137.66225110069902,128.14453100480526,0.07161382430126242,0.8699493131185774,0,1,0.00012012078533274462,0.00012012078533274462,99.1993562673573,49.5918547243791
2023-12-13,135.14246959822657,59.250980015900005,1.450572915304491,1.0953930708428523,0.35517984446163875,133.04666715817422,137.8977666079086,128.19556770843982,0.07292327652172001,0.7160131390593428,0,1,-0.009397108252163666,-0.009397108252163666,98.267169177968,49.12583469710853
2023-12-14,134.96436451335393,58.373749309974684,1.3817796052974813,1.1526703777337781,0.22910922756370322,133.20525325011255,138.09099044402217,128.31951605620293,0.07335652423160709,0.6800251623679455,0,1,-0.0013179060986686641,-0.0013179060986686641,98.13766227640946,49.06109145995903
2023-12-15,134.75336200777278,57.29155590995498,1.2953028280057879,1.1811968677881801,0.11410596021760777,133.35674042509817,138.2369251625583,128.47655568763804,0.07318992233768876,0.643091056774367,0,1,-0.0015633942066261008,-0.0015633942066261008,97.98423442375469,48.98438963379977
2023-12-18,132.79079260388306,48.31880568649534,1.0562308383301513,1.1562036618965743,-0.09997282356642301,133.37994611489438,138.24389435975442,128.51599787003434,0.07293372634399181,0.4394367002533483,-1,0,-0.014564159102587126,-0.014564159102587126,96.55717644406194,48.27097318963
2023-12-19,130.0965091543225,39.234257339585334,0.6419583109745304,1.0533545917121656,-0.41139628073763523,133.20327043319128,138.280973986084,128.12556688029855,0.07623992318476105,0.1940781155785581,0,0,-0.020289685728419937,-0.0,96.55717644406194,47.29157031380742
2023-12-20,128.60220275408938,35.27318411175368,0.19086612444115758,0.880856898257964,-0.6899907738168064,133.04114703380873,138.49464324210527,127.58765082551218,0.08198209846929067,0.0930184866575801,0,0,-0.011486137560082765,-0.0,96.55717644406194,46.7483728317507
2023-12-21,128.08962586809633,34.00496635523159,-0.2056181165908697,0.6635618952881972,-0.8691800118790669,132.8032624453384,138.69019998744284,126.91632490323394,0.0886565199334241,0.09965291430992176,0,0,-0.003985755103846689,-0.0,96.55717644406194,46.562045266140025
2023-12-22,128.21966770533646,34.64694974032189,-0.503536983755339,0.43014211947949,-0.9336791032348289,132.6370732864936,138.85226686950102,126.42187970348618,0.09371729078464687,0.14462848001754128,0,0,0.0010152409795782802,0.0,96.55717644406194,46.60931696258719
2023-12-25,128.39277617242044,35.545792458372105,-0.7174016659685947,0.20063336238987306,-0.9180350283584677,132.5593485909192,138.9525059973403,126.1661911844981,0.09645728459560417,0.17413813287985225,0,0,0.0013500929317786792,0.0,96.55717644406194,46.67224387197341
2023-12-26,127.75667794441952,33.711027687588384,-0.9275268264495082,-0.02499867537800321,-0.9025281510715051,132.48094641352785,139.07638483003893,125.88550799701676,0.0995681053775687,0.1418533408422446,0,0,-0.004954314775051594,-0.0,96.55717644406194,46.441014884573676
2023-12-27,128.52083084478207,37.86057020668197,-1.0206266287751475,-0.22412426605743208,-0.7965023627177155,132.42330482444123,139.1410630588305,125.70554659005197,0.10145885187347138,0.20954045654086043,0,0,0.005981314735617804,0.0,96.55717644406194,46.71879321123982
2023-12-28,130.28667451723823,46.236001231794916,-0.941071974346869,-0.3675138077153195,-0.5735581666315495,132.40315386675118,139.14518182608586,125.66112590741652,0.10184089672244152,0.3430383734479628,0,0,0.013739746785397022,0.0,96.55717644406194,47.360697600081586
2023-12-29,131.83432752748672,52.30378189892464,-0.7445588628023643,-0.44292281873272843,-0.30163604406963584,132.37827534128704,139.12508085378488,125.6314698287892,0.10193221652274535,0.4596884916281706,0,0,0.011878828099520788,0.0,96.55717644406194,47.92328718554634
2024-01-01,133.86763939027233,58.87126213866521,-0.41990908136662597,-0.43832007125950795,0.01841098989288198,132.43235039365493,139.21018497687396,125.65451581043588,0.10235919793119941,0.6058810877570678,1,1,0.015423235366082366,0.0,96.55717644406194,48.66241932332539
2024-01-02,138.2033293380039,68.75176811829431,0.1850984535529676,-0.31363636629701286,0.49873481984998047,132.6902662566281,139.94225516082844,125.43827735242773,0.10930702166464458,0.8801069716324749,0,1,0.03238788677741211,0.03238788677741211,99.68445934227881,50.238492250684196
2024-01-03,139.88776583403535,71.60571477833349,0.7913688244291848,-0.0926353281517733,0.8840041525809581,132.83933645336566,140.56343379520123,125.1152391115301,0.11629232045354539,0.9562623351788755,0,1,0.01218810360141065,0.01218810360141065,100.89942386019311,50.8508041990142
2024-01-04,140.32097364032853,72.30624765527038,1.2919064177894484,0.18427302103647103,1.1076333967529775,133.0514316648486,141.3608722892829,124.74199104041428,0.12490569279052131,0.937426675515528,0,1,0.0030968241126043683,0.0030968241126043683,101.21189162895124,51.00828019560303
2024-01-05,140.8790783233499,73.22281948241809,1.7138640919419004,0.4901912352175569,1.2236728567243436,133.2720806210567,142.17637521098425,124.36778603112911,0.13362580592173495,0.9271533036933747,0,1,0.003977343290475499,0.003977343290475499,101.61444606703797,51.211157636597704
2024-01-08,139.3779265941433,66.81712673382464,1.9051765010768804,0.7731882883894217,1.1319882126874588,133.4205729698122,142.63859377535206,124.20255216427236,0.13817990135037905,0.8231362648232925,0,1,-0.010655604416726083,-0.010655604416726083,100.53168272672288,50.665471799099514
2024-01-09,139.31761268138652,66.56515940700508,2.02854236133507,1.0242591029785515,1.0042832583565187,133.56523035064737,143.06813578391404,124.06232491738069,0.142296096196874,0.8026643993847332,0,1,-0.00043273647578656593,-0.00043273647578656593,100.48817900063483,50.64354700138911
2024-01-10,138.20718057274325,61.93444622824482,2.013497754735795,1.2221068333300003,0.7913909214057946,133.71846589937323,143.42511203273648,124.01181976600999,0.14518033942548755,0.73121862132903,0,1,-0.007970507728859655,-0.007970507728859655,99.68723719325124,50.23989221859767
2024-01-11,139.04732309132507,63.976345485844085,2.0457847424467275,1.3868424151533458,0.6589423272933816,133.92261382827178,143.90735038047748,123.93787727606608,0.14911203219209976,0.7566271646857424,0,1,0.006078863016380165,0.006078863016380165,100.2932222526304,50.54529364135223
2024-01-12,139.64796598994496,65.40511481365014,2.0956815624241756,1.5286102446075118,0.5670713178166638,134.1673440273804,144.47260825710245,123.86207979765837,0.15361807009638617,0.7659137039280157,0,1,0.004319701273395982,0.004319701273395982,100.72645901250807,50.76363421065895
2024-01-15,142.73090226991667,71.62571349909447,2.356824340439317,1.694253063773873,0.6625712766654441,134.66434951068206,145.62784956124693,123.70084946011717,0.1628270598774209,0.8678821873503343,0,1,0.02207648538320761,0.02207648538320761,102.95014521259998,51.88431683930905
2024-01-16,146.18867693577772,76.68866971044574,2.810398862480639,1.9174822235152265,0.8929166389654126,135.46895789975483,147.34497661362846,123.59293918588119,0.17533195645694308,0.9513178740405678,0,1,0.02422583064263195,0.02422583064263195,105.44419799515478,53.14125751206681
2024-01-17,145.17681724732358,72.60585958797526,3.0530180272519374,2.1445893842625687,0.9084286429893687,136.29768862441654,148.46575262248365,124.12962462634943,0.17855128903319215,0.8648537936814554,0,1,-0.006921600972547681,-0.006921600972547681,104.71435533176201,52.77343493238889
2024-01-18,145.82576008339333,73.57742910819435,3.260079558913077,2.3676874191926705,0.8923921397204064,137.1844953351814,149.41884551568,124.95014515468279,0.17836345354635819,0.8531558530172694,0,1,0.004470016965341106,0.004470016965341106,105.18243027660974,53.00933308185599
2024-01-19,147.07981306089894,75.39360661142561,3.4851937650136904,2.5911886883568744,0.894005076656816,138.1275026029595,150.35982144263912,125.8951837632799,0.1771163397464846,0.8659285935590408,0,1,0.008599667005256606,0.008599667005256606,106.0869641517922,53.465195694530685
2024-01-22,147.26555167345617,75.66045626880688,3.636664741564175,2.8002838989983347,0.8363808425658403,139.0711413780113,151.05069127124074,127.09159148478187,0.17227945028030858,0.8420166186743027,0,1,0.00126284232140228,0.00126284232140228,106.22093525987218,53.532713806375796
2024-01-23,148.09797149694205,76.87105287021106,3.7802989713155455,2.996286913461777,0.7840120578537686,140.08820605563744,151.46175655759035,128.71465555368454,0.16237698835883138,0.8521224722187362,0,1,0.005652508777692189,0.005652508777692189,106.82135002880327,53.835307941060016
2024-01-24,149.17098124149143,78.3648539990555,3.935348800784908,3.184099290926403,0.7512495098585048,141.12071357547288,151.80094659663462,130.44048055431114,0.15136308130202072,0.8768769674813186,0,1,0.007245269693457956,0.007245269693457956,107.59529951878122,54.22535926612335
2024-01-25,149.29722244920436,78.54046005348911,4.022049831317361,3.3516893990045946,0.6703604323127661,142.0712409720712,152.05258030840207,132.08990163574032,0.1405117498522173,0.8619745423758641,0,1,0.0008462852939778998,0.0008462852939778998,107.6863558384651,54.271249390230935
2024-01-26,148.49864581246788,74.42517733939643,3.980438544259073,3.4774392280554904,0.5029993162035824,142.90445688632025,152.03348579545903,133.77542797718147,0.12776408949093698,0.8063956189550168,0,1,-0.00534890484655981,-0.00534890484655981,107.11035176781239,53.98095764133868
2024-01-29,149.10308131431734,75.4727245195245,3.950693062588755,3.5720899949621434,0.37860306762661144,143.6662289825225,152.13926971832177,135.19318824672325,0.11795452272684116,0.820832420220978,0,1,0.004070309857322041,0.004070309857322041,107.54632408843415,54.20067686533391
2024-01-30,150.21643163401822,77.31583086589112,3.9711803253862854,3.651908061046972,0.3192722643393133,144.2668840973232,152.81224470547357,135.72152348917285,0.11846600363789121,0.8481156506736808,0,1,0.00746698398106127,0.00746698398106127,108.34937076762449,54.60539245125003
2024-01-31,152.4508418021395,80.48525091882684,4.120219529589036,3.745570354755385,0.37464917483365134,144.89503789572842,153.91862203248292,135.87145375897393,0.1245533907551504,0.918669776438117,0,1,0.014874605552907205,0.014874605552907205,109.96102491969862,55.41762612502408
2024-02-01,151.99316921124878,78.07885517901582,4.153524573727083,3.827161198549725,0.3263633751773578,145.47864767427444,154.76268584495645,136.19460950359243,0.1276343754785087,0.850845258130589,0,1,-0.0030020994668217282,-0.0030020994668217282,109.63091098541602,55.25125689918162
2024-02-02,151.06343288944834,73.28530555523832,4.058117655871371,3.8733524900140544,0.1847651658573164,145.9878654025794,155.32670581717392,136.64902498798486,0.12793995430841507,0.7717450594260593,0,1,-0.006116961220199668,-0.006116961220199668,108.96030295438305,54.91328710336204
2024-02-05,150.05082593576736,68.3625546016945,3.8563445284159172,3.8699508976944275,-0.013606369278510222,146.52151036966058,155.48209111445806,137.5609296248631,0.12231078866428205,0.6969356488504337,-1,0,-0.006703190403610226,-0.006703190403610226,108.22992129724479,54.54519288422009
2024-02-06,150.59836988336605,69.55349801350658,3.6979919425721732,3.835559106669977,-0.13756716409780356,147.08554822975958,155.54285776882637,138.6282386906928,0.1149985112861772,0.7076796194687989,0,0,0.003649056539235973,0.0,108.22992129724479,54.744231376998144
2024-02-07,152.1399039301748,72.6724535308154,3.654755544946312,3.7993983943252436,-0.1446428493789318,147.78218439763114,155.41540765725506,140.14896113800722,0.10330370052029457,0.7854442601983029,0,0,0.010236060642639266,0.0,108.22992129724479,55.304596649207774
2024-02-08,154.33075438477005,76.37638121883971,3.7539999358345426,3.7903187026271037,-0.036318766792561075,148.54635596230338,155.5301080160576,141.56260390854916,0.09402791483523815,0.9141325735753447,0,0,0.014400235559506758,0.0,108.22992129724479,56.10099586847988
2024-02-09,155.4201725468843,77.97499802551242,3.8758800392252226,3.807430969946728,0.0684490692784947,149.33496629015033,155.61443410047136,143.0554984798293,0.08409909569498054,0.9845320049839432,1,1,0.007058982938670466,0.0,108.22992129724479,56.4970118411579
2024-02-12,154.63565749119186,74.08695511301102,3.8646181780176505,3.8188684115609126,0.045749766456737895,149.9302040512141,155.8186075823415,144.0418005200867,0.0785485962403681,0.8995525625157725,0,1,-0.005047704186892266,-0.005047704186892266,107.68360867036566,56.21183163794038
2024-02-13,154.90250684796604,74.55177293295755,3.833040677862442,3.821702864821219,0.011337813041223388,150.3658955468235,156.37687471306583,144.3549163805812,0.07995136323143862,0.8773604246226765,0,1,0.0017256650962884645,0.0017256650962884645,107.8694345152905,56.30883443379642
2024-02-14,153.47240210875572,67.55776727743613,3.650536666603159,3.787469625177607,-0.1369329585744481,150.78067478989513,156.4171985050956,145.14415107469466,0.07476453760476487,0.7387754806745147,-1,0,-0.00923228918828245,-0.00923228918828245,106.87355270126884,55.788974990448494
2024-02-15,153.14251102589643,66.0191682080246,3.439631538162189,3.7179020077745237,-0.2782704696123348,151.14651233702028,156.36308000271856,145.929944671322,0.0690266362754913,0.6913134091982455,0,0,-0.002149514038527367,-0.0,106.87355270126884,55.66905580551147
2024-02-16,155.79092257472035,71.60934098443745,3.446463694552932,3.6636143451302057,-0.21715065057727356,151.58206781271136,156.8235637523898,146.34057187303293,0.06915720329339496,0.9014936585324546,0,0,0.017293771214029974,0.0,106.87355270126884,56.63178372031305
2024-02-19,152.81666360710827,59.72613495907302,3.1752777604677362,3.565947028197712,-0.3906692677299759,151.85962340939395,156.71217025055756,147.00707656823033,0.06390832180693318,0.5986121545077994,0,0,-0.019091349601486396,-0.0,106.87355270126884,55.55060653875279
2024-02-20,152.2460282458828,57.74619550026817,2.881103877192487,3.4289783979966675,-0.5478745208041804,152.06702624684098,156.5857176355323,147.54833485814967,0.0594302591458111,0.5198068404814937,0,0,-0.0037341173911018544,-0.0,106.87355270126884,55.343174052790175
2024-02-21,151.73860882430992,55.96942460925658,2.5773147683221396,3.2586456720617623,-0.6813309037396227,152.19540762598191,156.50889594751033,147.8819193044535,0.05668355423875532,0.447049954975868,0,0,-0.0033328910278919155,-0.0,106.87355270126884,55.15872128453457
2024-02-22,150.62979370603398,52.19043492878894,2.22147976170001,3.051212489989412,-0.829732728289402,152.2620361888234,156.42559348478372,148.09847889286308,0.05468936840956206,0.3039846257942574,0,0,-0.007307402689843978,-0.0,106.87355270126884,54.75565429625161
2024-02-23,149.229737976205,47.80170256772728,1.8056902850530037,2.8021080490021304,-0.9964177639491267,152.29859079701026,156.33388886810727,148.26329272591326,0.05299192920931766,0.11974892972763862,0,0,-0.00929467999246747,-0.0,106.87355270126884,54.246718011789774
2024-02-26,147.57241895267802,43.17351390764611,1.3271438466572931,2.507115208533163,-1.1799713618758698,152.22205767892828,156.559301966971,147.88481339088557,0.056985752974000235,-0.03601300935121221,0,0,-0.011105822780384744,-0.0,106.87355270126884,53.64426357513333
2024-02-27,146.98035188451092,41.62308647723193,0.8898597331127576,2.183664113449082,-1.2938043803363244,152.06025369145294,156.9222405338262,147.1982668490797,0.06394816165753299,-0.022410073456964906,0,0,-0.004012044204255827,-0.0,106.87355270126884,53.42904041836515
2024-02-28,147.43899826303291,43.321123007867754,0.5737045434871675,1.8616721994566992,-1.2879676559695317,151.80966151449758,157.08587158059737,146.53345144839778,0.06951086002646707,0.0858141358371385,0,0,0.003120460474079989,0.0,106.87355270126884,53.595763627158675
2024-02-29,147.5460219910491,43.73241566862373,0.3280041704486507,1.5549385936550895,-1.2269344232064388,151.58730415348762,157.19535205729034,145.9792562496849,0.0739909972687998,0.13968904761867176,0,0,0.000725884801694443,0.0,106.87355270126884,53.63466797741084
2024-03-01,147.72985678094395,44.47771268698522,0.14643082244199945,1.2732370394124717,-1.1268062169704722,151.4206253480624,157.28646362496147,145.55478707116333,0.07747740129081601,0.18540143855879107,0,0,0.0012459488057632306,0.0,106.87355270126884,53.7014940279248
2024-03-04,147.01679594315783,42.14581681381897,-0.05437857200132612,1.0077139171297123,-1.0620924891310384,151.2689238484319,157.43325887260647,145.10458882425735,0.0815016708964108,0.1551024653430917,0,0,-0.004826788933014803,-0.0,106.87355270126884,53.44228825086446
2024-03-05,147.3418728364377,43.59762193142524,-0.18515611095313034,0.7691399115131438,-0.9542960224662741,151.10609899608548,157.51230032158847,144.6998976705825,0.0847907710948047,0.20620450650977334,0,0,0.002211154794895309,0.0,106.87355270126884,53.56045742278053
2024-03-06,145.98602221906964,39.18128081008611,-0.3936661282016587,0.5365787035701832,-0.9302448317718419,150.79840491053022,157.57592415570247,144.02088566535798,0.08988847394232577,0.14497461996227184,0,0,-0.009202072644163839,-0.0,106.87355270126884,53.06759020272146
2024-03-07,145.821314616341,38.66883565433762,-0.5656815216687221,0.3161266585224022,-0.8818081801911243,150.3729329221088,157.28384801946243,143.46201782475515,0.09191700877355902,0.17069351586226852,0,0,-0.001128242281178693,-0.0,106.87355270126884,53.00771710369448
2024-03-08,145.2646303912288,36.91167114388647,-0.7384127621812979,0.10521877438166219,-0.8436315365629601,149.86515581432602,156.70662265668568,143.02368897196635,0.09130163452852022,0.1637763853058101,0,0,-0.003817577880002365,-0.0,106.87355270126884,52.80535601541
2024-03-11,144.60460177581757,34.88744501633559,-0.917980401280289,-0.09942106075072805,-0.8185593405295609,149.3636030285573,156.2032946842971,142.52391137281748,0.09158444918380967,0.15210410846912906,0,0,-0.004543629193380583,-0.0,106.87355270126884,52.56542805825153
2024-03-12,143.58113468885745,31.960561007597562,-1.129850081001024,-0.30550686480078726,-0.8243432162002367,148.79753442060186,155.5808013783022,142.01426746290153,0.0911744537181142,0.11549502885016316,0,0,-0.007077693755187853,-0.0,106.87355270126884,52.19338605634487
2024-03-13,141.8751627992832,27.77734950325501,-1.4190579855801388,-0.5282170889566575,-0.8908408966234813,148.21767245512825,155.294698568942,141.1406463413145,0.09549503775882424,0.05189442897031248,0,0,-0.011881588018308298,-0.0,106.87355270126884,51.57324574594286
2024-03-14,140.5308718560396,25.00051227988257,-1.7367106585937222,-0.7699158028840705,-0.9667948557096517,147.5870904966354,155.05323323073964,140.12094776253116,0.10117609486006429,0.02745220042713381,0,0,-0.009475167581977861,-0.0,106.87355270126884,51.08458059975353
2024-03-15,138.85652057724465,22.044550252083894,-2.0993587447778452,-1.0358043912628254,-1.0635543535150198,146.74037039676162,154.12972129197652,139.35101950154672,0.10071326486685735,-0.033460241049202664,0,0,-0.011914473002844206,-0.0,106.87355270126884,50.47593474333615
2024-03-18,140.01079726061033,28.335311311292955,-2.267481370382626,-1.2821397870867857,-0.9853415832958403,146.10007707943672,153.4917966482285,138.70835751064493,0.10118707281410674,0.08810126911905371,0,0,0.008312729417150999,0.0,106.87355270126884,50.89552753093527
2024-03-19,139.7548749109726,27.799663636107,-2.3937765907519406,-1.5044671478198166,-0.889309442932124,145.4755194126912,152.7911931501847,138.1598456751977,0.10057601123581618,0.10901451411099994,0,0,-0.0018278758113302596,-0.0,106.87355270126884,50.80249682725658
2024-03-20,139.72492970807562,27.733600191361475,-2.467835123286619,-1.6971407429131773,-0.7706943803734418,144.8748354568795,151.99548311054568,137.75418780321334,0.09830068322369974,0.13838220908512547,0,0,-0.0002142694694268199,-0.0,106.87355270126884,50.79161140321585
2024-03-21,138.37237801973257,24.859954040836683,-2.605630574077196,-1.878838709145981,-0.7267918649312151,144.26196467256443,151.40696521535745,137.11696412977142,0.09905591621478646,0.08785260983831922,0,0,-0.009680102836114646,-0.0,106.87355270126884,50.29994338162075
2024-03-22,139.68727728516012,32.213450114964616,-2.5790039280348367,-2.0188717529237525,-0.5601321751110842,143.78484163801218,150.80643946018353,136.76324381584084,0.0976681233178763,0.20821709982351722,0,0,0.009502613774839075,0.0,106.87355270126884,50.777924316472564
2024-03-25,139.11386095884248,30.797960707545627,-2.5744948504368494,-2.129996372426372,-0.44449847801047726,143.36191373832042,150.4416614190959,136.28216605754494,0.0987674828852829,0.19998558062929211,0,0,-0.004105000379863166,-0.0,106.87355270126884,50.56948091786479
2024-03-26,140.51595960714369,37.97476348484602,-2.429774799457846,-2.189952057832667,-0.2398227416251788,143.03869412445204,150.01233428594637,136.0650539629577,0.09750704456832995,0.31912355248569546,0,0,0.010078784663420493,0.0,106.87355270126884,51.07915982657689
2024-03-27,140.87650870940018,39.706388877937236,-2.2599386510811144,-2.2039493764823566,-0.0559892745987578,142.7105696467704,149.4251951139992,135.99594417954162,0.09410130565449312,0.36342790477879283,0,0,0.0025658943173751947,0.0,106.87355270126884,51.210223552512204
2024-03-28,141.61875860565954,43.22074385006366,-2.041911037111902,-2.171541708608266,0.12963067149636398,142.41420647750093,148.74231015035258,136.08610280464927,0.08886899459502151,0.4371495859609602,1,1,0.0052687982053165605,0.0,106.87355270126884,51.48003988645954
2024-03-29,142.58015070283614,47.48999292297949,-1.771129792921215,-2.0914593254708556,0.32032953254964047,142.15672117359554,147.9724653609596,136.34097698623148,0.08182158591379059,0.5364037271584764,0,1,0.006788592885873301,0.006788592885873301,107.59907374082466,51.82951691899723
2024-04-01,142.2825843187586,46.32886137771563,-1.5625329195025586,-1.9856740442771963,0.4231411247746377,141.92001059237558,147.26955182074116,136.57046936401,0.07538811765918761,0.5338883009687364,0,1,-0.0020870112888133896,-0.0020870112888133896,107.3745132592617,51.72134813209354
2024-04-02,142.13616075377635,45.73627467931094,-1.392976190019283,-1.8671344734256137,0.4741582834063307,141.65972498824252,146.36646635100524,136.9529836254798,0.06645136947926981,0.550612061383184,0,1,-0.0010291039179765038,-0.0010291039179765038,107.26401372697578,51.66812149008777
2024-04-03,143.57950803770046,52.22350219534941,-1.129119411335921,-1.7195314610076753,0.5904120496717542,141.53939927917403,145.89002830611975,137.18877025222832,0.06147587242990169,0.7344613555753632,0,1,0.010154680387240989,0.010154680387240989,108.35324550342584,52.192794750028746
2024-04-04,143.8066434453566,53.17225153259063,-0.8914074933939276,-1.5539066674849258,0.6624991740909982,141.4386657206248,145.45207806520008,137.42525337604954,0.05675127553172371,0.795008028259601,0,1,0.0015819486412818051,0.0015819486412818051,108.52465477292846,52.275361070768255
2024-04-05,145.26039416241173,58.810149073996755,-0.5790387541199493,-1.3589330848119305,0.7798943306919812,141.43845390918398,145.4510164268362,137.42589139153176,0.05673934360493836,0.9762468168924634,0,1,0.010109065076729484,0.010109065076729484,109.62173757045758,52.803816097742185
2024-04-08,145.3322551165917,59.07246053064429,-0.3219741813738892,-1.1515413041243223,0.8295671227504331,141.47483657622269,145.6193026864911,137.33037046595427,0.058589445452873715,0.9653697771604175,0,1,0.0004947043865215495,0.0004947043865215495,109.67596792489181,52.829938377190814
2024-04-09,145.5463583079092,59.89200557668192,-0.09982163554042245,-0.9411973704075424,0.8413757348671199,141.57309775717528,146.01065372603662,137.13554178831393,0.06268925437334989,0.9476856831344308,0,1,0.0014731980257634003,0.0014731980257634003,109.83754234431244,52.90776733810929
2024-04-10,145.328684954788,58.607091252254655,0.05800281676434338,-0.7413573329731653,0.7993601497375087,141.7457738649505,146.49092962824105,137.00061810165997,0.06695304747232221,0.8775335593359864,0,1,-0.001495560285065367,-0.001495560285065367,109.6732736781731,52.828640582506935
2024-04-11,144.61835106058314,54.498157950945334,0.12432864035127977,-0.5682201383082762,0.692548778659556,141.95014782517768,146.82529918749646,137.0749964628589,0.06868821818097565,0.7736533737217521,0,1,-0.004887774869949846,-0.004887774869949846,109.1372154071838,52.570426080654144
2024-04-12,142.78624732420138,45.615146804492746,0.028725740939080424,-0.44883096245880494,0.47755670339788536,142.14663416252552,146.80891560165952,137.4843527233915,0.06559819677198006,0.5685944392274475,0,1,-0.012668542567009777,-0.012668542567009777,107.75460594815299,51.90443540008553
2024-04-15,143.009115834529,46.752155404911115,-0.028725489867014176,-0.3648098679404468,0.3360843780734326,142.29655009122146,146.86146673157344,137.73163345086948,0.0641606087768898,0.5780480564539517,0,1,0.0015608541754137395,0.0015608541754137395,107.92279517476722,51.98545065480226
2024-04-16,143.7032364051228,50.24135056614832,-0.01803834039574781,-0.295455562431507,0.2774172220357592,142.49396816592895,146.93591841145886,138.05201792039904,0.06234580035496552,0.6361190662154282,0,1,0.004853680596116128,0.004853680596116128,108.4466179515856,52.23777142792583
2024-04-17,141.4960483531947,41.03362756379882,-0.18553163380826732,-0.2734707767068591,0.08793914289859178,142.5825240981849,146.859594082272,138.3054541140978,0.05999430871544712,0.3729883133742905,0,1,-0.015359348245335691,-0.015359348245335691,106.78094858043832,51.43543330500406
2024-04-18,142.4583465610465,45.70560723665481,-0.23787972307712835,-0.26635256598091295,0.0284728429037846,142.7868225252506,146.5801307451917,138.99351430530953,0.053132469129219095,0.4567032330147424,0,1,0.00680088397557066,0.00680088397557066,107.50715342253525,51.785239719144606
2024-04-19,142.9577146327849,48.0077432546309,-0.23634667364109418,-0.2603513875129492,0.024004713871854988,142.95034439263185,146.45179897275952,139.44888981250418,0.048988403560756275,0.5010524540565057,0,1,0.003505361979786903,0.003505361979786903,107.88400491069771,51.96676572957024
2024-04-22,143.49642049923457,50.44862814546597,-0.1894784697947216,-0.24617680396930366,0.05669833417458206,143.16947236965146,146.17315878574345,140.16578595355946,0.04195987267923612,0.5544244778402164,0,1,0.0037682881811131885,0.0037682881811131885,108.29054293133386,52.16259147867965
2024-04-23,144.5502436095462,54.908328332985974,-0.06653340704357902,-0.21024812458415873,0.1437147175405797,143.3711865697716,146.15863038181064,140.58374275773255,0.03888429577420752,0.7114943150929558,0,1,0.0073438982425155785,0.0073438982425155785,109.08581765924833,52.54566824256499
2024-04-24,147.16881811451648,63.66041881005444,0.23943842208436195,-0.12031081525045462,0.35974923733481656,143.6858020400274,146.69895510495317,140.67264897510162,0.041940860156612865,1.0779686593145057,0,1,0.01811532405329941,0.01811532405329941,111.06194259576476,53.49755005037622
2024-04-25,147.7521153340093,65.27715947749037,0.5229621299693861,0.008343773793513518,0.5146183561758726,143.9924698764449,147.34875278662636,140.6361869662634,0.04661747816481502,1.060090665503689,0,1,0.003963456572974033,0.003963456572974033,111.5021317821532,53.709585266761394
2024-04-26,147.01219564817814,61.53711362966154,0.6801114745427128,0.1426973139433534,0.5374141605993594,144.214072123712,147.75775332866323,140.67039091876075,0.049144735361350105,0.8948046343103047,0,1,-0.005007844958148211,-0.005007844958148211,110.94374639368516,53.44061599097901
2024-04-29,149.39323772998134,67.90897648031608,0.9854243011808137,0.3112427113908455,0.6741815897899682,144.56960479427312,148.67900364724426,140.46020594130198,0.05685010841412948,1.0869025018368172,0,1,0.0161962214856064,0.0161962214856064,112.74061588272023,54.30615204389615
2024-04-30,152.21341232325713,73.50715511313534,1.4383707932961443,0.5366683277719052,0.901702465524239,145.07346737274716,150.25730051278848,139.88963423270584,0.07146493750951907,1.1886742645475146,0,1,0.018877525088338176,0.018877525088338176,114.868879687521,55.33131779155591
2024-05-01,153.9069063731663,76.19288491087529,1.9119452535696269,0.8117237129314496,1.1002215406381772,145.58983728952046,152.04792191469988,139.13175266434104,0.08871614592626893,1.1439269200049202,0,1,0.011125787301270673,0.011125787301270673,116.1468864104596,55.946922264403774
2024-05-02,153.25939631503556,73.13982609091289,2.2095376009578445,1.0912864905367288,1.1182511104211157,146.0624749330044,153.3068150016394,138.81813486436943,0.09919508856683142,0.9967271907341059,0,1,-0.004207154008805558,-0.004207154008805558,115.65823857168755,55.71154494611875
2024-05-03,152.53742370054462,69.78225923963527,2.3599208258073645,1.3450133575908558,1.0149074682165087,146.42632640991104,154.21181993011527,138.64083288970681,0.10634007846934902,0.892466917785918,0,1,-0.004710788583604186,-0.004710788583604186,115.11339706182429,55.44909963621163
2024-05-06,151.5206874675368,65.24014627842446,2.369741592206708,1.5499590045140264,0.8197825876926816,146.7357480274583,154.82416414031485,138.64733191460175,0.11024465710077662,0.7957896436901175,0,1,-0.006665487120090963,-0.006665487120090963,114.34611019635878,55.07950437676582
2024-05-07,153.46562061309177,69.34998397472971,2.505581684703941,1.7410835405520095,0.7644981441519314,147.13171114271745,155.734006535422,138.5294157500129,0.11693326103385475,0.8681522885011597,0,1,0.012836089764783232,0.012836089764783232,115.81386713109305,55.78650983914576
2024-05-08,154.1728236571598,70.7062528246388,2.639870527814594,1.9208409380045266,0.7190295898100674,147.57391807783603,156.68045686393845,138.4673792917336,0.12341664305882681,0.8623168875860072,0,1,0.004608218057195801,0.004608218057195801,116.34756268488022,56.04358624113445
2024-05-09,152.86892831966304,64.99564140372041,2.610984146886551,2.0588695797809313,0.5521145671056198,147.98644694079002,157.27493599088714,138.6979578906929,0.12553161782191433,0.7628243061137037,0,1,-0.008457361722817525,-0.008457361722817525,115.36356926168601,55.56960536004926
2024-05-10,155.03555846994075,69.41589598696075,2.731434155048987,2.193382494834543,0.5380516602144443,148.598912498077,158.0574842505165,139.1403407456375,0.1273033778435209,0.8402546462791094,0,1,0.014173123172205981,0.014173123172205981,116.9986313384172,56.35720022144811
2024-05-13,152.91154835662581,61.25026728389579,2.6252396606092248,2.2797539279894794,0.34548573261974536,149.09403412418183,158.35523611388768,139.83283213447598,0.1242330324497372,0.7061025251736914,0,1,-0.013700148109743182,-0.013700148109743182,115.39573276044364,55.585098231363816
2024-05-14,151.39457543040544,56.168342467681896,2.3911094995051485,2.3020250422926134,0.0890844572125351,149.47860107544597,158.43088160055146,140.52632055034047,0.11978009508648038,0.6070104064314324,0,1,-0.009920590972517296,-0.009920590972517296,114.25093889575335,55.033661207643256
2024-05-15,152.92106836962074,59.784255784424516,2.3021965935119226,2.3020593525364754,0.00013724097544720593,150.04985207626729,158.2869144082556,141.81278974427897,0.10979100902814061,0.6742864250403448,0,1,0.010082877374407717,0.010082877374407717,115.40291710255018,55.58855886506462
2024-05-16,154.14646668545527,62.46142062171322,2.3040521984156044,2.302457921712301,0.0015942767033032545,150.6342580824877,158.23764192759944,143.03087423737594,0.10095158886032576,0.730963520618888,0,1,0.008013273310860214,0.008013273310860214,116.32767221816344,56.034005180207224
2024-05-17,155.24448771827758,64.72729501614518,2.366840436232877,2.3153344246164163,0.051506011616460956,151.24859673676232,158.19775081361664,144.299442659908,0.09189049322485726,0.7875091656712904,0,1,0.007123231926313922,0.007123231926313922,117.15630120682165,56.433148394866116
2024-05-20,155.85230151215697,65.95244294726905,2.4375475299179072,2.3397770456767146,0.09777048424119261,151.86639078740845,158.07072709415695,145.66205448065995,0.08170782586693193,0.8212197508066268,0,1,0.003915203707473225,0.003915203707473225,117.61499199166046,56.65409566668609
2024-05-21,155.72933649455308,65.4571042456314,2.4553573309173657,2.362893102724845,0.09246422819252054,152.4253454316588,157.81526256618469,147.0354282971329,0.0707220589759792,0.8064973895173726,0,1,-0.000788984290965411,-0.000788984290965411,117.52219561059701,56.60939647518622
2024-05-22,155.5621394215912,64.74505544551401,2.4279919403425936,2.375912870248395,0.05207907009419843,152.84501149701254,157.80122475603335,147.88879823799172,0.06485279709789792,0.7741132980540362,0,1,-0.0010736388963406007,-0.0010736388963406007,117.39601921020612,56.5486184252321
2024-05-23,154.80260350197244,61.473564685524785,2.318292635730728,2.364388823344862,-0.04609618761413392,153.1975359054107,157.60060523768033,148.79446657314105,0.057482247429726824,0.6822669001369543,-1,0,-0.004882524259712917,-0.004882524259712917,116.82283029841858,56.27251842391765
2024-05-24,153.5235764068423,56.31336311413614,2.103895946343755,2.3122902479446408,-0.2083943016008858,153.5231049433439,156.82593649343437,150.22027339325342,0.04302715934919828,0.5000713726224377,0,0,-0.008262309975386462,-0.0,116.82283029841858,55.8075774336036
2024-05-27,154.21124145640113,58.33823621934278,1.966801781161024,2.2431925545879174,-0.27639077342689333,153.7640051296649,156.44231480259424,151.08569545673555,0.034836627345532535,0.5834922733649159,0,0,0.004479214630438877,0.0,116.82283029841858,56.05755155093354
2024-05-28,154.04891520084297,57.65885781703554,1.8240290241652133,2.1593598485033767,-0.3353308243381634,153.85578027354418,156.43430535180127,151.2772551952871,0.0335187286908904,0.5374506590855677,0,0,-0.0010526227143048406,-0.0,116.82283029841858,55.99854409886271
2024-05-29,151.8854821065501,49.40155123799468,1.5188018135933703,2.0312482415213755,-0.5124464279280052,153.75470906021337,156.47913708079102,151.03028103963572,0.03543862867329427,0.1569505709923409,0,0,-0.014043806095435651,-0.0,116.82283029841858,55.21211140391158
2024-05-30,151.96088930716573,49.6720935966177,1.2683707920994038,1.8786727516369812,-0.6103019595375774,153.6897837098199,156.52360433167814,150.85596308796164,0.036877150236723076,0.19495345094911892,0,0,0.0004964740511717025,0.0,116.82283029841858,55.239522784534024
2024-05-31,152.41320401123892,51.3523385832588,1.0937918679820484,1.721696574905995,-0.6279047069239465,153.68357272535462,156.5285502893923,150.83859516131693,0.03702383427956746,0.2767348449116145,0,0,0.002976520512188552,0.0,116.82283029841858,55.40394435718569
2024-06-03,151.0701462351375,46.398865799784126,0.8374101319847682,1.5448392863217497,-0.7074291543369815,153.66104566373463,156.58419423210356,150.7378970953657,0.03804670931064501,0.056830696764278356,0,0,-0.008811951594445588,-0.0,116.82283029841858,54.91572748136881
2024-06-04,149.7069354751729,41.97323675133755,0.5182519576081575,1.3395218205790314,-0.8212698629708739,153.47311140683868,156.89065743656488,150.0555653771125,0.044536088418337914,-0.0510058824236971,0,0,-0.00902369391926583,-0.0,116.82283029841858,54.42018476522313
2024-06-05,149.25110302493349,40.57943639180942,0.22593054908762156,1.1168035662807494,-0.8908730171931278,153.22702537522738,157.1095852999949,149.34446545045986,0.05067722113980585,-0.01202330773194309,0,0,-0.0030448318829893184,-0.0,116.82283029841858,54.254484451571805
2024-06-06,150.49522680959558,45.863425578048165,0.09357543920452827,0.9121579408655053,-0.818582501660977,153.108340299724,157.17762335862008,149.03905724082793,0.0531556027703007,0.1789221280127269,0,0,0.00833577614802783,0.0,116.82283029841858,54.70673768898676
2024-06-07,149.75559922503965,43.39296100787069,-0.0701896016565513,0.715688432361094,-0.7858780340176453,152.84434233747893,157.06928983065885,148.61939484429902,0.055284316430257725,0.13446372796049316,0,0,-0.004914624870406725,-0.0,116.82283029841858,54.43787459536165
2024-06-10,149.736330207778,43.32748129999451,-0.19923279343291256,0.5327041872022927,-0.7319369806352053,152.68558143003656,157.13268536063467,148.23847749943846,0.05825178630420779,0.1684076571759012,0,0,-0.00012866976167413835,-0.0,116.82283029841858,54.43087008701142
2024-06-11,149.83521618305528,43.79620071187058,-0.2901762101195118,0.36812810773793186,-0.6583043178574437,152.60761346766904,157.20225082217652,148.01297611316156,0.060215047599586353,0.1983007503417053,0,0,0.0006604006865940093,0.0,116.82283029841858,54.466816270988794
2024-06-12,149.55691475068306,42.725199532658685,-0.3803220074264857,0.21843808470504839,-0.5987600921315341,152.43940578672215,157.22795399435662,147.65085757908767,0.06282559529698156,0.19902244782213196,0,0,-0.0018573833272427231,-0.0,116.82283029841858,54.36565051455907
2024-06-13,151.75862337244249,52.60061363474143,-0.27098002685798406,0.1205544623924419,-0.39153448925042594,152.32001362107152,157.0480429022886,147.59198433985443,0.06208021085107135,0.4406316865613272,0,0,0.014721543470121334,0.0,116.82283029841858,55.165996801890586
2024-06-14,152.51544793230565,55.44450536009276,-0.12185167232823346,0.07207323544830684,-0.1939249077765403,152.1835616317729,156.709417226751,147.65770603679482,0.05947890227367598,0.536665586602123,0,0,0.004987028368106605,0.0,116.82283029841858,55.441111192896486
2024-06-17,150.91585643348768,48.782527432193184,-0.13122733552455657,0.03141312125373416,-0.16264045677829073,151.93673937783944,156.14762756456935,147.72585119110954,0.05542949261611017,0.3787805684832768,0,0,-0.010488062163564904,-0.0,116.82283029841858,54.85964137228827
2024-06-18,153.35948335274415,57.2359731200315,0.05785572915434045,0.03670164283385542,0.02115408632048503,151.81824672074902,155.70031342773726,147.93618001376078,0.0511409766723077,0.6985072318851065,1,1,0.01619198258556387,0.0,116.82283029841858,55.74792773003864
2024-06-19,151.9840158340736,52.03035250927263,0.09561450222358303,0.04848421471180095,0.04713028751178208,151.63934054137314,155.10208048270917,148.17660060003712,0.045670733319909874,0.5497691565840593,0,1,-0.00896891074878503,-0.00896891074878503,115.7750567600516,55.2479295417982
2024-06-20,151.73649305860013,51.129151767639954,0.1043625559896384,0.05965988296736845,0.04470267302226995,151.4860350192045,154.61445657924978,148.35761345915924,0.0413031017631251,0.5400294580810907,0,1,-0.0016286105753627877,-0.0016286105753627877,115.58650427824895,55.15795217947953
2024-06-21,152.35713682598103,53.312760795078496,0.1595371715120848,0.07963534067631173,0.07990183083577307,151.42771304016145,154.4374364514467,148.4179896288762,0.03975128925690129,0.6544035213226929,0,1,0.0040902735714420935,0.0040902735714420935,116.05928470191364,55.383563293534124
2024-06-24,152.5105122425933,53.86140077209367,0.2131821351809151,0.10634469957723242,0.1068374356036827,151.34267657947106,154.10739283920282,148.5779603197393,0.03653584464366183,0.7112035292973528,0,1,0.001006683505659911,0.001006683505659911,116.17611966950174,55.4393170131864
2024-06-25,153.70832578739396,58.0113198445542,0.3483343167268629,0.15474262300715852,0.19359169371970436,151.32564710879862,154.02356578521463,148.6277284323826,0.03565712393056923,0.9415771867817301,0,1,0.00785397365196272,0.00785397365196272,117.08856385237327,55.87473594829076
2024-06-26,152.9960609486792,54.851923898170256,0.3934343086761771,0.20248096014096223,0.1909533485352149,151.38117605090505,154.17173655035435,148.59061555145576,0.03686799868050854,0.7893477668899912,0,1,-0.004633872856698362,-0.004633872856698362,116.54599033450796,55.61581952600479
2024-06-27,151.6367788372581,49.33040262893483,0.3158527173131347,0.22515531157539675,0.09069740573773794,151.36497052740967,154.1451009853571,148.58484006946225,0.03673413271591774,0.5488840926639672,0,1,-0.008884425540060525,-0.008884425540060525,115.5105461613884,55.12170491857656
2024-06-28,150.4389846213337,45.02894228190177,0.15591942232745737,0.2113081337258089,-0.055388711398351526,151.26625955791442,154.02982418303895,148.5026949327899,0.036539075312647114,0.35032466238356136,-1,0,-0.007899100898271616,-0.007899100898271616,114.59811670244513,54.68629300973997
2024-07-01,148.21717925341264,38.349116835794455,-0.14839933582683784,0.13936663981527955,-0.28776597564211737,151.1236112088282,154.20594061042917,148.04128180722725,0.04079216181966008,0.028533200587521117,0,0,-0.014768813904943001,-0.0,114.59811670244513,53.878641325127944
2024-07-02,147.00400018677348,35.27224080473192,-0.48191237005767107,0.015110837840689437,-0.4970232078983605,150.9884644444082,154.53447824629058,147.44245064252584,0.046970658519253417,-0.061823004681991464,0,0,-0.008185144750089579,-0.0,114.59811670244513,53.43763684694361
2024-07-03,146.38536373176356,33.783711872646265,-0.787069793628973,-0.14532528845324305,-0.64174450517573,150.84517747974968,154.8841196114148,146.80623534808456,0.053550828725795155,-0.0521017140876295,0,0,-0.004208296741747941,-0.0,114.59811670244513,53.21275541391392
2024-07-04,147.5990548264116,39.20439194689721,-0.9203651259863932,-0.3003332559598731,-0.6200318700265202,150.7003688805905,154.99191406986736,146.40882369131364,0.05695467398195057,0.1386716302174723,0,0,0.008291068613061503,0.0,114.59811670244513,53.65394602014073
2024-07-05,149.24002468280057,45.679270931800595,-0.8834067211870718,-0.41694794900531285,-0.4664587721817589,150.67459015347856,154.99611973523946,146.35306057171766,0.057362420264212406,0.33402109790794826,0,0,0.01111775314766672,0.0,114.59811670244513,54.25045734739089
2024-07-08,149.21889855968462,45.61192029713833,-0.8460686677474598,-0.5027720927537422,-0.3432965749937176,150.64871857107386,154.99999193977814,146.29744520236957,0.05776714744043995,0.3357009672532929,0,0,-0.00014155802480497748,-0.0,114.59811670244513,54.24277775980403
2024-07-09,149.44580946737213,46.52393578799883,-0.789072243866741,-0.5600321229763421,-0.22904012089039893,150.6292482352897,154.9992928444953,146.25920362608412,0.05802385207923743,0.36459648885223733,0,0,0.0015206579721318558,0.0,114.59811670244513,54.325262472235046
2024-07-10,149.58455053006398,47.10794973488034,-0.7243569866073472,-0.5928970957025431,-0.13145989090480403,150.63063002425878,154.99926423132365,146.2619958171939,0.05800459317419454,0.38027385166477207,0,0,0.0009283703784424002,0.0,114.59811670244513,54.37569643671538
2024-07-11,150.53603410367566,51.055676401743376,-0.5894975457130727,-0.592217185704649,0.002719639991576317,150.56950056082044,154.90577172479095,146.23322939684994,0.0575982672163933,0.4961411018961578,1,1,0.00636084121147551,0.0,114.59811670244513,54.72157160751272
2024-07-12,149.08238159144173,45.471719678308546,-0.593081403017294,-0.592390029167178,-0.0006913738501159727,150.39784724377722,154.68125318241493,146.1144413051395,0.05696100066771323,0.34644630100668694,-1,0,-0.009656508628577143,-0.009656508628577143,113.49149899968928,54.19315227911547
2024-07-15,147.33314455232878,39.82693204690409,-0.7286707826233965,-0.6196461798584216,-0.10902460276497483,150.2187116497193,154.70572726585033,145.73169603358826,0.05973976965790888,0.17845363775682313,0,0,-0.011733358566183294,-0.0,113.49149899968928,53.55728459159283
2024-07-16,147.99733753295916,42.73386109138847,-0.7736137820637055,-0.6504397002994784,-0.12317408176422706,149.95060435873003,154.28566689330287,145.6155418241572,0.05781987412604192,0.2747129585567404,0,0,0.004508102929918101,0.0,113.49149899968928,53.79872634317865
2024-07-17,146.5886252381943,38.48707937658104,-0.9123853318393458,-0.7028288266074519,-0.20955650523189384,149.68083482893607,154.15245936579115,145.209210292081,0.05974879204763263,0.1542409178973093,0,0,-0.009518497550343619,-0.0,113.49149899968928,53.286643298269496
2024-07-18,144.7673571048063,33.809105874736915,-1.1559982737077235,-0.7934627160275063,-0.36253555768021717,149.33237803124638,154.19829306467454,144.4664629978182,0.06516892180488842,0.030918553336936123,0,0,-0.01242434827687755,-0.0,113.49149899968928,52.62459148342605
2024-07-19,143.11184500184885,30.21412948403163,-1.4657529882426843,-0.9279207704705419,-0.5378322177721424,148.8701134400398,154.25505262539548,143.48517425468413,0.07234412684886629,-0.034664203251407545,0,0,-0.011435672627213345,-0.0,113.49149899968928,52.02279388308075
2024-07-22,140.6152780847557,25.76488649127009,-1.8908909034072394,-1.1205147970578815,-0.7703761063493579,148.2753517321479,154.5254621507113,142.0252413135845,0.08430410510647664,-0.11279506555924966,0,0,-0.01744486570668491,-0.0,113.49149899968928,51.11526323010386
2024-07-23,139.06369213198613,23.453362203914637,-2.326200788689789,-1.3616519953842632,-0.9645487933055259,147.5431200493775,154.50417913273276,140.58206096602225,0.09435965677051739,-0.1090616252393785,0,0,-0.011034262947119733,-0.0,113.49149899968928,50.55124397501165
2024-07-24,136.84596633865894,20.607509442290052,-2.8176587303168787,-1.6528533423707863,-1.1648053879460925,146.7356153188765,154.70689121467743,138.7643394230756,0.10864814078679187,-0.12033036552073254,0,0,-0.015947554385528084,-0.0,113.49149899968928,49.745075262464056
2024-07-25,135.52339653495855,19.117675575957136,-3.276098199062716,-1.9775023137091723,-1.2985958853535435,145.92994620376152,154.99731138650284,136.8625810210202,0.12427010930409847,-0.0738463963385208,0,0,-0.009664660487159416,-0.0,113.49149899968928,49.26430599914415
2024-07-26,138.28173304054678,30.41647027778677,-3.3779017288415503,-2.257582196735648,-1.1203195321059023,145.32208362472218,154.7399286993445,135.90423855009988,0.12961340547446076,0.12622284989872026,0,0,0.020353212626844863,0.0,113.49149899968928,50.26699289405868
2024-07-29,138.12376387691864,30.156651007332414,-3.4317692512216524,-2.492419607632849,-0.9393496435888036,144.81741285589746,154.6544583535078,134.9803673582871,0.13585445705205124,0.15977340551058442,0,0,-0.0011423718820606776,-0.0,113.49149899968928,50.20956929478076
2024-07-30,138.38914903032648,31.219609171083434,-3.4136943433989018,-2.6766745547860595,-0.7370197886128422,144.3866702980751,154.5689674560477,134.20437314010252,0.14104206623716747,0.20549272061596358,0,0,0.0019213576719812053,0.0,113.49149899968928,50.30603983595216
2024-07-31,139.1367484860916,34.255108664367924,-3.3009930277684987,-2.801538249382548,-0.49945477838595087,144.02423953579154,154.42075581116038,133.6277232604227,0.14437175726638982,0.264945731808295,0,0,0.005402153716555391,0.0,113.49149899968928,50.57780079601714
2024-08-01,138.51798708092684,32.958606372191966,-3.224436006216308,-2.8861178007493002,-0.33831820546700797,143.57018614851728,154.10166365588373,133.03870864115083,0.14670841892580788,0.26013816370701176,0,0,-0.0044471457892851785,-0.0,113.49149899968928,50.352873942175826
2024-08-02,138.82968909991462,34.30746076361574,-3.1028446059787598,-2.9294631617951925,-0.17338144418356727,143.049669369373,153.42918945496592,132.67014928378006,0.14511770815480388,0.2967160218074134,0,0,0.002250263850612111,0.0,113.49149899968928,50.46618119418233
2024-08-05,140.07864501450646,39.555210139508986,-2.872588825073308,-2.9180882944508157,0.04549946937750793,142.59265669211408,152.6276372145343,132.55767616969385,0.14075031288725826,0.374737590571761,1,1,0.008996317161619416,0.0,113.49149899968928,50.92019096614096
2024-08-06,142.24974057978645,47.418535236035616,-2.4862601331156498,-2.8317226621837825,0.3454625290681328,142.2328532477348,151.73511536104508,132.73059113442451,0.13361557328474127,0.5008885953602562,0,1,0.015499118834674253,0.015499118834674253,115.25051722941078,51.70940905700948
2024-08-07,141.13773658371704,44.24377027208874,-2.243954381175854,-2.714169005982197,0.470214624806343,141.81051255041746,150.6657943441129,132.95523075672202,0.12488893290682027,0.4620127296694612,0,1,-0.007817265546756436,-0.007817265546756436,114.34957333182744,51.305182875144986
2024-08-08,141.57535564432965,45.78220770637727,-1.9936317800211327,-2.570061560789984,0.5764297807688514,141.36247862745014,149.20812051241563,133.51683674248466,0.11100034409614547,0.5135665774706998,0,1,0.0031006523925161122,0.0031006523925161122,114.70413160996198,51.46426241317528
2024-08-09,141.42958913112565,45.33351188658787,-1.7864187313945763,-2.4133329949109026,0.6269142635163263,140.97983900443435,147.93626426931772,134.023413739551,0.0986868096035286,0.5323262386618078,0,1,-0.0010296037226295018,-0.0010296037226295018,114.58603180905538,51.411274617012296
2024-08-12,140.7629542439389,43.24605853116551,-1.6568931289539819,-2.2620450217195187,0.6051518927655368,140.65132948901484,146.93221908060113,134.37043989742855,0.0893114855636944,0.508886062499299,0,1,-0.004713546092315113,-0.004713546092315113,114.0459252665879,51.168945204440334
2024-08-13,140.96172714356038,44.07299622255611,-1.5206744555169962,-2.1137709084790144,0.5930964529620182,140.2995489695449,145.55197695222185,135.04712098686795,0.07487448136867644,0.5630354358212443,0,1,0.0014121108830738027,0.0014121108830738027,114.20697075882707,51.24120142883892
2024-08-14,141.31014203500163,45.57005507344131,-1.3688270196834083,-1.9647821307198934,0.5959551110364851,140.0356248093853,144.41545170869188,135.65579791007872,0.06255303827534377,0.6454985841812743,0,1,0.0024716985135009306,0.0024716985135009306,114.48925595868312,51.36785423024058
2024-08-15,143.22580108996874,53.016794469466724,-1.0814429556604352,-1.7881142957080018,0.7066713400475666,139.9585470086434,144.03124976727528,135.8858442500115,0.058198700196285605,0.9011161966584187,0,1,0.013556415890464635,0.013556415890464635,116.04131992744888,52.06421822558649
2024-08-16,142.2393195335707,49.277958559212635,-0.9226540501054501,-1.6150222465874917,0.6923681964820416,139.9149207352295,143.8621617944389,135.96767967602008,0.05642344702719785,0.7944333476819329,0,1,-0.006887596710165256,-0.006887596710165256,115.24207411407335,51.70562088741861
2024-08-19,141.74794831754403,47.48175669109809,-0.8269299156915224,-1.457403780408298,0.6304738647167756,139.97155424686892,143.992911035719,135.95019745801883,0.05745962900086951,0.7208699903973298,0,1,-0.0034545385737078105,-0.0034545385737078105,114.84396592373218,51.527001825585515
2024-08-20,141.66148208266074,47.156024158074,-0.7494062631278098,-1.3158042769522005,0.5663980138243907,140.10144374440262,144.16690652894835,136.0359809598569,0.05803598700899404,0.6918647914068214,0,1,-0.0006099999041226933,-0.0006099999041226933,114.77391111552964,51.49557035941218
2024-08-21,142.23450831478894,49.62253650602305,-0.6344166220818295,-1.1795267459781262,0.5451101238962968,140.37087084320913,144.23727005041957,136.5044716359987,0.05508834110645519,0.7410042744815791,0,1,0.004045039086869373,0.004045039086869373,115.23817607214481,51.70387195431664
2024-08-22,141.28214745320307,45.79664060376227,-0.6130670105389129,-1.0662347988902836,0.4531677883513707,140.65880838912136,143.79374600200066,137.52387077624206,0.04457506286000581,0.5994180971131347,0,1,-0.006695708888578178,-0.006695708888578178,114.46657479231501,51.357677879298215
2024-08-23,141.20393236848133,45.48646329464779,-0.5955929682476153,-0.97210643276175,0.3765134645141347,140.80491835551808,143.73935710642917,137.870479604607,0.0416809126440019,0.5679881310931032,0,1,-0.0005536091157422041,-0.0005536091157422041,114.40320505306221,51.329245800660885
2024-08-26,140.83309150281616,43.966002818560796,-0.6046978421380231,-0.8986247146370048,0.29392687249898164,140.94038473681297,143.5899965374726,138.29077293615336,0.037599043107586286,0.4797530276000992,0,1,-0.0026262785989376036,-0.0026262785989376036,114.10275036398147,51.194440900915
2024-08-27,140.0257140422281,40.77068070111936,-0.6693463260348267,-0.8527690369165692,0.18342271088174256,141.02221298740807,143.43013868983755,138.6142872849786,0.034149594612367704,0.29307938277029055,0,1,-0.005732867552452503,-0.005732867552452503,113.44861440877423,50.900949951808194
2024-08-28,142.0839262779365,50.622661509583054,-0.5481810985921811,-0.7918514492516917,0.2436703506595106,141.16957187700032,143.44895176837534,138.8901919856253,0.03229279314328468,0.7005708667510914,0,1,0.01469881621234026,0.01469881621234026,115.11617474151346,51.64913366018335
2024-08-29,142.09020837198145,50.64964362962932,-0.4465028633376278,-0.722781732068879,0.2762788687312512,141.34818294155303,143.28712468499725,139.40924119810882,0.027434972322862662,0.6913480466696034,0,1,4.421396712150916e-05,4.421396712150916e-05,115.12126448427864,51.65141727328086
2024-08-30,142.28333625016822,51.52659822992272,-0.3463458640852366,-0.6474945584721505,0.30114869438691394,141.52086529906572,143.09653011778812,139.94520048034332,0.022267597295885157,0.7419521404687882,0,1,0.0013591920259641288,0.0013591920259641288,115.27773638898458,51.72162146776845
2024-09-02,142.30715298785643,51.64072527793444,-0.26202840851254905,-0.5704013284802303,0.30837291996768124,141.63229069773323,143.08924171670867,140.17533967875778,0.020573712559444797,0.7316008847702294,0,1,0.000167389508257898,0.000167389508257898,115.29703267259181,51.73027912455225
2024-09-03,143.9654290768861,58.89705876626873,-0.060697512759361416,-0.46846056533605657,0.40776305257669515,141.71807512258817,143.49500125492844,139.9411489902479,0.02507691599400003,1.1323712374408297,0,1,0.011652795057822463,0.011652795057822463,116.64056536510058,52.333081465474606
2024-09-04,144.15866713534544,59.656735804014396,0.11314707989029671,-0.3521390362907859,0.4652861161810826,141.8691216501696,143.92933938328062,139.8089039170586,0.02904392032807872,1.0556561931244335,0,1,0.0013422532041087454,0.0013422532041087454,116.79712653769094,52.40332571175252
2024-09-05,142.96766470346876,53.13796537017892,0.153051941903243,-0.25110084065198013,0.40415278255522313,141.93873710312656,144.05060499224257,139.82686921401054,0.02975745638178563,0.7436060526430206,0,1,-0.008261746973274198,-0.008261746973274198,115.83217823103105,51.97038269416395
2024-09-06,143.6189860311079,55.97137066142628,0.2345295101648901,-0.15397477048860608,0.3885042806534962,142.04820694812568,144.27291344673034,139.82350044952102,0.0313232605522025,0.8530306321232536,0,1,0.004555724743703804,0.004555724743703804,116.35987775151526,52.207145452543514
2024-09-09,145.3726383700481,62.53888645016783,0.43558500509828946,-0.03606281537122698,0.4716478204695164,142.27869115443113,144.86801236813537,139.6893699407269,0.036397877892955253,1.097443685094368,0,1,0.012210449240745547,0.012210449240745547,117.7806841324595,52.84461815209601
2024-09-10,145.393112955432,62.60901408262102,0.5897764850898568,0.08910504472098978,0.500671440368867,142.5002604450247,145.3594154762478,139.64110541380163,0.04012841832420535,1.0058929087118786,0,1,0.00014084208427034284,0.00014084208427034284,117.7972726094995,52.852060898259026
2024-09-11,146.03227839433796,64.82288149315215,0.7548482325163093,0.22225368228005368,0.5325945502362556,142.73636726299154,145.9407716649716,139.53196286101146,0.04489962107660987,1.0142782741950134,0,1,0.004396119086478967,0.004396119086478967,118.3151234479533,53.084404851933606
2024-09-12,147.14212104989957,68.32938297884708,0.9641101469548516,0.3706249752150133,0.5934851717398384,142.9321832609881,146.69287269449777,139.17149382747843,0.05262201063063326,1.0597295207892965,0,1,0.007599981783237286,0.007599981783237286,119.2143162308392,53.48784536178229
2024-09-13,145.03169453149567,56.74584251442093,0.9487216665203277,0.4862443134760762,0.4624773530442515,143.0718020108843,146.93025134071118,139.21335268105744,0.053937243755877676,0.7539741166821677,0,1,-0.014342776244799404,-0.014342776244799404,117.5044519679635,52.72068116394182
2024-09-16,145.54558194669076,58.58684578868277,0.966847389710864,0.5823649287230338,0.38448246098783023,143.26168369234168,147.2183475144834,139.30501987019994,0.05523687451054641,0.788614140221902,0,1,0.003543276639324411,0.003543276639324411,117.9208027476382,52.90748512191929
2024-09-17,145.56463080556748,58.65709046351002,0.971549818107178,0.6602019065998627,0.31134791150731533,143.456841128487,147.46586614643158,139.44781611054245,0.05589172306329938,0.7628805841377773,0,1,0.0001308789907734642,0.0001308789907734642,117.93623610329303,52.914409600176405
2024-09-18,147.119502914255,64.02157111981481,1.0881976459698706,0.7458010544738642,0.3423965914960063,143.7010908584603,147.9825360844889,139.4196456324317,0.0595882077227327,0.8992124008749215,0,1,0.010681661472864201,0.010681661472864201,119.19599105273218,53.47962341056196
2024-09-19,143.324165062741,47.73851265239818,0.8644252876678138,0.7695259011126542,0.09489938655515961,143.8031917389372,147.93658506577893,139.66979841209545,0.05748680925449242,0.44205406571333955,0,1,-0.025797652767532986,-0.025797652767532986,116.12101426427182,52.09997465567785
2024-09-20,149.3237147606113,63.52937270567248,1.1578506205926544,0.8471908450086543,0.31065977558400015,144.20918085854368,148.83353170861102,139.58483000847633,0.06413393131472565,1.0530002013140003,0,1,0.041860001035024075,0.041860001035024075,120.98184004156226,54.28087964868925
2024-09-23,150.0443886727858,64.90126589999807,1.432037041142081,0.9641600842353397,0.46787695690674136,144.6697457170422,149.69570401469582,139.64378741938856,0.06948181560343435,1.0346883755733471,0,1,0.0048262522354862725,0.0048262522354862725,121.56572891751611,54.542852865437894
2024-09-24,150.1635712225214,65.13484138973689,1.6400433912250776,1.0993367456332874,0.5407066455917902,145.17663857605686,150.27488390731205,140.07839324480167,0.07023506510772745,0.9890832357450282,0,1,0.0007943152742320159,0.0007943152742320159,121.66229043281844,54.5861770865691
2024-09-25,147.6701851518321,56.64229043025789,1.5854187836143012,1.1965531532294902,0.38886563038481103,145.4559515197516,150.4518465015862,140.460056537917,0.06869289196676422,0.7216053019660734,0,1,-0.01660446705142915,-0.01660446705142915,119.64215293992531,53.67980270767168
2024-09-26,143.40795667635336,45.67834139096868,1.1845474458911553,1.1941520117618234,-0.009604565870668047,145.52183893497022,150.36320291398886,140.68047495595158,0.06653797140623151,0.2816852577312989,-1,0,-0.02886316199235739,-0.02886316199235739,116.18890209850585,52.13043386640237
2024-09-27,139.9052082268056,38.997648223261876,0.5775538155641868,1.0708323725222961,-0.4932785569581093,145.4029325338021,150.67670459482082,140.12916047278338,0.07254010588531581,-0.021232643673883427,0,0,-0.024425063509222578,-0.0,116.18890209850585,50.85714470845216
2024-09-30,137.44020622243647,35.106387321290725,-0.10123114091589969,0.8364196698346571,-0.9376508107505568,145.15958519553106,151.39609892461092,138.9230714664512,0.08592630959477086,-0.11888575159390496,0,0,-0.017619086777477366,-0.0,116.18890209850585,49.96108826257922
2024-10-01,140.32236990349267,42.349734363965595,-0.4019728941887877,0.5887411570299681,-0.9907140512187558,144.97743223686143,151.5637983866486,138.39106608707425,0.09086057116843536,0.14661376034194704,0,0,0.020970309636989537,0.0,116.18890209850585,51.008787753246466
2024-10-02,138.32056346977743,39.086472387494254,-0.7927041497936784,0.3124520956652388,-1.1051562454589172,144.68552705358303,151.91114512295064,137.45990898421542,0.09988031583410091,0.05955576929887004,0,0,-0.014265768423751601,-0.0,116.18890209850585,50.281108199582356
2024-10-03,138.72282306892808,40.08555592556773,-1.0577098760499837,0.0384197013221943,-1.096129577372178,144.473284971856,152.14685200119465,136.79971794251736,0.10622817956736409,0.12530711721537302,0,0,0.002908169176440323,0.0,116.18890209850585,50.42733416860564
2024-10-04,138.6804229896648,40.011063334452466,-1.2566641137583758,-0.22059706169391974,-1.0360670520644562,144.22635681978383,152.32190725520545,136.13080638436222,0.11226173376253695,0.15747024403349327,0,0,-0.00030564602366989213,-0.0,116.18890209850585,50.411921254432734
2024-10-07,137.61900525757343,38.10218016132301,-1.48289048245735,-0.4730557458466058,-1.009834736610744,143.8386751641601,152.43049982179932,135.24685050652087,0.11946473572331713,0.13804720449825614,0,0,-0.007653695519593828,-0.0,116.18890209850585,50.026083758593565
2024-10-08,135.38510939350476,34.384104346656684,-1.821436846150533,-0.7427319659073913,-1.0787048802431416,143.33827498606374,152.6817881608848,133.99476181124268,0.1303701077151862,0.07440175639762546,0,0,-0.016232466292628867,-0.0,116.18890209850585,49.21403704022997
2024-10-09,136.09456676594726,36.503283855133596,-2.0093277185227123,-0.9960511164304555,-1.0132766020922568,142.8413894046442,152.62813265545566,133.05464615383272,0.1370295163271952,0.15530808023713544,0,0,0.00524029101590795,0.0,116.18890209850585,49.47193291638845
2024-10-10,136.2195682496726,36.89003372646795,-2.123665717052461,-1.2215740365548566,-0.9020916804976042,142.29526176463284,152.2883514418725,132.3021720873932,0.1404556912621445,0.19600525407080543,0,0,0.0009184898904914807,0.0,116.18890209850585,49.51737238663522
2024-10-11,135.3667908057265,35.30994604793938,-2.2570732816050736,-1.4286738855649,-0.8283993960401737,141.8120165783444,152.1758085434085,131.44822461328033,0.14616239462808256,0.1890507936504083,0,0,-0.006260315275578132,-0.0,116.18890209850585,49.20737802387668
2024-10-14,136.15415208007505,37.952474252703844,-2.273063798538942,-1.5975518681597085,-0.6755119303792336,141.3424450850136,151.84408251198488,130.8408076580423,0.14859849666043118,0.25297695045091323,0,0,0.005816502479389696,0.0,116.18890209850585,49.493592860156824
2024-10-15,135.55596647214836,36.72505982845371,-2.3074066304039036,-1.7395228206085478,-0.5678838097953558,140.84201186834264,151.4498407594298,130.23418297725547,0.1506344413910138,0.2508422576161798,0,0,-0.004393443745842496,-0.0,116.18890209850585,49.2761455441461
